ISO-10303-21;
HEADER;
FILE_DESCRIPTION(('FreeCAD Model'),'2;1');
FILE_NAME('Open CASCADE Shape Model','2026-03-12T17:57:43',('Author'),(
    ''),'Open CASCADE STEP processor 7.8','FreeCAD','Unknown');
FILE_SCHEMA(('AUTOMOTIVE_DESIGN { 1 0 10303 214 1 1 1 1 }'));
ENDSEC;
DATA;
#1 = APPLICATION_PROTOCOL_DEFINITION('international standard',
  'automotive_design',2000,#2);
#2 = APPLICATION_CONTEXT(
  'core data for automotive mechanical design processes');
#3 = SHAPE_DEFINITION_REPRESENTATION(#4,#10);
#4 = PRODUCT_DEFINITION_SHAPE('','',#5);
#5 = PRODUCT_DEFINITION('design','',#6,#9);
#6 = PRODUCT_DEFINITION_FORMATION('','',#7);
#7 = PRODUCT('Compound','Compound','',(#8));
#8 = PRODUCT_CONTEXT('',#2,'mechanical');
#9 = PRODUCT_DEFINITION_CONTEXT('part definition',#2,'design');
#10 = SHAPE_REPRESENTATION('',(#11,#15,#454,#789),#16331);
#11 = AXIS2_PLACEMENT_3D('',#12,#13,#14);
#12 = CARTESIAN_POINT('',(0.,0.,0.));
#13 = DIRECTION('',(0.,0.,1.));
#14 = DIRECTION('',(1.,0.,-0.));
#15 = SHELL_BASED_SURFACE_MODEL('',(#16));
#16 = CLOSED_SHELL('',(#17,#85,#117,#148,#166,#190,#224,#256,#280,#298,
    #329,#355,#379,#397,#421,#439));
#17 = ADVANCED_FACE('',(#18),#80,.T.);
#18 = FACE_BOUND('',#19,.T.);
#19 = EDGE_LOOP('',(#20,#31,#39,#48,#56,#65,#73));
#20 = ORIENTED_EDGE('',*,*,#21,.F.);
#21 = EDGE_CURVE('',#22,#24,#26,.T.);
#22 = VERTEX_POINT('',#23);
#23 = CARTESIAN_POINT('',(-10.21901710553,-2.444613617929,9.807885155237
    ));
#24 = VERTEX_POINT('',#25);
#25 = CARTESIAN_POINT('',(-10.21901710553,-2.299969910723,9.500000173837
    ));
#26 = CIRCLE('',#27,0.39999999323);
#27 = AXIS2_PLACEMENT_3D('',#28,#29,#30);
#28 = CARTESIAN_POINT('',(-10.21901710553,-2.699969903952,9.500000173837
    ));
#29 = DIRECTION('',(-1.,-1.047444401653E-14,-3.491481338843E-15));
#30 = DIRECTION('',(1.047444401653E-14,-1.,6.287552596339E-30));
#31 = ORIENTED_EDGE('',*,*,#32,.F.);
#32 = EDGE_CURVE('',#33,#22,#35,.T.);
#33 = VERTEX_POINT('',#34);
#34 = CARTESIAN_POINT('',(-10.21901710553,-3.539257309055,
    10.715770126482));
#35 = LINE('',#36,#37);
#36 = CARTESIAN_POINT('',(-10.21901710553,-3.539257309055,
    10.715770126482));
#37 = VECTOR('',#38,1.);
#38 = DIRECTION('',(-5.833380833232E-15,0.769712466529,-0.638390725865)
  );
#39 = ORIENTED_EDGE('',*,*,#40,.F.);
#40 = EDGE_CURVE('',#41,#33,#43,.T.);
#41 = VERTEX_POINT('',#42);
#42 = CARTESIAN_POINT('',(-10.21901710553,-4.843380009943,
    10.202471358596));
#43 = CIRCLE('',#44,0.799999986459);
#44 = AXIS2_PLACEMENT_3D('',#45,#46,#47);
#45 = CARTESIAN_POINT('',(-10.21901710553,-4.049969881102,
    10.100000163681));
#46 = DIRECTION('',(-1.,-1.047444401653E-14,-3.491481338843E-15));
#47 = DIRECTION('',(1.047444401653E-14,-1.,-1.283390709194E-30));
#48 = ORIENTED_EDGE('',*,*,#49,.F.);
#49 = EDGE_CURVE('',#50,#41,#52,.T.);
#50 = VERTEX_POINT('',#51);
#51 = CARTESIAN_POINT('',(-10.21901710553,-4.891732544692,9.828089164095
    ));
#52 = LINE('',#53,#54);
#53 = CARTESIAN_POINT('',(-10.21901710553,-4.891732544692,9.828089164095
    ));
#54 = VECTOR('',#55,1.);
#55 = DIRECTION('',(-4.804381897985E-15,0.128088995811,0.991762677838));
#56 = ORIENTED_EDGE('',*,*,#57,.F.);
#57 = EDGE_CURVE('',#58,#50,#60,.T.);
#58 = VERTEX_POINT('',#59);
#59 = CARTESIAN_POINT('',(-10.21901710553,-3.55649698735,8.760837598976)
  );
#60 = CIRCLE('',#61,0.999999983074);
#61 = AXIS2_PLACEMENT_3D('',#62,#63,#64);
#62 = CARTESIAN_POINT('',(-10.21901710553,-3.899969883641,9.700000170452
    ));
#63 = DIRECTION('',(-1.,-1.047444401653E-14,-3.491481338843E-15));
#64 = DIRECTION('',(1.047444401653E-14,-1.,2.307979519128E-31));
#65 = ORIENTED_EDGE('',*,*,#66,.F.);
#66 = EDGE_CURVE('',#67,#58,#69,.T.);
#67 = VERTEX_POINT('',#68);
#68 = CARTESIAN_POINT('',(-10.21901710553,-2.562580745436,9.124335145247
    ));
#69 = LINE('',#70,#71);
#70 = CARTESIAN_POINT('',(-10.21901710553,-2.562580745436,9.124335145247
    ));
#71 = VECTOR('',#72,1.);
#72 = DIRECTION('',(1.103643517195E-14,-0.939162587372,-0.343472902105)
  );
#73 = ORIENTED_EDGE('',*,*,#74,.F.);
#74 = EDGE_CURVE('',#24,#67,#75,.T.);
#75 = CIRCLE('',#76,0.39999999323);
#76 = AXIS2_PLACEMENT_3D('',#77,#78,#79);
#77 = CARTESIAN_POINT('',(-10.21901710553,-2.699969903952,9.500000173837
    ));
#78 = DIRECTION('',(-1.,-1.047444401653E-14,-3.491481338843E-15));
#79 = DIRECTION('',(1.047444401653E-14,-1.,6.287552596339E-30));
#80 = PLANE('',#81);
#81 = AXIS2_PLACEMENT_3D('',#82,#83,#84);
#82 = CARTESIAN_POINT('',(-10.21901710553,-3.704033161243,9.739665669113
    ));
#83 = DIRECTION('',(1.,5.229560642206E-15,4.555565639022E-15));
#84 = DIRECTION('',(-5.229560642206E-15,1.,0.));
#85 = ADVANCED_FACE('',(#86),#112,.T.);
#86 = FACE_BOUND('',#87,.T.);
#87 = EDGE_LOOP('',(#88,#99,#105,#106));
#88 = ORIENTED_EDGE('',*,*,#89,.F.);
#89 = EDGE_CURVE('',#90,#92,#94,.T.);
#90 = VERTEX_POINT('',#91);
#91 = CARTESIAN_POINT('',(-10.71901709707,-2.299969910723,9.500000173837
    ));
#92 = VERTEX_POINT('',#93);
#93 = CARTESIAN_POINT('',(-10.71901709707,-2.562580745436,9.124335145247
    ));
#94 = CIRCLE('',#95,0.39999999323);
#95 = AXIS2_PLACEMENT_3D('',#96,#97,#98);
#96 = CARTESIAN_POINT('',(-10.71901709707,-2.699969903952,9.500000173837
    ));
#97 = DIRECTION('',(-1.,-1.047444401653E-14,-3.491481338843E-15));
#98 = DIRECTION('',(1.047444401653E-14,-1.,6.287552596339E-30));
#99 = ORIENTED_EDGE('',*,*,#100,.T.);
#100 = EDGE_CURVE('',#90,#24,#101,.T.);
#101 = LINE('',#102,#103);
#102 = CARTESIAN_POINT('',(-10.71901709707,-2.299969910723,
    9.500000173837));
#103 = VECTOR('',#104,1.);
#104 = DIRECTION('',(1.,1.047444401653E-14,3.491481338843E-15));
#105 = ORIENTED_EDGE('',*,*,#74,.T.);
#106 = ORIENTED_EDGE('',*,*,#107,.F.);
#107 = EDGE_CURVE('',#92,#67,#108,.T.);
#108 = LINE('',#109,#110);
#109 = CARTESIAN_POINT('',(-10.71901709707,-2.562580745436,
    9.124335145247));
#110 = VECTOR('',#111,1.);
#111 = DIRECTION('',(1.,1.047444401653E-14,3.491481338843E-15));
#112 = CYLINDRICAL_SURFACE('',#113,0.39999999323);
#113 = AXIS2_PLACEMENT_3D('',#114,#115,#116);
#114 = CARTESIAN_POINT('',(-10.71901709707,-2.699969903952,
    9.500000173837));
#115 = DIRECTION('',(1.,1.047444401653E-14,3.491481338843E-15));
#116 = DIRECTION('',(-1.047444401653E-14,1.,-6.287552596339E-30));
#117 = ADVANCED_FACE('',(#118),#143,.F.);
#118 = FACE_BOUND('',#119,.T.);
#119 = EDGE_LOOP('',(#120,#121,#129,#137));
#120 = ORIENTED_EDGE('',*,*,#32,.T.);
#121 = ORIENTED_EDGE('',*,*,#122,.F.);
#122 = EDGE_CURVE('',#123,#22,#125,.T.);
#123 = VERTEX_POINT('',#124);
#124 = CARTESIAN_POINT('',(-10.71901709707,-2.444613617929,
    9.807885155237));
#125 = LINE('',#126,#127);
#126 = CARTESIAN_POINT('',(-10.71901709707,-2.444613617929,
    9.807885155237));
#127 = VECTOR('',#128,1.);
#128 = DIRECTION('',(1.,1.047444401653E-14,3.491481338843E-15));
#129 = ORIENTED_EDGE('',*,*,#130,.F.);
#130 = EDGE_CURVE('',#131,#123,#133,.T.);
#131 = VERTEX_POINT('',#132);
#132 = CARTESIAN_POINT('',(-10.71901709707,-3.539257309055,
    10.715770126482));
#133 = LINE('',#134,#135);
#134 = CARTESIAN_POINT('',(-10.71901709707,-3.539257309055,
    10.715770126482));
#135 = VECTOR('',#136,1.);
#136 = DIRECTION('',(-5.833380833232E-15,0.769712466529,-0.638390725865)
  );
#137 = ORIENTED_EDGE('',*,*,#138,.T.);
#138 = EDGE_CURVE('',#131,#33,#139,.T.);
#139 = LINE('',#140,#141);
#140 = CARTESIAN_POINT('',(-10.71901709707,-3.539257309055,
    10.715770126482));
#141 = VECTOR('',#142,1.);
#142 = DIRECTION('',(1.,1.047444401653E-14,3.491481338843E-15));
#143 = PLANE('',#144);
#144 = AXIS2_PLACEMENT_3D('',#145,#146,#147);
#145 = CARTESIAN_POINT('',(-10.71901709707,-3.539257309055,
    10.715770126482));
#146 = DIRECTION('',(9.374224631899E-15,-0.638390725865,-0.769712466529)
  );
#147 = DIRECTION('',(1.,1.047444401653E-14,3.49148133884E-15));
#148 = ADVANCED_FACE('',(#149),#161,.T.);
#149 = FACE_BOUND('',#150,.T.);
#150 = EDGE_LOOP('',(#151,#152,#159,#160));
#151 = ORIENTED_EDGE('',*,*,#100,.F.);
#152 = ORIENTED_EDGE('',*,*,#153,.F.);
#153 = EDGE_CURVE('',#123,#90,#154,.T.);
#154 = CIRCLE('',#155,0.39999999323);
#155 = AXIS2_PLACEMENT_3D('',#156,#157,#158);
#156 = CARTESIAN_POINT('',(-10.71901709707,-2.699969903952,
    9.500000173837));
#157 = DIRECTION('',(-1.,-1.047444401653E-14,-3.491481338843E-15));
#158 = DIRECTION('',(1.047444401653E-14,-1.,6.287552596339E-30));
#159 = ORIENTED_EDGE('',*,*,#122,.T.);
#160 = ORIENTED_EDGE('',*,*,#21,.T.);
#161 = CYLINDRICAL_SURFACE('',#162,0.39999999323);
#162 = AXIS2_PLACEMENT_3D('',#163,#164,#165);
#163 = CARTESIAN_POINT('',(-10.71901709707,-2.699969903952,
    9.500000173837));
#164 = DIRECTION('',(1.,1.047444401653E-14,3.491481338843E-15));
#165 = DIRECTION('',(-1.047444401653E-14,1.,-6.287552596339E-30));
#166 = ADVANCED_FACE('',(#167),#185,.F.);
#167 = FACE_BOUND('',#168,.T.);
#168 = EDGE_LOOP('',(#169,#170,#178,#184));
#169 = ORIENTED_EDGE('',*,*,#66,.T.);
#170 = ORIENTED_EDGE('',*,*,#171,.F.);
#171 = EDGE_CURVE('',#172,#58,#174,.T.);
#172 = VERTEX_POINT('',#173);
#173 = CARTESIAN_POINT('',(-10.71901709707,-3.55649698735,8.760837598976
    ));
#174 = LINE('',#175,#176);
#175 = CARTESIAN_POINT('',(-10.71901709707,-3.55649698735,8.760837598976
    ));
#176 = VECTOR('',#177,1.);
#177 = DIRECTION('',(1.,1.047444401653E-14,3.491481338843E-15));
#178 = ORIENTED_EDGE('',*,*,#179,.F.);
#179 = EDGE_CURVE('',#92,#172,#180,.T.);
#180 = LINE('',#181,#182);
#181 = CARTESIAN_POINT('',(-10.71901709707,-2.562580745436,
    9.124335145247));
#182 = VECTOR('',#183,1.);
#183 = DIRECTION('',(1.103643517195E-14,-0.939162587372,-0.343472902105)
  );
#184 = ORIENTED_EDGE('',*,*,#107,.T.);
#185 = PLANE('',#186);
#186 = AXIS2_PLACEMENT_3D('',#187,#188,#189);
#187 = CARTESIAN_POINT('',(-10.71901709707,-2.562580745436,
    9.124335145247));
#188 = DIRECTION('',(3.186190363397E-16,-0.343472902105,0.939162587372)
  );
#189 = DIRECTION('',(1.,1.047444401653E-14,3.491481338848E-15));
#190 = ADVANCED_FACE('',(#191),#219,.T.);
#191 = FACE_BOUND('',#192,.T.);
#192 = EDGE_LOOP('',(#193,#194,#202,#211,#218));
#193 = ORIENTED_EDGE('',*,*,#57,.T.);
#194 = ORIENTED_EDGE('',*,*,#195,.F.);
#195 = EDGE_CURVE('',#196,#50,#198,.T.);
#196 = VERTEX_POINT('',#197);
#197 = CARTESIAN_POINT('',(-10.71901709707,-4.891732544692,
    9.828089164095));
#198 = LINE('',#199,#200);
#199 = CARTESIAN_POINT('',(-10.71901709707,-4.891732544692,
    9.828089164095));
#200 = VECTOR('',#201,1.);
#201 = DIRECTION('',(1.,1.047444401653E-14,3.491481338843E-15));
#202 = ORIENTED_EDGE('',*,*,#203,.F.);
#203 = EDGE_CURVE('',#204,#196,#206,.T.);
#204 = VERTEX_POINT('',#205);
#205 = CARTESIAN_POINT('',(-10.71901709707,-4.899969866715,
    9.700000170452));
#206 = CIRCLE('',#207,0.999999983074);
#207 = AXIS2_PLACEMENT_3D('',#208,#209,#210);
#208 = CARTESIAN_POINT('',(-10.71901709707,-3.899969883641,
    9.700000170452));
#209 = DIRECTION('',(-1.,-1.047444401653E-14,-3.491481338843E-15));
#210 = DIRECTION('',(1.047444401653E-14,-1.,2.307979519128E-31));
#211 = ORIENTED_EDGE('',*,*,#212,.F.);
#212 = EDGE_CURVE('',#172,#204,#213,.T.);
#213 = CIRCLE('',#214,0.999999983074);
#214 = AXIS2_PLACEMENT_3D('',#215,#216,#217);
#215 = CARTESIAN_POINT('',(-10.71901709707,-3.899969883641,
    9.700000170452));
#216 = DIRECTION('',(-1.,-1.047444401653E-14,-3.491481338843E-15));
#217 = DIRECTION('',(1.047444401653E-14,-1.,2.307979519128E-31));
#218 = ORIENTED_EDGE('',*,*,#171,.T.);
#219 = CYLINDRICAL_SURFACE('',#220,0.999999983074);
#220 = AXIS2_PLACEMENT_3D('',#221,#222,#223);
#221 = CARTESIAN_POINT('',(-10.71901709707,-3.899969883641,
    9.700000170452));
#222 = DIRECTION('',(1.,1.047444401653E-14,3.491481338843E-15));
#223 = DIRECTION('',(-1.047444401653E-14,1.,-2.307979519128E-31));
#224 = ADVANCED_FACE('',(#225),#251,.T.);
#225 = FACE_BOUND('',#226,.T.);
#226 = EDGE_LOOP('',(#227,#238,#244,#245));
#227 = ORIENTED_EDGE('',*,*,#228,.F.);
#228 = EDGE_CURVE('',#229,#231,#233,.T.);
#229 = VERTEX_POINT('',#230);
#230 = CARTESIAN_POINT('',(-11.01901709199,-4.599969871793,
    9.700000170452));
#231 = VERTEX_POINT('',#232);
#232 = CARTESIAN_POINT('',(-11.01901709199,-4.594203746377,
    9.789662466002));
#233 = CIRCLE('',#234,0.699999988152);
#234 = AXIS2_PLACEMENT_3D('',#235,#236,#237);
#235 = CARTESIAN_POINT('',(-11.01901709199,-3.899969883641,
    9.700000170452));
#236 = DIRECTION('',(-1.,-1.047444401653E-14,-3.491481338843E-15));
#237 = DIRECTION('',(1.047444401653E-14,-1.,1.961299278892E-30));
#238 = ORIENTED_EDGE('',*,*,#239,.T.);
#239 = EDGE_CURVE('',#229,#204,#240,.T.);
#240 = LINE('',#241,#242);
#241 = CARTESIAN_POINT('',(-10.71901709707,-4.899969866715,
    9.700000170452));
#242 = VECTOR('',#243,1.);
#243 = DIRECTION('',(0.707106781187,-0.707106781187,2.46885013108E-15));
#244 = ORIENTED_EDGE('',*,*,#203,.T.);
#245 = ORIENTED_EDGE('',*,*,#246,.F.);
#246 = EDGE_CURVE('',#231,#196,#247,.T.);
#247 = LINE('',#248,#249);
#248 = CARTESIAN_POINT('',(-10.71901709707,-4.891732544692,
    9.828089164095));
#249 = VECTOR('',#250,1.);
#250 = DIRECTION('',(0.707106781187,-0.701282114827,9.057259753315E-02)
  );
#251 = CONICAL_SURFACE('',#252,0.999999983074,0.785398163397);
#252 = AXIS2_PLACEMENT_3D('',#253,#254,#255);
#253 = CARTESIAN_POINT('',(-10.71901709707,-3.899969883641,
    9.700000170452));
#254 = DIRECTION('',(1.,1.047444401653E-14,3.491481338843E-15));
#255 = DIRECTION('',(1.047444401653E-14,-1.,2.307979519128E-31));
#256 = ADVANCED_FACE('',(#257),#275,.F.);
#257 = FACE_BOUND('',#258,.T.);
#258 = EDGE_LOOP('',(#259,#260,#268,#274));
#259 = ORIENTED_EDGE('',*,*,#49,.T.);
#260 = ORIENTED_EDGE('',*,*,#261,.F.);
#261 = EDGE_CURVE('',#262,#41,#264,.T.);
#262 = VERTEX_POINT('',#263);
#263 = CARTESIAN_POINT('',(-10.71901709707,-4.843380009943,
    10.202471358595));
#264 = LINE('',#265,#266);
#265 = CARTESIAN_POINT('',(-10.71901709707,-4.843380009943,
    10.202471358595));
#266 = VECTOR('',#267,1.);
#267 = DIRECTION('',(1.,1.047444401653E-14,3.491481338843E-15));
#268 = ORIENTED_EDGE('',*,*,#269,.F.);
#269 = EDGE_CURVE('',#196,#262,#270,.T.);
#270 = LINE('',#271,#272);
#271 = CARTESIAN_POINT('',(-10.71901709707,-4.891732544692,
    9.828089164095));
#272 = VECTOR('',#273,1.);
#273 = DIRECTION('',(-4.804381897985E-15,0.128088995811,0.991762677838)
  );
#274 = ORIENTED_EDGE('',*,*,#195,.T.);
#275 = PLANE('',#276);
#276 = AXIS2_PLACEMENT_3D('',#277,#278,#279);
#277 = CARTESIAN_POINT('',(-10.71901709707,-4.891732544692,
    9.828089164095));
#278 = DIRECTION('',(-9.940942308111E-15,0.991762677838,-0.128088995811)
  );
#279 = DIRECTION('',(-4.804381897985E-15,0.128088995811,0.991762677838)
  );
#280 = ADVANCED_FACE('',(#281),#293,.T.);
#281 = FACE_BOUND('',#282,.T.);
#282 = EDGE_LOOP('',(#283,#284,#285,#292));
#283 = ORIENTED_EDGE('',*,*,#40,.T.);
#284 = ORIENTED_EDGE('',*,*,#138,.F.);
#285 = ORIENTED_EDGE('',*,*,#286,.F.);
#286 = EDGE_CURVE('',#262,#131,#287,.T.);
#287 = CIRCLE('',#288,0.799999986459);
#288 = AXIS2_PLACEMENT_3D('',#289,#290,#291);
#289 = CARTESIAN_POINT('',(-10.71901709707,-4.049969881102,
    10.100000163681));
#290 = DIRECTION('',(-1.,-1.047444401653E-14,-3.491481338843E-15));
#291 = DIRECTION('',(1.047444401653E-14,-1.,-1.283390709194E-30));
#292 = ORIENTED_EDGE('',*,*,#261,.T.);
#293 = CYLINDRICAL_SURFACE('',#294,0.799999986459);
#294 = AXIS2_PLACEMENT_3D('',#295,#296,#297);
#295 = CARTESIAN_POINT('',(-10.71901709707,-4.049969881102,
    10.100000163681));
#296 = DIRECTION('',(1.,1.047444401653E-14,3.491481338843E-15));
#297 = DIRECTION('',(-1.047444401653E-14,1.,1.283390709194E-30));
#298 = ADVANCED_FACE('',(#299),#324,.T.);
#299 = FACE_BOUND('',#300,.T.);
#300 = EDGE_LOOP('',(#301,#302,#310,#318));
#301 = ORIENTED_EDGE('',*,*,#130,.T.);
#302 = ORIENTED_EDGE('',*,*,#303,.F.);
#303 = EDGE_CURVE('',#304,#123,#306,.T.);
#304 = VERTEX_POINT('',#305);
#305 = CARTESIAN_POINT('',(-11.01901709199,-2.636130832447,
    9.576971419187));
#306 = LINE('',#307,#308);
#307 = CARTESIAN_POINT('',(-10.71901709707,-2.444613617929,
    9.807885155237));
#308 = VECTOR('',#309,1.);
#309 = DIRECTION('',(0.707106781187,0.451410411306,0.544268904646));
#310 = ORIENTED_EDGE('',*,*,#311,.F.);
#311 = EDGE_CURVE('',#312,#304,#314,.T.);
#312 = VERTEX_POINT('',#313);
#313 = CARTESIAN_POINT('',(-11.01901709199,-3.730774523573,
    10.484856390432));
#314 = LINE('',#315,#316);
#315 = CARTESIAN_POINT('',(-11.01901709199,-3.730774523573,
    10.484856390432));
#316 = VECTOR('',#317,1.);
#317 = DIRECTION('',(-5.833380833232E-15,0.769712466529,-0.638390725865)
  );
#318 = ORIENTED_EDGE('',*,*,#319,.T.);
#319 = EDGE_CURVE('',#312,#131,#320,.T.);
#320 = LINE('',#321,#322);
#321 = CARTESIAN_POINT('',(-10.71901709707,-3.539257309055,
    10.715770126482));
#322 = VECTOR('',#323,1.);
#323 = DIRECTION('',(0.707106781187,0.451410411306,0.544268904646));
#324 = PLANE('',#325);
#325 = AXIS2_PLACEMENT_3D('',#326,#327,#328);
#326 = CARTESIAN_POINT('',(-10.71901709707,-3.539257309055,
    10.715770126482));
#327 = DIRECTION('',(-0.707106781187,0.451410411306,0.544268904646));
#328 = DIRECTION('',(-3.52967655104E-13,-0.769712466529,0.638390725865)
  );
#329 = ADVANCED_FACE('',(#330),#350,.T.);
#330 = FACE_BOUND('',#331,.T.);
#331 = EDGE_LOOP('',(#332,#333,#334,#342,#349));
#332 = ORIENTED_EDGE('',*,*,#153,.T.);
#333 = ORIENTED_EDGE('',*,*,#89,.T.);
#334 = ORIENTED_EDGE('',*,*,#335,.F.);
#335 = EDGE_CURVE('',#336,#92,#338,.T.);
#336 = VERTEX_POINT('',#337);
#337 = CARTESIAN_POINT('',(-11.01901709199,-2.665622614323,
    9.406083916689));
#338 = LINE('',#339,#340);
#339 = CARTESIAN_POINT('',(-10.71901709707,-2.562580745436,
    9.124335145247));
#340 = VECTOR('',#341,1.);
#341 = DIRECTION('',(0.707106781187,0.242872018232,-0.664088234168));
#342 = ORIENTED_EDGE('',*,*,#343,.F.);
#343 = EDGE_CURVE('',#304,#336,#344,.T.);
#344 = CIRCLE('',#345,9.999999830738E-02);
#345 = AXIS2_PLACEMENT_3D('',#346,#347,#348);
#346 = CARTESIAN_POINT('',(-11.01901709199,-2.699969903952,
    9.500000173837));
#347 = DIRECTION('',(-1.,-1.047444401653E-14,-3.491481338843E-15));
#348 = DIRECTION('',(1.047444401653E-14,-1.,-2.399622062579E-29));
#349 = ORIENTED_EDGE('',*,*,#303,.T.);
#350 = CONICAL_SURFACE('',#351,0.39999999323,0.785398163397);
#351 = AXIS2_PLACEMENT_3D('',#352,#353,#354);
#352 = CARTESIAN_POINT('',(-10.71901709707,-2.699969903952,
    9.500000173837));
#353 = DIRECTION('',(1.,1.047444401653E-14,3.491481338843E-15));
#354 = DIRECTION('',(1.047444401653E-14,-1.,6.287552596339E-30));
#355 = ADVANCED_FACE('',(#356),#374,.T.);
#356 = FACE_BOUND('',#357,.T.);
#357 = EDGE_LOOP('',(#358,#359,#367,#373));
#358 = ORIENTED_EDGE('',*,*,#179,.T.);
#359 = ORIENTED_EDGE('',*,*,#360,.F.);
#360 = EDGE_CURVE('',#361,#172,#363,.T.);
#361 = VERTEX_POINT('',#362);
#362 = CARTESIAN_POINT('',(-11.01901709199,-3.659538856237,
    9.042586370419));
#363 = LINE('',#364,#365);
#364 = CARTESIAN_POINT('',(-10.71901709707,-3.55649698735,8.760837598976
    ));
#365 = VECTOR('',#366,1.);
#366 = DIRECTION('',(0.707106781187,0.242872018232,-0.664088234168));
#367 = ORIENTED_EDGE('',*,*,#368,.F.);
#368 = EDGE_CURVE('',#336,#361,#369,.T.);
#369 = LINE('',#370,#371);
#370 = CARTESIAN_POINT('',(-11.01901709199,-2.665622614323,
    9.406083916689));
#371 = VECTOR('',#372,1.);
#372 = DIRECTION('',(1.103643517195E-14,-0.939162587372,-0.343472902105)
  );
#373 = ORIENTED_EDGE('',*,*,#335,.T.);
#374 = PLANE('',#375);
#375 = AXIS2_PLACEMENT_3D('',#376,#377,#378);
#376 = CARTESIAN_POINT('',(-10.71901709707,-2.562580745436,
    9.124335145247));
#377 = DIRECTION('',(-0.707106781187,0.242872018232,-0.664088234168));
#378 = DIRECTION('',(-3.188282970967E-13,0.939162587372,0.343472902105)
  );
#379 = ADVANCED_FACE('',(#380),#392,.T.);
#380 = FACE_BOUND('',#381,.T.);
#381 = EDGE_LOOP('',(#382,#383,#390,#391));
#382 = ORIENTED_EDGE('',*,*,#239,.F.);
#383 = ORIENTED_EDGE('',*,*,#384,.F.);
#384 = EDGE_CURVE('',#361,#229,#385,.T.);
#385 = CIRCLE('',#386,0.699999988152);
#386 = AXIS2_PLACEMENT_3D('',#387,#388,#389);
#387 = CARTESIAN_POINT('',(-11.01901709199,-3.899969883641,
    9.700000170452));
#388 = DIRECTION('',(-1.,-1.047444401653E-14,-3.491481338843E-15));
#389 = DIRECTION('',(1.047444401653E-14,-1.,1.961299278892E-30));
#390 = ORIENTED_EDGE('',*,*,#360,.T.);
#391 = ORIENTED_EDGE('',*,*,#212,.T.);
#392 = CONICAL_SURFACE('',#393,0.999999983074,0.785398163397);
#393 = AXIS2_PLACEMENT_3D('',#394,#395,#396);
#394 = CARTESIAN_POINT('',(-10.71901709707,-3.899969883641,
    9.700000170452));
#395 = DIRECTION('',(1.,1.047444401653E-14,3.491481338843E-15));
#396 = DIRECTION('',(1.047444401653E-14,-1.,2.307979519128E-31));
#397 = ADVANCED_FACE('',(#398),#416,.T.);
#398 = FACE_BOUND('',#399,.T.);
#399 = EDGE_LOOP('',(#400,#401,#409,#415));
#400 = ORIENTED_EDGE('',*,*,#269,.T.);
#401 = ORIENTED_EDGE('',*,*,#402,.F.);
#402 = EDGE_CURVE('',#403,#262,#405,.T.);
#403 = VERTEX_POINT('',#404);
#404 = CARTESIAN_POINT('',(-11.01901709199,-4.545851211628,
    10.164044660503));
#405 = LINE('',#406,#407);
#406 = CARTESIAN_POINT('',(-10.71901709707,-4.843380009943,
    10.202471358595));
#407 = VECTOR('',#408,1.);
#408 = DIRECTION('',(0.707106781187,-0.701282114827,9.057259753315E-02)
  );
#409 = ORIENTED_EDGE('',*,*,#410,.F.);
#410 = EDGE_CURVE('',#231,#403,#411,.T.);
#411 = LINE('',#412,#413);
#412 = CARTESIAN_POINT('',(-11.01901709199,-4.594203746377,
    9.789662466002));
#413 = VECTOR('',#414,1.);
#414 = DIRECTION('',(-4.804381897985E-15,0.128088995811,0.991762677838)
  );
#415 = ORIENTED_EDGE('',*,*,#246,.T.);
#416 = PLANE('',#417);
#417 = AXIS2_PLACEMENT_3D('',#418,#419,#420);
#418 = CARTESIAN_POINT('',(-10.71901709707,-4.891732544692,
    9.828089164095));
#419 = DIRECTION('',(-0.707106781187,-0.701282114827,9.057259753314E-02)
  );
#420 = DIRECTION('',(1.118688475188E-13,-0.128088995811,-0.991762677838)
  );
#421 = ADVANCED_FACE('',(#422),#434,.T.);
#422 = FACE_BOUND('',#423,.T.);
#423 = EDGE_LOOP('',(#424,#425,#426,#433));
#424 = ORIENTED_EDGE('',*,*,#286,.T.);
#425 = ORIENTED_EDGE('',*,*,#319,.F.);
#426 = ORIENTED_EDGE('',*,*,#427,.F.);
#427 = EDGE_CURVE('',#403,#312,#428,.T.);
#428 = CIRCLE('',#429,0.499999991537);
#429 = AXIS2_PLACEMENT_3D('',#430,#431,#432);
#430 = CARTESIAN_POINT('',(-11.01901709199,-4.049969881102,
    10.100000163681));
#431 = DIRECTION('',(-1.,-1.047444401653E-14,-3.491481338843E-15));
#432 = DIRECTION('',(1.047444401653E-14,-1.,2.307979519129E-31));
#433 = ORIENTED_EDGE('',*,*,#402,.T.);
#434 = CONICAL_SURFACE('',#435,0.799999986459,0.785398163397);
#435 = AXIS2_PLACEMENT_3D('',#436,#437,#438);
#436 = CARTESIAN_POINT('',(-10.71901709707,-4.049969881102,
    10.100000163681));
#437 = DIRECTION('',(1.,1.047444401653E-14,3.491481338843E-15));
#438 = DIRECTION('',(1.047444401653E-14,-1.,-1.283390709194E-30));
#439 = ADVANCED_FACE('',(#440),#449,.T.);
#440 = FACE_BOUND('',#441,.T.);
#441 = EDGE_LOOP('',(#442,#443,#444,#445,#446,#447,#448));
#442 = ORIENTED_EDGE('',*,*,#311,.T.);
#443 = ORIENTED_EDGE('',*,*,#343,.T.);
#444 = ORIENTED_EDGE('',*,*,#368,.T.);
#445 = ORIENTED_EDGE('',*,*,#384,.T.);
#446 = ORIENTED_EDGE('',*,*,#228,.T.);
#447 = ORIENTED_EDGE('',*,*,#410,.T.);
#448 = ORIENTED_EDGE('',*,*,#427,.T.);
#449 = PLANE('',#450);
#450 = AXIS2_PLACEMENT_3D('',#451,#452,#453);
#451 = CARTESIAN_POINT('',(-11.01901709199,-2.699969903952,
    9.500000173837));
#452 = DIRECTION('',(-1.,-1.047444401653E-14,-3.491481338843E-15));
#453 = DIRECTION('',(1.047444401653E-14,-1.,0.));
#454 = SHELL_BASED_SURFACE_MODEL('',(#455));
#455 = CLOSED_SHELL('',(#456,#532,#572,#597,#621,#646,#679,#709,#739,
    #756,#775));
#456 = ADVANCED_FACE('',(#457),#527,.T.);
#457 = FACE_BOUND('',#458,.T.);
#458 = EDGE_LOOP('',(#459,#469,#478,#486,#495,#503,#512,#520));
#459 = ORIENTED_EDGE('',*,*,#460,.F.);
#460 = EDGE_CURVE('',#461,#463,#465,.T.);
#461 = VERTEX_POINT('',#462);
#462 = CARTESIAN_POINT('',(-10.21901710553,0.500030041884,6.200000229693
    ));
#463 = VERTEX_POINT('',#464);
#464 = CARTESIAN_POINT('',(-10.21901710553,0.500030041884,4.708017385352
    ));
#465 = LINE('',#466,#467);
#466 = CARTESIAN_POINT('',(-10.21901710553,0.500030041884,6.200000229693
    ));
#467 = VECTOR('',#468,1.);
#468 = DIRECTION('',(3.491481338843E-15,3.657132581847E-29,-1.));
#469 = ORIENTED_EDGE('',*,*,#470,.F.);
#470 = EDGE_CURVE('',#471,#461,#473,.T.);
#471 = VERTEX_POINT('',#472);
#472 = CARTESIAN_POINT('',(-10.21901710553,0.300030045269,6.400000226308
    ));
#473 = CIRCLE('',#474,0.199999996615);
#474 = AXIS2_PLACEMENT_3D('',#475,#476,#477);
#475 = CARTESIAN_POINT('',(-10.21901710553,0.300030045269,6.200000229693
    ));
#476 = DIRECTION('',(-1.,-1.047444401653E-14,-3.491481338843E-15));
#477 = DIRECTION('',(1.047444401653E-14,-1.,6.287552596339E-30));
#478 = ORIENTED_EDGE('',*,*,#479,.F.);
#479 = EDGE_CURVE('',#480,#471,#482,.T.);
#480 = VERTEX_POINT('',#481);
#481 = CARTESIAN_POINT('',(-10.21901710553,-1.536209328497,
    6.400000226308));
#482 = LINE('',#483,#484);
#483 = CARTESIAN_POINT('',(-10.21901710553,-1.536209328497,
    6.400000226308));
#484 = VECTOR('',#485,1.);
#485 = DIRECTION('',(-1.047444401653E-14,1.,0.));
#486 = ORIENTED_EDGE('',*,*,#487,.F.);
#487 = EDGE_CURVE('',#488,#480,#490,.T.);
#488 = VERTEX_POINT('',#489);
#489 = CARTESIAN_POINT('',(-10.21901710553,-1.700039734581,
    6.085284944365));
#490 = CIRCLE('',#491,0.199999996615);
#491 = AXIS2_PLACEMENT_3D('',#492,#493,#494);
#492 = CARTESIAN_POINT('',(-10.21901710553,-1.536209328497,
    6.200000229693));
#493 = DIRECTION('',(-1.,-1.047444401653E-14,-3.491481338843E-15));
#494 = DIRECTION('',(1.047444401653E-14,-1.,6.287552596339E-30));
#495 = ORIENTED_EDGE('',*,*,#496,.F.);
#496 = EDGE_CURVE('',#497,#488,#499,.T.);
#497 = VERTEX_POINT('',#498);
#498 = CARTESIAN_POINT('',(-10.21901710553,-0.530294449571,
    4.414715547182));
#499 = LINE('',#500,#501);
#500 = CARTESIAN_POINT('',(-10.21901710553,-0.530294449571,
    4.414715547182));
#501 = VECTOR('',#502,1.);
#502 = DIRECTION('',(3.147840195449E-15,-0.573576436351,0.819152044289)
  );
#503 = ORIENTED_EDGE('',*,*,#504,.F.);
#504 = EDGE_CURVE('',#505,#497,#507,.T.);
#505 = VERTEX_POINT('',#506);
#506 = CARTESIAN_POINT('',(-10.21901710553,-0.314700235342,
    4.336245670522));
#507 = CIRCLE('',#508,0.199999996615);
#508 = AXIS2_PLACEMENT_3D('',#509,#510,#511);
#509 = CARTESIAN_POINT('',(-10.21901710553,-0.366464043486,4.52943083251
    ));
#510 = DIRECTION('',(-1.,-1.047444401653E-14,-3.491481338843E-15));
#511 = DIRECTION('',(1.047444401653E-14,-1.,6.287552596339E-30));
#512 = ORIENTED_EDGE('',*,*,#513,.F.);
#513 = EDGE_CURVE('',#514,#505,#516,.T.);
#514 = VERTEX_POINT('',#515);
#515 = CARTESIAN_POINT('',(-10.21901710553,0.351793853413,4.514832223364
    ));
#516 = LINE('',#517,#518);
#517 = CARTESIAN_POINT('',(-10.21901710553,0.351793853413,4.514832223364
    ));
#518 = VECTOR('',#519,1.);
#519 = DIRECTION('',(1.10211978577E-14,-0.965925826289,-0.258819045103)
  );
#520 = ORIENTED_EDGE('',*,*,#521,.F.);
#521 = EDGE_CURVE('',#463,#514,#522,.T.);
#522 = CIRCLE('',#523,0.199999996615);
#523 = AXIS2_PLACEMENT_3D('',#524,#525,#526);
#524 = CARTESIAN_POINT('',(-10.21901710553,0.300030045269,4.708017385352
    ));
#525 = DIRECTION('',(-1.,-1.047444401653E-14,-3.491481338843E-15));
#526 = DIRECTION('',(1.047444401653E-14,-1.,6.28755259634E-30));
#527 = PLANE('',#528);
#528 = AXIS2_PLACEMENT_3D('',#529,#530,#531);
#529 = CARTESIAN_POINT('',(-10.21901710553,-0.441483304518,
    5.555607878092));
#530 = DIRECTION('',(1.,4.677825450925E-15,4.610923087341E-15));
#531 = DIRECTION('',(-4.677825450925E-15,1.,0.));
#532 = ADVANCED_FACE('',(#533),#567,.F.);
#533 = FACE_BOUND('',#534,.T.);
#534 = EDGE_LOOP('',(#535,#545,#554,#560,#561));
#535 = ORIENTED_EDGE('',*,*,#536,.F.);
#536 = EDGE_CURVE('',#537,#539,#541,.T.);
#537 = VERTEX_POINT('',#538);
#538 = CARTESIAN_POINT('',(-11.11220225567,0.186260206197,4.470477616273
    ));
#539 = VERTEX_POINT('',#540);
#540 = CARTESIAN_POINT('',(-10.97797030992,-0.314700235342,
    4.336245670522));
#541 = LINE('',#542,#543);
#542 = CARTESIAN_POINT('',(-11.15420005127,0.342998113171,4.512475411869
    ));
#543 = VECTOR('',#544,1.);
#544 = DIRECTION('',(0.250562807086,-0.935113126531,-0.250562807086));
#545 = ORIENTED_EDGE('',*,*,#546,.T.);
#546 = EDGE_CURVE('',#537,#547,#549,.T.);
#547 = VERTEX_POINT('',#548);
#548 = CARTESIAN_POINT('',(-11.08350545912,0.351793853413,4.514832223364
    ));
#549 = ( BOUNDED_CURVE() B_SPLINE_CURVE(3,(#550,#551,#552,#553),
.UNSPECIFIED.,.F.,.F.) B_SPLINE_CURVE_WITH_KNOTS((4,4),(1.308996938996,
2.175902261989),.PIECEWISE_BEZIER_KNOTS.) CURVE() 
GEOMETRIC_REPRESENTATION_ITEM() RATIONAL_B_SPLINE_CURVE((1.,
0.938347347293,0.938347347293,1.)) REPRESENTATION_ITEM('') );
#550 = CARTESIAN_POINT('',(-11.11220225567,0.186260206197,4.470477616273
    ));
#551 = CARTESIAN_POINT('',(-11.12764866391,0.243906986548,4.485924024514
    ));
#552 = CARTESIAN_POINT('',(-11.11745457227,0.302710245879,4.501680310364
    ));
#553 = CARTESIAN_POINT('',(-11.08350545912,0.351793853413,4.514832223364
    ));
#554 = ORIENTED_EDGE('',*,*,#555,.T.);
#555 = EDGE_CURVE('',#547,#514,#556,.T.);
#556 = LINE('',#557,#558);
#557 = CARTESIAN_POINT('',(-11.1190170903,0.351793853413,4.514832223364)
  );
#558 = VECTOR('',#559,1.);
#559 = DIRECTION('',(1.,1.047444401653E-14,3.491481338843E-15));
#560 = ORIENTED_EDGE('',*,*,#513,.T.);
#561 = ORIENTED_EDGE('',*,*,#562,.F.);
#562 = EDGE_CURVE('',#539,#505,#563,.T.);
#563 = LINE('',#564,#565);
#564 = CARTESIAN_POINT('',(-11.1190170903,-0.314700235342,4.336245670522
    ));
#565 = VECTOR('',#566,1.);
#566 = DIRECTION('',(1.,1.047444401653E-14,3.491481338843E-15));
#567 = PLANE('',#568);
#568 = AXIS2_PLACEMENT_3D('',#569,#570,#571);
#569 = CARTESIAN_POINT('',(-11.1190170903,0.351793853413,4.514832223364)
  );
#570 = DIRECTION('',(-6.61526398857E-16,-0.258819045103,0.965925826289)
  );
#571 = DIRECTION('',(1.,1.047444401653E-14,3.491481338848E-15));
#572 = ADVANCED_FACE('',(#573),#592,.T.);
#573 = FACE_BOUND('',#574,.T.);
#574 = EDGE_LOOP('',(#575,#584,#585,#586));
#575 = ORIENTED_EDGE('',*,*,#576,.F.);
#576 = EDGE_CURVE('',#539,#577,#579,.T.);
#577 = VERTEX_POINT('',#578);
#578 = CARTESIAN_POINT('',(-10.92020201433,-0.530294449571,
    4.414715547182));
#579 = ( BOUNDED_CURVE() B_SPLINE_CURVE(3,(#580,#581,#582,#583),
.UNSPECIFIED.,.F.,.F.) B_SPLINE_CURVE_WITH_KNOTS((4,4),(4.450589592586,
5.672320068982),.PIECEWISE_BEZIER_KNOTS.) CURVE() 
GEOMETRIC_REPRESENTATION_ITEM() RATIONAL_B_SPLINE_CURVE((1.,
0.879434696193,0.879434696193,1.)) REPRESENTATION_ITEM('') );
#580 = CARTESIAN_POINT('',(-10.97797030992,-0.314700235342,
    4.336245670522));
#581 = CARTESIAN_POINT('',(-10.95546304798,-0.398698480464,
    4.313738408576));
#582 = CARTESIAN_POINT('',(-10.93356705204,-0.480415449771,
    4.343480953038));
#583 = CARTESIAN_POINT('',(-10.92020201433,-0.530294449571,
    4.414715547182));
#584 = ORIENTED_EDGE('',*,*,#562,.T.);
#585 = ORIENTED_EDGE('',*,*,#504,.T.);
#586 = ORIENTED_EDGE('',*,*,#587,.F.);
#587 = EDGE_CURVE('',#577,#497,#588,.T.);
#588 = LINE('',#589,#590);
#589 = CARTESIAN_POINT('',(-11.1190170903,-0.530294449571,4.414715547182
    ));
#590 = VECTOR('',#591,1.);
#591 = DIRECTION('',(1.,1.047444401653E-14,3.491481338843E-15));
#592 = CYLINDRICAL_SURFACE('',#593,0.199999996615);
#593 = AXIS2_PLACEMENT_3D('',#594,#595,#596);
#594 = CARTESIAN_POINT('',(-11.1190170903,-0.366464043486,4.52943083251)
  );
#595 = DIRECTION('',(1.,1.047444401653E-14,3.491481338843E-15));
#596 = DIRECTION('',(-1.047444401653E-14,1.,-6.287552596339E-30));
#597 = ADVANCED_FACE('',(#598),#616,.F.);
#598 = FACE_BOUND('',#599,.T.);
#599 = EDGE_LOOP('',(#600,#608,#609,#610));
#600 = ORIENTED_EDGE('',*,*,#601,.F.);
#601 = EDGE_CURVE('',#577,#602,#604,.T.);
#602 = VERTEX_POINT('',#603);
#603 = CARTESIAN_POINT('',(-10.60676970986,-1.700039734581,
    6.085284944365));
#604 = LINE('',#605,#606);
#605 = CARTESIAN_POINT('',(-10.92478974467,-0.513172806856,
    4.390263307266));
#606 = VECTOR('',#607,1.);
#607 = DIRECTION('',(0.151905774946,-0.56692007006,0.809645768038));
#608 = ORIENTED_EDGE('',*,*,#587,.T.);
#609 = ORIENTED_EDGE('',*,*,#496,.T.);
#610 = ORIENTED_EDGE('',*,*,#611,.F.);
#611 = EDGE_CURVE('',#602,#488,#612,.T.);
#612 = LINE('',#613,#614);
#613 = CARTESIAN_POINT('',(-11.1190170903,-1.700039734581,6.085284944365
    ));
#614 = VECTOR('',#615,1.);
#615 = DIRECTION('',(1.,1.047444401653E-14,3.491481338843E-15));
#616 = PLANE('',#617);
#617 = AXIS2_PLACEMENT_3D('',#618,#619,#620);
#618 = CARTESIAN_POINT('',(-11.1190170903,-0.530294449571,4.414715547182
    ));
#619 = DIRECTION('',(-1.058279365285E-14,0.819152044289,0.573576436351)
  );
#620 = DIRECTION('',(-1.,-1.047444401653E-14,-3.491481338843E-15));
#621 = ADVANCED_FACE('',(#622),#641,.T.);
#622 = FACE_BOUND('',#623,.T.);
#623 = EDGE_LOOP('',(#624,#633,#634,#635));
#624 = ORIENTED_EDGE('',*,*,#625,.F.);
#625 = EDGE_CURVE('',#602,#626,#628,.T.);
#626 = VERTEX_POINT('',#627);
#627 = CARTESIAN_POINT('',(-10.65066793486,-1.536209328497,
    6.400000226308));
#628 = ( BOUNDED_CURVE() B_SPLINE_CURVE(3,(#629,#630,#631,#632),
.UNSPECIFIED.,.F.,.F.) B_SPLINE_CURVE_WITH_KNOTS((4,4),(5.672320068982,
7.853981633974),.PIECEWISE_BEZIER_KNOTS.) CURVE() 
GEOMETRIC_REPRESENTATION_ITEM() RATIONAL_B_SPLINE_CURVE((1.,
0.641165742157,0.641165742157,1.)) REPRESENTATION_ITEM('') );
#629 = CARTESIAN_POINT('',(-10.60676970986,-1.700039734581,
    6.085284944365));
#630 = CARTESIAN_POINT('',(-10.57842049096,-1.805840459862,
    6.236384039286));
#631 = CARTESIAN_POINT('',(-10.60124258002,-1.720667263961,
    6.400000226308));
#632 = CARTESIAN_POINT('',(-10.65066793486,-1.536209328497,
    6.400000226308));
#633 = ORIENTED_EDGE('',*,*,#611,.T.);
#634 = ORIENTED_EDGE('',*,*,#487,.T.);
#635 = ORIENTED_EDGE('',*,*,#636,.F.);
#636 = EDGE_CURVE('',#626,#480,#637,.T.);
#637 = LINE('',#638,#639);
#638 = CARTESIAN_POINT('',(-11.1190170903,-1.536209328497,6.400000226308
    ));
#639 = VECTOR('',#640,1.);
#640 = DIRECTION('',(1.,1.047444401653E-14,3.491481338843E-15));
#641 = CYLINDRICAL_SURFACE('',#642,0.199999996615);
#642 = AXIS2_PLACEMENT_3D('',#643,#644,#645);
#643 = CARTESIAN_POINT('',(-11.1190170903,-1.536209328497,6.200000229693
    ));
#644 = DIRECTION('',(1.,1.047444401653E-14,3.491481338843E-15));
#645 = DIRECTION('',(-1.047444401653E-14,1.,-6.287552596339E-30));
#646 = ADVANCED_FACE('',(#647),#674,.F.);
#647 = FACE_BOUND('',#648,.T.);
#648 = EDGE_LOOP('',(#649,#657,#658,#659,#667));
#649 = ORIENTED_EDGE('',*,*,#650,.F.);
#650 = EDGE_CURVE('',#626,#651,#653,.T.);
#651 = VERTEX_POINT('',#652);
#652 = CARTESIAN_POINT('',(-11.11220225567,0.186260206197,6.400000226308
    ));
#653 = LINE('',#654,#655);
#654 = CARTESIAN_POINT('',(-10.68204137936,-1.419122039638,
    6.400000226308));
#655 = VECTOR('',#656,1.);
#656 = DIRECTION('',(-0.258819045103,0.965925826289,-9.036618661125E-16)
  );
#657 = ORIENTED_EDGE('',*,*,#636,.T.);
#658 = ORIENTED_EDGE('',*,*,#479,.T.);
#659 = ORIENTED_EDGE('',*,*,#660,.F.);
#660 = EDGE_CURVE('',#661,#471,#663,.T.);
#661 = VERTEX_POINT('',#662);
#662 = CARTESIAN_POINT('',(-11.10916243487,0.300030045269,6.400000226308
    ));
#663 = LINE('',#664,#665);
#664 = CARTESIAN_POINT('',(-11.1190170903,0.300030045269,6.400000226308)
  );
#665 = VECTOR('',#666,1.);
#666 = DIRECTION('',(1.,1.047444401653E-14,3.491481338843E-15));
#667 = ORIENTED_EDGE('',*,*,#668,.T.);
#668 = EDGE_CURVE('',#661,#651,#669,.T.);
#669 = CIRCLE('',#670,0.199999996615);
#670 = AXIS2_PLACEMENT_3D('',#671,#672,#673);
#671 = CARTESIAN_POINT('',(-10.91901709368,0.238024014342,6.400000226308
    ));
#672 = DIRECTION('',(-3.491481338843E-15,-3.657132581847E-29,1.));
#673 = DIRECTION('',(1.,8.673617379884E-15,3.491481338843E-15));
#674 = PLANE('',#675);
#675 = AXIS2_PLACEMENT_3D('',#676,#677,#678);
#676 = CARTESIAN_POINT('',(-11.1190170903,-1.536209328497,6.400000226308
    ));
#677 = DIRECTION('',(3.491481338843E-15,3.657132581847E-29,-1.));
#678 = DIRECTION('',(1.,1.047444401653E-14,3.491481338843E-15));
#679 = ADVANCED_FACE('',(#680),#704,.T.);
#680 = FACE_BOUND('',#681,.T.);
#681 = EDGE_LOOP('',(#682,#691,#702,#703));
#682 = ORIENTED_EDGE('',*,*,#683,.F.);
#683 = EDGE_CURVE('',#684,#461,#686,.T.);
#684 = VERTEX_POINT('',#685);
#685 = CARTESIAN_POINT('',(-10.93644824194,0.437262950588,6.345489501957
    ));
#686 = ( BOUNDED_CURVE() B_SPLINE_CURVE(3,(#687,#688,#689,#690),
.UNSPECIFIED.,.F.,.F.) B_SPLINE_CURVE_WITH_KNOTS((4,4),(5.468592330889,
6.28318530718),.PIECEWISE_BEZIER_KNOTS.) CURVE() 
GEOMETRIC_REPRESENTATION_ITEM() RATIONAL_B_SPLINE_CURVE((1.,
0.945463409962,0.945463409962,1.)) REPRESENTATION_ITEM('') );
#687 = CARTESIAN_POINT('',(-10.93644824194,0.437262950588,6.345489501957
    ));
#688 = CARTESIAN_POINT('',(-10.47195519876,0.477900826152,6.30715778414)
  );
#689 = CARTESIAN_POINT('',(-10.21901710553,0.500030041884,6.255863970359
    ));
#690 = CARTESIAN_POINT('',(-10.21901710553,0.500030041884,6.200000229693
    ));
#691 = ORIENTED_EDGE('',*,*,#692,.T.);
#692 = EDGE_CURVE('',#684,#661,#693,.T.);
#693 = B_SPLINE_CURVE_WITH_KNOTS('',3,(#694,#695,#696,#697,#698,#699,
    #700,#701),.UNSPECIFIED.,.F.,.F.,(4,2,2,4),(0.,0.25,0.5,1.),
  .UNSPECIFIED.);
#694 = CARTESIAN_POINT('',(-10.93644824194,0.437262950588,6.345489501957
    ));
#695 = CARTESIAN_POINT('',(-10.9555752061,0.435589558056,6.347067931179)
  );
#696 = CARTESIAN_POINT('',(-10.97406972918,0.431620772495,6.350860505897
    ));
#697 = CARTESIAN_POINT('',(-11.00979389319,0.418093036698,6.361666776891
    ));
#698 = CARTESIAN_POINT('',(-11.02794229512,0.407769172511,6.369096130853
    ));
#699 = CARTESIAN_POINT('',(-11.07497761166,0.370358795603,6.389363489724
    ));
#700 = CARTESIAN_POINT('',(-11.0968248453,0.337864029213,6.400000226308)
  );
#701 = CARTESIAN_POINT('',(-11.10916243487,0.300030045269,6.400000226308
    ));
#702 = ORIENTED_EDGE('',*,*,#660,.T.);
#703 = ORIENTED_EDGE('',*,*,#470,.T.);
#704 = CYLINDRICAL_SURFACE('',#705,0.199999996615);
#705 = AXIS2_PLACEMENT_3D('',#706,#707,#708);
#706 = CARTESIAN_POINT('',(-11.1190170903,0.300030045269,6.200000229693)
  );
#707 = DIRECTION('',(1.,1.047444401653E-14,3.491481338843E-15));
#708 = DIRECTION('',(-1.047444401653E-14,1.,-6.287552596339E-30));
#709 = ADVANCED_FACE('',(#710),#734,.T.);
#710 = FACE_BOUND('',#711,.T.);
#711 = EDGE_LOOP('',(#712,#713,#726,#733));
#712 = ORIENTED_EDGE('',*,*,#555,.F.);
#713 = ORIENTED_EDGE('',*,*,#714,.T.);
#714 = EDGE_CURVE('',#547,#715,#717,.T.);
#715 = VERTEX_POINT('',#716);
#716 = CARTESIAN_POINT('',(-10.93644824194,0.437262950588,4.562528113089
    ));
#717 = B_SPLINE_CURVE_WITH_KNOTS('',3,(#718,#719,#720,#721,#722,#723,
    #724,#725),.UNSPECIFIED.,.F.,.F.,(4,2,2,4),(0.,0.25,0.5,1.),
  .UNSPECIFIED.);
#718 = CARTESIAN_POINT('',(-11.08350545912,0.351793853413,4.514832223364
    ));
#719 = CARTESIAN_POINT('',(-11.07476602401,0.364429323486,4.518217887366
    ));
#720 = CARTESIAN_POINT('',(-11.06510988331,0.37566045688,4.522548523711)
  );
#721 = CARTESIAN_POINT('',(-11.04396419075,0.395356585194,4.531859761092
    ));
#722 = CARTESIAN_POINT('',(-11.03352204042,0.403216738424,4.536431790937
    ));
#723 = CARTESIAN_POINT('',(-10.99316106348,0.426770827891,4.552154569059
    ));
#724 = CARTESIAN_POINT('',(-10.96528768364,0.434739826376,4.560148173588
    ));
#725 = CARTESIAN_POINT('',(-10.93644824194,0.437262950588,4.562528113089
    ));
#726 = ORIENTED_EDGE('',*,*,#727,.F.);
#727 = EDGE_CURVE('',#463,#715,#728,.T.);
#728 = ( BOUNDED_CURVE() B_SPLINE_CURVE(3,(#729,#730,#731,#732),
.UNSPECIFIED.,.F.,.F.) B_SPLINE_CURVE_WITH_KNOTS((4,4),(0.,
0.814592976291),.PIECEWISE_BEZIER_KNOTS.) CURVE() 
GEOMETRIC_REPRESENTATION_ITEM() RATIONAL_B_SPLINE_CURVE((1.,
0.945463409962,0.945463409962,1.)) REPRESENTATION_ITEM('') );
#729 = CARTESIAN_POINT('',(-10.21901710553,0.500030041884,4.708017385352
    ));
#730 = CARTESIAN_POINT('',(-10.21901710553,0.500030041884,4.652153644687
    ));
#731 = CARTESIAN_POINT('',(-10.47195519876,0.477900826152,4.600859830905
    ));
#732 = CARTESIAN_POINT('',(-10.93644824194,0.437262950588,4.562528113089
    ));
#733 = ORIENTED_EDGE('',*,*,#521,.T.);
#734 = CYLINDRICAL_SURFACE('',#735,0.199999996615);
#735 = AXIS2_PLACEMENT_3D('',#736,#737,#738);
#736 = CARTESIAN_POINT('',(-11.1190170903,0.300030045269,4.708017385352)
  );
#737 = DIRECTION('',(1.,1.047444401653E-14,3.491481338843E-15));
#738 = DIRECTION('',(-1.047444401653E-14,1.,-6.28755259634E-30));
#739 = ADVANCED_FACE('',(#740),#751,.T.);
#740 = FACE_BOUND('',#741,.T.);
#741 = EDGE_LOOP('',(#742,#743,#744,#745));
#742 = ORIENTED_EDGE('',*,*,#683,.T.);
#743 = ORIENTED_EDGE('',*,*,#460,.T.);
#744 = ORIENTED_EDGE('',*,*,#727,.T.);
#745 = ORIENTED_EDGE('',*,*,#746,.F.);
#746 = EDGE_CURVE('',#684,#715,#747,.T.);
#747 = LINE('',#748,#749);
#748 = CARTESIAN_POINT('',(-10.93644824194,0.437262950588,7.000000216152
    ));
#749 = VECTOR('',#750,1.);
#750 = DIRECTION('',(3.491481338843E-15,3.657132581847E-29,-1.));
#751 = PLANE('',#752);
#752 = AXIS2_PLACEMENT_3D('',#753,#754,#755);
#753 = CARTESIAN_POINT('',(-10.93644824194,0.437262950588,7.000000216152
    ));
#754 = DIRECTION('',(-8.715574274765E-02,0.996194698092,
    -3.043026493764E-16));
#755 = DIRECTION('',(-3.491481338843E-15,8.776077570584E-30,1.));
#756 = ADVANCED_FACE('',(#757),#770,.T.);
#757 = FACE_BOUND('',#758,.T.);
#758 = EDGE_LOOP('',(#759,#760,#761,#762,#763,#764));
#759 = ORIENTED_EDGE('',*,*,#536,.T.);
#760 = ORIENTED_EDGE('',*,*,#576,.T.);
#761 = ORIENTED_EDGE('',*,*,#601,.T.);
#762 = ORIENTED_EDGE('',*,*,#625,.T.);
#763 = ORIENTED_EDGE('',*,*,#650,.T.);
#764 = ORIENTED_EDGE('',*,*,#765,.T.);
#765 = EDGE_CURVE('',#651,#537,#766,.T.);
#766 = LINE('',#767,#768);
#767 = CARTESIAN_POINT('',(-11.11220225567,0.186260206197,7.000000216152
    ));
#768 = VECTOR('',#769,1.);
#769 = DIRECTION('',(3.491481338843E-15,3.657132581847E-29,-1.));
#770 = PLANE('',#771);
#771 = AXIS2_PLACEMENT_3D('',#772,#773,#774);
#772 = CARTESIAN_POINT('',(-10.59339095699,-1.749969920032,
    7.000000216152));
#773 = DIRECTION('',(-0.965925826289,-0.258819045103,-3.372511997195E-15
    ));
#774 = DIRECTION('',(3.491481338843E-15,1.508696481235E-28,-1.));
#775 = ADVANCED_FACE('',(#776),#784,.T.);
#776 = FACE_BOUND('',#777,.T.);
#777 = EDGE_LOOP('',(#778,#779,#780,#781,#782,#783));
#778 = ORIENTED_EDGE('',*,*,#546,.F.);
#779 = ORIENTED_EDGE('',*,*,#765,.F.);
#780 = ORIENTED_EDGE('',*,*,#668,.F.);
#781 = ORIENTED_EDGE('',*,*,#692,.F.);
#782 = ORIENTED_EDGE('',*,*,#746,.T.);
#783 = ORIENTED_EDGE('',*,*,#714,.F.);
#784 = CYLINDRICAL_SURFACE('',#785,0.199999996615);
#785 = AXIS2_PLACEMENT_3D('',#786,#787,#788);
#786 = CARTESIAN_POINT('',(-10.91901709368,0.238024014342,7.000000216152
    ));
#787 = DIRECTION('',(3.491481338843E-15,3.657132581847E-29,-1.));
#788 = DIRECTION('',(1.,8.673617379884E-15,3.491481338843E-15));
#789 = SHELL_BASED_SURFACE_MODEL('',(#790));
#790 = CLOSED_SHELL('',(#791,#833,#875,#930,#988,#1020,#1052,#1114,#1156
    ,#1189,#1237,#1269,#1318,#1349,#1382,#1400,#1418,#1441,#1459,#1470,
    #1509,#1549,#1573,#1595,#1617,#1707,#1749,#1791,#1846,#1904,#1936,
    #1968,#2030,#2072,#2105,#2153,#2185,#2234,#2265,#2298,#2316,#2334,
    #2357,#2375,#2386,#2425,#2465,#2489,#2511,#2533,#2623,#2665,#2707,
    #2762,#2820,#2852,#2884,#2946,#2988,#3021,#3069,#3101,#3150,#3181,
    #3214,#3232,#3250,#3273,#3291,#3302,#3341,#3381,#3405,#3427,#3449,
    #3539,#3581,#3623,#3678,#3736,#3768,#3800,#3862,#3904,#3937,#3985,
    #4017,#4066,#4097,#4130,#4148,#4166,#4189,#4207,#4218,#4257,#4297,
    #4321,#4343,#4365,#4455,#4487,#4512,#4544,#4578,#5168,#5201,#5324,
    #5348,#5381,#5768,#5792,#5832,#5863,#6010,#6061,#6120,#6144,#6177,
    #6279,#6303,#6322,#6346,#6364,#6383,#6423,#6454,#6496,#6538,#6555,
    #6597,#6640,#6665,#6791,#6824,#6926,#6950,#6969,#6994,#7012,#7024,
    #7064,#7095,#7137,#7179,#7196,#7238,#7281,#7306,#7432,#7465,#7567,
    #7591,#7610,#7635,#7653,#7665,#7705,#7736,#7778,#7820,#7837,#7879,
    #7922,#7947,#8073,#8106,#8208,#8232,#8251,#8276,#8294,#8306,#8346,
    #8377,#8401,#8425,#8442,#8617,#8649,#8673,#8698,#8722,#8747,#8771,
    #8795,#8819,#8844,#8868,#8893,#8917,#8942,#8966,#8991,#9015,#9040,
    #9065,#9082,#9113,#9138,#9163,#9187,#9212,#9236,#9261,#9285,#9310,
    #9334,#9359,#9383,#9407,#9431,#9456,#9480,#9505,#9529,#9547,#10097,
    #10137,#10168,#10192,#10216,#10233,#10408,#10440,#10464,#10489,
    #10513,#10538,#10562,#10586,#10610,#10635,#10659,#10684,#10708,
    #10733,#10757,#10782,#10806,#10831,#10856,#10873,#10895,#10912,
    #10929,#10946,#10963,#10980,#10997,#11014,#11031,#11048,#11065,
    #11082,#11099,#11116,#11133,#11150,#11167,#11184,#11196,#11253,
    #11293,#11324,#11348,#11372,#11389,#11564,#11596,#11620,#11645,
    #11669,#11694,#11718,#11742,#11766,#11791,#11815,#11840,#11864,
    #11889,#11913,#11938,#11962,#11987,#12012,#12029,#12051,#12068,
    #12085,#12102,#12119,#12136,#12153,#12170,#12187,#12204,#12221,
    #12238,#12255,#12272,#12289,#12306,#12323,#12340,#12352,#12392,
    #12423,#12447,#12471,#12488,#12663,#12695,#12719,#12744,#12768,
    #12793,#12817,#12841,#12865,#12890,#12914,#12939,#12963,#12988,
    #13012,#13037,#13061,#13086,#13111,#13128,#13150,#13167,#13184,
    #13201,#13218,#13235,#13252,#13269,#13286,#13303,#13320,#13337,
    #13354,#13371,#13388,#13405,#13422,#13439,#13451,#13469,#13487,
    #13511,#13544,#13577,#13610,#13643,#13667,#13692,#13808,#13826,
    #13844,#13868,#13892,#13924,#13949,#13971,#13997,#14029,#14054,
    #14076,#14102,#14134,#14159,#14181,#14207,#14225,#14253,#14287,
    #14304,#14316,#14344,#14378,#14395,#14407,#14435,#14469,#14486,
    #14498,#14526,#14560,#14577,#14589,#14599,#14609,#14619,#14629,
    #14639,#14649,#14659,#14669,#14687,#14704,#14722,#14739,#14757,
    #14774,#14792,#14809,#14834,#14859,#14883,#14907,#14932,#14956,
    #14974,#14990,#15015,#15040,#15064,#15088,#15113,#15137,#15155,
    #15171,#15196,#15221,#15245,#15269,#15294,#15318,#15336,#15352,
    #15377,#15402,#15426,#15450,#15475,#15499,#15517,#15533,#15551,
    #15569,#15582,#15600,#15612,#15630,#15648,#15661,#15679,#15691,
    #15709,#15727,#15740,#15758,#15770,#15788,#15806,#15819,#15837,
    #15849,#15880,#15904,#15928,#15945,#15957,#15988,#16012,#16036,
    #16053,#16065,#16096,#16120,#16144,#16161,#16173,#16204,#16228,
    #16252,#16269,#16281,#16303,#16317));
#791 = ADVANCED_FACE('',(#792),#828,.T.);
#792 = FACE_BOUND('',#793,.T.);
#793 = EDGE_LOOP('',(#794,#805,#813,#822));
#794 = ORIENTED_EDGE('',*,*,#795,.T.);
#795 = EDGE_CURVE('',#796,#798,#800,.T.);
#796 = VERTEX_POINT('',#797);
#797 = CARTESIAN_POINT('',(4.866095154839,-11.33659282274,
    15.608963888156));
#798 = VERTEX_POINT('',#799);
#799 = CARTESIAN_POINT('',(5.030982636339,-10.199969777,14.655223909686)
  );
#800 = ( BOUNDED_CURVE() B_SPLINE_CURVE(3,(#801,#802,#803,#804),
.UNSPECIFIED.,.F.,.F.) B_SPLINE_CURVE_WITH_KNOTS((4,4),(1.282670544545,
1.570796326795),.PIECEWISE_BEZIER_KNOTS.) CURVE() 
GEOMETRIC_REPRESENTATION_ITEM() RATIONAL_B_SPLINE_CURVE((1.,
0.993093917675,0.993093917675,1.)) REPRESENTATION_ITEM('') );
#801 = CARTESIAN_POINT('',(4.866095154839,-11.33659282274,
    15.608963888156));
#802 = CARTESIAN_POINT('',(4.975637927389,-10.96698140894,
    15.298823087152));
#803 = CARTESIAN_POINT('',(5.030982636339,-10.58547232723,
    14.978698957401));
#804 = CARTESIAN_POINT('',(5.030982636339,-10.199969777,14.655223909686)
  );
#805 = ORIENTED_EDGE('',*,*,#806,.F.);
#806 = EDGE_CURVE('',#807,#798,#809,.T.);
#807 = VERTEX_POINT('',#808);
#808 = CARTESIAN_POINT('',(5.030982636339,-10.199969777,16.700000051969)
  );
#809 = LINE('',#810,#811);
#810 = CARTESIAN_POINT('',(5.030982636339,-10.199969777,16.300000058739)
  );
#811 = VECTOR('',#812,1.);
#812 = DIRECTION('',(3.491481338843E-15,3.657132581847E-29,-1.));
#813 = ORIENTED_EDGE('',*,*,#814,.F.);
#814 = EDGE_CURVE('',#815,#807,#817,.T.);
#815 = VERTEX_POINT('',#816);
#816 = CARTESIAN_POINT('',(4.866095154839,-11.33659282274,
    16.700000051969));
#817 = CIRCLE('',#818,3.999999932295);
#818 = AXIS2_PLACEMENT_3D('',#819,#820,#821);
#819 = CARTESIAN_POINT('',(1.030982704043,-10.199969777,16.700000051969)
  );
#820 = DIRECTION('',(-3.491481338843E-15,-3.657132581847E-29,1.));
#821 = DIRECTION('',(1.046255096449E-14,-1.,-4.152436925933E-32));
#822 = ORIENTED_EDGE('',*,*,#823,.F.);
#823 = EDGE_CURVE('',#796,#815,#824,.T.);
#824 = LINE('',#825,#826);
#825 = CARTESIAN_POINT('',(4.866095154839,-11.33659282274,
    13.700000102747));
#826 = VECTOR('',#827,1.);
#827 = DIRECTION('',(-3.491481338843E-15,-3.657132581847E-29,1.));
#828 = CYLINDRICAL_SURFACE('',#829,3.999999932295);
#829 = AXIS2_PLACEMENT_3D('',#830,#831,#832);
#830 = CARTESIAN_POINT('',(1.030982704043,-10.199969777,13.700000102747)
  );
#831 = DIRECTION('',(-3.491481338843E-15,-3.657132581847E-29,1.));
#832 = DIRECTION('',(-1.,-1.046255096449E-14,-3.491481338843E-15));
#833 = ADVANCED_FACE('',(#834),#870,.T.);
#834 = FACE_BOUND('',#835,.T.);
#835 = EDGE_LOOP('',(#836,#845,#846,#855,#864));
#836 = ORIENTED_EDGE('',*,*,#837,.T.);
#837 = EDGE_CURVE('',#838,#796,#840,.T.);
#838 = VERTEX_POINT('',#839);
#839 = CARTESIAN_POINT('',(4.176400679665,-12.01555385701,
    16.178679841593));
#840 = ( BOUNDED_CURVE() B_SPLINE_CURVE(3,(#841,#842,#843,#844),
.UNSPECIFIED.,.F.,.F.) B_SPLINE_CURVE_WITH_KNOTS((4,4),(0.272441454384,
1.282670544545),.PIECEWISE_BEZIER_KNOTS.) CURVE() 
GEOMETRIC_REPRESENTATION_ITEM() RATIONAL_B_SPLINE_CURVE((1.,
0.916746033949,0.916746033949,1.)) REPRESENTATION_ITEM('') );
#841 = CARTESIAN_POINT('',(4.176400679665,-12.01555385701,
    16.178679841593));
#842 = CARTESIAN_POINT('',(4.515323784391,-11.92086268117,
    16.099224510866));
#843 = CARTESIAN_POINT('',(4.766100062529,-11.67398913454,
    15.892073008945));
#844 = CARTESIAN_POINT('',(4.866095154839,-11.33659282274,
    15.608963888156));
#845 = ORIENTED_EDGE('',*,*,#823,.T.);
#846 = ORIENTED_EDGE('',*,*,#847,.F.);
#847 = EDGE_CURVE('',#848,#815,#850,.T.);
#848 = VERTEX_POINT('',#849);
#849 = CARTESIAN_POINT('',(4.348264934277,-11.94996974738,
    16.700000051969));
#850 = CIRCLE('',#851,0.999999983074);
#851 = AXIS2_PLACEMENT_3D('',#852,#853,#854);
#852 = CARTESIAN_POINT('',(3.90731704214,-11.05243706131,16.700000051969
    ));
#853 = DIRECTION('',(-3.491481338843E-15,-3.657132581847E-29,1.));
#854 = DIRECTION('',(1.040834085586E-14,-1.,-2.307979519176E-31));
#855 = ORIENTED_EDGE('',*,*,#856,.T.);
#856 = EDGE_CURVE('',#848,#857,#859,.T.);
#857 = VERTEX_POINT('',#858);
#858 = CARTESIAN_POINT('',(4.176400679665,-12.01555385701,
    16.691244170011));
#859 = B_SPLINE_CURVE_WITH_KNOTS('',3,(#860,#861,#862,#863),
  .UNSPECIFIED.,.F.,.F.,(4,4),(0.,1.),.PIECEWISE_BEZIER_KNOTS.);
#860 = CARTESIAN_POINT('',(4.348264934277,-11.94996974738,
    16.700000051969));
#861 = CARTESIAN_POINT('',(4.309659346633,-11.96893624605,
    16.700000051969));
#862 = CARTESIAN_POINT('',(4.25325325128,-11.99408214183,16.697081424649
    ));
#863 = CARTESIAN_POINT('',(4.176400679665,-12.01555385701,
    16.691244170011));
#864 = ORIENTED_EDGE('',*,*,#865,.F.);
#865 = EDGE_CURVE('',#838,#857,#866,.T.);
#866 = LINE('',#867,#868);
#867 = CARTESIAN_POINT('',(4.176400679665,-12.01555385701,
    13.700000102747));
#868 = VECTOR('',#869,1.);
#869 = DIRECTION('',(-3.491481338843E-15,-3.657132581847E-29,1.));
#870 = CYLINDRICAL_SURFACE('',#871,0.999999983074);
#871 = AXIS2_PLACEMENT_3D('',#872,#873,#874);
#872 = CARTESIAN_POINT('',(3.90731704214,-11.05243706131,13.700000102747
    ));
#873 = DIRECTION('',(-3.491481338843E-15,-3.657132581847E-29,1.));
#874 = DIRECTION('',(-1.,-1.040834085586E-14,-3.491481338843E-15));
#875 = ADVANCED_FACE('',(#876),#925,.T.);
#876 = FACE_BOUND('',#877,.T.);
#877 = EDGE_LOOP('',(#878,#897,#917,#924));
#878 = ORIENTED_EDGE('',*,*,#879,.T.);
#879 = EDGE_CURVE('',#857,#880,#882,.T.);
#880 = VERTEX_POINT('',#881);
#881 = CARTESIAN_POINT('',(2.830982673576,-12.19996974315,16.4500000562)
  );
#882 = B_SPLINE_CURVE_WITH_KNOTS('',3,(#883,#884,#885,#886,#887,#888,
    #889,#890,#891,#892,#893,#894,#895,#896),.UNSPECIFIED.,.F.,.F.,(4,2,
    1,1,1,1,2,2,4),(0.,0.25,0.375,0.4375,0.46875,0.484375,0.4921875,0.5,
    1.),.UNSPECIFIED.);
#883 = CARTESIAN_POINT('',(4.176400679665,-12.01555385701,
    16.691244170011));
#884 = CARTESIAN_POINT('',(4.078996756156,-12.04276737707,16.68384596056
    ));
#885 = CARTESIAN_POINT('',(3.974462509696,-12.06879883363,
    16.672187743392));
#886 = CARTESIAN_POINT('',(3.806841153625,-12.10414764859,
    16.648310406061));
#887 = CARTESIAN_POINT('',(3.720328296334,-12.1208933545,16.634774234501
    ));
#888 = CARTESIAN_POINT('',(3.614676339582,-12.13834117517,
    16.616186404283));
#889 = CARTESIAN_POINT('',(3.56067456687,-12.14648186546,16.606193581658
    ));
#890 = CARTESIAN_POINT('',(3.533380383188,-12.15039870136,
    16.601022443466));
#891 = CARTESIAN_POINT('',(3.521620106513,-12.15204361643,16.59876879991
    ));
#892 = CARTESIAN_POINT('',(3.513765982832,-12.15313263801,
    16.597258050545));
#893 = CARTESIAN_POINT('',(3.507733037069,-12.15395928633,16.59609178342
    ));
#894 = CARTESIAN_POINT('',(3.387997712967,-12.17027063888,16.57288920587
    ));
#895 = CARTESIAN_POINT('',(3.163317016083,-12.19996974315,
    16.524310951041));
#896 = CARTESIAN_POINT('',(2.830982673576,-12.19996974315,16.4500000562)
  );
#897 = ORIENTED_EDGE('',*,*,#898,.T.);
#898 = EDGE_CURVE('',#880,#899,#901,.T.);
#899 = VERTEX_POINT('',#900);
#900 = CARTESIAN_POINT('',(3.771756771107,-12.11066664708,
    16.258488948662));
#901 = B_SPLINE_CURVE_WITH_KNOTS('',3,(#902,#903,#904,#905,#906,#907,
    #908,#909,#910,#911,#912,#913,#914,#915,#916),.UNSPECIFIED.,.F.,.F.,
  (4,2,2,1,1,1,2,2,4),(0.,0.25,0.375,0.4375,0.46875,0.484375,0.4921875,
    0.5,1.),.UNSPECIFIED.);
#902 = CARTESIAN_POINT('',(2.830982673576,-12.19996974315,16.4500000562)
  );
#903 = CARTESIAN_POINT('',(2.940013711121,-12.19996974315,
    16.425620412908));
#904 = CARTESIAN_POINT('',(3.033804682588,-12.19647262578,
    16.404827430816));
#905 = CARTESIAN_POINT('',(3.151516656104,-12.18983972345,16.37901794948
    ));
#906 = CARTESIAN_POINT('',(3.18692933293,-12.18738453747,16.371311454334
    ));
#907 = CARTESIAN_POINT('',(3.234323713438,-12.18369998184,
    16.361096709566));
#908 = CARTESIAN_POINT('',(3.256589916617,-12.18185602909,16.35632558667
    ));
#909 = CARTESIAN_POINT('',(3.28006686056,-12.17976857468,16.351347713227
    ));
#910 = CARTESIAN_POINT('',(3.291180794809,-12.17874818022,
    16.349005885656));
#911 = CARTESIAN_POINT('',(3.295810136626,-12.17831663564,
    16.348033768658));
#912 = CARTESIAN_POINT('',(3.298866643552,-12.17803030355,
    16.347392695857));
#913 = CARTESIAN_POINT('',(3.299141043543,-12.17800502808,
    16.347334890426));
#914 = CARTESIAN_POINT('',(3.477080408045,-12.16117202614,
    16.310105518199));
#915 = CARTESIAN_POINT('',(3.633704321167,-12.13711425193,
    16.280681124136));
#916 = CARTESIAN_POINT('',(3.771756771107,-12.11066664708,
    16.258488948662));
#917 = ORIENTED_EDGE('',*,*,#918,.T.);
#918 = EDGE_CURVE('',#899,#838,#919,.T.);
#919 = ( BOUNDED_CURVE() B_SPLINE_CURVE(3,(#920,#921,#922,#923),
.UNSPECIFIED.,.F.,.F.) B_SPLINE_CURVE_WITH_KNOTS((4,4),(0.189283074568,
0.272441416687),.PIECEWISE_BEZIER_KNOTS.) CURVE() 
GEOMETRIC_REPRESENTATION_ITEM() RATIONAL_B_SPLINE_CURVE((1.,
0.999423807197,0.999423807197,1.)) REPRESENTATION_ITEM('') );
#920 = CARTESIAN_POINT('',(3.771756771107,-12.11066664708,
    16.258488948662));
#921 = CARTESIAN_POINT('',(3.907917809705,-12.0845813922,16.236600820907
    ));
#922 = CARTESIAN_POINT('',(4.042876874999,-12.05285885054,
    16.209982447902));
#923 = CARTESIAN_POINT('',(4.176400679665,-12.01555385701,
    16.178679841593));
#924 = ORIENTED_EDGE('',*,*,#865,.T.);
#925 = CYLINDRICAL_SURFACE('',#926,4.999999915369);
#926 = AXIS2_PLACEMENT_3D('',#927,#928,#929);
#927 = CARTESIAN_POINT('',(2.830982673576,-7.199969827785,
    13.700000102747));
#928 = DIRECTION('',(-3.491481338843E-15,-3.657132581847E-29,1.));
#929 = DIRECTION('',(-1.,-1.049507702966E-14,-3.491481338843E-15));
#930 = ADVANCED_FACE('',(#931),#983,.F.);
#931 = FACE_BOUND('',#932,.T.);
#932 = EDGE_LOOP('',(#933,#941,#942,#950,#959,#967,#976));
#933 = ORIENTED_EDGE('',*,*,#934,.F.);
#934 = EDGE_CURVE('',#807,#935,#937,.T.);
#935 = VERTEX_POINT('',#936);
#936 = CARTESIAN_POINT('',(5.030982636339,-6.770833851753,
    16.700000051969));
#937 = LINE('',#938,#939);
#938 = CARTESIAN_POINT('',(5.030982636339,-11.94996974738,
    16.700000051969));
#939 = VECTOR('',#940,1.);
#940 = DIRECTION('',(-1.047444401653E-14,1.,0.));
#941 = ORIENTED_EDGE('',*,*,#806,.T.);
#942 = ORIENTED_EDGE('',*,*,#943,.F.);
#943 = EDGE_CURVE('',#944,#798,#946,.T.);
#944 = VERTEX_POINT('',#945);
#945 = CARTESIAN_POINT('',(5.030982636339,-9.411456036121,13.99358232053
    ));
#946 = LINE('',#947,#948);
#947 = CARTESIAN_POINT('',(5.030982636339,-9.411456036121,13.99358232053
    ));
#948 = VECTOR('',#949,1.);
#949 = DIRECTION('',(5.779608689561E-15,-0.766044443119,0.642787609687)
  );
#950 = ORIENTED_EDGE('',*,*,#951,.F.);
#951 = EDGE_CURVE('',#952,#944,#954,.T.);
#952 = VERTEX_POINT('',#953);
#953 = CARTESIAN_POINT('',(5.030982636339,-8.897225957075,13.99358232053
    ));
#954 = CIRCLE('',#955,0.39999999323);
#955 = AXIS2_PLACEMENT_3D('',#956,#957,#958);
#956 = CARTESIAN_POINT('',(5.030982636339,-9.154340996598,
    14.300000092592));
#957 = DIRECTION('',(-1.,-1.047444401653E-14,-3.491481338843E-15));
#958 = DIRECTION('',(1.047444401653E-14,-1.,-1.283390709194E-30));
#959 = ORIENTED_EDGE('',*,*,#960,.F.);
#960 = EDGE_CURVE('',#961,#952,#963,.T.);
#961 = VERTEX_POINT('',#962);
#962 = CARTESIAN_POINT('',(5.030982636339,-6.513718812231,
    15.993582286678));
#963 = LINE('',#964,#965);
#964 = CARTESIAN_POINT('',(5.030982636339,-6.513718812231,
    15.993582286678));
#965 = VECTOR('',#966,1.);
#966 = DIRECTION('',(1.026817057768E-14,-0.766044443119,-0.642787609687)
  );
#967 = ORIENTED_EDGE('',*,*,#968,.F.);
#968 = EDGE_CURVE('',#969,#961,#971,.T.);
#969 = VERTEX_POINT('',#970);
#970 = CARTESIAN_POINT('',(5.030982636339,-6.370833858524,
    16.300000058739));
#971 = CIRCLE('',#972,0.39999999323);
#972 = AXIS2_PLACEMENT_3D('',#973,#974,#975);
#973 = CARTESIAN_POINT('',(5.030982636339,-6.770833851753,
    16.300000058739));
#974 = DIRECTION('',(-1.,-1.047444401653E-14,-3.491481338843E-15));
#975 = DIRECTION('',(1.047444401653E-14,-1.,-1.283390709194E-30));
#976 = ORIENTED_EDGE('',*,*,#977,.F.);
#977 = EDGE_CURVE('',#935,#969,#978,.T.);
#978 = CIRCLE('',#979,0.39999999323);
#979 = AXIS2_PLACEMENT_3D('',#980,#981,#982);
#980 = CARTESIAN_POINT('',(5.030982636339,-6.770833851753,
    16.300000058739));
#981 = DIRECTION('',(-1.,-1.047444401653E-14,-3.491481338843E-15));
#982 = DIRECTION('',(1.047444401653E-14,-1.,-1.283390709194E-30));
#983 = PLANE('',#984);
#984 = AXIS2_PLACEMENT_3D('',#985,#986,#987);
#985 = CARTESIAN_POINT('',(5.030982636339,-6.770833851753,
    16.300000058739));
#986 = DIRECTION('',(-1.,-1.047444401653E-14,-3.491481338843E-15));
#987 = DIRECTION('',(1.047444401653E-14,-1.,0.));
#988 = ADVANCED_FACE('',(#989),#1015,.T.);
#989 = FACE_BOUND('',#990,.T.);
#990 = EDGE_LOOP('',(#991,#999,#1008,#1014));
#991 = ORIENTED_EDGE('',*,*,#992,.F.);
#992 = EDGE_CURVE('',#993,#969,#995,.T.);
#993 = VERTEX_POINT('',#994);
#994 = CARTESIAN_POINT('',(4.630982643109,-6.370833858524,
    16.300000058739));
#995 = LINE('',#996,#997);
#996 = CARTESIAN_POINT('',(0.630982710814,-6.370833858524,
    16.300000058739));
#997 = VECTOR('',#998,1.);
#998 = DIRECTION('',(1.,1.047444401653E-14,3.491481338843E-15));
#999 = ORIENTED_EDGE('',*,*,#1000,.T.);
#1000 = EDGE_CURVE('',#993,#1001,#1003,.T.);
#1001 = VERTEX_POINT('',#1002);
#1002 = CARTESIAN_POINT('',(4.630982643109,-6.770833851753,
    16.700000051969));
#1003 = CIRCLE('',#1004,0.39999999323);
#1004 = AXIS2_PLACEMENT_3D('',#1005,#1006,#1007);
#1005 = CARTESIAN_POINT('',(4.630982643109,-6.770833851753,
    16.300000058739));
#1006 = DIRECTION('',(1.,1.047444401653E-14,3.491481338843E-15));
#1007 = DIRECTION('',(1.047444401653E-14,-1.,-1.283390709194E-30));
#1008 = ORIENTED_EDGE('',*,*,#1009,.T.);
#1009 = EDGE_CURVE('',#1001,#935,#1010,.T.);
#1010 = LINE('',#1011,#1012);
#1011 = CARTESIAN_POINT('',(0.630982710814,-6.770833851753,
    16.700000051969));
#1012 = VECTOR('',#1013,1.);
#1013 = DIRECTION('',(1.,1.047444401653E-14,3.491481338843E-15));
#1014 = ORIENTED_EDGE('',*,*,#977,.T.);
#1015 = CYLINDRICAL_SURFACE('',#1016,0.39999999323);
#1016 = AXIS2_PLACEMENT_3D('',#1017,#1018,#1019);
#1017 = CARTESIAN_POINT('',(0.630982710814,-6.770833851753,
    16.300000058739));
#1018 = DIRECTION('',(1.,1.047444401653E-14,3.491481338843E-15));
#1019 = DIRECTION('',(-1.047444401653E-14,1.,3.370227960021E-31));
#1020 = ADVANCED_FACE('',(#1021),#1047,.T.);
#1021 = FACE_BOUND('',#1022,.T.);
#1022 = EDGE_LOOP('',(#1023,#1031,#1032,#1040));
#1023 = ORIENTED_EDGE('',*,*,#1024,.T.);
#1024 = EDGE_CURVE('',#1025,#952,#1027,.T.);
#1025 = VERTEX_POINT('',#1026);
#1026 = CARTESIAN_POINT('',(0.630982710814,-8.897225957075,
    13.99358232053));
#1027 = LINE('',#1028,#1029);
#1028 = CARTESIAN_POINT('',(1.030982704043,-8.897225957075,
    13.99358232053));
#1029 = VECTOR('',#1030,1.);
#1030 = DIRECTION('',(1.,1.047444401653E-14,3.491481338843E-15));
#1031 = ORIENTED_EDGE('',*,*,#951,.T.);
#1032 = ORIENTED_EDGE('',*,*,#1033,.F.);
#1033 = EDGE_CURVE('',#1034,#944,#1036,.T.);
#1034 = VERTEX_POINT('',#1035);
#1035 = CARTESIAN_POINT('',(0.630982710814,-9.411456036121,
    13.99358232053));
#1036 = LINE('',#1037,#1038);
#1037 = CARTESIAN_POINT('',(1.030982704043,-9.411456036121,
    13.99358232053));
#1038 = VECTOR('',#1039,1.);
#1039 = DIRECTION('',(1.,1.047444401653E-14,3.491481338843E-15));
#1040 = ORIENTED_EDGE('',*,*,#1041,.F.);
#1041 = EDGE_CURVE('',#1025,#1034,#1042,.T.);
#1042 = CIRCLE('',#1043,0.39999999323);
#1043 = AXIS2_PLACEMENT_3D('',#1044,#1045,#1046);
#1044 = CARTESIAN_POINT('',(0.630982710814,-9.154340996598,
    14.300000092592));
#1045 = DIRECTION('',(-1.,-1.047444401653E-14,-3.491481338843E-15));
#1046 = DIRECTION('',(1.047444401653E-14,-1.,-3.370227960021E-31));
#1047 = CYLINDRICAL_SURFACE('',#1048,0.39999999323);
#1048 = AXIS2_PLACEMENT_3D('',#1049,#1050,#1051);
#1049 = CARTESIAN_POINT('',(1.030982704043,-9.154340996598,
    14.300000092592));
#1050 = DIRECTION('',(1.,1.047444401653E-14,3.491481338843E-15));
#1051 = DIRECTION('',(-1.047444401653E-14,1.,3.370227960021E-31));
#1052 = ADVANCED_FACE('',(#1053),#1109,.T.);
#1053 = FACE_BOUND('',#1054,.T.);
#1054 = EDGE_LOOP('',(#1055,#1066,#1083,#1103));
#1055 = ORIENTED_EDGE('',*,*,#1056,.T.);
#1056 = EDGE_CURVE('',#1057,#1059,#1061,.T.);
#1057 = VERTEX_POINT('',#1058);
#1058 = CARTESIAN_POINT('',(1.485564712871,-12.01555386969,
    16.178679852232));
#1059 = VERTEX_POINT('',#1060);
#1060 = CARTESIAN_POINT('',(1.890208576045,-12.11066664708,
    16.258488948662));
#1061 = ( BOUNDED_CURVE() B_SPLINE_CURVE(3,(#1062,#1063,#1064,#1065),
.UNSPECIFIED.,.F.,.F.) B_SPLINE_CURVE_WITH_KNOTS((4,4),(6.010743899917,
6.093902232612),.PIECEWISE_BEZIER_KNOTS.) CURVE() 
GEOMETRIC_REPRESENTATION_ITEM() RATIONAL_B_SPLINE_CURVE((1.,
0.999423807327,0.999423807327,1.)) REPRESENTATION_ITEM('') );
#1062 = CARTESIAN_POINT('',(1.485564712871,-12.01555386969,
    16.178679852232));
#1063 = CARTESIAN_POINT('',(1.619088502748,-12.05285885773,
    16.209982453937));
#1064 = CARTESIAN_POINT('',(1.754047552888,-12.08458139515,
    16.236600823389));
#1065 = CARTESIAN_POINT('',(1.890208576045,-12.11066664708,
    16.258488948662));
#1066 = ORIENTED_EDGE('',*,*,#1067,.T.);
#1067 = EDGE_CURVE('',#1059,#880,#1068,.T.);
#1068 = B_SPLINE_CURVE_WITH_KNOTS('',3,(#1069,#1070,#1071,#1072,#1073,
    #1074,#1075,#1076,#1077,#1078,#1079,#1080,#1081,#1082),
  .UNSPECIFIED.,.F.,.F.,(4,2,1,1,1,1,2,2,4),(0.,0.25,0.375,0.4375,
    0.46875,0.484375,0.4921875,0.5,1.),.UNSPECIFIED.);
#1069 = CARTESIAN_POINT('',(1.890208576045,-12.11066664708,
    16.258488948662));
#1070 = CARTESIAN_POINT('',(1.959223461126,-12.12388827705,
    16.269583213492));
#1071 = CARTESIAN_POINT('',(2.032874615685,-12.13649545903,
    16.282486444422));
#1072 = CARTESIAN_POINT('',(2.150343276107,-12.15358414673,
    16.30455473997));
#1073 = CARTESIAN_POINT('',(2.210824656965,-12.16167119746,
    16.316267250032));
#1074 = CARTESIAN_POINT('',(2.284440097078,-12.17009036832,
    16.331118979108));
#1075 = CARTESIAN_POINT('',(2.322009790898,-12.17401773629,
    16.338841627147));
#1076 = CARTESIAN_POINT('',(2.340984908247,-12.17590729401,
    16.342777147041));
#1077 = CARTESIAN_POINT('',(2.349157846412,-12.17670083369,
    16.344479697541));
#1078 = CARTESIAN_POINT('',(2.354615523075,-12.17722620124,
    16.345618264344));
#1079 = CARTESIAN_POINT('',(2.358588886468,-12.1776043591,
    16.346448745019));
#1080 = CARTESIAN_POINT('',(2.455951636158,-12.18681484132,
    16.366818824206));
#1081 = CARTESIAN_POINT('',(2.612878990652,-12.19996974315,
    16.401231465988));
#1082 = CARTESIAN_POINT('',(2.830982673576,-12.19996974315,16.4500000562
    ));
#1083 = ORIENTED_EDGE('',*,*,#1084,.T.);
#1084 = EDGE_CURVE('',#880,#1085,#1087,.T.);
#1085 = VERTEX_POINT('',#1086);
#1086 = CARTESIAN_POINT('',(1.485564712871,-12.01555386969,
    16.691244166564));
#1087 = B_SPLINE_CURVE_WITH_KNOTS('',3,(#1088,#1089,#1090,#1091,#1092,
    #1093,#1094,#1095,#1096,#1097,#1098,#1099,#1100,#1101,#1102),
  .UNSPECIFIED.,.F.,.F.,(4,2,2,1,1,1,2,2,4),(0.,0.25,0.375,0.4375,
    0.46875,0.484375,0.4921875,0.5,1.),.UNSPECIFIED.);
#1088 = CARTESIAN_POINT('',(2.830982673576,-12.19996974315,16.4500000562
    ));
#1089 = CARTESIAN_POINT('',(2.664844226267,-12.19996974315,
    16.487149080866));
#1090 = CARTESIAN_POINT('',(2.525453847309,-12.19190148802,
    16.517868156508));
#1091 = CARTESIAN_POINT('',(2.356802517159,-12.17775396689,
    16.554301846437));
#1092 = CARTESIAN_POINT('',(2.307307410289,-12.17265721807,
    16.56483892249));
#1093 = CARTESIAN_POINT('',(2.243092714773,-12.16533473656,
    16.578233305688));
#1094 = CARTESIAN_POINT('',(2.213491850023,-12.16175035792,
    16.584327689565));
#1095 = CARTESIAN_POINT('',(2.183328877447,-12.15785864736,
    16.590382890578));
#1096 = CARTESIAN_POINT('',(2.169338343321,-12.15600178087,
    16.593146762706));
#1097 = CARTESIAN_POINT('',(2.163575979708,-12.1552267449,
    16.594274766109));
#1098 = CARTESIAN_POINT('',(2.15978628897,-12.15471484876,
    16.595014209883));
#1099 = CARTESIAN_POINT('',(2.160014905688,-12.15474704011,
    16.594971158234));
#1100 = CARTESIAN_POINT('',(1.903883011475,-12.1198546012,
    16.644608907526));
#1101 = CARTESIAN_POINT('',(1.680403991923,-12.06998968956,
    16.676445357742));
#1102 = CARTESIAN_POINT('',(1.485564712871,-12.01555386969,
    16.691244166564));
#1103 = ORIENTED_EDGE('',*,*,#1104,.F.);
#1104 = EDGE_CURVE('',#1057,#1085,#1105,.T.);
#1105 = LINE('',#1106,#1107);
#1106 = CARTESIAN_POINT('',(1.485564712871,-12.01555386969,
    13.700000102747));
#1107 = VECTOR('',#1108,1.);
#1108 = DIRECTION('',(-3.491481338843E-15,-3.657132581847E-29,1.));
#1109 = CYLINDRICAL_SURFACE('',#1110,4.999999915369);
#1110 = AXIS2_PLACEMENT_3D('',#1111,#1112,#1113);
#1111 = CARTESIAN_POINT('',(2.830982673576,-7.199969827785,
    13.700000102747));
#1112 = DIRECTION('',(-3.491481338843E-15,-3.657132581847E-29,1.));
#1113 = DIRECTION('',(-1.,-1.049507702966E-14,-3.491481338843E-15));
#1114 = ADVANCED_FACE('',(#1115),#1151,.T.);
#1115 = FACE_BOUND('',#1116,.T.);
#1116 = EDGE_LOOP('',(#1117,#1126,#1127,#1136,#1145));
#1117 = ORIENTED_EDGE('',*,*,#1118,.T.);
#1118 = EDGE_CURVE('',#1119,#1057,#1121,.T.);
#1119 = VERTEX_POINT('',#1120);
#1120 = CARTESIAN_POINT('',(0.795870181111,-11.33659278494,
    15.608963856438));
#1121 = ( BOUNDED_CURVE() B_SPLINE_CURVE(3,(#1122,#1123,#1124,#1125),
.UNSPECIFIED.,.F.,.F.) B_SPLINE_CURVE_WITH_KNOTS((4,4),(5.00051472321,
6.010743899917),.PIECEWISE_BEZIER_KNOTS.) CURVE() 
GEOMETRIC_REPRESENTATION_ITEM() RATIONAL_B_SPLINE_CURVE((1.,
0.916746019988,0.916746019988,1.)) REPRESENTATION_ITEM('') );
#1122 = CARTESIAN_POINT('',(0.795870181111,-11.33659278494,
    15.608963856438));
#1123 = CARTESIAN_POINT('',(0.895865269467,-11.67398913223,
    15.892073007002));
#1124 = CARTESIAN_POINT('',(1.146641571999,-11.92086270096,
    16.099224527478));
#1125 = CARTESIAN_POINT('',(1.485564712871,-12.01555386969,
    16.178679852232));
#1126 = ORIENTED_EDGE('',*,*,#1104,.T.);
#1127 = ORIENTED_EDGE('',*,*,#1128,.T.);
#1128 = EDGE_CURVE('',#1085,#1129,#1131,.T.);
#1129 = VERTEX_POINT('',#1130);
#1130 = CARTESIAN_POINT('',(1.313700412876,-11.94996974738,
    16.700000051969));
#1131 = B_SPLINE_CURVE_WITH_KNOTS('',3,(#1132,#1133,#1134,#1135),
  .UNSPECIFIED.,.F.,.F.,(4,4),(0.,1.),.PIECEWISE_BEZIER_KNOTS.);
#1132 = CARTESIAN_POINT('',(1.485564712871,-12.01555386969,
    16.691244166564));
#1133 = CARTESIAN_POINT('',(1.408712112984,-11.99408215052,16.6970814235
    ));
#1134 = CARTESIAN_POINT('',(1.352306003312,-11.96893624742,
    16.700000051969));
#1135 = CARTESIAN_POINT('',(1.313700412876,-11.94996974738,
    16.700000051969));
#1136 = ORIENTED_EDGE('',*,*,#1137,.F.);
#1137 = EDGE_CURVE('',#1138,#1129,#1140,.T.);
#1138 = VERTEX_POINT('',#1139);
#1139 = CARTESIAN_POINT('',(0.795870181111,-11.33659278494,
    16.700000051969));
#1140 = CIRCLE('',#1141,0.999999983074);
#1141 = AXIS2_PLACEMENT_3D('',#1142,#1143,#1144);
#1142 = CARTESIAN_POINT('',(1.754648305012,-11.05243706131,
    16.700000051969));
#1143 = DIRECTION('',(-3.491481338843E-15,-3.657132581847E-29,1.));
#1144 = DIRECTION('',(1.046255096449E-14,-1.,-4.152436925933E-32));
#1145 = ORIENTED_EDGE('',*,*,#1146,.F.);
#1146 = EDGE_CURVE('',#1119,#1138,#1147,.T.);
#1147 = LINE('',#1148,#1149);
#1148 = CARTESIAN_POINT('',(0.795870181111,-11.33659278494,
    13.700000102747));
#1149 = VECTOR('',#1150,1.);
#1150 = DIRECTION('',(-3.491481338843E-15,-3.657132581847E-29,1.));
#1151 = CYLINDRICAL_SURFACE('',#1152,0.999999983074);
#1152 = AXIS2_PLACEMENT_3D('',#1153,#1154,#1155);
#1153 = CARTESIAN_POINT('',(1.754648305012,-11.05243706131,
    13.700000102747));
#1154 = DIRECTION('',(-3.491481338843E-15,-3.657132581847E-29,1.));
#1155 = DIRECTION('',(-1.,-1.040834085586E-14,-3.491481338843E-15));
#1156 = ADVANCED_FACE('',(#1157),#1184,.T.);
#1157 = FACE_BOUND('',#1158,.T.);
#1158 = EDGE_LOOP('',(#1159,#1168,#1169,#1178));
#1159 = ORIENTED_EDGE('',*,*,#1160,.T.);
#1160 = EDGE_CURVE('',#1161,#1119,#1163,.T.);
#1161 = VERTEX_POINT('',#1162);
#1162 = CARTESIAN_POINT('',(0.630982710814,-10.199969777,14.655223909686
    ));
#1163 = ( BOUNDED_CURVE() B_SPLINE_CURVE(3,(#1164,#1165,#1166,#1167),
.UNSPECIFIED.,.F.,.F.) B_SPLINE_CURVE_WITH_KNOTS((4,4),(4.712388980385,
5.000514752779),.PIECEWISE_BEZIER_KNOTS.) CURVE() 
GEOMETRIC_REPRESENTATION_ITEM() RATIONAL_B_SPLINE_CURVE((1.,
0.993093918146,0.993093918146,1.)) REPRESENTATION_ITEM('') );
#1164 = CARTESIAN_POINT('',(0.630982710814,-10.199969777,14.655223909686
    ));
#1165 = CARTESIAN_POINT('',(0.630982710814,-10.58547231395,
    14.978698946259));
#1166 = CARTESIAN_POINT('',(0.686327415977,-10.96698138279,
    15.298823065212));
#1167 = CARTESIAN_POINT('',(0.795870181111,-11.33659278494,
    15.608963856438));
#1168 = ORIENTED_EDGE('',*,*,#1146,.T.);
#1169 = ORIENTED_EDGE('',*,*,#1170,.F.);
#1170 = EDGE_CURVE('',#1171,#1138,#1173,.T.);
#1171 = VERTEX_POINT('',#1172);
#1172 = CARTESIAN_POINT('',(0.630982710814,-10.199969777,16.700000051969
    ));
#1173 = CIRCLE('',#1174,3.999999932295);
#1174 = AXIS2_PLACEMENT_3D('',#1175,#1176,#1177);
#1175 = CARTESIAN_POINT('',(4.630982643109,-10.199969777,16.700000051969
    ));
#1176 = DIRECTION('',(-3.491481338843E-15,-3.657132581847E-29,1.));
#1177 = DIRECTION('',(1.051676107311E-14,-1.,1.47749213364E-31));
#1178 = ORIENTED_EDGE('',*,*,#1179,.T.);
#1179 = EDGE_CURVE('',#1171,#1161,#1180,.T.);
#1180 = LINE('',#1181,#1182);
#1181 = CARTESIAN_POINT('',(0.630982710814,-10.199969777,16.300000058739
    ));
#1182 = VECTOR('',#1183,1.);
#1183 = DIRECTION('',(3.491481338843E-15,3.657132581847E-29,-1.));
#1184 = CYLINDRICAL_SURFACE('',#1185,3.999999932295);
#1185 = AXIS2_PLACEMENT_3D('',#1186,#1187,#1188);
#1186 = CARTESIAN_POINT('',(4.630982643109,-10.199969777,13.700000102747
    ));
#1187 = DIRECTION('',(-3.491481338843E-15,-3.657132581847E-29,1.));
#1188 = DIRECTION('',(-1.,-1.046255096448E-14,-3.491481338843E-15));
#1189 = ADVANCED_FACE('',(#1190),#1232,.T.);
#1190 = FACE_BOUND('',#1191,.T.);
#1191 = EDGE_LOOP('',(#1192,#1193,#1201,#1210,#1219,#1225,#1226));
#1192 = ORIENTED_EDGE('',*,*,#1179,.F.);
#1193 = ORIENTED_EDGE('',*,*,#1194,.T.);
#1194 = EDGE_CURVE('',#1171,#1195,#1197,.T.);
#1195 = VERTEX_POINT('',#1196);
#1196 = CARTESIAN_POINT('',(0.630982710814,-6.770833851753,
    16.700000051969));
#1197 = LINE('',#1198,#1199);
#1198 = CARTESIAN_POINT('',(0.630982710814,-11.94996974738,
    16.700000051969));
#1199 = VECTOR('',#1200,1.);
#1200 = DIRECTION('',(-1.047444401653E-14,1.,0.));
#1201 = ORIENTED_EDGE('',*,*,#1202,.T.);
#1202 = EDGE_CURVE('',#1195,#1203,#1205,.T.);
#1203 = VERTEX_POINT('',#1204);
#1204 = CARTESIAN_POINT('',(0.630982710814,-6.370833858524,
    16.300000058739));
#1205 = CIRCLE('',#1206,0.39999999323);
#1206 = AXIS2_PLACEMENT_3D('',#1207,#1208,#1209);
#1207 = CARTESIAN_POINT('',(0.630982710814,-6.770833851753,
    16.300000058739));
#1208 = DIRECTION('',(-1.,-1.047444401653E-14,-3.491481338843E-15));
#1209 = DIRECTION('',(1.047444401653E-14,-1.,-3.370227960021E-31));
#1210 = ORIENTED_EDGE('',*,*,#1211,.T.);
#1211 = EDGE_CURVE('',#1203,#1212,#1214,.T.);
#1212 = VERTEX_POINT('',#1213);
#1213 = CARTESIAN_POINT('',(0.630982710814,-6.513718812231,
    15.993582286678));
#1214 = CIRCLE('',#1215,0.39999999323);
#1215 = AXIS2_PLACEMENT_3D('',#1216,#1217,#1218);
#1216 = CARTESIAN_POINT('',(0.630982710814,-6.770833851753,
    16.300000058739));
#1217 = DIRECTION('',(-1.,-1.047444401653E-14,-3.491481338843E-15));
#1218 = DIRECTION('',(1.047444401653E-14,-1.,-3.370227960021E-31));
#1219 = ORIENTED_EDGE('',*,*,#1220,.T.);
#1220 = EDGE_CURVE('',#1212,#1025,#1221,.T.);
#1221 = LINE('',#1222,#1223);
#1222 = CARTESIAN_POINT('',(0.630982710814,-6.513718812231,
    15.993582286678));
#1223 = VECTOR('',#1224,1.);
#1224 = DIRECTION('',(1.026817057768E-14,-0.766044443119,-0.642787609687
    ));
#1225 = ORIENTED_EDGE('',*,*,#1041,.T.);
#1226 = ORIENTED_EDGE('',*,*,#1227,.T.);
#1227 = EDGE_CURVE('',#1034,#1161,#1228,.T.);
#1228 = LINE('',#1229,#1230);
#1229 = CARTESIAN_POINT('',(0.630982710814,-9.411456036121,
    13.99358232053));
#1230 = VECTOR('',#1231,1.);
#1231 = DIRECTION('',(5.779608689561E-15,-0.766044443119,0.642787609687)
  );
#1232 = PLANE('',#1233);
#1233 = AXIS2_PLACEMENT_3D('',#1234,#1235,#1236);
#1234 = CARTESIAN_POINT('',(0.630982710814,-6.770833851753,
    16.300000058739));
#1235 = DIRECTION('',(-1.,-1.047444401653E-14,-3.491481338843E-15));
#1236 = DIRECTION('',(1.047444401653E-14,-1.,0.));
#1237 = ADVANCED_FACE('',(#1238),#1264,.T.);
#1238 = FACE_BOUND('',#1239,.T.);
#1239 = EDGE_LOOP('',(#1240,#1248,#1249,#1257));
#1240 = ORIENTED_EDGE('',*,*,#1241,.F.);
#1241 = EDGE_CURVE('',#1203,#1242,#1244,.T.);
#1242 = VERTEX_POINT('',#1243);
#1243 = CARTESIAN_POINT('',(1.030982704043,-6.370833858524,
    16.300000058739));
#1244 = LINE('',#1245,#1246);
#1245 = CARTESIAN_POINT('',(0.630982710814,-6.370833858524,
    16.300000058739));
#1246 = VECTOR('',#1247,1.);
#1247 = DIRECTION('',(1.,1.047444401653E-14,3.491481338843E-15));
#1248 = ORIENTED_EDGE('',*,*,#1202,.F.);
#1249 = ORIENTED_EDGE('',*,*,#1250,.T.);
#1250 = EDGE_CURVE('',#1195,#1251,#1253,.T.);
#1251 = VERTEX_POINT('',#1252);
#1252 = CARTESIAN_POINT('',(1.030982704043,-6.770833851753,
    16.700000051969));
#1253 = LINE('',#1254,#1255);
#1254 = CARTESIAN_POINT('',(0.630982710814,-6.770833851753,
    16.700000051969));
#1255 = VECTOR('',#1256,1.);
#1256 = DIRECTION('',(1.,1.047444401653E-14,3.491481338843E-15));
#1257 = ORIENTED_EDGE('',*,*,#1258,.F.);
#1258 = EDGE_CURVE('',#1242,#1251,#1259,.T.);
#1259 = CIRCLE('',#1260,0.39999999323);
#1260 = AXIS2_PLACEMENT_3D('',#1261,#1262,#1263);
#1261 = CARTESIAN_POINT('',(1.030982704043,-6.770833851753,
    16.300000058739));
#1262 = DIRECTION('',(1.,1.047444401653E-14,3.491481338843E-15));
#1263 = DIRECTION('',(1.047444401653E-14,-1.,-3.370227960021E-31));
#1264 = CYLINDRICAL_SURFACE('',#1265,0.39999999323);
#1265 = AXIS2_PLACEMENT_3D('',#1266,#1267,#1268);
#1266 = CARTESIAN_POINT('',(0.630982710814,-6.770833851753,
    16.300000058739));
#1267 = DIRECTION('',(1.,1.047444401653E-14,3.491481338843E-15));
#1268 = DIRECTION('',(-1.047444401653E-14,1.,3.370227960021E-31));
#1269 = ADVANCED_FACE('',(#1270),#1313,.F.);
#1270 = FACE_BOUND('',#1271,.T.);
#1271 = EDGE_LOOP('',(#1272,#1282,#1290,#1296,#1297,#1298,#1299,#1307));
#1272 = ORIENTED_EDGE('',*,*,#1273,.T.);
#1273 = EDGE_CURVE('',#1274,#1276,#1278,.T.);
#1274 = VERTEX_POINT('',#1275);
#1275 = CARTESIAN_POINT('',(1.030982704043,-8.412876119145,
    14.400000090899));
#1276 = VERTEX_POINT('',#1277);
#1277 = CARTESIAN_POINT('',(4.630982643109,-8.412876119145,
    14.400000090899));
#1278 = LINE('',#1279,#1280);
#1279 = CARTESIAN_POINT('',(1.030982704043,-8.412876119145,
    14.400000090899));
#1280 = VECTOR('',#1281,1.);
#1281 = DIRECTION('',(1.,1.047444401653E-14,3.491481338843E-15));
#1282 = ORIENTED_EDGE('',*,*,#1283,.T.);
#1283 = EDGE_CURVE('',#1276,#1284,#1286,.T.);
#1284 = VERTEX_POINT('',#1285);
#1285 = CARTESIAN_POINT('',(4.630982643109,-6.513718812231,
    15.993582286678));
#1286 = LINE('',#1287,#1288);
#1287 = CARTESIAN_POINT('',(4.630982643109,-5.672204100228,
    16.69969697115));
#1288 = VECTOR('',#1289,1.);
#1289 = DIRECTION('',(-1.026817057768E-14,0.766044443119,0.642787609687)
  );
#1290 = ORIENTED_EDGE('',*,*,#1291,.T.);
#1291 = EDGE_CURVE('',#1284,#961,#1292,.T.);
#1292 = LINE('',#1293,#1294);
#1293 = CARTESIAN_POINT('',(0.630982710814,-6.513718812231,
    15.993582286678));
#1294 = VECTOR('',#1295,1.);
#1295 = DIRECTION('',(1.,1.047444401653E-14,3.491481338843E-15));
#1296 = ORIENTED_EDGE('',*,*,#960,.T.);
#1297 = ORIENTED_EDGE('',*,*,#1024,.F.);
#1298 = ORIENTED_EDGE('',*,*,#1220,.F.);
#1299 = ORIENTED_EDGE('',*,*,#1300,.T.);
#1300 = EDGE_CURVE('',#1212,#1301,#1303,.T.);
#1301 = VERTEX_POINT('',#1302);
#1302 = CARTESIAN_POINT('',(1.030982704043,-6.513718812231,
    15.993582286678));
#1303 = LINE('',#1304,#1305);
#1304 = CARTESIAN_POINT('',(0.630982710814,-6.513718812231,
    15.993582286678));
#1305 = VECTOR('',#1306,1.);
#1306 = DIRECTION('',(1.,1.047444401653E-14,3.491481338843E-15));
#1307 = ORIENTED_EDGE('',*,*,#1308,.F.);
#1308 = EDGE_CURVE('',#1274,#1301,#1309,.T.);
#1309 = LINE('',#1310,#1311);
#1310 = CARTESIAN_POINT('',(1.030982704043,-5.672204100228,
    16.69969697115));
#1311 = VECTOR('',#1312,1.);
#1312 = DIRECTION('',(-1.026817057768E-14,0.766044443119,0.642787609687)
  );
#1313 = PLANE('',#1314);
#1314 = AXIS2_PLACEMENT_3D('',#1315,#1316,#1317);
#1315 = CARTESIAN_POINT('',(1.030982704043,-8.412876119145,
    14.400000090899));
#1316 = DIRECTION('',(4.058212954305E-15,-0.642787609687,0.766044443119)
  );
#1317 = DIRECTION('',(1.,1.047444401653E-14,3.491481338847E-15));
#1318 = ADVANCED_FACE('',(#1319),#1344,.F.);
#1319 = FACE_BOUND('',#1320,.T.);
#1320 = EDGE_LOOP('',(#1321,#1329,#1330,#1338));
#1321 = ORIENTED_EDGE('',*,*,#1322,.T.);
#1322 = EDGE_CURVE('',#1323,#1276,#1325,.T.);
#1323 = VERTEX_POINT('',#1324);
#1324 = CARTESIAN_POINT('',(4.630982643109,-2.39996990903,
    14.400000090899));
#1325 = LINE('',#1326,#1327);
#1326 = CARTESIAN_POINT('',(4.630982643109,-2.39996990903,
    14.400000090899));
#1327 = VECTOR('',#1328,1.);
#1328 = DIRECTION('',(1.047444401653E-14,-1.,0.));
#1329 = ORIENTED_EDGE('',*,*,#1273,.F.);
#1330 = ORIENTED_EDGE('',*,*,#1331,.F.);
#1331 = EDGE_CURVE('',#1332,#1274,#1334,.T.);
#1332 = VERTEX_POINT('',#1333);
#1333 = CARTESIAN_POINT('',(1.030982704043,-2.39996990903,
    14.400000090899));
#1334 = LINE('',#1335,#1336);
#1335 = CARTESIAN_POINT('',(1.030982704043,-2.39996990903,
    14.400000090899));
#1336 = VECTOR('',#1337,1.);
#1337 = DIRECTION('',(1.047444401653E-14,-1.,0.));
#1338 = ORIENTED_EDGE('',*,*,#1339,.T.);
#1339 = EDGE_CURVE('',#1332,#1323,#1340,.T.);
#1340 = LINE('',#1341,#1342);
#1341 = CARTESIAN_POINT('',(1.030982704043,-2.39996990903,
    14.400000090899));
#1342 = VECTOR('',#1343,1.);
#1343 = DIRECTION('',(1.,1.047444401653E-14,3.491481338843E-15));
#1344 = PLANE('',#1345);
#1345 = AXIS2_PLACEMENT_3D('',#1346,#1347,#1348);
#1346 = CARTESIAN_POINT('',(1.030982704043,-2.39996990903,
    14.400000090899));
#1347 = DIRECTION('',(-3.491481338843E-15,-3.657132581847E-29,1.));
#1348 = DIRECTION('',(1.047444401653E-14,-1.,2.129973665774E-43));
#1349 = ADVANCED_FACE('',(#1350),#1377,.F.);
#1350 = FACE_BOUND('',#1351,.F.);
#1351 = EDGE_LOOP('',(#1352,#1353,#1362,#1370));
#1352 = ORIENTED_EDGE('',*,*,#1339,.T.);
#1353 = ORIENTED_EDGE('',*,*,#1354,.T.);
#1354 = EDGE_CURVE('',#1323,#1355,#1357,.T.);
#1355 = VERTEX_POINT('',#1356);
#1356 = CARTESIAN_POINT('',(4.630982643109,-1.6253732529,14.200000094284
    ));
#1357 = CIRCLE('',#1358,1.599999972918);
#1358 = AXIS2_PLACEMENT_3D('',#1359,#1360,#1361);
#1359 = CARTESIAN_POINT('',(4.630982643109,-2.39996990903,
    12.800000117981));
#1360 = DIRECTION('',(-1.,-1.047444401653E-14,-3.491481338843E-15));
#1361 = DIRECTION('',(1.047444401653E-14,-1.,-3.370227960021E-31));
#1362 = ORIENTED_EDGE('',*,*,#1363,.F.);
#1363 = EDGE_CURVE('',#1364,#1355,#1366,.T.);
#1364 = VERTEX_POINT('',#1365);
#1365 = CARTESIAN_POINT('',(1.030982704043,-1.6253732529,14.200000094284
    ));
#1366 = LINE('',#1367,#1368);
#1367 = CARTESIAN_POINT('',(1.030982704043,-1.6253732529,14.200000094284
    ));
#1368 = VECTOR('',#1369,1.);
#1369 = DIRECTION('',(1.,1.047444401653E-14,3.491481338843E-15));
#1370 = ORIENTED_EDGE('',*,*,#1371,.F.);
#1371 = EDGE_CURVE('',#1332,#1364,#1372,.T.);
#1372 = CIRCLE('',#1373,1.599999972918);
#1373 = AXIS2_PLACEMENT_3D('',#1374,#1375,#1376);
#1374 = CARTESIAN_POINT('',(1.030982704043,-2.39996990903,
    12.800000117981));
#1375 = DIRECTION('',(-1.,-1.047444401653E-14,-3.491481338843E-15));
#1376 = DIRECTION('',(1.047444401653E-14,-1.,-1.004308177042E-31));
#1377 = CYLINDRICAL_SURFACE('',#1378,1.599999972918);
#1378 = AXIS2_PLACEMENT_3D('',#1379,#1380,#1381);
#1379 = CARTESIAN_POINT('',(1.030982704043,-2.39996990903,
    12.800000117981));
#1380 = DIRECTION('',(1.,1.047444401653E-14,3.491481338843E-15));
#1381 = DIRECTION('',(-1.047444401653E-14,1.,1.004308177042E-31));
#1382 = ADVANCED_FACE('',(#1383),#1395,.T.);
#1383 = FACE_BOUND('',#1384,.T.);
#1384 = EDGE_LOOP('',(#1385,#1386,#1387,#1394));
#1385 = ORIENTED_EDGE('',*,*,#1211,.F.);
#1386 = ORIENTED_EDGE('',*,*,#1241,.T.);
#1387 = ORIENTED_EDGE('',*,*,#1388,.F.);
#1388 = EDGE_CURVE('',#1301,#1242,#1389,.T.);
#1389 = CIRCLE('',#1390,0.39999999323);
#1390 = AXIS2_PLACEMENT_3D('',#1391,#1392,#1393);
#1391 = CARTESIAN_POINT('',(1.030982704043,-6.770833851753,
    16.300000058739));
#1392 = DIRECTION('',(1.,1.047444401653E-14,3.491481338843E-15));
#1393 = DIRECTION('',(1.047444401653E-14,-1.,-3.370227960021E-31));
#1394 = ORIENTED_EDGE('',*,*,#1300,.F.);
#1395 = CYLINDRICAL_SURFACE('',#1396,0.39999999323);
#1396 = AXIS2_PLACEMENT_3D('',#1397,#1398,#1399);
#1397 = CARTESIAN_POINT('',(0.630982710814,-6.770833851753,
    16.300000058739));
#1398 = DIRECTION('',(1.,1.047444401653E-14,3.491481338843E-15));
#1399 = DIRECTION('',(-1.047444401653E-14,1.,3.370227960021E-31));
#1400 = ADVANCED_FACE('',(#1401),#1413,.T.);
#1401 = FACE_BOUND('',#1402,.T.);
#1402 = EDGE_LOOP('',(#1403,#1410,#1411,#1412));
#1403 = ORIENTED_EDGE('',*,*,#1404,.T.);
#1404 = EDGE_CURVE('',#1284,#993,#1405,.T.);
#1405 = CIRCLE('',#1406,0.39999999323);
#1406 = AXIS2_PLACEMENT_3D('',#1407,#1408,#1409);
#1407 = CARTESIAN_POINT('',(4.630982643109,-6.770833851753,
    16.300000058739));
#1408 = DIRECTION('',(1.,1.047444401653E-14,3.491481338843E-15));
#1409 = DIRECTION('',(1.047444401653E-14,-1.,-1.283390709194E-30));
#1410 = ORIENTED_EDGE('',*,*,#992,.T.);
#1411 = ORIENTED_EDGE('',*,*,#968,.T.);
#1412 = ORIENTED_EDGE('',*,*,#1291,.F.);
#1413 = CYLINDRICAL_SURFACE('',#1414,0.39999999323);
#1414 = AXIS2_PLACEMENT_3D('',#1415,#1416,#1417);
#1415 = CARTESIAN_POINT('',(0.630982710814,-6.770833851753,
    16.300000058739));
#1416 = DIRECTION('',(1.,1.047444401653E-14,3.491481338843E-15));
#1417 = DIRECTION('',(-1.047444401653E-14,1.,3.370227960021E-31));
#1418 = ADVANCED_FACE('',(#1419),#1436,.F.);
#1419 = FACE_BOUND('',#1420,.T.);
#1420 = EDGE_LOOP('',(#1421,#1422,#1423,#1424,#1425,#1426,#1427,#1428,
    #1434,#1435));
#1421 = ORIENTED_EDGE('',*,*,#1160,.F.);
#1422 = ORIENTED_EDGE('',*,*,#1227,.F.);
#1423 = ORIENTED_EDGE('',*,*,#1033,.T.);
#1424 = ORIENTED_EDGE('',*,*,#943,.T.);
#1425 = ORIENTED_EDGE('',*,*,#795,.F.);
#1426 = ORIENTED_EDGE('',*,*,#837,.F.);
#1427 = ORIENTED_EDGE('',*,*,#918,.F.);
#1428 = ORIENTED_EDGE('',*,*,#1429,.F.);
#1429 = EDGE_CURVE('',#1059,#899,#1430,.T.);
#1430 = LINE('',#1431,#1432);
#1431 = CARTESIAN_POINT('',(1.030982704043,-12.11066664708,
    16.258488948662));
#1432 = VECTOR('',#1433,1.);
#1433 = DIRECTION('',(1.,1.047444401653E-14,3.491481338843E-15));
#1434 = ORIENTED_EDGE('',*,*,#1056,.F.);
#1435 = ORIENTED_EDGE('',*,*,#1118,.F.);
#1436 = PLANE('',#1437);
#1437 = AXIS2_PLACEMENT_3D('',#1438,#1439,#1440);
#1438 = CARTESIAN_POINT('',(1.030982704043,-9.411456036121,
    13.99358232053));
#1439 = DIRECTION('',(-9.407472710052E-15,0.642787609687,0.766044443119)
  );
#1440 = DIRECTION('',(-1.,-1.047444401653E-14,-3.491481338839E-15));
#1441 = ADVANCED_FACE('',(#1442),#1454,.T.);
#1442 = FACE_BOUND('',#1443,.T.);
#1443 = EDGE_LOOP('',(#1444,#1445,#1446,#1447,#1448));
#1444 = ORIENTED_EDGE('',*,*,#1128,.F.);
#1445 = ORIENTED_EDGE('',*,*,#1084,.F.);
#1446 = ORIENTED_EDGE('',*,*,#879,.F.);
#1447 = ORIENTED_EDGE('',*,*,#856,.F.);
#1448 = ORIENTED_EDGE('',*,*,#1449,.F.);
#1449 = EDGE_CURVE('',#1129,#848,#1450,.T.);
#1450 = LINE('',#1451,#1452);
#1451 = CARTESIAN_POINT('',(1.030982704043,-11.94996974738,
    16.700000051969));
#1452 = VECTOR('',#1453,1.);
#1453 = DIRECTION('',(1.,1.047444401653E-14,3.491481338843E-15));
#1454 = CYLINDRICAL_SURFACE('',#1455,0.249999995768);
#1455 = AXIS2_PLACEMENT_3D('',#1456,#1457,#1458);
#1456 = CARTESIAN_POINT('',(1.030982704043,-11.94996974738,16.4500000562
    ));
#1457 = DIRECTION('',(1.,1.047444401653E-14,3.491481338843E-15));
#1458 = DIRECTION('',(-1.047444401653E-14,1.,-2.307979519129E-31));
#1459 = ADVANCED_FACE('',(#1460),#1465,.T.);
#1460 = FACE_BOUND('',#1461,.T.);
#1461 = EDGE_LOOP('',(#1462,#1463,#1464));
#1462 = ORIENTED_EDGE('',*,*,#898,.F.);
#1463 = ORIENTED_EDGE('',*,*,#1067,.F.);
#1464 = ORIENTED_EDGE('',*,*,#1429,.T.);
#1465 = CYLINDRICAL_SURFACE('',#1466,0.249999995768);
#1466 = AXIS2_PLACEMENT_3D('',#1467,#1468,#1469);
#1467 = CARTESIAN_POINT('',(1.030982704043,-11.94996974738,16.4500000562
    ));
#1468 = DIRECTION('',(1.,1.047444401653E-14,3.491481338843E-15));
#1469 = DIRECTION('',(-1.047444401653E-14,1.,-2.307979519129E-31));
#1470 = ADVANCED_FACE('',(#1471),#1504,.F.);
#1471 = FACE_BOUND('',#1472,.T.);
#1472 = EDGE_LOOP('',(#1473,#1474,#1475,#1476,#1477,#1478,#1479,#1480,
    #1488,#1496,#1502,#1503));
#1473 = ORIENTED_EDGE('',*,*,#1170,.T.);
#1474 = ORIENTED_EDGE('',*,*,#1137,.T.);
#1475 = ORIENTED_EDGE('',*,*,#1449,.T.);
#1476 = ORIENTED_EDGE('',*,*,#847,.T.);
#1477 = ORIENTED_EDGE('',*,*,#814,.T.);
#1478 = ORIENTED_EDGE('',*,*,#934,.T.);
#1479 = ORIENTED_EDGE('',*,*,#1009,.F.);
#1480 = ORIENTED_EDGE('',*,*,#1481,.T.);
#1481 = EDGE_CURVE('',#1001,#1482,#1484,.T.);
#1482 = VERTEX_POINT('',#1483);
#1483 = CARTESIAN_POINT('',(4.630982643109,-2.599969905645,
    16.700000051969));
#1484 = LINE('',#1485,#1486);
#1485 = CARTESIAN_POINT('',(4.630982643109,-11.94996974738,
    16.700000051969));
#1486 = VECTOR('',#1487,1.);
#1487 = DIRECTION('',(-1.047444401653E-14,1.,0.));
#1488 = ORIENTED_EDGE('',*,*,#1489,.F.);
#1489 = EDGE_CURVE('',#1490,#1482,#1492,.T.);
#1490 = VERTEX_POINT('',#1491);
#1491 = CARTESIAN_POINT('',(1.030982704043,-2.599969905645,
    16.700000051969));
#1492 = LINE('',#1493,#1494);
#1493 = CARTESIAN_POINT('',(1.030982704043,-2.599969905645,
    16.700000051969));
#1494 = VECTOR('',#1495,1.);
#1495 = DIRECTION('',(1.,1.047444401653E-14,3.491481338843E-15));
#1496 = ORIENTED_EDGE('',*,*,#1497,.F.);
#1497 = EDGE_CURVE('',#1251,#1490,#1498,.T.);
#1498 = LINE('',#1499,#1500);
#1499 = CARTESIAN_POINT('',(1.030982704043,-11.94996974738,
    16.700000051969));
#1500 = VECTOR('',#1501,1.);
#1501 = DIRECTION('',(-1.047444401653E-14,1.,0.));
#1502 = ORIENTED_EDGE('',*,*,#1250,.F.);
#1503 = ORIENTED_EDGE('',*,*,#1194,.F.);
#1504 = PLANE('',#1505);
#1505 = AXIS2_PLACEMENT_3D('',#1506,#1507,#1508);
#1506 = CARTESIAN_POINT('',(1.030982704043,-11.94996974738,
    16.700000051969));
#1507 = DIRECTION('',(3.491481338843E-15,3.657132581847E-29,-1.));
#1508 = DIRECTION('',(1.,1.047444401653E-14,3.491481338843E-15));
#1509 = ADVANCED_FACE('',(#1510),#1544,.F.);
#1510 = FACE_BOUND('',#1511,.T.);
#1511 = EDGE_LOOP('',(#1512,#1522,#1530,#1538));
#1512 = ORIENTED_EDGE('',*,*,#1513,.F.);
#1513 = EDGE_CURVE('',#1514,#1516,#1518,.T.);
#1514 = VERTEX_POINT('',#1515);
#1515 = CARTESIAN_POINT('',(1.030982704043,2.385311384212,
    14.200000094284));
#1516 = VERTEX_POINT('',#1517);
#1517 = CARTESIAN_POINT('',(4.630982643109,2.385311384212,
    14.200000094284));
#1518 = LINE('',#1519,#1520);
#1519 = CARTESIAN_POINT('',(4.030982653265,2.385311384212,
    14.200000094284));
#1520 = VECTOR('',#1521,1.);
#1521 = DIRECTION('',(1.,1.047444401653E-14,3.491481338843E-15));
#1522 = ORIENTED_EDGE('',*,*,#1523,.F.);
#1523 = EDGE_CURVE('',#1524,#1514,#1526,.T.);
#1524 = VERTEX_POINT('',#1525);
#1525 = CARTESIAN_POINT('',(1.030982704043,1.642670709663,
    14.942640768833));
#1526 = LINE('',#1527,#1528);
#1527 = CARTESIAN_POINT('',(1.030982704043,1.642670709663,
    14.942640768833));
#1528 = VECTOR('',#1529,1.);
#1529 = DIRECTION('',(-4.937700262162E-15,0.707106781187,-0.707106781187
    ));
#1530 = ORIENTED_EDGE('',*,*,#1531,.T.);
#1531 = EDGE_CURVE('',#1524,#1532,#1534,.T.);
#1532 = VERTEX_POINT('',#1533);
#1533 = CARTESIAN_POINT('',(4.630982643109,1.642670709663,
    14.942640768833));
#1534 = LINE('',#1535,#1536);
#1535 = CARTESIAN_POINT('',(1.030982704043,1.642670709663,
    14.942640768833));
#1536 = VECTOR('',#1537,1.);
#1537 = DIRECTION('',(1.,1.047444401653E-14,3.491481338843E-15));
#1538 = ORIENTED_EDGE('',*,*,#1539,.T.);
#1539 = EDGE_CURVE('',#1532,#1516,#1540,.T.);
#1540 = LINE('',#1541,#1542);
#1541 = CARTESIAN_POINT('',(4.630982643109,1.642670709663,
    14.942640768833));
#1542 = VECTOR('',#1543,1.);
#1543 = DIRECTION('',(-4.937700262162E-15,0.707106781187,-0.707106781187
    ));
#1544 = PLANE('',#1545);
#1545 = AXIS2_PLACEMENT_3D('',#1546,#1547,#1548);
#1546 = CARTESIAN_POINT('',(1.030982704043,1.642670709663,
    14.942640768833));
#1547 = DIRECTION('',(9.875400524323E-15,-0.707106781187,-0.707106781187
    ));
#1548 = DIRECTION('',(1.,1.047444401653E-14,3.491481338838E-15));
#1549 = ADVANCED_FACE('',(#1550),#1568,.T.);
#1550 = FACE_BOUND('',#1551,.T.);
#1551 = EDGE_LOOP('',(#1552,#1559,#1560,#1567));
#1552 = ORIENTED_EDGE('',*,*,#1553,.T.);
#1553 = EDGE_CURVE('',#1482,#1532,#1554,.T.);
#1554 = CIRCLE('',#1555,5.999999898443);
#1555 = AXIS2_PLACEMENT_3D('',#1556,#1557,#1558);
#1556 = CARTESIAN_POINT('',(4.630982643109,-2.599969905645,
    10.700000153526));
#1557 = DIRECTION('',(-1.,-1.047444401653E-14,-3.491481338843E-15));
#1558 = DIRECTION('',(1.047444401653E-14,-1.,-2.156682493827E-32));
#1559 = ORIENTED_EDGE('',*,*,#1531,.F.);
#1560 = ORIENTED_EDGE('',*,*,#1561,.F.);
#1561 = EDGE_CURVE('',#1490,#1524,#1562,.T.);
#1562 = CIRCLE('',#1563,5.999999898443);
#1563 = AXIS2_PLACEMENT_3D('',#1564,#1565,#1566);
#1564 = CARTESIAN_POINT('',(1.030982704043,-2.599969905645,
    10.700000153526));
#1565 = DIRECTION('',(-1.,-1.047444401653E-14,-3.491481338843E-15));
#1566 = DIRECTION('',(1.047444401653E-14,-1.,-2.156682493827E-32));
#1567 = ORIENTED_EDGE('',*,*,#1489,.T.);
#1568 = CYLINDRICAL_SURFACE('',#1569,5.999999898443);
#1569 = AXIS2_PLACEMENT_3D('',#1570,#1571,#1572);
#1570 = CARTESIAN_POINT('',(1.030982704043,-2.599969905645,
    10.700000153526));
#1571 = DIRECTION('',(1.,1.047444401653E-14,3.491481338843E-15));
#1572 = DIRECTION('',(-1.047444401653E-14,1.,2.156682493827E-32));
#1573 = ADVANCED_FACE('',(#1574),#1590,.T.);
#1574 = FACE_BOUND('',#1575,.T.);
#1575 = EDGE_LOOP('',(#1576,#1577,#1578,#1579,#1580,#1581,#1582,#1588,
    #1589));
#1576 = ORIENTED_EDGE('',*,*,#1308,.T.);
#1577 = ORIENTED_EDGE('',*,*,#1388,.T.);
#1578 = ORIENTED_EDGE('',*,*,#1258,.T.);
#1579 = ORIENTED_EDGE('',*,*,#1497,.T.);
#1580 = ORIENTED_EDGE('',*,*,#1561,.T.);
#1581 = ORIENTED_EDGE('',*,*,#1523,.T.);
#1582 = ORIENTED_EDGE('',*,*,#1583,.T.);
#1583 = EDGE_CURVE('',#1514,#1364,#1584,.T.);
#1584 = LINE('',#1585,#1586);
#1585 = CARTESIAN_POINT('',(1.030982704043,5.150029963177,
    14.200000094284));
#1586 = VECTOR('',#1587,1.);
#1587 = DIRECTION('',(1.047444401653E-14,-1.,0.));
#1588 = ORIENTED_EDGE('',*,*,#1371,.F.);
#1589 = ORIENTED_EDGE('',*,*,#1331,.T.);
#1590 = PLANE('',#1591);
#1591 = AXIS2_PLACEMENT_3D('',#1592,#1593,#1594);
#1592 = CARTESIAN_POINT('',(1.030982704043,-2.39996990903,
    12.800000117981));
#1593 = DIRECTION('',(-1.,-1.047444401653E-14,-3.491481338843E-15));
#1594 = DIRECTION('',(1.047444401653E-14,-1.,0.));
#1595 = ADVANCED_FACE('',(#1596),#1612,.F.);
#1596 = FACE_BOUND('',#1597,.T.);
#1597 = EDGE_LOOP('',(#1598,#1599,#1600,#1601,#1602,#1608,#1609,#1610,
    #1611));
#1598 = ORIENTED_EDGE('',*,*,#1404,.F.);
#1599 = ORIENTED_EDGE('',*,*,#1283,.F.);
#1600 = ORIENTED_EDGE('',*,*,#1322,.F.);
#1601 = ORIENTED_EDGE('',*,*,#1354,.T.);
#1602 = ORIENTED_EDGE('',*,*,#1603,.F.);
#1603 = EDGE_CURVE('',#1516,#1355,#1604,.T.);
#1604 = LINE('',#1605,#1606);
#1605 = CARTESIAN_POINT('',(4.630982643109,5.150029963177,
    14.200000094284));
#1606 = VECTOR('',#1607,1.);
#1607 = DIRECTION('',(1.047444401653E-14,-1.,0.));
#1608 = ORIENTED_EDGE('',*,*,#1539,.F.);
#1609 = ORIENTED_EDGE('',*,*,#1553,.F.);
#1610 = ORIENTED_EDGE('',*,*,#1481,.F.);
#1611 = ORIENTED_EDGE('',*,*,#1000,.F.);
#1612 = PLANE('',#1613);
#1613 = AXIS2_PLACEMENT_3D('',#1614,#1615,#1616);
#1614 = CARTESIAN_POINT('',(4.630982643109,-2.39996990903,
    12.800000117981));
#1615 = DIRECTION('',(-1.,-1.047444401653E-14,-3.491481338843E-15));
#1616 = DIRECTION('',(1.047444401653E-14,-1.,0.));
#1617 = ADVANCED_FACE('',(#1618,#1624),#1702,.T.);
#1618 = FACE_BOUND('',#1619,.T.);
#1619 = EDGE_LOOP('',(#1620,#1621,#1622,#1623));
#1620 = ORIENTED_EDGE('',*,*,#1583,.F.);
#1621 = ORIENTED_EDGE('',*,*,#1513,.T.);
#1622 = ORIENTED_EDGE('',*,*,#1603,.T.);
#1623 = ORIENTED_EDGE('',*,*,#1363,.F.);
#1624 = FACE_BOUND('',#1625,.T.);
#1625 = EDGE_LOOP('',(#1626,#1637,#1645,#1654,#1662,#1670,#1678,#1686,
    #1695));
#1626 = ORIENTED_EDGE('',*,*,#1627,.F.);
#1627 = EDGE_CURVE('',#1628,#1630,#1632,.T.);
#1628 = VERTEX_POINT('',#1629);
#1629 = CARTESIAN_POINT('',(2.156361559871,4.500029974179,
    14.200000094284));
#1630 = VERTEX_POINT('',#1631);
#1631 = CARTESIAN_POINT('',(1.93098268881,5.150029963177,14.200000094284
    ));
#1632 = CIRCLE('',#1633,1.049999982228);
#1633 = AXIS2_PLACEMENT_3D('',#1634,#1635,#1636);
#1634 = CARTESIAN_POINT('',(2.980982671037,5.150029963177,
    14.200000094284));
#1635 = DIRECTION('',(3.491481338843E-15,3.657132581847E-29,-1.));
#1636 = DIRECTION('',(1.,9.91270557701E-15,3.491481338843E-15));
#1637 = ORIENTED_EDGE('',*,*,#1638,.T.);
#1638 = EDGE_CURVE('',#1628,#1639,#1641,.T.);
#1639 = VERTEX_POINT('',#1640);
#1640 = CARTESIAN_POINT('',(1.080982703197,4.500029974179,
    14.200000094284));
#1641 = LINE('',#1642,#1643);
#1642 = CARTESIAN_POINT('',(4.78098264057,4.500029974179,14.200000094284
    ));
#1643 = VECTOR('',#1644,1.);
#1644 = DIRECTION('',(-1.,-1.047444401653E-14,-3.491481338843E-15));
#1645 = ORIENTED_EDGE('',*,*,#1646,.T.);
#1646 = EDGE_CURVE('',#1639,#1647,#1649,.T.);
#1647 = VERTEX_POINT('',#1648);
#1648 = CARTESIAN_POINT('',(0.880982706582,4.300029977565,
    14.200000094284));
#1649 = CIRCLE('',#1650,0.199999996615);
#1650 = AXIS2_PLACEMENT_3D('',#1651,#1652,#1653);
#1651 = CARTESIAN_POINT('',(1.080982703197,4.300029977565,
    14.200000094284));
#1652 = DIRECTION('',(-3.491481338843E-15,-3.657132581847E-29,1.));
#1653 = DIRECTION('',(1.029992063861E-14,-1.,-6.093451171993E-31));
#1654 = ORIENTED_EDGE('',*,*,#1655,.T.);
#1655 = EDGE_CURVE('',#1647,#1656,#1658,.T.);
#1656 = VERTEX_POINT('',#1657);
#1657 = CARTESIAN_POINT('',(0.880982706582,-8.108216219817,
    14.200000094284));
#1658 = LINE('',#1659,#1660);
#1659 = CARTESIAN_POINT('',(0.880982706582,4.300029977565,
    14.200000094284));
#1660 = VECTOR('',#1661,1.);
#1661 = DIRECTION('',(1.047444401653E-14,-1.,0.));
#1662 = ORIENTED_EDGE('',*,*,#1663,.T.);
#1663 = EDGE_CURVE('',#1656,#1664,#1666,.T.);
#1664 = VERTEX_POINT('',#1665);
#1665 = CARTESIAN_POINT('',(4.78098264057,-8.108216219817,
    14.200000094284));
#1666 = LINE('',#1667,#1668);
#1667 = CARTESIAN_POINT('',(-10.21901710553,-8.108216219817,
    14.200000094284));
#1668 = VECTOR('',#1669,1.);
#1669 = DIRECTION('',(1.,1.047444401653E-14,3.491481338843E-15));
#1670 = ORIENTED_EDGE('',*,*,#1671,.T.);
#1671 = EDGE_CURVE('',#1664,#1672,#1674,.T.);
#1672 = VERTEX_POINT('',#1673);
#1673 = CARTESIAN_POINT('',(4.78098264057,4.500029974179,14.200000094284
    ));
#1674 = LINE('',#1675,#1676);
#1675 = CARTESIAN_POINT('',(4.78098264057,-9.29996979224,14.200000094284
    ));
#1676 = VECTOR('',#1677,1.);
#1677 = DIRECTION('',(-1.047444401653E-14,1.,0.));
#1678 = ORIENTED_EDGE('',*,*,#1679,.T.);
#1679 = EDGE_CURVE('',#1672,#1680,#1682,.T.);
#1680 = VERTEX_POINT('',#1681);
#1681 = CARTESIAN_POINT('',(3.805603782203,4.500029974179,
    14.200000094284));
#1682 = LINE('',#1683,#1684);
#1683 = CARTESIAN_POINT('',(4.78098264057,4.500029974179,14.200000094284
    ));
#1684 = VECTOR('',#1685,1.);
#1685 = DIRECTION('',(-1.,-1.047444401653E-14,-3.491481338843E-15));
#1686 = ORIENTED_EDGE('',*,*,#1687,.F.);
#1687 = EDGE_CURVE('',#1688,#1680,#1690,.T.);
#1688 = VERTEX_POINT('',#1689);
#1689 = CARTESIAN_POINT('',(4.030982653265,5.150029963177,
    14.200000094284));
#1690 = CIRCLE('',#1691,1.049999982228);
#1691 = AXIS2_PLACEMENT_3D('',#1692,#1693,#1694);
#1692 = CARTESIAN_POINT('',(2.980982671037,5.150029963177,
    14.200000094284));
#1693 = DIRECTION('',(3.491481338843E-15,3.657132581847E-29,-1.));
#1694 = DIRECTION('',(1.,9.91270557701E-15,3.491481338843E-15));
#1695 = ORIENTED_EDGE('',*,*,#1696,.F.);
#1696 = EDGE_CURVE('',#1630,#1688,#1697,.T.);
#1697 = CIRCLE('',#1698,1.049999982228);
#1698 = AXIS2_PLACEMENT_3D('',#1699,#1700,#1701);
#1699 = CARTESIAN_POINT('',(2.980982671037,5.150029963177,
    14.200000094284));
#1700 = DIRECTION('',(3.491481338843E-15,3.657132581847E-29,-1.));
#1701 = DIRECTION('',(1.,9.91270557701E-15,3.491481338843E-15));
#1702 = PLANE('',#1703);
#1703 = AXIS2_PLACEMENT_3D('',#1704,#1705,#1706);
#1704 = CARTESIAN_POINT('',(4.030982653265,5.150029963177,
    14.200000094284));
#1705 = DIRECTION('',(-3.491481338843E-15,-3.657132581847E-29,1.));
#1706 = DIRECTION('',(1.047444401653E-14,-1.,2.129973665774E-43));
#1707 = ADVANCED_FACE('',(#1708),#1744,.T.);
#1708 = FACE_BOUND('',#1709,.T.);
#1709 = EDGE_LOOP('',(#1710,#1721,#1729,#1738));
#1710 = ORIENTED_EDGE('',*,*,#1711,.T.);
#1711 = EDGE_CURVE('',#1712,#1714,#1716,.T.);
#1712 = VERTEX_POINT('',#1713);
#1713 = CARTESIAN_POINT('',(-0.13390476053,-11.33659282274,
    15.608963888156));
#1714 = VERTEX_POINT('',#1715);
#1715 = CARTESIAN_POINT('',(3.098272096955E-02,-10.199969777,
    14.655223909686));
#1716 = ( BOUNDED_CURVE() B_SPLINE_CURVE(3,(#1717,#1718,#1719,#1720),
.UNSPECIFIED.,.F.,.F.) B_SPLINE_CURVE_WITH_KNOTS((4,4),(1.282670544545,
1.570796326795),.PIECEWISE_BEZIER_KNOTS.) CURVE() 
GEOMETRIC_REPRESENTATION_ITEM() RATIONAL_B_SPLINE_CURVE((1.,
0.993093917675,0.993093917675,1.)) REPRESENTATION_ITEM('') );
#1717 = CARTESIAN_POINT('',(-0.13390476053,-11.33659282274,
    15.608963888156));
#1718 = CARTESIAN_POINT('',(-2.436198797987E-02,-10.96698140894,
    15.298823087152));
#1719 = CARTESIAN_POINT('',(3.098272096956E-02,-10.58547232723,
    14.978698957401));
#1720 = CARTESIAN_POINT('',(3.098272096955E-02,-10.199969777,
    14.655223909686));
#1721 = ORIENTED_EDGE('',*,*,#1722,.F.);
#1722 = EDGE_CURVE('',#1723,#1714,#1725,.T.);
#1723 = VERTEX_POINT('',#1724);
#1724 = CARTESIAN_POINT('',(3.098272096955E-02,-10.199969777,
    16.700000051969));
#1725 = LINE('',#1726,#1727);
#1726 = CARTESIAN_POINT('',(3.098272096955E-02,-10.199969777,
    16.300000058739));
#1727 = VECTOR('',#1728,1.);
#1728 = DIRECTION('',(3.491481338843E-15,3.657132581847E-29,-1.));
#1729 = ORIENTED_EDGE('',*,*,#1730,.F.);
#1730 = EDGE_CURVE('',#1731,#1723,#1733,.T.);
#1731 = VERTEX_POINT('',#1732);
#1732 = CARTESIAN_POINT('',(-0.13390476053,-11.33659282274,
    16.700000051969));
#1733 = CIRCLE('',#1734,3.999999932295);
#1734 = AXIS2_PLACEMENT_3D('',#1735,#1736,#1737);
#1735 = CARTESIAN_POINT('',(-3.969017211326,-10.199969777,
    16.700000051969));
#1736 = DIRECTION('',(-3.491481338843E-15,-3.657132581847E-29,1.));
#1737 = DIRECTION('',(1.040834085586E-14,-1.,-2.307979519176E-31));
#1738 = ORIENTED_EDGE('',*,*,#1739,.F.);
#1739 = EDGE_CURVE('',#1712,#1731,#1740,.T.);
#1740 = LINE('',#1741,#1742);
#1741 = CARTESIAN_POINT('',(-0.13390476053,-11.33659282274,
    13.700000102747));
#1742 = VECTOR('',#1743,1.);
#1743 = DIRECTION('',(-3.491481338843E-15,-3.657132581847E-29,1.));
#1744 = CYLINDRICAL_SURFACE('',#1745,3.999999932295);
#1745 = AXIS2_PLACEMENT_3D('',#1746,#1747,#1748);
#1746 = CARTESIAN_POINT('',(-3.969017211326,-10.199969777,
    13.700000102747));
#1747 = DIRECTION('',(-3.491481338843E-15,-3.657132581847E-29,1.));
#1748 = DIRECTION('',(-1.,-1.046255096449E-14,-3.491481338843E-15));
#1749 = ADVANCED_FACE('',(#1750),#1786,.T.);
#1750 = FACE_BOUND('',#1751,.T.);
#1751 = EDGE_LOOP('',(#1752,#1761,#1762,#1771,#1780));
#1752 = ORIENTED_EDGE('',*,*,#1753,.T.);
#1753 = EDGE_CURVE('',#1754,#1712,#1756,.T.);
#1754 = VERTEX_POINT('',#1755);
#1755 = CARTESIAN_POINT('',(-0.823599235704,-12.01555385701,
    16.178679841593));
#1756 = ( BOUNDED_CURVE() B_SPLINE_CURVE(3,(#1757,#1758,#1759,#1760),
.UNSPECIFIED.,.F.,.F.) B_SPLINE_CURVE_WITH_KNOTS((4,4),(0.272441454384,
1.282670544545),.PIECEWISE_BEZIER_KNOTS.) CURVE() 
GEOMETRIC_REPRESENTATION_ITEM() RATIONAL_B_SPLINE_CURVE((1.,
0.916746033949,0.916746033949,1.)) REPRESENTATION_ITEM('') );
#1757 = CARTESIAN_POINT('',(-0.823599235704,-12.01555385701,
    16.178679841593));
#1758 = CARTESIAN_POINT('',(-0.484676130978,-11.92086268117,
    16.099224510866));
#1759 = CARTESIAN_POINT('',(-0.23389985284,-11.67398913454,
    15.892073008945));
#1760 = CARTESIAN_POINT('',(-0.13390476053,-11.33659282274,
    15.608963888156));
#1761 = ORIENTED_EDGE('',*,*,#1739,.T.);
#1762 = ORIENTED_EDGE('',*,*,#1763,.F.);
#1763 = EDGE_CURVE('',#1764,#1731,#1766,.T.);
#1764 = VERTEX_POINT('',#1765);
#1765 = CARTESIAN_POINT('',(-0.651734981092,-11.94996974738,
    16.700000051969));
#1766 = CIRCLE('',#1767,0.999999983074);
#1767 = AXIS2_PLACEMENT_3D('',#1768,#1769,#1770);
#1768 = CARTESIAN_POINT('',(-1.092682873229,-11.05243706131,
    16.700000051969));
#1769 = DIRECTION('',(-3.491481338843E-15,-3.657132581847E-29,1.));
#1770 = DIRECTION('',(1.040834085586E-14,-1.,-2.307979519176E-31));
#1771 = ORIENTED_EDGE('',*,*,#1772,.T.);
#1772 = EDGE_CURVE('',#1764,#1773,#1775,.T.);
#1773 = VERTEX_POINT('',#1774);
#1774 = CARTESIAN_POINT('',(-0.823599235704,-12.01555385701,
    16.691244170011));
#1775 = B_SPLINE_CURVE_WITH_KNOTS('',3,(#1776,#1777,#1778,#1779),
  .UNSPECIFIED.,.F.,.F.,(4,4),(0.,1.),.PIECEWISE_BEZIER_KNOTS.);
#1776 = CARTESIAN_POINT('',(-0.651734981092,-11.94996974738,
    16.700000051969));
#1777 = CARTESIAN_POINT('',(-0.690340568736,-11.96893624605,
    16.700000051969));
#1778 = CARTESIAN_POINT('',(-0.746746664089,-11.99408214183,
    16.697081424649));
#1779 = CARTESIAN_POINT('',(-0.823599235704,-12.01555385701,
    16.691244170011));
#1780 = ORIENTED_EDGE('',*,*,#1781,.F.);
#1781 = EDGE_CURVE('',#1754,#1773,#1782,.T.);
#1782 = LINE('',#1783,#1784);
#1783 = CARTESIAN_POINT('',(-0.823599235704,-12.01555385701,
    13.700000102747));
#1784 = VECTOR('',#1785,1.);
#1785 = DIRECTION('',(-3.491481338843E-15,-3.657132581847E-29,1.));
#1786 = CYLINDRICAL_SURFACE('',#1787,0.999999983074);
#1787 = AXIS2_PLACEMENT_3D('',#1788,#1789,#1790);
#1788 = CARTESIAN_POINT('',(-1.092682873229,-11.05243706131,
    13.700000102747));
#1789 = DIRECTION('',(-3.491481338843E-15,-3.657132581847E-29,1.));
#1790 = DIRECTION('',(-1.,-1.040834085586E-14,-3.491481338843E-15));
#1791 = ADVANCED_FACE('',(#1792),#1841,.T.);
#1792 = FACE_BOUND('',#1793,.T.);
#1793 = EDGE_LOOP('',(#1794,#1813,#1833,#1840));
#1794 = ORIENTED_EDGE('',*,*,#1795,.T.);
#1795 = EDGE_CURVE('',#1773,#1796,#1798,.T.);
#1796 = VERTEX_POINT('',#1797);
#1797 = CARTESIAN_POINT('',(-2.169017241793,-12.19996974315,
    16.4500000562));
#1798 = B_SPLINE_CURVE_WITH_KNOTS('',3,(#1799,#1800,#1801,#1802,#1803,
    #1804,#1805,#1806,#1807,#1808,#1809,#1810,#1811,#1812),
  .UNSPECIFIED.,.F.,.F.,(4,2,1,1,1,1,2,2,4),(0.,0.25,0.375,0.4375,
    0.46875,0.484375,0.4921875,0.5,1.),.UNSPECIFIED.);
#1799 = CARTESIAN_POINT('',(-0.823599235704,-12.01555385701,
    16.691244170011));
#1800 = CARTESIAN_POINT('',(-0.921003159243,-12.04276737707,
    16.683845960558));
#1801 = CARTESIAN_POINT('',(-1.025537405718,-12.06879883364,
    16.672187743388));
#1802 = CARTESIAN_POINT('',(-1.193158761789,-12.1041476486,
    16.648310406058));
#1803 = CARTESIAN_POINT('',(-1.279671619075,-12.1208933545,
    16.634774234498));
#1804 = CARTESIAN_POINT('',(-1.38532357581,-12.13834117517,
    16.616186404281));
#1805 = CARTESIAN_POINT('',(-1.439325348511,-12.14648186546,
    16.606193581657));
#1806 = CARTESIAN_POINT('',(-1.466619532187,-12.15039870136,
    16.601022443466));
#1807 = CARTESIAN_POINT('',(-1.47837980886,-12.15204361643,
    16.598768799909));
#1808 = CARTESIAN_POINT('',(-1.48623393254,-12.15313263801,
    16.597258050545));
#1809 = CARTESIAN_POINT('',(-1.492266878298,-12.15395928633,
    16.59609178342));
#1810 = CARTESIAN_POINT('',(-1.612002202511,-12.1702706389,
    16.572889205846));
#1811 = CARTESIAN_POINT('',(-1.836682899396,-12.19996974315,
    16.524310951016));
#1812 = CARTESIAN_POINT('',(-2.169017241793,-12.19996974315,
    16.4500000562));
#1813 = ORIENTED_EDGE('',*,*,#1814,.T.);
#1814 = EDGE_CURVE('',#1796,#1815,#1817,.T.);
#1815 = VERTEX_POINT('',#1816);
#1816 = CARTESIAN_POINT('',(-1.228243144262,-12.11066664708,
    16.258488948662));
#1817 = B_SPLINE_CURVE_WITH_KNOTS('',3,(#1818,#1819,#1820,#1821,#1822,
    #1823,#1824,#1825,#1826,#1827,#1828,#1829,#1830,#1831,#1832),
  .UNSPECIFIED.,.F.,.F.,(4,2,2,1,1,1,2,2,4),(0.,0.25,0.375,0.4375,
    0.46875,0.484375,0.4921875,0.5,1.),.UNSPECIFIED.);
#1818 = CARTESIAN_POINT('',(-2.169017241793,-12.19996974315,
    16.4500000562));
#1819 = CARTESIAN_POINT('',(-2.059986204027,-12.19996974315,
    16.425620412858));
#1820 = CARTESIAN_POINT('',(-1.966195232449,-12.19647262576,
    16.404827430742));
#1821 = CARTESIAN_POINT('',(-1.848483258934,-12.18983972343,
    16.379017949405));
#1822 = CARTESIAN_POINT('',(-1.813070582136,-12.18738453744,
    16.371311454266));
#1823 = CARTESIAN_POINT('',(-1.76567620171,-12.18369998182,
    16.361096709516));
#1824 = CARTESIAN_POINT('',(-1.743409998583,-12.18185602908,
    16.356325586632));
#1825 = CARTESIAN_POINT('',(-1.719933054719,-12.17976857467,
    16.351347713206));
#1826 = CARTESIAN_POINT('',(-1.708819120513,-12.17874818021,
    16.349005885646));
#1827 = CARTESIAN_POINT('',(-1.704189778716,-12.17831663564,
    16.348033768652));
#1828 = CARTESIAN_POINT('',(-1.701133271803,-12.17803030355,
    16.347392695854));
#1829 = CARTESIAN_POINT('',(-1.70085887183,-12.17800502808,
    16.347334890426));
#1830 = CARTESIAN_POINT('',(-1.522919507078,-12.16117202612,
    16.31010551816));
#1831 = CARTESIAN_POINT('',(-1.36629559396,-12.13711425188,
    16.280681124097));
#1832 = CARTESIAN_POINT('',(-1.228243144262,-12.11066664708,
    16.258488948662));
#1833 = ORIENTED_EDGE('',*,*,#1834,.T.);
#1834 = EDGE_CURVE('',#1815,#1754,#1835,.T.);
#1835 = ( BOUNDED_CURVE() B_SPLINE_CURVE(3,(#1836,#1837,#1838,#1839),
.UNSPECIFIED.,.F.,.F.) B_SPLINE_CURVE_WITH_KNOTS((4,4),(0.189283074568,
0.272441416687),.PIECEWISE_BEZIER_KNOTS.) CURVE() 
GEOMETRIC_REPRESENTATION_ITEM() RATIONAL_B_SPLINE_CURVE((1.,
0.999423807197,0.999423807197,1.)) REPRESENTATION_ITEM('') );
#1836 = CARTESIAN_POINT('',(-1.228243144262,-12.11066664708,
    16.258488948662));
#1837 = CARTESIAN_POINT('',(-1.092082105665,-12.0845813922,
    16.236600820907));
#1838 = CARTESIAN_POINT('',(-0.95712304037,-12.05285885054,
    16.209982447902));
#1839 = CARTESIAN_POINT('',(-0.823599235704,-12.01555385701,
    16.178679841593));
#1840 = ORIENTED_EDGE('',*,*,#1781,.T.);
#1841 = CYLINDRICAL_SURFACE('',#1842,4.999999915369);
#1842 = AXIS2_PLACEMENT_3D('',#1843,#1844,#1845);
#1843 = CARTESIAN_POINT('',(-2.169017241793,-7.199969827785,
    13.700000102747));
#1844 = DIRECTION('',(-3.491481338843E-15,-3.657132581847E-29,1.));
#1845 = DIRECTION('',(-1.,-1.049507702966E-14,-3.491481338843E-15));
#1846 = ADVANCED_FACE('',(#1847),#1899,.F.);
#1847 = FACE_BOUND('',#1848,.T.);
#1848 = EDGE_LOOP('',(#1849,#1857,#1858,#1866,#1875,#1883,#1892));
#1849 = ORIENTED_EDGE('',*,*,#1850,.F.);
#1850 = EDGE_CURVE('',#1723,#1851,#1853,.T.);
#1851 = VERTEX_POINT('',#1852);
#1852 = CARTESIAN_POINT('',(3.098272096951E-02,-6.770833851753,
    16.700000051969));
#1853 = LINE('',#1854,#1855);
#1854 = CARTESIAN_POINT('',(3.098272096957E-02,-11.94996974738,
    16.700000051969));
#1855 = VECTOR('',#1856,1.);
#1856 = DIRECTION('',(-1.047444401653E-14,1.,0.));
#1857 = ORIENTED_EDGE('',*,*,#1722,.T.);
#1858 = ORIENTED_EDGE('',*,*,#1859,.F.);
#1859 = EDGE_CURVE('',#1860,#1714,#1862,.T.);
#1860 = VERTEX_POINT('',#1861);
#1861 = CARTESIAN_POINT('',(3.098272096955E-02,-9.411456036121,
    13.99358232053));
#1862 = LINE('',#1863,#1864);
#1863 = CARTESIAN_POINT('',(3.098272096955E-02,-9.411456036121,
    13.99358232053));
#1864 = VECTOR('',#1865,1.);
#1865 = DIRECTION('',(5.779608689561E-15,-0.766044443119,0.642787609687)
  );
#1866 = ORIENTED_EDGE('',*,*,#1867,.F.);
#1867 = EDGE_CURVE('',#1868,#1860,#1870,.T.);
#1868 = VERTEX_POINT('',#1869);
#1869 = CARTESIAN_POINT('',(3.098272096954E-02,-8.897225957075,
    13.99358232053));
#1870 = CIRCLE('',#1871,0.39999999323);
#1871 = AXIS2_PLACEMENT_3D('',#1872,#1873,#1874);
#1872 = CARTESIAN_POINT('',(3.098272096954E-02,-9.154340996598,
    14.300000092592));
#1873 = DIRECTION('',(-1.,-1.047444401653E-14,-3.491481338843E-15));
#1874 = DIRECTION('',(1.047444401653E-14,-1.,6.093451171894E-31));
#1875 = ORIENTED_EDGE('',*,*,#1876,.F.);
#1876 = EDGE_CURVE('',#1877,#1868,#1879,.T.);
#1877 = VERTEX_POINT('',#1878);
#1878 = CARTESIAN_POINT('',(3.098272096951E-02,-6.513718812231,
    15.993582286678));
#1879 = LINE('',#1880,#1881);
#1880 = CARTESIAN_POINT('',(3.098272096951E-02,-6.513718812231,
    15.993582286678));
#1881 = VECTOR('',#1882,1.);
#1882 = DIRECTION('',(1.026817057768E-14,-0.766044443119,-0.642787609687
    ));
#1883 = ORIENTED_EDGE('',*,*,#1884,.F.);
#1884 = EDGE_CURVE('',#1885,#1877,#1887,.T.);
#1885 = VERTEX_POINT('',#1886);
#1886 = CARTESIAN_POINT('',(3.098272096951E-02,-6.370833858524,
    16.300000058739));
#1887 = CIRCLE('',#1888,0.39999999323);
#1888 = AXIS2_PLACEMENT_3D('',#1889,#1890,#1891);
#1889 = CARTESIAN_POINT('',(3.098272096951E-02,-6.770833851753,
    16.300000058739));
#1890 = DIRECTION('',(-1.,-1.047444401653E-14,-3.491481338843E-15));
#1891 = DIRECTION('',(1.047444401653E-14,-1.,6.093451171894E-31));
#1892 = ORIENTED_EDGE('',*,*,#1893,.F.);
#1893 = EDGE_CURVE('',#1851,#1885,#1894,.T.);
#1894 = CIRCLE('',#1895,0.39999999323);
#1895 = AXIS2_PLACEMENT_3D('',#1896,#1897,#1898);
#1896 = CARTESIAN_POINT('',(3.098272096951E-02,-6.770833851753,
    16.300000058739));
#1897 = DIRECTION('',(-1.,-1.047444401653E-14,-3.491481338843E-15));
#1898 = DIRECTION('',(1.047444401653E-14,-1.,6.093451171894E-31));
#1899 = PLANE('',#1900);
#1900 = AXIS2_PLACEMENT_3D('',#1901,#1902,#1903);
#1901 = CARTESIAN_POINT('',(3.098272096951E-02,-6.770833851753,
    16.300000058739));
#1902 = DIRECTION('',(-1.,-1.047444401653E-14,-3.491481338843E-15));
#1903 = DIRECTION('',(1.047444401653E-14,-1.,0.));
#1904 = ADVANCED_FACE('',(#1905),#1931,.T.);
#1905 = FACE_BOUND('',#1906,.T.);
#1906 = EDGE_LOOP('',(#1907,#1915,#1924,#1930));
#1907 = ORIENTED_EDGE('',*,*,#1908,.F.);
#1908 = EDGE_CURVE('',#1909,#1885,#1911,.T.);
#1909 = VERTEX_POINT('',#1910);
#1910 = CARTESIAN_POINT('',(-0.36901727226,-6.370833858524,
    16.300000058739));
#1911 = LINE('',#1912,#1913);
#1912 = CARTESIAN_POINT('',(-4.369017204555,-6.370833858524,
    16.300000058739));
#1913 = VECTOR('',#1914,1.);
#1914 = DIRECTION('',(1.,1.047444401653E-14,3.491481338843E-15));
#1915 = ORIENTED_EDGE('',*,*,#1916,.T.);
#1916 = EDGE_CURVE('',#1909,#1917,#1919,.T.);
#1917 = VERTEX_POINT('',#1918);
#1918 = CARTESIAN_POINT('',(-0.36901727226,-6.770833851753,
    16.700000051969));
#1919 = CIRCLE('',#1920,0.39999999323);
#1920 = AXIS2_PLACEMENT_3D('',#1921,#1922,#1923);
#1921 = CARTESIAN_POINT('',(-0.36901727226,-6.770833851753,
    16.300000058739));
#1922 = DIRECTION('',(1.,1.047444401653E-14,3.491481338843E-15));
#1923 = DIRECTION('',(1.047444401653E-14,-1.,-1.283390709194E-30));
#1924 = ORIENTED_EDGE('',*,*,#1925,.T.);
#1925 = EDGE_CURVE('',#1917,#1851,#1926,.T.);
#1926 = LINE('',#1927,#1928);
#1927 = CARTESIAN_POINT('',(-4.369017204555,-6.770833851753,
    16.700000051969));
#1928 = VECTOR('',#1929,1.);
#1929 = DIRECTION('',(1.,1.047444401653E-14,3.491481338843E-15));
#1930 = ORIENTED_EDGE('',*,*,#1893,.T.);
#1931 = CYLINDRICAL_SURFACE('',#1932,0.39999999323);
#1932 = AXIS2_PLACEMENT_3D('',#1933,#1934,#1935);
#1933 = CARTESIAN_POINT('',(-4.369017204555,-6.770833851753,
    16.300000058739));
#1934 = DIRECTION('',(1.,1.047444401653E-14,3.491481338843E-15));
#1935 = DIRECTION('',(-1.047444401653E-14,1.,1.283390709194E-30));
#1936 = ADVANCED_FACE('',(#1937),#1963,.T.);
#1937 = FACE_BOUND('',#1938,.T.);
#1938 = EDGE_LOOP('',(#1939,#1947,#1948,#1956));
#1939 = ORIENTED_EDGE('',*,*,#1940,.T.);
#1940 = EDGE_CURVE('',#1941,#1868,#1943,.T.);
#1941 = VERTEX_POINT('',#1942);
#1942 = CARTESIAN_POINT('',(-4.369017204555,-8.897225957075,
    13.99358232053));
#1943 = LINE('',#1944,#1945);
#1944 = CARTESIAN_POINT('',(-3.969017211326,-8.897225957075,
    13.99358232053));
#1945 = VECTOR('',#1946,1.);
#1946 = DIRECTION('',(1.,1.047444401653E-14,3.491481338843E-15));
#1947 = ORIENTED_EDGE('',*,*,#1867,.T.);
#1948 = ORIENTED_EDGE('',*,*,#1949,.F.);
#1949 = EDGE_CURVE('',#1950,#1860,#1952,.T.);
#1950 = VERTEX_POINT('',#1951);
#1951 = CARTESIAN_POINT('',(-4.369017204555,-9.411456036121,
    13.99358232053));
#1952 = LINE('',#1953,#1954);
#1953 = CARTESIAN_POINT('',(-3.969017211326,-9.411456036121,
    13.99358232053));
#1954 = VECTOR('',#1955,1.);
#1955 = DIRECTION('',(1.,1.047444401653E-14,3.491481338843E-15));
#1956 = ORIENTED_EDGE('',*,*,#1957,.F.);
#1957 = EDGE_CURVE('',#1941,#1950,#1958,.T.);
#1958 = CIRCLE('',#1959,0.39999999323);
#1959 = AXIS2_PLACEMENT_3D('',#1960,#1961,#1962);
#1960 = CARTESIAN_POINT('',(-4.369017204555,-9.154340996598,
    14.300000092592));
#1961 = DIRECTION('',(-1.,-1.047444401653E-14,-3.491481338843E-15));
#1962 = DIRECTION('',(1.047444401653E-14,-1.,-1.283390709194E-30));
#1963 = CYLINDRICAL_SURFACE('',#1964,0.39999999323);
#1964 = AXIS2_PLACEMENT_3D('',#1965,#1966,#1967);
#1965 = CARTESIAN_POINT('',(-3.969017211326,-9.154340996598,
    14.300000092592));
#1966 = DIRECTION('',(1.,1.047444401653E-14,3.491481338843E-15));
#1967 = DIRECTION('',(-1.047444401653E-14,1.,1.283390709194E-30));
#1968 = ADVANCED_FACE('',(#1969),#2025,.T.);
#1969 = FACE_BOUND('',#1970,.T.);
#1970 = EDGE_LOOP('',(#1971,#1982,#1999,#2019));
#1971 = ORIENTED_EDGE('',*,*,#1972,.T.);
#1972 = EDGE_CURVE('',#1973,#1975,#1977,.T.);
#1973 = VERTEX_POINT('',#1974);
#1974 = CARTESIAN_POINT('',(-3.514435202498,-12.01555386969,
    16.178679852232));
#1975 = VERTEX_POINT('',#1976);
#1976 = CARTESIAN_POINT('',(-3.109791339324,-12.11066664708,
    16.258488948662));
#1977 = ( BOUNDED_CURVE() B_SPLINE_CURVE(3,(#1978,#1979,#1980,#1981),
.UNSPECIFIED.,.F.,.F.) B_SPLINE_CURVE_WITH_KNOTS((4,4),(6.010743899917,
6.093902232612),.PIECEWISE_BEZIER_KNOTS.) CURVE() 
GEOMETRIC_REPRESENTATION_ITEM() RATIONAL_B_SPLINE_CURVE((1.,
0.999423807327,0.999423807327,1.)) REPRESENTATION_ITEM('') );
#1978 = CARTESIAN_POINT('',(-3.514435202498,-12.01555386969,
    16.178679852232));
#1979 = CARTESIAN_POINT('',(-3.380911412622,-12.05285885773,
    16.209982453936));
#1980 = CARTESIAN_POINT('',(-3.245952362481,-12.08458139515,
    16.236600823389));
#1981 = CARTESIAN_POINT('',(-3.109791339324,-12.11066664708,
    16.258488948662));
#1982 = ORIENTED_EDGE('',*,*,#1983,.T.);
#1983 = EDGE_CURVE('',#1975,#1796,#1984,.T.);
#1984 = B_SPLINE_CURVE_WITH_KNOTS('',3,(#1985,#1986,#1987,#1988,#1989,
    #1990,#1991,#1992,#1993,#1994,#1995,#1996,#1997,#1998),
  .UNSPECIFIED.,.F.,.F.,(4,2,1,1,1,1,2,2,4),(0.,0.25,0.375,0.4375,
    0.46875,0.484375,0.4921875,0.5,1.),.UNSPECIFIED.);
#1985 = CARTESIAN_POINT('',(-3.109791339324,-12.11066664708,
    16.258488948662));
#1986 = CARTESIAN_POINT('',(-3.040776454239,-12.12388827705,
    16.269583213492));
#1987 = CARTESIAN_POINT('',(-2.967125299678,-12.13649545904,
    16.282486444423));
#1988 = CARTESIAN_POINT('',(-2.849656639256,-12.15358414673,
    16.304554739971));
#1989 = CARTESIAN_POINT('',(-2.789175258398,-12.16167119746,
    16.316267250032));
#1990 = CARTESIAN_POINT('',(-2.715559818288,-12.17009036832,
    16.331118979108));
#1991 = CARTESIAN_POINT('',(-2.677990124469,-12.17401773629,
    16.338841627147));
#1992 = CARTESIAN_POINT('',(-2.659015007122,-12.17590729401,
    16.342777147042));
#1993 = CARTESIAN_POINT('',(-2.650842068957,-12.17670083369,
    16.344479697541));
#1994 = CARTESIAN_POINT('',(-2.645384392293,-12.17722620124,
    16.345618264344));
#1995 = CARTESIAN_POINT('',(-2.641411028901,-12.1776043591,
    16.346448745019));
#1996 = CARTESIAN_POINT('',(-2.544048279196,-12.18681484132,
    16.366818824209));
#1997 = CARTESIAN_POINT('',(-2.387120924701,-12.19996974315,
    16.401231465992));
#1998 = CARTESIAN_POINT('',(-2.169017241793,-12.19996974315,
    16.4500000562));
#1999 = ORIENTED_EDGE('',*,*,#2000,.T.);
#2000 = EDGE_CURVE('',#1796,#2001,#2003,.T.);
#2001 = VERTEX_POINT('',#2002);
#2002 = CARTESIAN_POINT('',(-3.514435202498,-12.01555386969,
    16.691244166564));
#2003 = B_SPLINE_CURVE_WITH_KNOTS('',3,(#2004,#2005,#2006,#2007,#2008,
    #2009,#2010,#2011,#2012,#2013,#2014,#2015,#2016,#2017,#2018),
  .UNSPECIFIED.,.F.,.F.,(4,2,2,1,1,1,2,2,4),(0.,0.25,0.375,0.4375,
    0.46875,0.484375,0.4921875,0.5,1.),.UNSPECIFIED.);
#2004 = CARTESIAN_POINT('',(-2.169017241793,-12.19996974315,
    16.4500000562));
#2005 = CARTESIAN_POINT('',(-2.335155689103,-12.19996974315,
    16.487149080866));
#2006 = CARTESIAN_POINT('',(-2.474546068061,-12.19190148802,
    16.517868156508));
#2007 = CARTESIAN_POINT('',(-2.643197398211,-12.17775396689,
    16.554301846437));
#2008 = CARTESIAN_POINT('',(-2.692692505081,-12.17265721807,
    16.56483892249));
#2009 = CARTESIAN_POINT('',(-2.756907200596,-12.16533473656,
    16.578233305688));
#2010 = CARTESIAN_POINT('',(-2.786508065347,-12.16175035792,
    16.584327689565));
#2011 = CARTESIAN_POINT('',(-2.816671037922,-12.15785864736,
    16.590382890578));
#2012 = CARTESIAN_POINT('',(-2.830661572048,-12.15600178087,
    16.593146762706));
#2013 = CARTESIAN_POINT('',(-2.836423935661,-12.1552267449,
    16.594274766109));
#2014 = CARTESIAN_POINT('',(-2.840213626399,-12.15471484876,
    16.595014209883));
#2015 = CARTESIAN_POINT('',(-2.839985009681,-12.15474704011,
    16.594971158234));
#2016 = CARTESIAN_POINT('',(-3.096116903894,-12.1198546012,
    16.644608907526));
#2017 = CARTESIAN_POINT('',(-3.319595923447,-12.06998968956,
    16.676445357742));
#2018 = CARTESIAN_POINT('',(-3.514435202498,-12.01555386969,
    16.691244166564));
#2019 = ORIENTED_EDGE('',*,*,#2020,.F.);
#2020 = EDGE_CURVE('',#1973,#2001,#2021,.T.);
#2021 = LINE('',#2022,#2023);
#2022 = CARTESIAN_POINT('',(-3.514435202498,-12.01555386969,
    13.700000102747));
#2023 = VECTOR('',#2024,1.);
#2024 = DIRECTION('',(-3.491481338843E-15,-3.657132581847E-29,1.));
#2025 = CYLINDRICAL_SURFACE('',#2026,4.999999915369);
#2026 = AXIS2_PLACEMENT_3D('',#2027,#2028,#2029);
#2027 = CARTESIAN_POINT('',(-2.169017241793,-7.199969827785,
    13.700000102747));
#2028 = DIRECTION('',(-3.491481338843E-15,-3.657132581847E-29,1.));
#2029 = DIRECTION('',(-1.,-1.049507702966E-14,-3.491481338843E-15));
#2030 = ADVANCED_FACE('',(#2031),#2067,.T.);
#2031 = FACE_BOUND('',#2032,.T.);
#2032 = EDGE_LOOP('',(#2033,#2042,#2043,#2052,#2061));
#2033 = ORIENTED_EDGE('',*,*,#2034,.T.);
#2034 = EDGE_CURVE('',#2035,#1973,#2037,.T.);
#2035 = VERTEX_POINT('',#2036);
#2036 = CARTESIAN_POINT('',(-4.204129734259,-11.33659278494,
    15.608963856438));
#2037 = ( BOUNDED_CURVE() B_SPLINE_CURVE(3,(#2038,#2039,#2040,#2041),
.UNSPECIFIED.,.F.,.F.) B_SPLINE_CURVE_WITH_KNOTS((4,4),(5.00051472321,
6.010743899917),.PIECEWISE_BEZIER_KNOTS.) CURVE() 
GEOMETRIC_REPRESENTATION_ITEM() RATIONAL_B_SPLINE_CURVE((1.,
0.916746019988,0.916746019988,1.)) REPRESENTATION_ITEM('') );
#2038 = CARTESIAN_POINT('',(-4.204129734259,-11.33659278494,
    15.608963856438));
#2039 = CARTESIAN_POINT('',(-4.104134645902,-11.67398913223,
    15.892073007002));
#2040 = CARTESIAN_POINT('',(-3.85335834337,-11.92086270096,
    16.099224527478));
#2041 = CARTESIAN_POINT('',(-3.514435202498,-12.01555386969,
    16.178679852232));
#2042 = ORIENTED_EDGE('',*,*,#2020,.T.);
#2043 = ORIENTED_EDGE('',*,*,#2044,.T.);
#2044 = EDGE_CURVE('',#2001,#2045,#2047,.T.);
#2045 = VERTEX_POINT('',#2046);
#2046 = CARTESIAN_POINT('',(-3.686299502493,-11.94996974738,
    16.700000051969));
#2047 = B_SPLINE_CURVE_WITH_KNOTS('',3,(#2048,#2049,#2050,#2051),
  .UNSPECIFIED.,.F.,.F.,(4,4),(0.,1.),.PIECEWISE_BEZIER_KNOTS.);
#2048 = CARTESIAN_POINT('',(-3.514435202498,-12.01555386969,
    16.691244166564));
#2049 = CARTESIAN_POINT('',(-3.591287802385,-11.99408215052,
    16.6970814235));
#2050 = CARTESIAN_POINT('',(-3.647693912058,-11.96893624742,
    16.700000051969));
#2051 = CARTESIAN_POINT('',(-3.686299502493,-11.94996974738,
    16.700000051969));
#2052 = ORIENTED_EDGE('',*,*,#2053,.F.);
#2053 = EDGE_CURVE('',#2054,#2045,#2056,.T.);
#2054 = VERTEX_POINT('',#2055);
#2055 = CARTESIAN_POINT('',(-4.204129734259,-11.33659278494,
    16.700000051969));
#2056 = CIRCLE('',#2057,0.999999983074);
#2057 = AXIS2_PLACEMENT_3D('',#2058,#2059,#2060);
#2058 = CARTESIAN_POINT('',(-3.245351610357,-11.05243706131,
    16.700000051969));
#2059 = DIRECTION('',(-3.491481338843E-15,-3.657132581847E-29,1.));
#2060 = DIRECTION('',(1.040834085586E-14,-1.,-2.307979519176E-31));
#2061 = ORIENTED_EDGE('',*,*,#2062,.F.);
#2062 = EDGE_CURVE('',#2035,#2054,#2063,.T.);
#2063 = LINE('',#2064,#2065);
#2064 = CARTESIAN_POINT('',(-4.204129734259,-11.33659278494,
    13.700000102747));
#2065 = VECTOR('',#2066,1.);
#2066 = DIRECTION('',(-3.491481338843E-15,-3.657132581847E-29,1.));
#2067 = CYLINDRICAL_SURFACE('',#2068,0.999999983074);
#2068 = AXIS2_PLACEMENT_3D('',#2069,#2070,#2071);
#2069 = CARTESIAN_POINT('',(-3.245351610357,-11.05243706131,
    13.700000102747));
#2070 = DIRECTION('',(-3.491481338843E-15,-3.657132581847E-29,1.));
#2071 = DIRECTION('',(-1.,-1.040834085586E-14,-3.491481338843E-15));
#2072 = ADVANCED_FACE('',(#2073),#2100,.T.);
#2073 = FACE_BOUND('',#2074,.T.);
#2074 = EDGE_LOOP('',(#2075,#2084,#2085,#2094));
#2075 = ORIENTED_EDGE('',*,*,#2076,.T.);
#2076 = EDGE_CURVE('',#2077,#2035,#2079,.T.);
#2077 = VERTEX_POINT('',#2078);
#2078 = CARTESIAN_POINT('',(-4.369017204555,-10.199969777,
    14.655223909686));
#2079 = ( BOUNDED_CURVE() B_SPLINE_CURVE(3,(#2080,#2081,#2082,#2083),
.UNSPECIFIED.,.F.,.F.) B_SPLINE_CURVE_WITH_KNOTS((4,4),(4.712388980385,
5.000514752779),.PIECEWISE_BEZIER_KNOTS.) CURVE() 
GEOMETRIC_REPRESENTATION_ITEM() RATIONAL_B_SPLINE_CURVE((1.,
0.993093918146,0.993093918146,1.)) REPRESENTATION_ITEM('') );
#2080 = CARTESIAN_POINT('',(-4.369017204555,-10.199969777,
    14.655223909686));
#2081 = CARTESIAN_POINT('',(-4.369017204555,-10.58547231395,
    14.978698946259));
#2082 = CARTESIAN_POINT('',(-4.313672499393,-10.96698138279,
    15.298823065212));
#2083 = CARTESIAN_POINT('',(-4.204129734259,-11.33659278494,
    15.608963856438));
#2084 = ORIENTED_EDGE('',*,*,#2062,.T.);
#2085 = ORIENTED_EDGE('',*,*,#2086,.F.);
#2086 = EDGE_CURVE('',#2087,#2054,#2089,.T.);
#2087 = VERTEX_POINT('',#2088);
#2088 = CARTESIAN_POINT('',(-4.369017204555,-10.199969777,
    16.700000051969));
#2089 = CIRCLE('',#2090,3.999999932295);
#2090 = AXIS2_PLACEMENT_3D('',#2091,#2092,#2093);
#2091 = CARTESIAN_POINT('',(-0.36901727226,-10.199969777,16.700000051969
    ));
#2092 = DIRECTION('',(-3.491481338843E-15,-3.657132581847E-29,1.));
#2093 = DIRECTION('',(1.051676107311E-14,-1.,1.47749213364E-31));
#2094 = ORIENTED_EDGE('',*,*,#2095,.T.);
#2095 = EDGE_CURVE('',#2087,#2077,#2096,.T.);
#2096 = LINE('',#2097,#2098);
#2097 = CARTESIAN_POINT('',(-4.369017204555,-10.199969777,
    16.300000058739));
#2098 = VECTOR('',#2099,1.);
#2099 = DIRECTION('',(3.491481338843E-15,3.657132581847E-29,-1.));
#2100 = CYLINDRICAL_SURFACE('',#2101,3.999999932295);
#2101 = AXIS2_PLACEMENT_3D('',#2102,#2103,#2104);
#2102 = CARTESIAN_POINT('',(-0.36901727226,-10.199969777,13.700000102747
    ));
#2103 = DIRECTION('',(-3.491481338843E-15,-3.657132581847E-29,1.));
#2104 = DIRECTION('',(-1.,-1.046255096448E-14,-3.491481338843E-15));
#2105 = ADVANCED_FACE('',(#2106),#2148,.T.);
#2106 = FACE_BOUND('',#2107,.T.);
#2107 = EDGE_LOOP('',(#2108,#2109,#2117,#2126,#2135,#2141,#2142));
#2108 = ORIENTED_EDGE('',*,*,#2095,.F.);
#2109 = ORIENTED_EDGE('',*,*,#2110,.T.);
#2110 = EDGE_CURVE('',#2087,#2111,#2113,.T.);
#2111 = VERTEX_POINT('',#2112);
#2112 = CARTESIAN_POINT('',(-4.369017204555,-6.770833851753,
    16.700000051969));
#2113 = LINE('',#2114,#2115);
#2114 = CARTESIAN_POINT('',(-4.369017204555,-11.94996974738,
    16.700000051969));
#2115 = VECTOR('',#2116,1.);
#2116 = DIRECTION('',(-1.047444401653E-14,1.,0.));
#2117 = ORIENTED_EDGE('',*,*,#2118,.T.);
#2118 = EDGE_CURVE('',#2111,#2119,#2121,.T.);
#2119 = VERTEX_POINT('',#2120);
#2120 = CARTESIAN_POINT('',(-4.369017204555,-6.370833858524,
    16.300000058739));
#2121 = CIRCLE('',#2122,0.39999999323);
#2122 = AXIS2_PLACEMENT_3D('',#2123,#2124,#2125);
#2123 = CARTESIAN_POINT('',(-4.369017204555,-6.770833851753,
    16.300000058739));
#2124 = DIRECTION('',(-1.,-1.047444401653E-14,-3.491481338843E-15));
#2125 = DIRECTION('',(1.047444401653E-14,-1.,-1.283390709194E-30));
#2126 = ORIENTED_EDGE('',*,*,#2127,.T.);
#2127 = EDGE_CURVE('',#2119,#2128,#2130,.T.);
#2128 = VERTEX_POINT('',#2129);
#2129 = CARTESIAN_POINT('',(-4.369017204555,-6.513718812231,
    15.993582286678));
#2130 = CIRCLE('',#2131,0.39999999323);
#2131 = AXIS2_PLACEMENT_3D('',#2132,#2133,#2134);
#2132 = CARTESIAN_POINT('',(-4.369017204555,-6.770833851753,
    16.300000058739));
#2133 = DIRECTION('',(-1.,-1.047444401653E-14,-3.491481338843E-15));
#2134 = DIRECTION('',(1.047444401653E-14,-1.,-1.283390709194E-30));
#2135 = ORIENTED_EDGE('',*,*,#2136,.T.);
#2136 = EDGE_CURVE('',#2128,#1941,#2137,.T.);
#2137 = LINE('',#2138,#2139);
#2138 = CARTESIAN_POINT('',(-4.369017204555,-6.513718812231,
    15.993582286678));
#2139 = VECTOR('',#2140,1.);
#2140 = DIRECTION('',(1.026817057768E-14,-0.766044443119,-0.642787609687
    ));
#2141 = ORIENTED_EDGE('',*,*,#1957,.T.);
#2142 = ORIENTED_EDGE('',*,*,#2143,.T.);
#2143 = EDGE_CURVE('',#1950,#2077,#2144,.T.);
#2144 = LINE('',#2145,#2146);
#2145 = CARTESIAN_POINT('',(-4.369017204555,-9.411456036121,
    13.99358232053));
#2146 = VECTOR('',#2147,1.);
#2147 = DIRECTION('',(5.779608689561E-15,-0.766044443119,0.642787609687)
  );
#2148 = PLANE('',#2149);
#2149 = AXIS2_PLACEMENT_3D('',#2150,#2151,#2152);
#2150 = CARTESIAN_POINT('',(-4.369017204555,-6.770833851753,
    16.300000058739));
#2151 = DIRECTION('',(-1.,-1.047444401653E-14,-3.491481338843E-15));
#2152 = DIRECTION('',(1.047444401653E-14,-1.,0.));
#2153 = ADVANCED_FACE('',(#2154),#2180,.T.);
#2154 = FACE_BOUND('',#2155,.T.);
#2155 = EDGE_LOOP('',(#2156,#2164,#2165,#2173));
#2156 = ORIENTED_EDGE('',*,*,#2157,.F.);
#2157 = EDGE_CURVE('',#2119,#2158,#2160,.T.);
#2158 = VERTEX_POINT('',#2159);
#2159 = CARTESIAN_POINT('',(-3.969017211326,-6.370833858524,
    16.300000058739));
#2160 = LINE('',#2161,#2162);
#2161 = CARTESIAN_POINT('',(-4.369017204555,-6.370833858524,
    16.300000058739));
#2162 = VECTOR('',#2163,1.);
#2163 = DIRECTION('',(1.,1.047444401653E-14,3.491481338843E-15));
#2164 = ORIENTED_EDGE('',*,*,#2118,.F.);
#2165 = ORIENTED_EDGE('',*,*,#2166,.T.);
#2166 = EDGE_CURVE('',#2111,#2167,#2169,.T.);
#2167 = VERTEX_POINT('',#2168);
#2168 = CARTESIAN_POINT('',(-3.969017211326,-6.770833851753,
    16.700000051969));
#2169 = LINE('',#2170,#2171);
#2170 = CARTESIAN_POINT('',(-4.369017204555,-6.770833851753,
    16.700000051969));
#2171 = VECTOR('',#2172,1.);
#2172 = DIRECTION('',(1.,1.047444401653E-14,3.491481338843E-15));
#2173 = ORIENTED_EDGE('',*,*,#2174,.F.);
#2174 = EDGE_CURVE('',#2158,#2167,#2175,.T.);
#2175 = CIRCLE('',#2176,0.39999999323);
#2176 = AXIS2_PLACEMENT_3D('',#2177,#2178,#2179);
#2177 = CARTESIAN_POINT('',(-3.969017211326,-6.770833851753,
    16.300000058739));
#2178 = DIRECTION('',(1.,1.047444401653E-14,3.491481338843E-15));
#2179 = DIRECTION('',(1.047444401653E-14,-1.,-1.283390709194E-30));
#2180 = CYLINDRICAL_SURFACE('',#2181,0.39999999323);
#2181 = AXIS2_PLACEMENT_3D('',#2182,#2183,#2184);
#2182 = CARTESIAN_POINT('',(-4.369017204555,-6.770833851753,
    16.300000058739));
#2183 = DIRECTION('',(1.,1.047444401653E-14,3.491481338843E-15));
#2184 = DIRECTION('',(-1.047444401653E-14,1.,1.283390709194E-30));
#2185 = ADVANCED_FACE('',(#2186),#2229,.F.);
#2186 = FACE_BOUND('',#2187,.T.);
#2187 = EDGE_LOOP('',(#2188,#2198,#2206,#2212,#2213,#2214,#2215,#2223));
#2188 = ORIENTED_EDGE('',*,*,#2189,.T.);
#2189 = EDGE_CURVE('',#2190,#2192,#2194,.T.);
#2190 = VERTEX_POINT('',#2191);
#2191 = CARTESIAN_POINT('',(-3.969017211326,-8.412876119145,
    14.400000090899));
#2192 = VERTEX_POINT('',#2193);
#2193 = CARTESIAN_POINT('',(-0.36901727226,-8.412876119145,
    14.400000090899));
#2194 = LINE('',#2195,#2196);
#2195 = CARTESIAN_POINT('',(-3.969017211326,-8.412876119145,
    14.400000090899));
#2196 = VECTOR('',#2197,1.);
#2197 = DIRECTION('',(1.,1.047444401653E-14,3.491481338843E-15));
#2198 = ORIENTED_EDGE('',*,*,#2199,.T.);
#2199 = EDGE_CURVE('',#2192,#2200,#2202,.T.);
#2200 = VERTEX_POINT('',#2201);
#2201 = CARTESIAN_POINT('',(-0.36901727226,-6.513718812231,
    15.993582286678));
#2202 = LINE('',#2203,#2204);
#2203 = CARTESIAN_POINT('',(-0.36901727226,-5.672204100228,
    16.69969697115));
#2204 = VECTOR('',#2205,1.);
#2205 = DIRECTION('',(-1.026817057768E-14,0.766044443119,0.642787609687)
  );
#2206 = ORIENTED_EDGE('',*,*,#2207,.T.);
#2207 = EDGE_CURVE('',#2200,#1877,#2208,.T.);
#2208 = LINE('',#2209,#2210);
#2209 = CARTESIAN_POINT('',(-4.369017204555,-6.513718812231,
    15.993582286678));
#2210 = VECTOR('',#2211,1.);
#2211 = DIRECTION('',(1.,1.047444401653E-14,3.491481338843E-15));
#2212 = ORIENTED_EDGE('',*,*,#1876,.T.);
#2213 = ORIENTED_EDGE('',*,*,#1940,.F.);
#2214 = ORIENTED_EDGE('',*,*,#2136,.F.);
#2215 = ORIENTED_EDGE('',*,*,#2216,.T.);
#2216 = EDGE_CURVE('',#2128,#2217,#2219,.T.);
#2217 = VERTEX_POINT('',#2218);
#2218 = CARTESIAN_POINT('',(-3.969017211326,-6.513718812231,
    15.993582286678));
#2219 = LINE('',#2220,#2221);
#2220 = CARTESIAN_POINT('',(-4.369017204555,-6.513718812231,
    15.993582286678));
#2221 = VECTOR('',#2222,1.);
#2222 = DIRECTION('',(1.,1.047444401653E-14,3.491481338843E-15));
#2223 = ORIENTED_EDGE('',*,*,#2224,.F.);
#2224 = EDGE_CURVE('',#2190,#2217,#2225,.T.);
#2225 = LINE('',#2226,#2227);
#2226 = CARTESIAN_POINT('',(-3.969017211326,-5.672204100228,
    16.69969697115));
#2227 = VECTOR('',#2228,1.);
#2228 = DIRECTION('',(-1.026817057768E-14,0.766044443119,0.642787609687)
  );
#2229 = PLANE('',#2230);
#2230 = AXIS2_PLACEMENT_3D('',#2231,#2232,#2233);
#2231 = CARTESIAN_POINT('',(-3.969017211326,-8.412876119145,
    14.400000090899));
#2232 = DIRECTION('',(4.058212954305E-15,-0.642787609687,0.766044443119)
  );
#2233 = DIRECTION('',(1.,1.047444401653E-14,3.491481338847E-15));
#2234 = ADVANCED_FACE('',(#2235),#2260,.F.);
#2235 = FACE_BOUND('',#2236,.T.);
#2236 = EDGE_LOOP('',(#2237,#2245,#2246,#2254));
#2237 = ORIENTED_EDGE('',*,*,#2238,.T.);
#2238 = EDGE_CURVE('',#2239,#2192,#2241,.T.);
#2239 = VERTEX_POINT('',#2240);
#2240 = CARTESIAN_POINT('',(-0.36901727226,-2.39996990903,
    14.400000090899));
#2241 = LINE('',#2242,#2243);
#2242 = CARTESIAN_POINT('',(-0.36901727226,-2.39996990903,
    14.400000090899));
#2243 = VECTOR('',#2244,1.);
#2244 = DIRECTION('',(1.047444401653E-14,-1.,0.));
#2245 = ORIENTED_EDGE('',*,*,#2189,.F.);
#2246 = ORIENTED_EDGE('',*,*,#2247,.F.);
#2247 = EDGE_CURVE('',#2248,#2190,#2250,.T.);
#2248 = VERTEX_POINT('',#2249);
#2249 = CARTESIAN_POINT('',(-3.969017211326,-2.39996990903,
    14.400000090899));
#2250 = LINE('',#2251,#2252);
#2251 = CARTESIAN_POINT('',(-3.969017211326,-2.39996990903,
    14.400000090899));
#2252 = VECTOR('',#2253,1.);
#2253 = DIRECTION('',(1.047444401653E-14,-1.,0.));
#2254 = ORIENTED_EDGE('',*,*,#2255,.T.);
#2255 = EDGE_CURVE('',#2248,#2239,#2256,.T.);
#2256 = LINE('',#2257,#2258);
#2257 = CARTESIAN_POINT('',(-3.969017211326,-2.39996990903,
    14.400000090899));
#2258 = VECTOR('',#2259,1.);
#2259 = DIRECTION('',(1.,1.047444401653E-14,3.491481338843E-15));
#2260 = PLANE('',#2261);
#2261 = AXIS2_PLACEMENT_3D('',#2262,#2263,#2264);
#2262 = CARTESIAN_POINT('',(-3.969017211326,-2.39996990903,
    14.400000090899));
#2263 = DIRECTION('',(-3.491481338843E-15,-3.657132581847E-29,1.));
#2264 = DIRECTION('',(1.047444401653E-14,-1.,2.129973665774E-43));
#2265 = ADVANCED_FACE('',(#2266),#2293,.F.);
#2266 = FACE_BOUND('',#2267,.F.);
#2267 = EDGE_LOOP('',(#2268,#2269,#2278,#2286));
#2268 = ORIENTED_EDGE('',*,*,#2255,.T.);
#2269 = ORIENTED_EDGE('',*,*,#2270,.T.);
#2270 = EDGE_CURVE('',#2239,#2271,#2273,.T.);
#2271 = VERTEX_POINT('',#2272);
#2272 = CARTESIAN_POINT('',(-0.36901727226,-1.6253732529,14.200000094284
    ));
#2273 = CIRCLE('',#2274,1.599999972918);
#2274 = AXIS2_PLACEMENT_3D('',#2275,#2276,#2277);
#2275 = CARTESIAN_POINT('',(-0.36901727226,-2.39996990903,
    12.800000117981));
#2276 = DIRECTION('',(-1.,-1.047444401653E-14,-3.491481338843E-15));
#2277 = DIRECTION('',(1.047444401653E-14,-1.,-3.370227960021E-31));
#2278 = ORIENTED_EDGE('',*,*,#2279,.F.);
#2279 = EDGE_CURVE('',#2280,#2271,#2282,.T.);
#2280 = VERTEX_POINT('',#2281);
#2281 = CARTESIAN_POINT('',(-3.969017211326,-1.6253732529,
    14.200000094284));
#2282 = LINE('',#2283,#2284);
#2283 = CARTESIAN_POINT('',(-3.969017211326,-1.6253732529,
    14.200000094284));
#2284 = VECTOR('',#2285,1.);
#2285 = DIRECTION('',(1.,1.047444401653E-14,3.491481338843E-15));
#2286 = ORIENTED_EDGE('',*,*,#2287,.F.);
#2287 = EDGE_CURVE('',#2248,#2280,#2288,.T.);
#2288 = CIRCLE('',#2289,1.599999972918);
#2289 = AXIS2_PLACEMENT_3D('',#2290,#2291,#2292);
#2290 = CARTESIAN_POINT('',(-3.969017211326,-2.39996990903,
    12.800000117981));
#2291 = DIRECTION('',(-1.,-1.047444401653E-14,-3.491481338843E-15));
#2292 = DIRECTION('',(1.047444401653E-14,-1.,6.093451171894E-31));
#2293 = CYLINDRICAL_SURFACE('',#2294,1.599999972918);
#2294 = AXIS2_PLACEMENT_3D('',#2295,#2296,#2297);
#2295 = CARTESIAN_POINT('',(-3.969017211326,-2.39996990903,
    12.800000117981));
#2296 = DIRECTION('',(1.,1.047444401653E-14,3.491481338843E-15));
#2297 = DIRECTION('',(-1.047444401653E-14,1.,-6.093451171894E-31));
#2298 = ADVANCED_FACE('',(#2299),#2311,.T.);
#2299 = FACE_BOUND('',#2300,.T.);
#2300 = EDGE_LOOP('',(#2301,#2302,#2303,#2310));
#2301 = ORIENTED_EDGE('',*,*,#2127,.F.);
#2302 = ORIENTED_EDGE('',*,*,#2157,.T.);
#2303 = ORIENTED_EDGE('',*,*,#2304,.F.);
#2304 = EDGE_CURVE('',#2217,#2158,#2305,.T.);
#2305 = CIRCLE('',#2306,0.39999999323);
#2306 = AXIS2_PLACEMENT_3D('',#2307,#2308,#2309);
#2307 = CARTESIAN_POINT('',(-3.969017211326,-6.770833851753,
    16.300000058739));
#2308 = DIRECTION('',(1.,1.047444401653E-14,3.491481338843E-15));
#2309 = DIRECTION('',(1.047444401653E-14,-1.,-1.283390709194E-30));
#2310 = ORIENTED_EDGE('',*,*,#2216,.F.);
#2311 = CYLINDRICAL_SURFACE('',#2312,0.39999999323);
#2312 = AXIS2_PLACEMENT_3D('',#2313,#2314,#2315);
#2313 = CARTESIAN_POINT('',(-4.369017204555,-6.770833851753,
    16.300000058739));
#2314 = DIRECTION('',(1.,1.047444401653E-14,3.491481338843E-15));
#2315 = DIRECTION('',(-1.047444401653E-14,1.,1.283390709194E-30));
#2316 = ADVANCED_FACE('',(#2317),#2329,.T.);
#2317 = FACE_BOUND('',#2318,.T.);
#2318 = EDGE_LOOP('',(#2319,#2326,#2327,#2328));
#2319 = ORIENTED_EDGE('',*,*,#2320,.T.);
#2320 = EDGE_CURVE('',#2200,#1909,#2321,.T.);
#2321 = CIRCLE('',#2322,0.39999999323);
#2322 = AXIS2_PLACEMENT_3D('',#2323,#2324,#2325);
#2323 = CARTESIAN_POINT('',(-0.36901727226,-6.770833851753,
    16.300000058739));
#2324 = DIRECTION('',(1.,1.047444401653E-14,3.491481338843E-15));
#2325 = DIRECTION('',(1.047444401653E-14,-1.,-1.283390709194E-30));
#2326 = ORIENTED_EDGE('',*,*,#1908,.T.);
#2327 = ORIENTED_EDGE('',*,*,#1884,.T.);
#2328 = ORIENTED_EDGE('',*,*,#2207,.F.);
#2329 = CYLINDRICAL_SURFACE('',#2330,0.39999999323);
#2330 = AXIS2_PLACEMENT_3D('',#2331,#2332,#2333);
#2331 = CARTESIAN_POINT('',(-4.369017204555,-6.770833851753,
    16.300000058739));
#2332 = DIRECTION('',(1.,1.047444401653E-14,3.491481338843E-15));
#2333 = DIRECTION('',(-1.047444401653E-14,1.,1.283390709194E-30));
#2334 = ADVANCED_FACE('',(#2335),#2352,.F.);
#2335 = FACE_BOUND('',#2336,.T.);
#2336 = EDGE_LOOP('',(#2337,#2338,#2339,#2340,#2341,#2342,#2343,#2344,
    #2350,#2351));
#2337 = ORIENTED_EDGE('',*,*,#2076,.F.);
#2338 = ORIENTED_EDGE('',*,*,#2143,.F.);
#2339 = ORIENTED_EDGE('',*,*,#1949,.T.);
#2340 = ORIENTED_EDGE('',*,*,#1859,.T.);
#2341 = ORIENTED_EDGE('',*,*,#1711,.F.);
#2342 = ORIENTED_EDGE('',*,*,#1753,.F.);
#2343 = ORIENTED_EDGE('',*,*,#1834,.F.);
#2344 = ORIENTED_EDGE('',*,*,#2345,.F.);
#2345 = EDGE_CURVE('',#1975,#1815,#2346,.T.);
#2346 = LINE('',#2347,#2348);
#2347 = CARTESIAN_POINT('',(-3.969017211326,-12.11066664708,
    16.258488948662));
#2348 = VECTOR('',#2349,1.);
#2349 = DIRECTION('',(1.,1.047444401653E-14,3.491481338843E-15));
#2350 = ORIENTED_EDGE('',*,*,#1972,.F.);
#2351 = ORIENTED_EDGE('',*,*,#2034,.F.);
#2352 = PLANE('',#2353);
#2353 = AXIS2_PLACEMENT_3D('',#2354,#2355,#2356);
#2354 = CARTESIAN_POINT('',(-3.969017211326,-9.411456036121,
    13.99358232053));
#2355 = DIRECTION('',(-9.407472710052E-15,0.642787609687,0.766044443119)
  );
#2356 = DIRECTION('',(-1.,-1.047444401653E-14,-3.491481338839E-15));
#2357 = ADVANCED_FACE('',(#2358),#2370,.T.);
#2358 = FACE_BOUND('',#2359,.T.);
#2359 = EDGE_LOOP('',(#2360,#2361,#2362,#2363,#2364));
#2360 = ORIENTED_EDGE('',*,*,#2044,.F.);
#2361 = ORIENTED_EDGE('',*,*,#2000,.F.);
#2362 = ORIENTED_EDGE('',*,*,#1795,.F.);
#2363 = ORIENTED_EDGE('',*,*,#1772,.F.);
#2364 = ORIENTED_EDGE('',*,*,#2365,.F.);
#2365 = EDGE_CURVE('',#2045,#1764,#2366,.T.);
#2366 = LINE('',#2367,#2368);
#2367 = CARTESIAN_POINT('',(-3.969017211326,-11.94996974738,
    16.700000051969));
#2368 = VECTOR('',#2369,1.);
#2369 = DIRECTION('',(1.,1.047444401653E-14,3.491481338843E-15));
#2370 = CYLINDRICAL_SURFACE('',#2371,0.249999995768);
#2371 = AXIS2_PLACEMENT_3D('',#2372,#2373,#2374);
#2372 = CARTESIAN_POINT('',(-3.969017211326,-11.94996974738,
    16.4500000562));
#2373 = DIRECTION('',(1.,1.047444401653E-14,3.491481338843E-15));
#2374 = DIRECTION('',(-1.047444401653E-14,1.,-2.307979519129E-31));
#2375 = ADVANCED_FACE('',(#2376),#2381,.T.);
#2376 = FACE_BOUND('',#2377,.T.);
#2377 = EDGE_LOOP('',(#2378,#2379,#2380));
#2378 = ORIENTED_EDGE('',*,*,#1814,.F.);
#2379 = ORIENTED_EDGE('',*,*,#1983,.F.);
#2380 = ORIENTED_EDGE('',*,*,#2345,.T.);
#2381 = CYLINDRICAL_SURFACE('',#2382,0.249999995768);
#2382 = AXIS2_PLACEMENT_3D('',#2383,#2384,#2385);
#2383 = CARTESIAN_POINT('',(-3.969017211326,-11.94996974738,
    16.4500000562));
#2384 = DIRECTION('',(1.,1.047444401653E-14,3.491481338843E-15));
#2385 = DIRECTION('',(-1.047444401653E-14,1.,-2.307979519129E-31));
#2386 = ADVANCED_FACE('',(#2387),#2420,.F.);
#2387 = FACE_BOUND('',#2388,.T.);
#2388 = EDGE_LOOP('',(#2389,#2390,#2391,#2392,#2393,#2394,#2395,#2396,
    #2404,#2412,#2418,#2419));
#2389 = ORIENTED_EDGE('',*,*,#2086,.T.);
#2390 = ORIENTED_EDGE('',*,*,#2053,.T.);
#2391 = ORIENTED_EDGE('',*,*,#2365,.T.);
#2392 = ORIENTED_EDGE('',*,*,#1763,.T.);
#2393 = ORIENTED_EDGE('',*,*,#1730,.T.);
#2394 = ORIENTED_EDGE('',*,*,#1850,.T.);
#2395 = ORIENTED_EDGE('',*,*,#1925,.F.);
#2396 = ORIENTED_EDGE('',*,*,#2397,.T.);
#2397 = EDGE_CURVE('',#1917,#2398,#2400,.T.);
#2398 = VERTEX_POINT('',#2399);
#2399 = CARTESIAN_POINT('',(-0.36901727226,-2.599969905645,
    16.700000051969));
#2400 = LINE('',#2401,#2402);
#2401 = CARTESIAN_POINT('',(-0.36901727226,-11.94996974738,
    16.700000051969));
#2402 = VECTOR('',#2403,1.);
#2403 = DIRECTION('',(-1.047444401653E-14,1.,0.));
#2404 = ORIENTED_EDGE('',*,*,#2405,.F.);
#2405 = EDGE_CURVE('',#2406,#2398,#2408,.T.);
#2406 = VERTEX_POINT('',#2407);
#2407 = CARTESIAN_POINT('',(-3.969017211326,-2.599969905645,
    16.700000051969));
#2408 = LINE('',#2409,#2410);
#2409 = CARTESIAN_POINT('',(-3.969017211326,-2.599969905645,
    16.700000051969));
#2410 = VECTOR('',#2411,1.);
#2411 = DIRECTION('',(1.,1.047444401653E-14,3.491481338843E-15));
#2412 = ORIENTED_EDGE('',*,*,#2413,.F.);
#2413 = EDGE_CURVE('',#2167,#2406,#2414,.T.);
#2414 = LINE('',#2415,#2416);
#2415 = CARTESIAN_POINT('',(-3.969017211326,-11.94996974738,
    16.700000051969));
#2416 = VECTOR('',#2417,1.);
#2417 = DIRECTION('',(-1.047444401653E-14,1.,0.));
#2418 = ORIENTED_EDGE('',*,*,#2166,.F.);
#2419 = ORIENTED_EDGE('',*,*,#2110,.F.);
#2420 = PLANE('',#2421);
#2421 = AXIS2_PLACEMENT_3D('',#2422,#2423,#2424);
#2422 = CARTESIAN_POINT('',(-3.969017211326,-11.94996974738,
    16.700000051969));
#2423 = DIRECTION('',(3.491481338843E-15,3.657132581847E-29,-1.));
#2424 = DIRECTION('',(1.,1.047444401653E-14,3.491481338843E-15));
#2425 = ADVANCED_FACE('',(#2426),#2460,.F.);
#2426 = FACE_BOUND('',#2427,.T.);
#2427 = EDGE_LOOP('',(#2428,#2438,#2446,#2454));
#2428 = ORIENTED_EDGE('',*,*,#2429,.F.);
#2429 = EDGE_CURVE('',#2430,#2432,#2434,.T.);
#2430 = VERTEX_POINT('',#2431);
#2431 = CARTESIAN_POINT('',(-3.969017211326,2.385311384212,
    14.200000094284));
#2432 = VERTEX_POINT('',#2433);
#2433 = CARTESIAN_POINT('',(-0.36901727226,2.385311384212,
    14.200000094284));
#2434 = LINE('',#2435,#2436);
#2435 = CARTESIAN_POINT('',(-0.969017262104,2.385311384212,
    14.200000094284));
#2436 = VECTOR('',#2437,1.);
#2437 = DIRECTION('',(1.,1.047444401653E-14,3.491481338843E-15));
#2438 = ORIENTED_EDGE('',*,*,#2439,.F.);
#2439 = EDGE_CURVE('',#2440,#2430,#2442,.T.);
#2440 = VERTEX_POINT('',#2441);
#2441 = CARTESIAN_POINT('',(-3.969017211326,1.642670709663,
    14.942640768833));
#2442 = LINE('',#2443,#2444);
#2443 = CARTESIAN_POINT('',(-3.969017211326,1.642670709663,
    14.942640768833));
#2444 = VECTOR('',#2445,1.);
#2445 = DIRECTION('',(-4.937700262162E-15,0.707106781187,-0.707106781187
    ));
#2446 = ORIENTED_EDGE('',*,*,#2447,.T.);
#2447 = EDGE_CURVE('',#2440,#2448,#2450,.T.);
#2448 = VERTEX_POINT('',#2449);
#2449 = CARTESIAN_POINT('',(-0.36901727226,1.642670709663,
    14.942640768833));
#2450 = LINE('',#2451,#2452);
#2451 = CARTESIAN_POINT('',(-3.969017211326,1.642670709663,
    14.942640768833));
#2452 = VECTOR('',#2453,1.);
#2453 = DIRECTION('',(1.,1.047444401653E-14,3.491481338843E-15));
#2454 = ORIENTED_EDGE('',*,*,#2455,.T.);
#2455 = EDGE_CURVE('',#2448,#2432,#2456,.T.);
#2456 = LINE('',#2457,#2458);
#2457 = CARTESIAN_POINT('',(-0.36901727226,1.642670709663,
    14.942640768833));
#2458 = VECTOR('',#2459,1.);
#2459 = DIRECTION('',(-4.937700262162E-15,0.707106781187,-0.707106781187
    ));
#2460 = PLANE('',#2461);
#2461 = AXIS2_PLACEMENT_3D('',#2462,#2463,#2464);
#2462 = CARTESIAN_POINT('',(-3.969017211326,1.642670709663,
    14.942640768833));
#2463 = DIRECTION('',(9.875400524323E-15,-0.707106781187,-0.707106781187
    ));
#2464 = DIRECTION('',(1.,1.047444401653E-14,3.491481338838E-15));
#2465 = ADVANCED_FACE('',(#2466),#2484,.T.);
#2466 = FACE_BOUND('',#2467,.T.);
#2467 = EDGE_LOOP('',(#2468,#2475,#2476,#2483));
#2468 = ORIENTED_EDGE('',*,*,#2469,.T.);
#2469 = EDGE_CURVE('',#2398,#2448,#2470,.T.);
#2470 = CIRCLE('',#2471,5.999999898443);
#2471 = AXIS2_PLACEMENT_3D('',#2472,#2473,#2474);
#2472 = CARTESIAN_POINT('',(-0.36901727226,-2.599969905645,
    10.700000153526));
#2473 = DIRECTION('',(-1.,-1.047444401653E-14,-3.491481338843E-15));
#2474 = DIRECTION('',(1.047444401653E-14,-1.,-2.156682493827E-32));
#2475 = ORIENTED_EDGE('',*,*,#2447,.F.);
#2476 = ORIENTED_EDGE('',*,*,#2477,.F.);
#2477 = EDGE_CURVE('',#2406,#2440,#2478,.T.);
#2478 = CIRCLE('',#2479,5.999999898443);
#2479 = AXIS2_PLACEMENT_3D('',#2480,#2481,#2482);
#2480 = CARTESIAN_POINT('',(-3.969017211326,-2.599969905645,
    10.700000153526));
#2481 = DIRECTION('',(-1.,-1.047444401653E-14,-3.491481338843E-15));
#2482 = DIRECTION('',(1.047444401653E-14,-1.,2.307979519128E-31));
#2483 = ORIENTED_EDGE('',*,*,#2405,.T.);
#2484 = CYLINDRICAL_SURFACE('',#2485,5.999999898443);
#2485 = AXIS2_PLACEMENT_3D('',#2486,#2487,#2488);
#2486 = CARTESIAN_POINT('',(-3.969017211326,-2.599969905645,
    10.700000153526));
#2487 = DIRECTION('',(1.,1.047444401653E-14,3.491481338843E-15));
#2488 = DIRECTION('',(-1.047444401653E-14,1.,-2.307979519128E-31));
#2489 = ADVANCED_FACE('',(#2490),#2506,.T.);
#2490 = FACE_BOUND('',#2491,.T.);
#2491 = EDGE_LOOP('',(#2492,#2493,#2494,#2495,#2496,#2497,#2498,#2504,
    #2505));
#2492 = ORIENTED_EDGE('',*,*,#2224,.T.);
#2493 = ORIENTED_EDGE('',*,*,#2304,.T.);
#2494 = ORIENTED_EDGE('',*,*,#2174,.T.);
#2495 = ORIENTED_EDGE('',*,*,#2413,.T.);
#2496 = ORIENTED_EDGE('',*,*,#2477,.T.);
#2497 = ORIENTED_EDGE('',*,*,#2439,.T.);
#2498 = ORIENTED_EDGE('',*,*,#2499,.T.);
#2499 = EDGE_CURVE('',#2430,#2280,#2500,.T.);
#2500 = LINE('',#2501,#2502);
#2501 = CARTESIAN_POINT('',(-3.969017211326,5.150029963177,
    14.200000094284));
#2502 = VECTOR('',#2503,1.);
#2503 = DIRECTION('',(1.047444401653E-14,-1.,0.));
#2504 = ORIENTED_EDGE('',*,*,#2287,.F.);
#2505 = ORIENTED_EDGE('',*,*,#2247,.T.);
#2506 = PLANE('',#2507);
#2507 = AXIS2_PLACEMENT_3D('',#2508,#2509,#2510);
#2508 = CARTESIAN_POINT('',(-3.969017211326,-2.39996990903,
    12.800000117981));
#2509 = DIRECTION('',(-1.,-1.047444401653E-14,-3.491481338843E-15));
#2510 = DIRECTION('',(1.047444401653E-14,-1.,0.));
#2511 = ADVANCED_FACE('',(#2512),#2528,.F.);
#2512 = FACE_BOUND('',#2513,.T.);
#2513 = EDGE_LOOP('',(#2514,#2515,#2516,#2517,#2518,#2524,#2525,#2526,
    #2527));
#2514 = ORIENTED_EDGE('',*,*,#2320,.F.);
#2515 = ORIENTED_EDGE('',*,*,#2199,.F.);
#2516 = ORIENTED_EDGE('',*,*,#2238,.F.);
#2517 = ORIENTED_EDGE('',*,*,#2270,.T.);
#2518 = ORIENTED_EDGE('',*,*,#2519,.F.);
#2519 = EDGE_CURVE('',#2432,#2271,#2520,.T.);
#2520 = LINE('',#2521,#2522);
#2521 = CARTESIAN_POINT('',(-0.36901727226,5.150029963177,
    14.200000094284));
#2522 = VECTOR('',#2523,1.);
#2523 = DIRECTION('',(1.047444401653E-14,-1.,0.));
#2524 = ORIENTED_EDGE('',*,*,#2455,.F.);
#2525 = ORIENTED_EDGE('',*,*,#2469,.F.);
#2526 = ORIENTED_EDGE('',*,*,#2397,.F.);
#2527 = ORIENTED_EDGE('',*,*,#1916,.F.);
#2528 = PLANE('',#2529);
#2529 = AXIS2_PLACEMENT_3D('',#2530,#2531,#2532);
#2530 = CARTESIAN_POINT('',(-0.36901727226,-2.39996990903,
    12.800000117981));
#2531 = DIRECTION('',(-1.,-1.047444401653E-14,-3.491481338843E-15));
#2532 = DIRECTION('',(1.047444401653E-14,-1.,0.));
#2533 = ADVANCED_FACE('',(#2534,#2540),#2618,.T.);
#2534 = FACE_BOUND('',#2535,.T.);
#2535 = EDGE_LOOP('',(#2536,#2537,#2538,#2539));
#2536 = ORIENTED_EDGE('',*,*,#2499,.F.);
#2537 = ORIENTED_EDGE('',*,*,#2429,.T.);
#2538 = ORIENTED_EDGE('',*,*,#2519,.T.);
#2539 = ORIENTED_EDGE('',*,*,#2279,.F.);
#2540 = FACE_BOUND('',#2541,.T.);
#2541 = EDGE_LOOP('',(#2542,#2553,#2561,#2570,#2578,#2586,#2594,#2602,
    #2611));
#2542 = ORIENTED_EDGE('',*,*,#2543,.F.);
#2543 = EDGE_CURVE('',#2544,#2546,#2548,.T.);
#2544 = VERTEX_POINT('',#2545);
#2545 = CARTESIAN_POINT('',(-2.843638355498,4.500029974179,
    14.200000094284));
#2546 = VERTEX_POINT('',#2547);
#2547 = CARTESIAN_POINT('',(-3.06901722656,5.150029963177,
    14.200000094284));
#2548 = CIRCLE('',#2549,1.049999982228);
#2549 = AXIS2_PLACEMENT_3D('',#2550,#2551,#2552);
#2550 = CARTESIAN_POINT('',(-2.019017244332,5.150029963177,
    14.200000094284));
#2551 = DIRECTION('',(3.491481338843E-15,3.657132581847E-29,-1.));
#2552 = DIRECTION('',(1.,9.91270557701E-15,3.491481338843E-15));
#2553 = ORIENTED_EDGE('',*,*,#2554,.T.);
#2554 = EDGE_CURVE('',#2544,#2555,#2557,.T.);
#2555 = VERTEX_POINT('',#2556);
#2556 = CARTESIAN_POINT('',(-3.919017212172,4.500029974179,
    14.200000094284));
#2557 = LINE('',#2558,#2559);
#2558 = CARTESIAN_POINT('',(-0.219017274799,4.500029974179,
    14.200000094284));
#2559 = VECTOR('',#2560,1.);
#2560 = DIRECTION('',(-1.,-1.047444401653E-14,-3.491481338843E-15));
#2561 = ORIENTED_EDGE('',*,*,#2562,.T.);
#2562 = EDGE_CURVE('',#2555,#2563,#2565,.T.);
#2563 = VERTEX_POINT('',#2564);
#2564 = CARTESIAN_POINT('',(-4.119017208787,4.300029977565,
    14.200000094284));
#2565 = CIRCLE('',#2566,0.199999996615);
#2566 = AXIS2_PLACEMENT_3D('',#2567,#2568,#2569);
#2567 = CARTESIAN_POINT('',(-3.919017212172,4.300029977565,
    14.200000094284));
#2568 = DIRECTION('',(-3.491481338843E-15,-3.657132581847E-29,1.));
#2569 = DIRECTION('',(8.673617379884E-15,-1.,-6.287552596341E-30));
#2570 = ORIENTED_EDGE('',*,*,#2571,.T.);
#2571 = EDGE_CURVE('',#2563,#2572,#2574,.T.);
#2572 = VERTEX_POINT('',#2573);
#2573 = CARTESIAN_POINT('',(-4.119017208787,-8.108216219817,
    14.200000094284));
#2574 = LINE('',#2575,#2576);
#2575 = CARTESIAN_POINT('',(-4.119017208787,4.300029977565,
    14.200000094284));
#2576 = VECTOR('',#2577,1.);
#2577 = DIRECTION('',(1.047444401653E-14,-1.,0.));
#2578 = ORIENTED_EDGE('',*,*,#2579,.T.);
#2579 = EDGE_CURVE('',#2572,#2580,#2582,.T.);
#2580 = VERTEX_POINT('',#2581);
#2581 = CARTESIAN_POINT('',(-0.219017274799,-8.108216219817,
    14.200000094284));
#2582 = LINE('',#2583,#2584);
#2583 = CARTESIAN_POINT('',(-10.21901710553,-8.108216219817,
    14.200000094284));
#2584 = VECTOR('',#2585,1.);
#2585 = DIRECTION('',(1.,1.047444401653E-14,3.491481338843E-15));
#2586 = ORIENTED_EDGE('',*,*,#2587,.T.);
#2587 = EDGE_CURVE('',#2580,#2588,#2590,.T.);
#2588 = VERTEX_POINT('',#2589);
#2589 = CARTESIAN_POINT('',(-0.219017274799,4.500029974179,
    14.200000094284));
#2590 = LINE('',#2591,#2592);
#2591 = CARTESIAN_POINT('',(-0.219017274799,-9.29996979224,
    14.200000094284));
#2592 = VECTOR('',#2593,1.);
#2593 = DIRECTION('',(-1.047444401653E-14,1.,0.));
#2594 = ORIENTED_EDGE('',*,*,#2595,.T.);
#2595 = EDGE_CURVE('',#2588,#2596,#2598,.T.);
#2596 = VERTEX_POINT('',#2597);
#2597 = CARTESIAN_POINT('',(-1.194396133166,4.500029974179,
    14.200000094284));
#2598 = LINE('',#2599,#2600);
#2599 = CARTESIAN_POINT('',(-0.219017274799,4.500029974179,
    14.200000094284));
#2600 = VECTOR('',#2601,1.);
#2601 = DIRECTION('',(-1.,-1.047444401653E-14,-3.491481338843E-15));
#2602 = ORIENTED_EDGE('',*,*,#2603,.F.);
#2603 = EDGE_CURVE('',#2604,#2596,#2606,.T.);
#2604 = VERTEX_POINT('',#2605);
#2605 = CARTESIAN_POINT('',(-0.969017262104,5.150029963177,
    14.200000094284));
#2606 = CIRCLE('',#2607,1.049999982228);
#2607 = AXIS2_PLACEMENT_3D('',#2608,#2609,#2610);
#2608 = CARTESIAN_POINT('',(-2.019017244332,5.150029963177,
    14.200000094284));
#2609 = DIRECTION('',(3.491481338843E-15,3.657132581847E-29,-1.));
#2610 = DIRECTION('',(1.,9.91270557701E-15,3.491481338843E-15));
#2611 = ORIENTED_EDGE('',*,*,#2612,.F.);
#2612 = EDGE_CURVE('',#2546,#2604,#2613,.T.);
#2613 = CIRCLE('',#2614,1.049999982228);
#2614 = AXIS2_PLACEMENT_3D('',#2615,#2616,#2617);
#2615 = CARTESIAN_POINT('',(-2.019017244332,5.150029963177,
    14.200000094284));
#2616 = DIRECTION('',(3.491481338843E-15,3.657132581847E-29,-1.));
#2617 = DIRECTION('',(1.,9.91270557701E-15,3.491481338843E-15));
#2618 = PLANE('',#2619);
#2619 = AXIS2_PLACEMENT_3D('',#2620,#2621,#2622);
#2620 = CARTESIAN_POINT('',(-0.969017262104,5.150029963177,
    14.200000094284));
#2621 = DIRECTION('',(-3.491481338843E-15,-3.657132581847E-29,1.));
#2622 = DIRECTION('',(1.047444401653E-14,-1.,2.129973665774E-43));
#2623 = ADVANCED_FACE('',(#2624),#2660,.T.);
#2624 = FACE_BOUND('',#2625,.T.);
#2625 = EDGE_LOOP('',(#2626,#2637,#2645,#2654));
#2626 = ORIENTED_EDGE('',*,*,#2627,.T.);
#2627 = EDGE_CURVE('',#2628,#2630,#2632,.T.);
#2628 = VERTEX_POINT('',#2629);
#2629 = CARTESIAN_POINT('',(-5.133904675899,-11.33659282274,
    15.608963888156));
#2630 = VERTEX_POINT('',#2631);
#2631 = CARTESIAN_POINT('',(-4.9690171944,-10.199969777,14.655223909686)
  );
#2632 = ( BOUNDED_CURVE() B_SPLINE_CURVE(3,(#2633,#2634,#2635,#2636),
.UNSPECIFIED.,.F.,.F.) B_SPLINE_CURVE_WITH_KNOTS((4,4),(1.282670544545,
1.570796326795),.PIECEWISE_BEZIER_KNOTS.) CURVE() 
GEOMETRIC_REPRESENTATION_ITEM() RATIONAL_B_SPLINE_CURVE((1.,
0.993093917675,0.993093917675,1.)) REPRESENTATION_ITEM('') );
#2633 = CARTESIAN_POINT('',(-5.133904675899,-11.33659282274,
    15.608963888156));
#2634 = CARTESIAN_POINT('',(-5.024361903349,-10.96698140894,
    15.298823087152));
#2635 = CARTESIAN_POINT('',(-4.9690171944,-10.58547232723,
    14.978698957401));
#2636 = CARTESIAN_POINT('',(-4.9690171944,-10.199969777,14.655223909686)
  );
#2637 = ORIENTED_EDGE('',*,*,#2638,.F.);
#2638 = EDGE_CURVE('',#2639,#2630,#2641,.T.);
#2639 = VERTEX_POINT('',#2640);
#2640 = CARTESIAN_POINT('',(-4.9690171944,-10.199969777,16.700000051969)
  );
#2641 = LINE('',#2642,#2643);
#2642 = CARTESIAN_POINT('',(-4.9690171944,-10.199969777,16.300000058739)
  );
#2643 = VECTOR('',#2644,1.);
#2644 = DIRECTION('',(3.491481338843E-15,3.657132581847E-29,-1.));
#2645 = ORIENTED_EDGE('',*,*,#2646,.F.);
#2646 = EDGE_CURVE('',#2647,#2639,#2649,.T.);
#2647 = VERTEX_POINT('',#2648);
#2648 = CARTESIAN_POINT('',(-5.133904675899,-11.33659282274,
    16.700000051969));
#2649 = CIRCLE('',#2650,3.999999932295);
#2650 = AXIS2_PLACEMENT_3D('',#2651,#2652,#2653);
#2651 = CARTESIAN_POINT('',(-8.969017126695,-10.199969777,
    16.700000051969));
#2652 = DIRECTION('',(-3.491481338843E-15,-3.657132581847E-29,1.));
#2653 = DIRECTION('',(1.040834085586E-14,-1.,-2.307979519176E-31));
#2654 = ORIENTED_EDGE('',*,*,#2655,.F.);
#2655 = EDGE_CURVE('',#2628,#2647,#2656,.T.);
#2656 = LINE('',#2657,#2658);
#2657 = CARTESIAN_POINT('',(-5.133904675899,-11.33659282274,
    13.700000102747));
#2658 = VECTOR('',#2659,1.);
#2659 = DIRECTION('',(-3.491481338843E-15,-3.657132581847E-29,1.));
#2660 = CYLINDRICAL_SURFACE('',#2661,3.999999932295);
#2661 = AXIS2_PLACEMENT_3D('',#2662,#2663,#2664);
#2662 = CARTESIAN_POINT('',(-8.969017126695,-10.199969777,
    13.700000102747));
#2663 = DIRECTION('',(-3.491481338843E-15,-3.657132581847E-29,1.));
#2664 = DIRECTION('',(-1.,-1.046255096449E-14,-3.491481338843E-15));
#2665 = ADVANCED_FACE('',(#2666),#2702,.T.);
#2666 = FACE_BOUND('',#2667,.T.);
#2667 = EDGE_LOOP('',(#2668,#2677,#2678,#2687,#2696));
#2668 = ORIENTED_EDGE('',*,*,#2669,.T.);
#2669 = EDGE_CURVE('',#2670,#2628,#2672,.T.);
#2670 = VERTEX_POINT('',#2671);
#2671 = CARTESIAN_POINT('',(-5.823599151073,-12.01555385701,
    16.178679841593));
#2672 = ( BOUNDED_CURVE() B_SPLINE_CURVE(3,(#2673,#2674,#2675,#2676),
.UNSPECIFIED.,.F.,.F.) B_SPLINE_CURVE_WITH_KNOTS((4,4),(0.272441454384,
1.282670544545),.PIECEWISE_BEZIER_KNOTS.) CURVE() 
GEOMETRIC_REPRESENTATION_ITEM() RATIONAL_B_SPLINE_CURVE((1.,
0.916746033949,0.916746033949,1.)) REPRESENTATION_ITEM('') );
#2673 = CARTESIAN_POINT('',(-5.823599151073,-12.01555385701,
    16.178679841593));
#2674 = CARTESIAN_POINT('',(-5.484676046347,-11.92086268117,
    16.099224510866));
#2675 = CARTESIAN_POINT('',(-5.233899768209,-11.67398913454,
    15.892073008945));
#2676 = CARTESIAN_POINT('',(-5.133904675899,-11.33659282274,
    15.608963888156));
#2677 = ORIENTED_EDGE('',*,*,#2655,.T.);
#2678 = ORIENTED_EDGE('',*,*,#2679,.F.);
#2679 = EDGE_CURVE('',#2680,#2647,#2682,.T.);
#2680 = VERTEX_POINT('',#2681);
#2681 = CARTESIAN_POINT('',(-5.651734896462,-11.94996974738,
    16.700000051969));
#2682 = CIRCLE('',#2683,0.999999983074);
#2683 = AXIS2_PLACEMENT_3D('',#2684,#2685,#2686);
#2684 = CARTESIAN_POINT('',(-6.092682788598,-11.05243706131,
    16.700000051969));
#2685 = DIRECTION('',(-3.491481338843E-15,-3.657132581847E-29,1.));
#2686 = DIRECTION('',(1.040834085586E-14,-1.,-2.307979519176E-31));
#2687 = ORIENTED_EDGE('',*,*,#2688,.T.);
#2688 = EDGE_CURVE('',#2680,#2689,#2691,.T.);
#2689 = VERTEX_POINT('',#2690);
#2690 = CARTESIAN_POINT('',(-5.823599151073,-12.01555385701,
    16.691244170011));
#2691 = B_SPLINE_CURVE_WITH_KNOTS('',3,(#2692,#2693,#2694,#2695),
  .UNSPECIFIED.,.F.,.F.,(4,4),(0.,1.),.PIECEWISE_BEZIER_KNOTS.);
#2692 = CARTESIAN_POINT('',(-5.651734896462,-11.94996974738,
    16.700000051969));
#2693 = CARTESIAN_POINT('',(-5.690340484106,-11.96893624605,
    16.700000051969));
#2694 = CARTESIAN_POINT('',(-5.746746579458,-11.99408214183,
    16.697081424649));
#2695 = CARTESIAN_POINT('',(-5.823599151073,-12.01555385701,
    16.691244170011));
#2696 = ORIENTED_EDGE('',*,*,#2697,.F.);
#2697 = EDGE_CURVE('',#2670,#2689,#2698,.T.);
#2698 = LINE('',#2699,#2700);
#2699 = CARTESIAN_POINT('',(-5.823599151073,-12.01555385701,
    13.700000102747));
#2700 = VECTOR('',#2701,1.);
#2701 = DIRECTION('',(-3.491481338843E-15,-3.657132581847E-29,1.));
#2702 = CYLINDRICAL_SURFACE('',#2703,0.999999983074);
#2703 = AXIS2_PLACEMENT_3D('',#2704,#2705,#2706);
#2704 = CARTESIAN_POINT('',(-6.092682788598,-11.05243706131,
    13.700000102747));
#2705 = DIRECTION('',(-3.491481338843E-15,-3.657132581847E-29,1.));
#2706 = DIRECTION('',(-1.,-1.040834085586E-14,-3.491481338843E-15));
#2707 = ADVANCED_FACE('',(#2708),#2757,.T.);
#2708 = FACE_BOUND('',#2709,.T.);
#2709 = EDGE_LOOP('',(#2710,#2729,#2749,#2756));
#2710 = ORIENTED_EDGE('',*,*,#2711,.T.);
#2711 = EDGE_CURVE('',#2689,#2712,#2714,.T.);
#2712 = VERTEX_POINT('',#2713);
#2713 = CARTESIAN_POINT('',(-7.169017157162,-12.19996974315,
    16.4500000562));
#2714 = B_SPLINE_CURVE_WITH_KNOTS('',3,(#2715,#2716,#2717,#2718,#2719,
    #2720,#2721,#2722,#2723,#2724,#2725,#2726,#2727,#2728),
  .UNSPECIFIED.,.F.,.F.,(4,2,1,1,1,1,2,2,4),(0.,0.25,0.375,0.4375,
    0.46875,0.484375,0.4921875,0.5,1.),.UNSPECIFIED.);
#2715 = CARTESIAN_POINT('',(-5.823599151073,-12.01555385701,
    16.691244170011));
#2716 = CARTESIAN_POINT('',(-5.921003074553,-12.04276737706,
    16.683845960563));
#2717 = CARTESIAN_POINT('',(-6.025537320998,-12.06879883362,
    16.672187743395));
#2718 = CARTESIAN_POINT('',(-6.193158677068,-12.10414764858,
    16.648310406064));
#2719 = CARTESIAN_POINT('',(-6.279671534364,-12.12089335449,
    16.634774234504));
#2720 = CARTESIAN_POINT('',(-6.385323491133,-12.13834117517,
    16.616186404285));
#2721 = CARTESIAN_POINT('',(-6.439325263856,-12.14648186545,
    16.606193581659));
#2722 = CARTESIAN_POINT('',(-6.466619447544,-12.15039870135,
    16.601022443466));
#2723 = CARTESIAN_POINT('',(-6.478379724222,-12.15204361643,
    16.59876879991));
#2724 = CARTESIAN_POINT('',(-6.486233847905,-12.15313263801,
    16.597258050545));
#2725 = CARTESIAN_POINT('',(-6.492266793671,-12.15395928633,
    16.596091783419));
#2726 = CARTESIAN_POINT('',(-6.612002117663,-12.17027063887,
    16.572889205894));
#2727 = CARTESIAN_POINT('',(-6.836682814547,-12.19996974315,
    16.524310951065));
#2728 = CARTESIAN_POINT('',(-7.169017157162,-12.19996974315,
    16.4500000562));
#2729 = ORIENTED_EDGE('',*,*,#2730,.T.);
#2730 = EDGE_CURVE('',#2712,#2731,#2733,.T.);
#2731 = VERTEX_POINT('',#2732);
#2732 = CARTESIAN_POINT('',(-6.228243059631,-12.11066664708,
    16.258488948662));
#2733 = B_SPLINE_CURVE_WITH_KNOTS('',3,(#2734,#2735,#2736,#2737,#2738,
    #2739,#2740,#2741,#2742,#2743,#2744,#2745,#2746,#2747,#2748),
  .UNSPECIFIED.,.F.,.F.,(4,2,2,1,1,1,2,2,4),(0.,0.25,0.375,0.4375,
    0.46875,0.484375,0.4921875,0.5,1.),.UNSPECIFIED.);
#2734 = CARTESIAN_POINT('',(-7.169017157162,-12.19996974315,
    16.4500000562));
#2735 = CARTESIAN_POINT('',(-7.059986119618,-12.19996974315,
    16.425620412908));
#2736 = CARTESIAN_POINT('',(-6.966195148151,-12.19647262578,
    16.404827430816));
#2737 = CARTESIAN_POINT('',(-6.848483174635,-12.18983972345,
    16.37901794948));
#2738 = CARTESIAN_POINT('',(-6.813070497809,-12.18738453747,
    16.371311454334));
#2739 = CARTESIAN_POINT('',(-6.765676117301,-12.18369998184,
    16.361096709566));
#2740 = CARTESIAN_POINT('',(-6.743409914121,-12.18185602909,
    16.35632558667));
#2741 = CARTESIAN_POINT('',(-6.719932970179,-12.17976857468,
    16.351347713227));
#2742 = CARTESIAN_POINT('',(-6.708819035929,-12.17874818022,
    16.349005885656));
#2743 = CARTESIAN_POINT('',(-6.704189694112,-12.17831663564,
    16.348033768658));
#2744 = CARTESIAN_POINT('',(-6.701133187186,-12.17803030355,
    16.347392695857));
#2745 = CARTESIAN_POINT('',(-6.700858787195,-12.17800502808,
    16.347334890426));
#2746 = CARTESIAN_POINT('',(-6.522919422693,-12.16117202614,
    16.310105518199));
#2747 = CARTESIAN_POINT('',(-6.366295509572,-12.13711425193,
    16.280681124136));
#2748 = CARTESIAN_POINT('',(-6.228243059631,-12.11066664708,
    16.258488948662));
#2749 = ORIENTED_EDGE('',*,*,#2750,.T.);
#2750 = EDGE_CURVE('',#2731,#2670,#2751,.T.);
#2751 = ( BOUNDED_CURVE() B_SPLINE_CURVE(3,(#2752,#2753,#2754,#2755),
.UNSPECIFIED.,.F.,.F.) B_SPLINE_CURVE_WITH_KNOTS((4,4),(0.189283074568,
0.272441416687),.PIECEWISE_BEZIER_KNOTS.) CURVE() 
GEOMETRIC_REPRESENTATION_ITEM() RATIONAL_B_SPLINE_CURVE((1.,
0.999423807197,0.999423807197,1.)) REPRESENTATION_ITEM('') );
#2752 = CARTESIAN_POINT('',(-6.228243059631,-12.11066664708,
    16.258488948662));
#2753 = CARTESIAN_POINT('',(-6.092082021034,-12.0845813922,
    16.236600820907));
#2754 = CARTESIAN_POINT('',(-5.957122955739,-12.05285885054,
    16.209982447902));
#2755 = CARTESIAN_POINT('',(-5.823599151073,-12.01555385701,
    16.178679841593));
#2756 = ORIENTED_EDGE('',*,*,#2697,.T.);
#2757 = CYLINDRICAL_SURFACE('',#2758,4.999999915369);
#2758 = AXIS2_PLACEMENT_3D('',#2759,#2760,#2761);
#2759 = CARTESIAN_POINT('',(-7.169017157162,-7.199969827785,
    13.700000102747));
#2760 = DIRECTION('',(-3.491481338843E-15,-3.657132581847E-29,1.));
#2761 = DIRECTION('',(-1.,-1.049507702966E-14,-3.491481338843E-15));
#2762 = ADVANCED_FACE('',(#2763),#2815,.F.);
#2763 = FACE_BOUND('',#2764,.T.);
#2764 = EDGE_LOOP('',(#2765,#2773,#2774,#2782,#2791,#2799,#2808));
#2765 = ORIENTED_EDGE('',*,*,#2766,.F.);
#2766 = EDGE_CURVE('',#2639,#2767,#2769,.T.);
#2767 = VERTEX_POINT('',#2768);
#2768 = CARTESIAN_POINT('',(-4.9690171944,-6.770833851753,
    16.700000051969));
#2769 = LINE('',#2770,#2771);
#2770 = CARTESIAN_POINT('',(-4.9690171944,-11.94996974738,
    16.700000051969));
#2771 = VECTOR('',#2772,1.);
#2772 = DIRECTION('',(-1.047444401653E-14,1.,0.));
#2773 = ORIENTED_EDGE('',*,*,#2638,.T.);
#2774 = ORIENTED_EDGE('',*,*,#2775,.F.);
#2775 = EDGE_CURVE('',#2776,#2630,#2778,.T.);
#2776 = VERTEX_POINT('',#2777);
#2777 = CARTESIAN_POINT('',(-4.9690171944,-9.411456036121,13.99358232053
    ));
#2778 = LINE('',#2779,#2780);
#2779 = CARTESIAN_POINT('',(-4.9690171944,-9.411456036121,13.99358232053
    ));
#2780 = VECTOR('',#2781,1.);
#2781 = DIRECTION('',(5.779608689561E-15,-0.766044443119,0.642787609687)
  );
#2782 = ORIENTED_EDGE('',*,*,#2783,.F.);
#2783 = EDGE_CURVE('',#2784,#2776,#2786,.T.);
#2784 = VERTEX_POINT('',#2785);
#2785 = CARTESIAN_POINT('',(-4.9690171944,-8.897225957075,13.99358232053
    ));
#2786 = CIRCLE('',#2787,0.39999999323);
#2787 = AXIS2_PLACEMENT_3D('',#2788,#2789,#2790);
#2788 = CARTESIAN_POINT('',(-4.9690171944,-9.154340996598,
    14.300000092592));
#2789 = DIRECTION('',(-1.,-1.047444401653E-14,-3.491481338843E-15));
#2790 = DIRECTION('',(1.047444401653E-14,-1.,-1.283390709194E-30));
#2791 = ORIENTED_EDGE('',*,*,#2792,.F.);
#2792 = EDGE_CURVE('',#2793,#2784,#2795,.T.);
#2793 = VERTEX_POINT('',#2794);
#2794 = CARTESIAN_POINT('',(-4.9690171944,-6.513718812231,
    15.993582286678));
#2795 = LINE('',#2796,#2797);
#2796 = CARTESIAN_POINT('',(-4.9690171944,-6.513718812231,
    15.993582286678));
#2797 = VECTOR('',#2798,1.);
#2798 = DIRECTION('',(1.026817057768E-14,-0.766044443119,-0.642787609687
    ));
#2799 = ORIENTED_EDGE('',*,*,#2800,.F.);
#2800 = EDGE_CURVE('',#2801,#2793,#2803,.T.);
#2801 = VERTEX_POINT('',#2802);
#2802 = CARTESIAN_POINT('',(-4.9690171944,-6.370833858524,
    16.300000058739));
#2803 = CIRCLE('',#2804,0.39999999323);
#2804 = AXIS2_PLACEMENT_3D('',#2805,#2806,#2807);
#2805 = CARTESIAN_POINT('',(-4.9690171944,-6.770833851753,
    16.300000058739));
#2806 = DIRECTION('',(-1.,-1.047444401653E-14,-3.491481338843E-15));
#2807 = DIRECTION('',(1.047444401653E-14,-1.,-1.283390709194E-30));
#2808 = ORIENTED_EDGE('',*,*,#2809,.F.);
#2809 = EDGE_CURVE('',#2767,#2801,#2810,.T.);
#2810 = CIRCLE('',#2811,0.39999999323);
#2811 = AXIS2_PLACEMENT_3D('',#2812,#2813,#2814);
#2812 = CARTESIAN_POINT('',(-4.9690171944,-6.770833851753,
    16.300000058739));
#2813 = DIRECTION('',(-1.,-1.047444401653E-14,-3.491481338843E-15));
#2814 = DIRECTION('',(1.047444401653E-14,-1.,-1.283390709194E-30));
#2815 = PLANE('',#2816);
#2816 = AXIS2_PLACEMENT_3D('',#2817,#2818,#2819);
#2817 = CARTESIAN_POINT('',(-4.9690171944,-6.770833851753,
    16.300000058739));
#2818 = DIRECTION('',(-1.,-1.047444401653E-14,-3.491481338843E-15));
#2819 = DIRECTION('',(1.047444401653E-14,-1.,0.));
#2820 = ADVANCED_FACE('',(#2821),#2847,.T.);
#2821 = FACE_BOUND('',#2822,.T.);
#2822 = EDGE_LOOP('',(#2823,#2831,#2840,#2846));
#2823 = ORIENTED_EDGE('',*,*,#2824,.F.);
#2824 = EDGE_CURVE('',#2825,#2801,#2827,.T.);
#2825 = VERTEX_POINT('',#2826);
#2826 = CARTESIAN_POINT('',(-5.369017187629,-6.370833858524,
    16.300000058739));
#2827 = LINE('',#2828,#2829);
#2828 = CARTESIAN_POINT('',(-9.369017119925,-6.370833858524,
    16.300000058739));
#2829 = VECTOR('',#2830,1.);
#2830 = DIRECTION('',(1.,1.047444401653E-14,3.491481338843E-15));
#2831 = ORIENTED_EDGE('',*,*,#2832,.T.);
#2832 = EDGE_CURVE('',#2825,#2833,#2835,.T.);
#2833 = VERTEX_POINT('',#2834);
#2834 = CARTESIAN_POINT('',(-5.369017187629,-6.770833851753,
    16.700000051969));
#2835 = CIRCLE('',#2836,0.39999999323);
#2836 = AXIS2_PLACEMENT_3D('',#2837,#2838,#2839);
#2837 = CARTESIAN_POINT('',(-5.369017187629,-6.770833851753,
    16.300000058739));
#2838 = DIRECTION('',(1.,1.047444401653E-14,3.491481338843E-15));
#2839 = DIRECTION('',(1.047444401653E-14,-1.,-1.283390709194E-30));
#2840 = ORIENTED_EDGE('',*,*,#2841,.T.);
#2841 = EDGE_CURVE('',#2833,#2767,#2842,.T.);
#2842 = LINE('',#2843,#2844);
#2843 = CARTESIAN_POINT('',(-9.369017119925,-6.770833851753,
    16.700000051969));
#2844 = VECTOR('',#2845,1.);
#2845 = DIRECTION('',(1.,1.047444401653E-14,3.491481338843E-15));
#2846 = ORIENTED_EDGE('',*,*,#2809,.T.);
#2847 = CYLINDRICAL_SURFACE('',#2848,0.39999999323);
#2848 = AXIS2_PLACEMENT_3D('',#2849,#2850,#2851);
#2849 = CARTESIAN_POINT('',(-9.369017119925,-6.770833851753,
    16.300000058739));
#2850 = DIRECTION('',(1.,1.047444401653E-14,3.491481338843E-15));
#2851 = DIRECTION('',(-1.047444401653E-14,1.,-6.287552596339E-30));
#2852 = ADVANCED_FACE('',(#2853),#2879,.T.);
#2853 = FACE_BOUND('',#2854,.T.);
#2854 = EDGE_LOOP('',(#2855,#2863,#2864,#2872));
#2855 = ORIENTED_EDGE('',*,*,#2856,.T.);
#2856 = EDGE_CURVE('',#2857,#2784,#2859,.T.);
#2857 = VERTEX_POINT('',#2858);
#2858 = CARTESIAN_POINT('',(-9.369017119925,-8.897225957075,
    13.99358232053));
#2859 = LINE('',#2860,#2861);
#2860 = CARTESIAN_POINT('',(-8.969017126695,-8.897225957075,
    13.99358232053));
#2861 = VECTOR('',#2862,1.);
#2862 = DIRECTION('',(1.,1.047444401653E-14,3.491481338843E-15));
#2863 = ORIENTED_EDGE('',*,*,#2783,.T.);
#2864 = ORIENTED_EDGE('',*,*,#2865,.F.);
#2865 = EDGE_CURVE('',#2866,#2776,#2868,.T.);
#2866 = VERTEX_POINT('',#2867);
#2867 = CARTESIAN_POINT('',(-9.369017119925,-9.411456036121,
    13.99358232053));
#2868 = LINE('',#2869,#2870);
#2869 = CARTESIAN_POINT('',(-8.969017126695,-9.411456036121,
    13.99358232053));
#2870 = VECTOR('',#2871,1.);
#2871 = DIRECTION('',(1.,1.047444401653E-14,3.491481338843E-15));
#2872 = ORIENTED_EDGE('',*,*,#2873,.F.);
#2873 = EDGE_CURVE('',#2857,#2866,#2874,.T.);
#2874 = CIRCLE('',#2875,0.39999999323);
#2875 = AXIS2_PLACEMENT_3D('',#2876,#2877,#2878);
#2876 = CARTESIAN_POINT('',(-9.369017119925,-9.154340996598,
    14.300000092592));
#2877 = DIRECTION('',(-1.,-1.047444401653E-14,-3.491481338843E-15));
#2878 = DIRECTION('',(1.047444401653E-14,-1.,6.287552596339E-30));
#2879 = CYLINDRICAL_SURFACE('',#2880,0.39999999323);
#2880 = AXIS2_PLACEMENT_3D('',#2881,#2882,#2883);
#2881 = CARTESIAN_POINT('',(-8.969017126695,-9.154340996598,
    14.300000092592));
#2882 = DIRECTION('',(1.,1.047444401653E-14,3.491481338843E-15));
#2883 = DIRECTION('',(-1.047444401653E-14,1.,-6.287552596339E-30));
#2884 = ADVANCED_FACE('',(#2885),#2941,.T.);
#2885 = FACE_BOUND('',#2886,.T.);
#2886 = EDGE_LOOP('',(#2887,#2898,#2915,#2935));
#2887 = ORIENTED_EDGE('',*,*,#2888,.T.);
#2888 = EDGE_CURVE('',#2889,#2891,#2893,.T.);
#2889 = VERTEX_POINT('',#2890);
#2890 = CARTESIAN_POINT('',(-8.514435117867,-12.01555386969,
    16.178679852232));
#2891 = VERTEX_POINT('',#2892);
#2892 = CARTESIAN_POINT('',(-8.109791254693,-12.11066664708,
    16.258488948662));
#2893 = ( BOUNDED_CURVE() B_SPLINE_CURVE(3,(#2894,#2895,#2896,#2897),
.UNSPECIFIED.,.F.,.F.) B_SPLINE_CURVE_WITH_KNOTS((4,4),(6.010743899917,
6.093902232612),.PIECEWISE_BEZIER_KNOTS.) CURVE() 
GEOMETRIC_REPRESENTATION_ITEM() RATIONAL_B_SPLINE_CURVE((1.,
0.999423807327,0.999423807327,1.)) REPRESENTATION_ITEM('') );
#2894 = CARTESIAN_POINT('',(-8.514435117867,-12.01555386969,
    16.178679852232));
#2895 = CARTESIAN_POINT('',(-8.380911327991,-12.05285885773,
    16.209982453936));
#2896 = CARTESIAN_POINT('',(-8.24595227785,-12.08458139515,
    16.236600823389));
#2897 = CARTESIAN_POINT('',(-8.109791254693,-12.11066664708,
    16.258488948662));
#2898 = ORIENTED_EDGE('',*,*,#2899,.T.);
#2899 = EDGE_CURVE('',#2891,#2712,#2900,.T.);
#2900 = B_SPLINE_CURVE_WITH_KNOTS('',3,(#2901,#2902,#2903,#2904,#2905,
    #2906,#2907,#2908,#2909,#2910,#2911,#2912,#2913,#2914),
  .UNSPECIFIED.,.F.,.F.,(4,2,1,1,1,1,2,2,4),(0.,0.25,0.375,0.4375,
    0.46875,0.484375,0.4921875,0.5,1.),.UNSPECIFIED.);
#2901 = CARTESIAN_POINT('',(-8.109791254693,-12.11066664708,
    16.258488948662));
#2902 = CARTESIAN_POINT('',(-8.040776369605,-12.12388827705,
    16.269583213493));
#2903 = CARTESIAN_POINT('',(-7.967125215041,-12.13649545904,
    16.282486444424));
#2904 = CARTESIAN_POINT('',(-7.849656554619,-12.15358414673,
    16.304554739972));
#2905 = CARTESIAN_POINT('',(-7.789175173762,-12.16167119746,
    16.316267250033));
#2906 = CARTESIAN_POINT('',(-7.715559733654,-12.17009036832,
    16.331118979109));
#2907 = CARTESIAN_POINT('',(-7.677990039837,-12.17401773629,
    16.338841627147));
#2908 = CARTESIAN_POINT('',(-7.65901492249,-12.17590729401,
    16.342777147042));
#2909 = CARTESIAN_POINT('',(-7.650841984326,-12.17670083369,
    16.344479697541));
#2910 = CARTESIAN_POINT('',(-7.645384307662,-12.17722620124,
    16.345618264344));
#2911 = CARTESIAN_POINT('',(-7.641410944271,-12.1776043591,
    16.346448745019));
#2912 = CARTESIAN_POINT('',(-7.544048194553,-12.18681484133,
    16.366818824212));
#2913 = CARTESIAN_POINT('',(-7.387120840058,-12.19996974315,
    16.401231465994));
#2914 = CARTESIAN_POINT('',(-7.169017157162,-12.19996974315,
    16.4500000562));
#2915 = ORIENTED_EDGE('',*,*,#2916,.T.);
#2916 = EDGE_CURVE('',#2712,#2917,#2919,.T.);
#2917 = VERTEX_POINT('',#2918);
#2918 = CARTESIAN_POINT('',(-8.514435117867,-12.01555386969,
    16.691244166564));
#2919 = B_SPLINE_CURVE_WITH_KNOTS('',3,(#2920,#2921,#2922,#2923,#2924,
    #2925,#2926,#2927,#2928,#2929,#2930,#2931,#2932,#2933,#2934),
  .UNSPECIFIED.,.F.,.F.,(4,2,2,1,1,1,2,2,4),(0.,0.25,0.375,0.4375,
    0.46875,0.484375,0.4921875,0.5,1.),.UNSPECIFIED.);
#2920 = CARTESIAN_POINT('',(-7.169017157162,-12.19996974315,
    16.4500000562));
#2921 = CARTESIAN_POINT('',(-7.335155604531,-12.19996974315,
    16.487149080879));
#2922 = CARTESIAN_POINT('',(-7.474545983518,-12.19190148801,
    16.517868156528));
#2923 = CARTESIAN_POINT('',(-7.643197313668,-12.17775396688,
    16.554301846456));
#2924 = CARTESIAN_POINT('',(-7.69269242053,-12.17265721806,
    16.564838922509));
#2925 = CARTESIAN_POINT('',(-7.756907116024,-12.16533473655,
    16.578233305701));
#2926 = CARTESIAN_POINT('',(-7.786507980761,-12.16175035792,
    16.584327689575));
#2927 = CARTESIAN_POINT('',(-7.816670953316,-12.15785864736,
    16.590382890583));
#2928 = CARTESIAN_POINT('',(-7.83066148743,-12.15600178087,
    16.593146762709));
#2929 = CARTESIAN_POINT('',(-7.836423851037,-12.15522674489,
    16.59427476611));
#2930 = CARTESIAN_POINT('',(-7.840213541772,-12.15471484876,
    16.595014209884));
#2931 = CARTESIAN_POINT('',(-7.839984925049,-12.15474704011,
    16.594971158234));
#2932 = CARTESIAN_POINT('',(-8.096116819331,-12.11985460119,
    16.644608907531));
#2933 = CARTESIAN_POINT('',(-8.319595838881,-12.06998968955,
    16.676445357747));
#2934 = CARTESIAN_POINT('',(-8.514435117867,-12.01555386969,
    16.691244166564));
#2935 = ORIENTED_EDGE('',*,*,#2936,.F.);
#2936 = EDGE_CURVE('',#2889,#2917,#2937,.T.);
#2937 = LINE('',#2938,#2939);
#2938 = CARTESIAN_POINT('',(-8.514435117867,-12.01555386969,
    13.700000102747));
#2939 = VECTOR('',#2940,1.);
#2940 = DIRECTION('',(-3.491481338843E-15,-3.657132581847E-29,1.));
#2941 = CYLINDRICAL_SURFACE('',#2942,4.999999915369);
#2942 = AXIS2_PLACEMENT_3D('',#2943,#2944,#2945);
#2943 = CARTESIAN_POINT('',(-7.169017157162,-7.199969827785,
    13.700000102747));
#2944 = DIRECTION('',(-3.491481338843E-15,-3.657132581847E-29,1.));
#2945 = DIRECTION('',(-1.,-1.049507702966E-14,-3.491481338843E-15));
#2946 = ADVANCED_FACE('',(#2947),#2983,.T.);
#2947 = FACE_BOUND('',#2948,.T.);
#2948 = EDGE_LOOP('',(#2949,#2958,#2959,#2968,#2977));
#2949 = ORIENTED_EDGE('',*,*,#2950,.T.);
#2950 = EDGE_CURVE('',#2951,#2889,#2953,.T.);
#2951 = VERTEX_POINT('',#2952);
#2952 = CARTESIAN_POINT('',(-9.204129649628,-11.33659278494,
    15.608963856438));
#2953 = ( BOUNDED_CURVE() B_SPLINE_CURVE(3,(#2954,#2955,#2956,#2957),
.UNSPECIFIED.,.F.,.F.) B_SPLINE_CURVE_WITH_KNOTS((4,4),(5.00051472321,
6.010743899917),.PIECEWISE_BEZIER_KNOTS.) CURVE() 
GEOMETRIC_REPRESENTATION_ITEM() RATIONAL_B_SPLINE_CURVE((1.,
0.916746019988,0.916746019988,1.)) REPRESENTATION_ITEM('') );
#2954 = CARTESIAN_POINT('',(-9.204129649628,-11.33659278494,
    15.608963856438));
#2955 = CARTESIAN_POINT('',(-9.104134561272,-11.67398913223,
    15.892073007002));
#2956 = CARTESIAN_POINT('',(-8.85335825874,-11.92086270096,
    16.099224527478));
#2957 = CARTESIAN_POINT('',(-8.514435117867,-12.01555386969,
    16.178679852232));
#2958 = ORIENTED_EDGE('',*,*,#2936,.T.);
#2959 = ORIENTED_EDGE('',*,*,#2960,.T.);
#2960 = EDGE_CURVE('',#2917,#2961,#2963,.T.);
#2961 = VERTEX_POINT('',#2962);
#2962 = CARTESIAN_POINT('',(-8.686299417863,-11.94996974738,
    16.700000051969));
#2963 = B_SPLINE_CURVE_WITH_KNOTS('',3,(#2964,#2965,#2966,#2967),
  .UNSPECIFIED.,.F.,.F.,(4,4),(0.,1.),.PIECEWISE_BEZIER_KNOTS.);
#2964 = CARTESIAN_POINT('',(-8.514435117867,-12.01555386969,
    16.691244166564));
#2965 = CARTESIAN_POINT('',(-8.591287717754,-11.99408215052,
    16.6970814235));
#2966 = CARTESIAN_POINT('',(-8.647693827427,-11.96893624742,
    16.700000051969));
#2967 = CARTESIAN_POINT('',(-8.686299417863,-11.94996974738,
    16.700000051969));
#2968 = ORIENTED_EDGE('',*,*,#2969,.F.);
#2969 = EDGE_CURVE('',#2970,#2961,#2972,.T.);
#2970 = VERTEX_POINT('',#2971);
#2971 = CARTESIAN_POINT('',(-9.204129649628,-11.33659278494,
    16.700000051969));
#2972 = CIRCLE('',#2973,0.999999983074);
#2973 = AXIS2_PLACEMENT_3D('',#2974,#2975,#2976);
#2974 = CARTESIAN_POINT('',(-8.245351525726,-11.05243706131,
    16.700000051969));
#2975 = DIRECTION('',(-3.491481338843E-15,-3.657132581847E-29,1.));
#2976 = DIRECTION('',(1.040834085586E-14,-1.,-2.307979519176E-31));
#2977 = ORIENTED_EDGE('',*,*,#2978,.F.);
#2978 = EDGE_CURVE('',#2951,#2970,#2979,.T.);
#2979 = LINE('',#2980,#2981);
#2980 = CARTESIAN_POINT('',(-9.204129649628,-11.33659278494,
    13.700000102747));
#2981 = VECTOR('',#2982,1.);
#2982 = DIRECTION('',(-3.491481338843E-15,-3.657132581847E-29,1.));
#2983 = CYLINDRICAL_SURFACE('',#2984,0.999999983074);
#2984 = AXIS2_PLACEMENT_3D('',#2985,#2986,#2987);
#2985 = CARTESIAN_POINT('',(-8.245351525726,-11.05243706131,
    13.700000102747));
#2986 = DIRECTION('',(-3.491481338843E-15,-3.657132581847E-29,1.));
#2987 = DIRECTION('',(-1.,-1.040834085586E-14,-3.491481338843E-15));
#2988 = ADVANCED_FACE('',(#2989),#3016,.T.);
#2989 = FACE_BOUND('',#2990,.T.);
#2990 = EDGE_LOOP('',(#2991,#3000,#3001,#3010));
#2991 = ORIENTED_EDGE('',*,*,#2992,.T.);
#2992 = EDGE_CURVE('',#2993,#2951,#2995,.T.);
#2993 = VERTEX_POINT('',#2994);
#2994 = CARTESIAN_POINT('',(-9.369017119925,-10.199969777,
    14.655223909686));
#2995 = ( BOUNDED_CURVE() B_SPLINE_CURVE(3,(#2996,#2997,#2998,#2999),
.UNSPECIFIED.,.F.,.F.) B_SPLINE_CURVE_WITH_KNOTS((4,4),(4.712388980385,
5.000514752779),.PIECEWISE_BEZIER_KNOTS.) CURVE() 
GEOMETRIC_REPRESENTATION_ITEM() RATIONAL_B_SPLINE_CURVE((1.,
0.993093918146,0.993093918146,1.)) REPRESENTATION_ITEM('') );
#2996 = CARTESIAN_POINT('',(-9.369017119925,-10.199969777,
    14.655223909686));
#2997 = CARTESIAN_POINT('',(-9.369017119925,-10.58547231395,
    14.978698946259));
#2998 = CARTESIAN_POINT('',(-9.313672414762,-10.96698138279,
    15.298823065212));
#2999 = CARTESIAN_POINT('',(-9.204129649628,-11.33659278494,
    15.608963856438));
#3000 = ORIENTED_EDGE('',*,*,#2978,.T.);
#3001 = ORIENTED_EDGE('',*,*,#3002,.F.);
#3002 = EDGE_CURVE('',#3003,#2970,#3005,.T.);
#3003 = VERTEX_POINT('',#3004);
#3004 = CARTESIAN_POINT('',(-9.369017119925,-10.199969777,
    16.700000051969));
#3005 = CIRCLE('',#3006,3.999999932295);
#3006 = AXIS2_PLACEMENT_3D('',#3007,#3008,#3009);
#3007 = CARTESIAN_POINT('',(-5.369017187629,-10.199969777,
    16.700000051969));
#3008 = DIRECTION('',(-3.491481338843E-15,-3.657132581847E-29,1.));
#3009 = DIRECTION('',(1.040834085586E-14,-1.,-2.307979519176E-31));
#3010 = ORIENTED_EDGE('',*,*,#3011,.T.);
#3011 = EDGE_CURVE('',#3003,#2993,#3012,.T.);
#3012 = LINE('',#3013,#3014);
#3013 = CARTESIAN_POINT('',(-9.369017119925,-10.199969777,
    16.300000058739));
#3014 = VECTOR('',#3015,1.);
#3015 = DIRECTION('',(3.491481338843E-15,3.657132581847E-29,-1.));
#3016 = CYLINDRICAL_SURFACE('',#3017,3.999999932295);
#3017 = AXIS2_PLACEMENT_3D('',#3018,#3019,#3020);
#3018 = CARTESIAN_POINT('',(-5.369017187629,-10.199969777,
    13.700000102747));
#3019 = DIRECTION('',(-3.491481338843E-15,-3.657132581847E-29,1.));
#3020 = DIRECTION('',(-1.,-1.046255096448E-14,-3.491481338843E-15));
#3021 = ADVANCED_FACE('',(#3022),#3064,.T.);
#3022 = FACE_BOUND('',#3023,.T.);
#3023 = EDGE_LOOP('',(#3024,#3025,#3033,#3042,#3051,#3057,#3058));
#3024 = ORIENTED_EDGE('',*,*,#3011,.F.);
#3025 = ORIENTED_EDGE('',*,*,#3026,.T.);
#3026 = EDGE_CURVE('',#3003,#3027,#3029,.T.);
#3027 = VERTEX_POINT('',#3028);
#3028 = CARTESIAN_POINT('',(-9.369017119925,-6.770833851753,
    16.700000051969));
#3029 = LINE('',#3030,#3031);
#3030 = CARTESIAN_POINT('',(-9.369017119925,-11.94996974738,
    16.700000051969));
#3031 = VECTOR('',#3032,1.);
#3032 = DIRECTION('',(-1.047444401653E-14,1.,0.));
#3033 = ORIENTED_EDGE('',*,*,#3034,.T.);
#3034 = EDGE_CURVE('',#3027,#3035,#3037,.T.);
#3035 = VERTEX_POINT('',#3036);
#3036 = CARTESIAN_POINT('',(-9.369017119925,-6.370833858524,
    16.300000058739));
#3037 = CIRCLE('',#3038,0.39999999323);
#3038 = AXIS2_PLACEMENT_3D('',#3039,#3040,#3041);
#3039 = CARTESIAN_POINT('',(-9.369017119925,-6.770833851753,
    16.300000058739));
#3040 = DIRECTION('',(-1.,-1.047444401653E-14,-3.491481338843E-15));
#3041 = DIRECTION('',(1.047444401653E-14,-1.,6.287552596339E-30));
#3042 = ORIENTED_EDGE('',*,*,#3043,.T.);
#3043 = EDGE_CURVE('',#3035,#3044,#3046,.T.);
#3044 = VERTEX_POINT('',#3045);
#3045 = CARTESIAN_POINT('',(-9.369017119925,-6.513718812231,
    15.993582286678));
#3046 = CIRCLE('',#3047,0.39999999323);
#3047 = AXIS2_PLACEMENT_3D('',#3048,#3049,#3050);
#3048 = CARTESIAN_POINT('',(-9.369017119925,-6.770833851753,
    16.300000058739));
#3049 = DIRECTION('',(-1.,-1.047444401653E-14,-3.491481338843E-15));
#3050 = DIRECTION('',(1.047444401653E-14,-1.,6.287552596339E-30));
#3051 = ORIENTED_EDGE('',*,*,#3052,.T.);
#3052 = EDGE_CURVE('',#3044,#2857,#3053,.T.);
#3053 = LINE('',#3054,#3055);
#3054 = CARTESIAN_POINT('',(-9.369017119925,-6.513718812231,
    15.993582286678));
#3055 = VECTOR('',#3056,1.);
#3056 = DIRECTION('',(1.026817057768E-14,-0.766044443119,-0.642787609687
    ));
#3057 = ORIENTED_EDGE('',*,*,#2873,.T.);
#3058 = ORIENTED_EDGE('',*,*,#3059,.T.);
#3059 = EDGE_CURVE('',#2866,#2993,#3060,.T.);
#3060 = LINE('',#3061,#3062);
#3061 = CARTESIAN_POINT('',(-9.369017119925,-9.411456036121,
    13.99358232053));
#3062 = VECTOR('',#3063,1.);
#3063 = DIRECTION('',(5.779608689561E-15,-0.766044443119,0.642787609687)
  );
#3064 = PLANE('',#3065);
#3065 = AXIS2_PLACEMENT_3D('',#3066,#3067,#3068);
#3066 = CARTESIAN_POINT('',(-9.369017119925,-6.770833851753,
    16.300000058739));
#3067 = DIRECTION('',(-1.,-1.047444401653E-14,-3.491481338843E-15));
#3068 = DIRECTION('',(1.047444401653E-14,-1.,0.));
#3069 = ADVANCED_FACE('',(#3070),#3096,.T.);
#3070 = FACE_BOUND('',#3071,.T.);
#3071 = EDGE_LOOP('',(#3072,#3080,#3081,#3089));
#3072 = ORIENTED_EDGE('',*,*,#3073,.F.);
#3073 = EDGE_CURVE('',#3035,#3074,#3076,.T.);
#3074 = VERTEX_POINT('',#3075);
#3075 = CARTESIAN_POINT('',(-8.969017126695,-6.370833858524,
    16.300000058739));
#3076 = LINE('',#3077,#3078);
#3077 = CARTESIAN_POINT('',(-9.369017119925,-6.370833858524,
    16.300000058739));
#3078 = VECTOR('',#3079,1.);
#3079 = DIRECTION('',(1.,1.047444401653E-14,3.491481338843E-15));
#3080 = ORIENTED_EDGE('',*,*,#3034,.F.);
#3081 = ORIENTED_EDGE('',*,*,#3082,.T.);
#3082 = EDGE_CURVE('',#3027,#3083,#3085,.T.);
#3083 = VERTEX_POINT('',#3084);
#3084 = CARTESIAN_POINT('',(-8.969017126695,-6.770833851753,
    16.700000051969));
#3085 = LINE('',#3086,#3087);
#3086 = CARTESIAN_POINT('',(-9.369017119925,-6.770833851753,
    16.700000051969));
#3087 = VECTOR('',#3088,1.);
#3088 = DIRECTION('',(1.,1.047444401653E-14,3.491481338843E-15));
#3089 = ORIENTED_EDGE('',*,*,#3090,.F.);
#3090 = EDGE_CURVE('',#3074,#3083,#3091,.T.);
#3091 = CIRCLE('',#3092,0.39999999323);
#3092 = AXIS2_PLACEMENT_3D('',#3093,#3094,#3095);
#3093 = CARTESIAN_POINT('',(-8.969017126695,-6.770833851753,
    16.300000058739));
#3094 = DIRECTION('',(1.,1.047444401653E-14,3.491481338843E-15));
#3095 = DIRECTION('',(1.047444401653E-14,-1.,6.287552596339E-30));
#3096 = CYLINDRICAL_SURFACE('',#3097,0.39999999323);
#3097 = AXIS2_PLACEMENT_3D('',#3098,#3099,#3100);
#3098 = CARTESIAN_POINT('',(-9.369017119925,-6.770833851753,
    16.300000058739));
#3099 = DIRECTION('',(1.,1.047444401653E-14,3.491481338843E-15));
#3100 = DIRECTION('',(-1.047444401653E-14,1.,-6.287552596339E-30));
#3101 = ADVANCED_FACE('',(#3102),#3145,.F.);
#3102 = FACE_BOUND('',#3103,.T.);
#3103 = EDGE_LOOP('',(#3104,#3114,#3122,#3128,#3129,#3130,#3131,#3139));
#3104 = ORIENTED_EDGE('',*,*,#3105,.T.);
#3105 = EDGE_CURVE('',#3106,#3108,#3110,.T.);
#3106 = VERTEX_POINT('',#3107);
#3107 = CARTESIAN_POINT('',(-8.969017126695,-8.412876119145,
    14.400000090899));
#3108 = VERTEX_POINT('',#3109);
#3109 = CARTESIAN_POINT('',(-5.369017187629,-8.412876119145,
    14.400000090899));
#3110 = LINE('',#3111,#3112);
#3111 = CARTESIAN_POINT('',(-8.969017126695,-8.412876119145,
    14.400000090899));
#3112 = VECTOR('',#3113,1.);
#3113 = DIRECTION('',(1.,1.047444401653E-14,3.491481338843E-15));
#3114 = ORIENTED_EDGE('',*,*,#3115,.T.);
#3115 = EDGE_CURVE('',#3108,#3116,#3118,.T.);
#3116 = VERTEX_POINT('',#3117);
#3117 = CARTESIAN_POINT('',(-5.369017187629,-6.513718812231,
    15.993582286678));
#3118 = LINE('',#3119,#3120);
#3119 = CARTESIAN_POINT('',(-5.369017187629,-5.672204100228,
    16.69969697115));
#3120 = VECTOR('',#3121,1.);
#3121 = DIRECTION('',(-1.026817057768E-14,0.766044443119,0.642787609687)
  );
#3122 = ORIENTED_EDGE('',*,*,#3123,.T.);
#3123 = EDGE_CURVE('',#3116,#2793,#3124,.T.);
#3124 = LINE('',#3125,#3126);
#3125 = CARTESIAN_POINT('',(-9.369017119925,-6.513718812231,
    15.993582286678));
#3126 = VECTOR('',#3127,1.);
#3127 = DIRECTION('',(1.,1.047444401653E-14,3.491481338843E-15));
#3128 = ORIENTED_EDGE('',*,*,#2792,.T.);
#3129 = ORIENTED_EDGE('',*,*,#2856,.F.);
#3130 = ORIENTED_EDGE('',*,*,#3052,.F.);
#3131 = ORIENTED_EDGE('',*,*,#3132,.T.);
#3132 = EDGE_CURVE('',#3044,#3133,#3135,.T.);
#3133 = VERTEX_POINT('',#3134);
#3134 = CARTESIAN_POINT('',(-8.969017126695,-6.513718812231,
    15.993582286678));
#3135 = LINE('',#3136,#3137);
#3136 = CARTESIAN_POINT('',(-9.369017119925,-6.513718812231,
    15.993582286678));
#3137 = VECTOR('',#3138,1.);
#3138 = DIRECTION('',(1.,1.047444401653E-14,3.491481338843E-15));
#3139 = ORIENTED_EDGE('',*,*,#3140,.F.);
#3140 = EDGE_CURVE('',#3106,#3133,#3141,.T.);
#3141 = LINE('',#3142,#3143);
#3142 = CARTESIAN_POINT('',(-8.969017126695,-5.672204100228,
    16.69969697115));
#3143 = VECTOR('',#3144,1.);
#3144 = DIRECTION('',(-1.026817057768E-14,0.766044443119,0.642787609687)
  );
#3145 = PLANE('',#3146);
#3146 = AXIS2_PLACEMENT_3D('',#3147,#3148,#3149);
#3147 = CARTESIAN_POINT('',(-8.969017126695,-8.412876119145,
    14.400000090899));
#3148 = DIRECTION('',(4.058212954305E-15,-0.642787609687,0.766044443119)
  );
#3149 = DIRECTION('',(1.,1.047444401653E-14,3.491481338847E-15));
#3150 = ADVANCED_FACE('',(#3151),#3176,.F.);
#3151 = FACE_BOUND('',#3152,.T.);
#3152 = EDGE_LOOP('',(#3153,#3161,#3162,#3170));
#3153 = ORIENTED_EDGE('',*,*,#3154,.T.);
#3154 = EDGE_CURVE('',#3155,#3108,#3157,.T.);
#3155 = VERTEX_POINT('',#3156);
#3156 = CARTESIAN_POINT('',(-5.369017187629,-2.39996990903,
    14.400000090899));
#3157 = LINE('',#3158,#3159);
#3158 = CARTESIAN_POINT('',(-5.369017187629,-2.39996990903,
    14.400000090899));
#3159 = VECTOR('',#3160,1.);
#3160 = DIRECTION('',(1.047444401653E-14,-1.,0.));
#3161 = ORIENTED_EDGE('',*,*,#3105,.F.);
#3162 = ORIENTED_EDGE('',*,*,#3163,.F.);
#3163 = EDGE_CURVE('',#3164,#3106,#3166,.T.);
#3164 = VERTEX_POINT('',#3165);
#3165 = CARTESIAN_POINT('',(-8.969017126695,-2.39996990903,
    14.400000090899));
#3166 = LINE('',#3167,#3168);
#3167 = CARTESIAN_POINT('',(-8.969017126695,-2.39996990903,
    14.400000090899));
#3168 = VECTOR('',#3169,1.);
#3169 = DIRECTION('',(1.047444401653E-14,-1.,0.));
#3170 = ORIENTED_EDGE('',*,*,#3171,.T.);
#3171 = EDGE_CURVE('',#3164,#3155,#3172,.T.);
#3172 = LINE('',#3173,#3174);
#3173 = CARTESIAN_POINT('',(-8.969017126695,-2.39996990903,
    14.400000090899));
#3174 = VECTOR('',#3175,1.);
#3175 = DIRECTION('',(1.,1.047444401653E-14,3.491481338843E-15));
#3176 = PLANE('',#3177);
#3177 = AXIS2_PLACEMENT_3D('',#3178,#3179,#3180);
#3178 = CARTESIAN_POINT('',(-8.969017126695,-2.39996990903,
    14.400000090899));
#3179 = DIRECTION('',(-3.491481338843E-15,-3.657132581847E-29,1.));
#3180 = DIRECTION('',(1.047444401653E-14,-1.,2.129973665774E-43));
#3181 = ADVANCED_FACE('',(#3182),#3209,.F.);
#3182 = FACE_BOUND('',#3183,.F.);
#3183 = EDGE_LOOP('',(#3184,#3185,#3194,#3202));
#3184 = ORIENTED_EDGE('',*,*,#3171,.T.);
#3185 = ORIENTED_EDGE('',*,*,#3186,.T.);
#3186 = EDGE_CURVE('',#3155,#3187,#3189,.T.);
#3187 = VERTEX_POINT('',#3188);
#3188 = CARTESIAN_POINT('',(-5.369017187629,-1.6253732529,
    14.200000094284));
#3189 = CIRCLE('',#3190,1.599999972918);
#3190 = AXIS2_PLACEMENT_3D('',#3191,#3192,#3193);
#3191 = CARTESIAN_POINT('',(-5.369017187629,-2.39996990903,
    12.800000117981));
#3192 = DIRECTION('',(-1.,-1.047444401653E-14,-3.491481338843E-15));
#3193 = DIRECTION('',(1.047444401653E-14,-1.,6.093451171894E-31));
#3194 = ORIENTED_EDGE('',*,*,#3195,.F.);
#3195 = EDGE_CURVE('',#3196,#3187,#3198,.T.);
#3196 = VERTEX_POINT('',#3197);
#3197 = CARTESIAN_POINT('',(-8.969017126695,-1.6253732529,
    14.200000094284));
#3198 = LINE('',#3199,#3200);
#3199 = CARTESIAN_POINT('',(-8.969017126695,-1.6253732529,
    14.200000094284));
#3200 = VECTOR('',#3201,1.);
#3201 = DIRECTION('',(1.,1.047444401653E-14,3.491481338843E-15));
#3202 = ORIENTED_EDGE('',*,*,#3203,.F.);
#3203 = EDGE_CURVE('',#3164,#3196,#3204,.T.);
#3204 = CIRCLE('',#3205,1.599999972918);
#3205 = AXIS2_PLACEMENT_3D('',#3206,#3207,#3208);
#3206 = CARTESIAN_POINT('',(-8.969017126695,-2.39996990903,
    12.800000117981));
#3207 = DIRECTION('',(-1.,-1.047444401653E-14,-3.491481338843E-15));
#3208 = DIRECTION('',(1.047444401653E-14,-1.,-1.283390709194E-30));
#3209 = CYLINDRICAL_SURFACE('',#3210,1.599999972918);
#3210 = AXIS2_PLACEMENT_3D('',#3211,#3212,#3213);
#3211 = CARTESIAN_POINT('',(-8.969017126695,-2.39996990903,
    12.800000117981));
#3212 = DIRECTION('',(1.,1.047444401653E-14,3.491481338843E-15));
#3213 = DIRECTION('',(-1.047444401653E-14,1.,1.283390709194E-30));
#3214 = ADVANCED_FACE('',(#3215),#3227,.T.);
#3215 = FACE_BOUND('',#3216,.T.);
#3216 = EDGE_LOOP('',(#3217,#3218,#3219,#3226));
#3217 = ORIENTED_EDGE('',*,*,#3043,.F.);
#3218 = ORIENTED_EDGE('',*,*,#3073,.T.);
#3219 = ORIENTED_EDGE('',*,*,#3220,.F.);
#3220 = EDGE_CURVE('',#3133,#3074,#3221,.T.);
#3221 = CIRCLE('',#3222,0.39999999323);
#3222 = AXIS2_PLACEMENT_3D('',#3223,#3224,#3225);
#3223 = CARTESIAN_POINT('',(-8.969017126695,-6.770833851753,
    16.300000058739));
#3224 = DIRECTION('',(1.,1.047444401653E-14,3.491481338843E-15));
#3225 = DIRECTION('',(1.047444401653E-14,-1.,6.287552596339E-30));
#3226 = ORIENTED_EDGE('',*,*,#3132,.F.);
#3227 = CYLINDRICAL_SURFACE('',#3228,0.39999999323);
#3228 = AXIS2_PLACEMENT_3D('',#3229,#3230,#3231);
#3229 = CARTESIAN_POINT('',(-9.369017119925,-6.770833851753,
    16.300000058739));
#3230 = DIRECTION('',(1.,1.047444401653E-14,3.491481338843E-15));
#3231 = DIRECTION('',(-1.047444401653E-14,1.,-6.287552596339E-30));
#3232 = ADVANCED_FACE('',(#3233),#3245,.T.);
#3233 = FACE_BOUND('',#3234,.T.);
#3234 = EDGE_LOOP('',(#3235,#3242,#3243,#3244));
#3235 = ORIENTED_EDGE('',*,*,#3236,.T.);
#3236 = EDGE_CURVE('',#3116,#2825,#3237,.T.);
#3237 = CIRCLE('',#3238,0.39999999323);
#3238 = AXIS2_PLACEMENT_3D('',#3239,#3240,#3241);
#3239 = CARTESIAN_POINT('',(-5.369017187629,-6.770833851753,
    16.300000058739));
#3240 = DIRECTION('',(1.,1.047444401653E-14,3.491481338843E-15));
#3241 = DIRECTION('',(1.047444401653E-14,-1.,-1.283390709194E-30));
#3242 = ORIENTED_EDGE('',*,*,#2824,.T.);
#3243 = ORIENTED_EDGE('',*,*,#2800,.T.);
#3244 = ORIENTED_EDGE('',*,*,#3123,.F.);
#3245 = CYLINDRICAL_SURFACE('',#3246,0.39999999323);
#3246 = AXIS2_PLACEMENT_3D('',#3247,#3248,#3249);
#3247 = CARTESIAN_POINT('',(-9.369017119925,-6.770833851753,
    16.300000058739));
#3248 = DIRECTION('',(1.,1.047444401653E-14,3.491481338843E-15));
#3249 = DIRECTION('',(-1.047444401653E-14,1.,-6.287552596339E-30));
#3250 = ADVANCED_FACE('',(#3251),#3268,.F.);
#3251 = FACE_BOUND('',#3252,.T.);
#3252 = EDGE_LOOP('',(#3253,#3254,#3255,#3256,#3257,#3258,#3259,#3260,
    #3266,#3267));
#3253 = ORIENTED_EDGE('',*,*,#2992,.F.);
#3254 = ORIENTED_EDGE('',*,*,#3059,.F.);
#3255 = ORIENTED_EDGE('',*,*,#2865,.T.);
#3256 = ORIENTED_EDGE('',*,*,#2775,.T.);
#3257 = ORIENTED_EDGE('',*,*,#2627,.F.);
#3258 = ORIENTED_EDGE('',*,*,#2669,.F.);
#3259 = ORIENTED_EDGE('',*,*,#2750,.F.);
#3260 = ORIENTED_EDGE('',*,*,#3261,.F.);
#3261 = EDGE_CURVE('',#2891,#2731,#3262,.T.);
#3262 = LINE('',#3263,#3264);
#3263 = CARTESIAN_POINT('',(-8.969017126695,-12.11066664708,
    16.258488948662));
#3264 = VECTOR('',#3265,1.);
#3265 = DIRECTION('',(1.,1.047444401653E-14,3.491481338843E-15));
#3266 = ORIENTED_EDGE('',*,*,#2888,.F.);
#3267 = ORIENTED_EDGE('',*,*,#2950,.F.);
#3268 = PLANE('',#3269);
#3269 = AXIS2_PLACEMENT_3D('',#3270,#3271,#3272);
#3270 = CARTESIAN_POINT('',(-8.969017126695,-9.411456036121,
    13.99358232053));
#3271 = DIRECTION('',(-9.407472710052E-15,0.642787609687,0.766044443119)
  );
#3272 = DIRECTION('',(-1.,-1.047444401653E-14,-3.491481338839E-15));
#3273 = ADVANCED_FACE('',(#3274),#3286,.T.);
#3274 = FACE_BOUND('',#3275,.T.);
#3275 = EDGE_LOOP('',(#3276,#3277,#3278,#3279,#3280));
#3276 = ORIENTED_EDGE('',*,*,#2960,.F.);
#3277 = ORIENTED_EDGE('',*,*,#2916,.F.);
#3278 = ORIENTED_EDGE('',*,*,#2711,.F.);
#3279 = ORIENTED_EDGE('',*,*,#2688,.F.);
#3280 = ORIENTED_EDGE('',*,*,#3281,.F.);
#3281 = EDGE_CURVE('',#2961,#2680,#3282,.T.);
#3282 = LINE('',#3283,#3284);
#3283 = CARTESIAN_POINT('',(-8.969017126695,-11.94996974738,
    16.700000051969));
#3284 = VECTOR('',#3285,1.);
#3285 = DIRECTION('',(1.,1.047444401653E-14,3.491481338843E-15));
#3286 = CYLINDRICAL_SURFACE('',#3287,0.249999995768);
#3287 = AXIS2_PLACEMENT_3D('',#3288,#3289,#3290);
#3288 = CARTESIAN_POINT('',(-8.969017126695,-11.94996974738,
    16.4500000562));
#3289 = DIRECTION('',(1.,1.047444401653E-14,3.491481338843E-15));
#3290 = DIRECTION('',(-1.047444401653E-14,1.,1.188271133694E-29));
#3291 = ADVANCED_FACE('',(#3292),#3297,.T.);
#3292 = FACE_BOUND('',#3293,.T.);
#3293 = EDGE_LOOP('',(#3294,#3295,#3296));
#3294 = ORIENTED_EDGE('',*,*,#2730,.F.);
#3295 = ORIENTED_EDGE('',*,*,#2899,.F.);
#3296 = ORIENTED_EDGE('',*,*,#3261,.T.);
#3297 = CYLINDRICAL_SURFACE('',#3298,0.249999995768);
#3298 = AXIS2_PLACEMENT_3D('',#3299,#3300,#3301);
#3299 = CARTESIAN_POINT('',(-8.969017126695,-11.94996974738,
    16.4500000562));
#3300 = DIRECTION('',(1.,1.047444401653E-14,3.491481338843E-15));
#3301 = DIRECTION('',(-1.047444401653E-14,1.,1.188271133694E-29));
#3302 = ADVANCED_FACE('',(#3303),#3336,.F.);
#3303 = FACE_BOUND('',#3304,.T.);
#3304 = EDGE_LOOP('',(#3305,#3306,#3307,#3308,#3309,#3310,#3311,#3312,
    #3320,#3328,#3334,#3335));
#3305 = ORIENTED_EDGE('',*,*,#3002,.T.);
#3306 = ORIENTED_EDGE('',*,*,#2969,.T.);
#3307 = ORIENTED_EDGE('',*,*,#3281,.T.);
#3308 = ORIENTED_EDGE('',*,*,#2679,.T.);
#3309 = ORIENTED_EDGE('',*,*,#2646,.T.);
#3310 = ORIENTED_EDGE('',*,*,#2766,.T.);
#3311 = ORIENTED_EDGE('',*,*,#2841,.F.);
#3312 = ORIENTED_EDGE('',*,*,#3313,.T.);
#3313 = EDGE_CURVE('',#2833,#3314,#3316,.T.);
#3314 = VERTEX_POINT('',#3315);
#3315 = CARTESIAN_POINT('',(-5.369017187629,-2.599969905645,
    16.700000051969));
#3316 = LINE('',#3317,#3318);
#3317 = CARTESIAN_POINT('',(-5.369017187629,-11.94996974738,
    16.700000051969));
#3318 = VECTOR('',#3319,1.);
#3319 = DIRECTION('',(-1.047444401653E-14,1.,0.));
#3320 = ORIENTED_EDGE('',*,*,#3321,.F.);
#3321 = EDGE_CURVE('',#3322,#3314,#3324,.T.);
#3322 = VERTEX_POINT('',#3323);
#3323 = CARTESIAN_POINT('',(-8.969017126695,-2.599969905645,
    16.700000051969));
#3324 = LINE('',#3325,#3326);
#3325 = CARTESIAN_POINT('',(-8.969017126695,-2.599969905645,
    16.700000051969));
#3326 = VECTOR('',#3327,1.);
#3327 = DIRECTION('',(1.,1.047444401653E-14,3.491481338843E-15));
#3328 = ORIENTED_EDGE('',*,*,#3329,.F.);
#3329 = EDGE_CURVE('',#3083,#3322,#3330,.T.);
#3330 = LINE('',#3331,#3332);
#3331 = CARTESIAN_POINT('',(-8.969017126695,-11.94996974738,
    16.700000051969));
#3332 = VECTOR('',#3333,1.);
#3333 = DIRECTION('',(-1.047444401653E-14,1.,0.));
#3334 = ORIENTED_EDGE('',*,*,#3082,.F.);
#3335 = ORIENTED_EDGE('',*,*,#3026,.F.);
#3336 = PLANE('',#3337);
#3337 = AXIS2_PLACEMENT_3D('',#3338,#3339,#3340);
#3338 = CARTESIAN_POINT('',(-8.969017126695,-11.94996974738,
    16.700000051969));
#3339 = DIRECTION('',(3.491481338843E-15,3.657132581847E-29,-1.));
#3340 = DIRECTION('',(1.,1.047444401653E-14,3.491481338843E-15));
#3341 = ADVANCED_FACE('',(#3342),#3376,.F.);
#3342 = FACE_BOUND('',#3343,.T.);
#3343 = EDGE_LOOP('',(#3344,#3354,#3362,#3370));
#3344 = ORIENTED_EDGE('',*,*,#3345,.F.);
#3345 = EDGE_CURVE('',#3346,#3348,#3350,.T.);
#3346 = VERTEX_POINT('',#3347);
#3347 = CARTESIAN_POINT('',(-8.969017126695,2.385311384212,
    14.200000094284));
#3348 = VERTEX_POINT('',#3349);
#3349 = CARTESIAN_POINT('',(-5.369017187629,2.385311384212,
    14.200000094284));
#3350 = LINE('',#3351,#3352);
#3351 = CARTESIAN_POINT('',(-5.969017177474,2.385311384212,
    14.200000094284));
#3352 = VECTOR('',#3353,1.);
#3353 = DIRECTION('',(1.,1.047444401653E-14,3.491481338843E-15));
#3354 = ORIENTED_EDGE('',*,*,#3355,.F.);
#3355 = EDGE_CURVE('',#3356,#3346,#3358,.T.);
#3356 = VERTEX_POINT('',#3357);
#3357 = CARTESIAN_POINT('',(-8.969017126695,1.642670709663,
    14.942640768833));
#3358 = LINE('',#3359,#3360);
#3359 = CARTESIAN_POINT('',(-8.969017126695,1.642670709663,
    14.942640768833));
#3360 = VECTOR('',#3361,1.);
#3361 = DIRECTION('',(-4.937700262162E-15,0.707106781187,-0.707106781187
    ));
#3362 = ORIENTED_EDGE('',*,*,#3363,.T.);
#3363 = EDGE_CURVE('',#3356,#3364,#3366,.T.);
#3364 = VERTEX_POINT('',#3365);
#3365 = CARTESIAN_POINT('',(-5.369017187629,1.642670709663,
    14.942640768833));
#3366 = LINE('',#3367,#3368);
#3367 = CARTESIAN_POINT('',(-8.969017126695,1.642670709663,
    14.942640768833));
#3368 = VECTOR('',#3369,1.);
#3369 = DIRECTION('',(1.,1.047444401653E-14,3.491481338843E-15));
#3370 = ORIENTED_EDGE('',*,*,#3371,.T.);
#3371 = EDGE_CURVE('',#3364,#3348,#3372,.T.);
#3372 = LINE('',#3373,#3374);
#3373 = CARTESIAN_POINT('',(-5.369017187629,1.642670709663,
    14.942640768833));
#3374 = VECTOR('',#3375,1.);
#3375 = DIRECTION('',(-4.937700262162E-15,0.707106781187,-0.707106781187
    ));
#3376 = PLANE('',#3377);
#3377 = AXIS2_PLACEMENT_3D('',#3378,#3379,#3380);
#3378 = CARTESIAN_POINT('',(-8.969017126695,1.642670709663,
    14.942640768833));
#3379 = DIRECTION('',(9.875400524323E-15,-0.707106781187,-0.707106781187
    ));
#3380 = DIRECTION('',(1.,1.047444401653E-14,3.491481338838E-15));
#3381 = ADVANCED_FACE('',(#3382),#3400,.T.);
#3382 = FACE_BOUND('',#3383,.T.);
#3383 = EDGE_LOOP('',(#3384,#3391,#3392,#3399));
#3384 = ORIENTED_EDGE('',*,*,#3385,.T.);
#3385 = EDGE_CURVE('',#3314,#3364,#3386,.T.);
#3386 = CIRCLE('',#3387,5.999999898443);
#3387 = AXIS2_PLACEMENT_3D('',#3388,#3389,#3390);
#3388 = CARTESIAN_POINT('',(-5.369017187629,-2.599969905645,
    10.700000153526));
#3389 = DIRECTION('',(-1.,-1.047444401653E-14,-3.491481338843E-15));
#3390 = DIRECTION('',(1.047444401653E-14,-1.,2.307979519128E-31));
#3391 = ORIENTED_EDGE('',*,*,#3363,.F.);
#3392 = ORIENTED_EDGE('',*,*,#3393,.F.);
#3393 = EDGE_CURVE('',#3322,#3356,#3394,.T.);
#3394 = CIRCLE('',#3395,5.999999898443);
#3395 = AXIS2_PLACEMENT_3D('',#3396,#3397,#3398);
#3396 = CARTESIAN_POINT('',(-8.969017126695,-2.599969905645,
    10.700000153526));
#3397 = DIRECTION('',(-1.,-1.047444401653E-14,-3.491481338843E-15));
#3398 = DIRECTION('',(1.047444401653E-14,-1.,2.307979519128E-31));
#3399 = ORIENTED_EDGE('',*,*,#3321,.T.);
#3400 = CYLINDRICAL_SURFACE('',#3401,5.999999898443);
#3401 = AXIS2_PLACEMENT_3D('',#3402,#3403,#3404);
#3402 = CARTESIAN_POINT('',(-8.969017126695,-2.599969905645,
    10.700000153526));
#3403 = DIRECTION('',(1.,1.047444401653E-14,3.491481338843E-15));
#3404 = DIRECTION('',(-1.047444401653E-14,1.,-2.307979519128E-31));
#3405 = ADVANCED_FACE('',(#3406),#3422,.T.);
#3406 = FACE_BOUND('',#3407,.T.);
#3407 = EDGE_LOOP('',(#3408,#3409,#3410,#3411,#3412,#3413,#3414,#3420,
    #3421));
#3408 = ORIENTED_EDGE('',*,*,#3140,.T.);
#3409 = ORIENTED_EDGE('',*,*,#3220,.T.);
#3410 = ORIENTED_EDGE('',*,*,#3090,.T.);
#3411 = ORIENTED_EDGE('',*,*,#3329,.T.);
#3412 = ORIENTED_EDGE('',*,*,#3393,.T.);
#3413 = ORIENTED_EDGE('',*,*,#3355,.T.);
#3414 = ORIENTED_EDGE('',*,*,#3415,.T.);
#3415 = EDGE_CURVE('',#3346,#3196,#3416,.T.);
#3416 = LINE('',#3417,#3418);
#3417 = CARTESIAN_POINT('',(-8.969017126695,5.150029963177,
    14.200000094284));
#3418 = VECTOR('',#3419,1.);
#3419 = DIRECTION('',(1.047444401653E-14,-1.,0.));
#3420 = ORIENTED_EDGE('',*,*,#3203,.F.);
#3421 = ORIENTED_EDGE('',*,*,#3163,.T.);
#3422 = PLANE('',#3423);
#3423 = AXIS2_PLACEMENT_3D('',#3424,#3425,#3426);
#3424 = CARTESIAN_POINT('',(-8.969017126695,-2.39996990903,
    12.800000117981));
#3425 = DIRECTION('',(-1.,-1.047444401653E-14,-3.491481338843E-15));
#3426 = DIRECTION('',(1.047444401653E-14,-1.,0.));
#3427 = ADVANCED_FACE('',(#3428),#3444,.F.);
#3428 = FACE_BOUND('',#3429,.T.);
#3429 = EDGE_LOOP('',(#3430,#3431,#3432,#3433,#3434,#3440,#3441,#3442,
    #3443));
#3430 = ORIENTED_EDGE('',*,*,#3236,.F.);
#3431 = ORIENTED_EDGE('',*,*,#3115,.F.);
#3432 = ORIENTED_EDGE('',*,*,#3154,.F.);
#3433 = ORIENTED_EDGE('',*,*,#3186,.T.);
#3434 = ORIENTED_EDGE('',*,*,#3435,.F.);
#3435 = EDGE_CURVE('',#3348,#3187,#3436,.T.);
#3436 = LINE('',#3437,#3438);
#3437 = CARTESIAN_POINT('',(-5.369017187629,5.150029963177,
    14.200000094284));
#3438 = VECTOR('',#3439,1.);
#3439 = DIRECTION('',(1.047444401653E-14,-1.,0.));
#3440 = ORIENTED_EDGE('',*,*,#3371,.F.);
#3441 = ORIENTED_EDGE('',*,*,#3385,.F.);
#3442 = ORIENTED_EDGE('',*,*,#3313,.F.);
#3443 = ORIENTED_EDGE('',*,*,#2832,.F.);
#3444 = PLANE('',#3445);
#3445 = AXIS2_PLACEMENT_3D('',#3446,#3447,#3448);
#3446 = CARTESIAN_POINT('',(-5.369017187629,-2.39996990903,
    12.800000117981));
#3447 = DIRECTION('',(-1.,-1.047444401653E-14,-3.491481338843E-15));
#3448 = DIRECTION('',(1.047444401653E-14,-1.,0.));
#3449 = ADVANCED_FACE('',(#3450,#3456),#3534,.T.);
#3450 = FACE_BOUND('',#3451,.T.);
#3451 = EDGE_LOOP('',(#3452,#3453,#3454,#3455));
#3452 = ORIENTED_EDGE('',*,*,#3415,.F.);
#3453 = ORIENTED_EDGE('',*,*,#3345,.T.);
#3454 = ORIENTED_EDGE('',*,*,#3435,.T.);
#3455 = ORIENTED_EDGE('',*,*,#3195,.F.);
#3456 = FACE_BOUND('',#3457,.T.);
#3457 = EDGE_LOOP('',(#3458,#3469,#3477,#3486,#3494,#3502,#3510,#3518,
    #3527));
#3458 = ORIENTED_EDGE('',*,*,#3459,.F.);
#3459 = EDGE_CURVE('',#3460,#3462,#3464,.T.);
#3460 = VERTEX_POINT('',#3461);
#3461 = CARTESIAN_POINT('',(-7.843638270867,4.500029974179,
    14.200000094284));
#3462 = VERTEX_POINT('',#3463);
#3463 = CARTESIAN_POINT('',(-8.069017141929,5.150029963177,
    14.200000094284));
#3464 = CIRCLE('',#3465,1.049999982228);
#3465 = AXIS2_PLACEMENT_3D('',#3466,#3467,#3468);
#3466 = CARTESIAN_POINT('',(-7.019017159701,5.150029963177,
    14.200000094284));
#3467 = DIRECTION('',(3.491481338843E-15,3.657132581847E-29,-1.));
#3468 = DIRECTION('',(1.,9.91270557701E-15,3.491481338843E-15));
#3469 = ORIENTED_EDGE('',*,*,#3470,.T.);
#3470 = EDGE_CURVE('',#3460,#3471,#3473,.T.);
#3471 = VERTEX_POINT('',#3472);
#3472 = CARTESIAN_POINT('',(-8.919017127542,4.500029974179,
    14.200000094284));
#3473 = LINE('',#3474,#3475);
#3474 = CARTESIAN_POINT('',(-5.219017190168,4.500029974179,
    14.200000094284));
#3475 = VECTOR('',#3476,1.);
#3476 = DIRECTION('',(-1.,-1.047444401653E-14,-3.491481338843E-15));
#3477 = ORIENTED_EDGE('',*,*,#3478,.T.);
#3478 = EDGE_CURVE('',#3471,#3479,#3481,.T.);
#3479 = VERTEX_POINT('',#3480);
#3480 = CARTESIAN_POINT('',(-9.119017124156,4.300029977565,
    14.200000094284));
#3481 = CIRCLE('',#3482,0.199999996615);
#3482 = AXIS2_PLACEMENT_3D('',#3483,#3484,#3485);
#3483 = CARTESIAN_POINT('',(-8.919017127542,4.300029977565,
    14.200000094284));
#3484 = DIRECTION('',(-3.491481338843E-15,-3.657132581847E-29,1.));
#3485 = DIRECTION('',(8.673617379884E-15,-1.,-6.287552596341E-30));
#3486 = ORIENTED_EDGE('',*,*,#3487,.T.);
#3487 = EDGE_CURVE('',#3479,#3488,#3490,.T.);
#3488 = VERTEX_POINT('',#3489);
#3489 = CARTESIAN_POINT('',(-9.119017124156,-8.108216219817,
    14.200000094284));
#3490 = LINE('',#3491,#3492);
#3491 = CARTESIAN_POINT('',(-9.119017124156,4.300029977565,
    14.200000094284));
#3492 = VECTOR('',#3493,1.);
#3493 = DIRECTION('',(1.047444401653E-14,-1.,0.));
#3494 = ORIENTED_EDGE('',*,*,#3495,.T.);
#3495 = EDGE_CURVE('',#3488,#3496,#3498,.T.);
#3496 = VERTEX_POINT('',#3497);
#3497 = CARTESIAN_POINT('',(-5.219017190168,-8.108216219817,
    14.200000094284));
#3498 = LINE('',#3499,#3500);
#3499 = CARTESIAN_POINT('',(-10.21901710553,-8.108216219817,
    14.200000094284));
#3500 = VECTOR('',#3501,1.);
#3501 = DIRECTION('',(1.,1.047444401653E-14,3.491481338843E-15));
#3502 = ORIENTED_EDGE('',*,*,#3503,.T.);
#3503 = EDGE_CURVE('',#3496,#3504,#3506,.T.);
#3504 = VERTEX_POINT('',#3505);
#3505 = CARTESIAN_POINT('',(-5.219017190168,4.500029974179,
    14.200000094284));
#3506 = LINE('',#3507,#3508);
#3507 = CARTESIAN_POINT('',(-5.219017190168,-9.29996979224,
    14.200000094284));
#3508 = VECTOR('',#3509,1.);
#3509 = DIRECTION('',(-1.047444401653E-14,1.,0.));
#3510 = ORIENTED_EDGE('',*,*,#3511,.T.);
#3511 = EDGE_CURVE('',#3504,#3512,#3514,.T.);
#3512 = VERTEX_POINT('',#3513);
#3513 = CARTESIAN_POINT('',(-6.194396048535,4.500029974179,
    14.200000094284));
#3514 = LINE('',#3515,#3516);
#3515 = CARTESIAN_POINT('',(-5.219017190168,4.500029974179,
    14.200000094284));
#3516 = VECTOR('',#3517,1.);
#3517 = DIRECTION('',(-1.,-1.047444401653E-14,-3.491481338843E-15));
#3518 = ORIENTED_EDGE('',*,*,#3519,.F.);
#3519 = EDGE_CURVE('',#3520,#3512,#3522,.T.);
#3520 = VERTEX_POINT('',#3521);
#3521 = CARTESIAN_POINT('',(-5.969017177474,5.150029963177,
    14.200000094284));
#3522 = CIRCLE('',#3523,1.049999982228);
#3523 = AXIS2_PLACEMENT_3D('',#3524,#3525,#3526);
#3524 = CARTESIAN_POINT('',(-7.019017159701,5.150029963177,
    14.200000094284));
#3525 = DIRECTION('',(3.491481338843E-15,3.657132581847E-29,-1.));
#3526 = DIRECTION('',(1.,9.91270557701E-15,3.491481338843E-15));
#3527 = ORIENTED_EDGE('',*,*,#3528,.F.);
#3528 = EDGE_CURVE('',#3462,#3520,#3529,.T.);
#3529 = CIRCLE('',#3530,1.049999982228);
#3530 = AXIS2_PLACEMENT_3D('',#3531,#3532,#3533);
#3531 = CARTESIAN_POINT('',(-7.019017159701,5.150029963177,
    14.200000094284));
#3532 = DIRECTION('',(3.491481338843E-15,3.657132581847E-29,-1.));
#3533 = DIRECTION('',(1.,9.91270557701E-15,3.491481338843E-15));
#3534 = PLANE('',#3535);
#3535 = AXIS2_PLACEMENT_3D('',#3536,#3537,#3538);
#3536 = CARTESIAN_POINT('',(-5.969017177474,5.150029963177,
    14.200000094284));
#3537 = DIRECTION('',(-3.491481338843E-15,-3.657132581847E-29,1.));
#3538 = DIRECTION('',(1.047444401653E-14,-1.,2.129973665774E-43));
#3539 = ADVANCED_FACE('',(#3540),#3576,.T.);
#3540 = FACE_BOUND('',#3541,.T.);
#3541 = EDGE_LOOP('',(#3542,#3553,#3561,#3570));
#3542 = ORIENTED_EDGE('',*,*,#3543,.T.);
#3543 = EDGE_CURVE('',#3544,#3546,#3548,.T.);
#3544 = VERTEX_POINT('',#3545);
#3545 = CARTESIAN_POINT('',(9.866095070209,-11.33659282274,
    15.608963888156));
#3546 = VERTEX_POINT('',#3547);
#3547 = CARTESIAN_POINT('',(10.030982551708,-10.199969777,
    14.655223909686));
#3548 = ( BOUNDED_CURVE() B_SPLINE_CURVE(3,(#3549,#3550,#3551,#3552),
.UNSPECIFIED.,.F.,.F.) B_SPLINE_CURVE_WITH_KNOTS((4,4),(1.282670544545,
1.570796326795),.PIECEWISE_BEZIER_KNOTS.) CURVE() 
GEOMETRIC_REPRESENTATION_ITEM() RATIONAL_B_SPLINE_CURVE((1.,
0.993093917675,0.993093917675,1.)) REPRESENTATION_ITEM('') );
#3549 = CARTESIAN_POINT('',(9.866095070209,-11.33659282274,
    15.608963888156));
#3550 = CARTESIAN_POINT('',(9.975637842759,-10.96698140894,
    15.298823087152));
#3551 = CARTESIAN_POINT('',(10.030982551708,-10.58547232723,
    14.978698957401));
#3552 = CARTESIAN_POINT('',(10.030982551708,-10.199969777,
    14.655223909686));
#3553 = ORIENTED_EDGE('',*,*,#3554,.F.);
#3554 = EDGE_CURVE('',#3555,#3546,#3557,.T.);
#3555 = VERTEX_POINT('',#3556);
#3556 = CARTESIAN_POINT('',(10.030982551708,-10.199969777,
    16.700000051969));
#3557 = LINE('',#3558,#3559);
#3558 = CARTESIAN_POINT('',(10.030982551708,-10.199969777,
    16.300000058739));
#3559 = VECTOR('',#3560,1.);
#3560 = DIRECTION('',(3.491481338843E-15,3.657132581847E-29,-1.));
#3561 = ORIENTED_EDGE('',*,*,#3562,.F.);
#3562 = EDGE_CURVE('',#3563,#3555,#3565,.T.);
#3563 = VERTEX_POINT('',#3564);
#3564 = CARTESIAN_POINT('',(9.866095070209,-11.33659282274,
    16.700000051969));
#3565 = CIRCLE('',#3566,3.999999932295);
#3566 = AXIS2_PLACEMENT_3D('',#3567,#3568,#3569);
#3567 = CARTESIAN_POINT('',(6.030982619413,-10.199969777,16.700000051969
    ));
#3568 = DIRECTION('',(-3.491481338843E-15,-3.657132581847E-29,1.));
#3569 = DIRECTION('',(1.040834085586E-14,-1.,-2.307979519176E-31));
#3570 = ORIENTED_EDGE('',*,*,#3571,.F.);
#3571 = EDGE_CURVE('',#3544,#3563,#3572,.T.);
#3572 = LINE('',#3573,#3574);
#3573 = CARTESIAN_POINT('',(9.866095070209,-11.33659282274,
    13.700000102747));
#3574 = VECTOR('',#3575,1.);
#3575 = DIRECTION('',(-3.491481338843E-15,-3.657132581847E-29,1.));
#3576 = CYLINDRICAL_SURFACE('',#3577,3.999999932295);
#3577 = AXIS2_PLACEMENT_3D('',#3578,#3579,#3580);
#3578 = CARTESIAN_POINT('',(6.030982619413,-10.199969777,13.700000102747
    ));
#3579 = DIRECTION('',(-3.491481338843E-15,-3.657132581847E-29,1.));
#3580 = DIRECTION('',(-1.,-1.046255096449E-14,-3.491481338843E-15));
#3581 = ADVANCED_FACE('',(#3582),#3618,.T.);
#3582 = FACE_BOUND('',#3583,.T.);
#3583 = EDGE_LOOP('',(#3584,#3593,#3594,#3603,#3612));
#3584 = ORIENTED_EDGE('',*,*,#3585,.T.);
#3585 = EDGE_CURVE('',#3586,#3544,#3588,.T.);
#3586 = VERTEX_POINT('',#3587);
#3587 = CARTESIAN_POINT('',(9.176400595034,-12.01555385701,
    16.178679841593));
#3588 = ( BOUNDED_CURVE() B_SPLINE_CURVE(3,(#3589,#3590,#3591,#3592),
.UNSPECIFIED.,.F.,.F.) B_SPLINE_CURVE_WITH_KNOTS((4,4),(0.272441454384,
1.282670544545),.PIECEWISE_BEZIER_KNOTS.) CURVE() 
GEOMETRIC_REPRESENTATION_ITEM() RATIONAL_B_SPLINE_CURVE((1.,
0.916746033949,0.916746033949,1.)) REPRESENTATION_ITEM('') );
#3589 = CARTESIAN_POINT('',(9.176400595034,-12.01555385701,
    16.178679841593));
#3590 = CARTESIAN_POINT('',(9.51532369976,-11.92086268117,
    16.099224510866));
#3591 = CARTESIAN_POINT('',(9.766099977899,-11.67398913454,
    15.892073008945));
#3592 = CARTESIAN_POINT('',(9.866095070209,-11.33659282274,
    15.608963888156));
#3593 = ORIENTED_EDGE('',*,*,#3571,.T.);
#3594 = ORIENTED_EDGE('',*,*,#3595,.F.);
#3595 = EDGE_CURVE('',#3596,#3563,#3598,.T.);
#3596 = VERTEX_POINT('',#3597);
#3597 = CARTESIAN_POINT('',(9.348264849646,-11.94996974738,
    16.700000051969));
#3598 = CIRCLE('',#3599,0.999999983074);
#3599 = AXIS2_PLACEMENT_3D('',#3600,#3601,#3602);
#3600 = CARTESIAN_POINT('',(8.90731695751,-11.05243706131,
    16.700000051969));
#3601 = DIRECTION('',(-3.491481338843E-15,-3.657132581847E-29,1.));
#3602 = DIRECTION('',(1.040834085586E-14,-1.,-2.307979519176E-31));
#3603 = ORIENTED_EDGE('',*,*,#3604,.T.);
#3604 = EDGE_CURVE('',#3596,#3605,#3607,.T.);
#3605 = VERTEX_POINT('',#3606);
#3606 = CARTESIAN_POINT('',(9.176400595034,-12.01555385701,
    16.691244170011));
#3607 = B_SPLINE_CURVE_WITH_KNOTS('',3,(#3608,#3609,#3610,#3611),
  .UNSPECIFIED.,.F.,.F.,(4,4),(0.,1.),.PIECEWISE_BEZIER_KNOTS.);
#3608 = CARTESIAN_POINT('',(9.348264849646,-11.94996974738,
    16.700000051969));
#3609 = CARTESIAN_POINT('',(9.309659262002,-11.96893624605,
    16.700000051969));
#3610 = CARTESIAN_POINT('',(9.25325316665,-11.99408214183,16.69708142465
    ));
#3611 = CARTESIAN_POINT('',(9.176400595034,-12.01555385701,
    16.691244170011));
#3612 = ORIENTED_EDGE('',*,*,#3613,.F.);
#3613 = EDGE_CURVE('',#3586,#3605,#3614,.T.);
#3614 = LINE('',#3615,#3616);
#3615 = CARTESIAN_POINT('',(9.176400595034,-12.01555385701,
    13.700000102747));
#3616 = VECTOR('',#3617,1.);
#3617 = DIRECTION('',(-3.491481338843E-15,-3.657132581847E-29,1.));
#3618 = CYLINDRICAL_SURFACE('',#3619,0.999999983074);
#3619 = AXIS2_PLACEMENT_3D('',#3620,#3621,#3622);
#3620 = CARTESIAN_POINT('',(8.90731695751,-11.05243706131,
    13.700000102747));
#3621 = DIRECTION('',(-3.491481338843E-15,-3.657132581847E-29,1.));
#3622 = DIRECTION('',(-1.,-1.040834085586E-14,-3.491481338843E-15));
#3623 = ADVANCED_FACE('',(#3624),#3673,.T.);
#3624 = FACE_BOUND('',#3625,.T.);
#3625 = EDGE_LOOP('',(#3626,#3645,#3665,#3672));
#3626 = ORIENTED_EDGE('',*,*,#3627,.T.);
#3627 = EDGE_CURVE('',#3605,#3628,#3630,.T.);
#3628 = VERTEX_POINT('',#3629);
#3629 = CARTESIAN_POINT('',(7.830982588946,-12.19996974315,16.4500000562
    ));
#3630 = B_SPLINE_CURVE_WITH_KNOTS('',3,(#3631,#3632,#3633,#3634,#3635,
    #3636,#3637,#3638,#3639,#3640,#3641,#3642,#3643,#3644),
  .UNSPECIFIED.,.F.,.F.,(4,2,1,1,1,1,2,2,4),(0.,0.25,0.375,0.4375,
    0.46875,0.484375,0.4921875,0.5,1.),.UNSPECIFIED.);
#3631 = CARTESIAN_POINT('',(9.176400595034,-12.01555385701,
    16.691244170011));
#3632 = CARTESIAN_POINT('',(9.078996671467,-12.04276737708,
    16.683845960556));
#3633 = CARTESIAN_POINT('',(8.974462424978,-12.06879883365,
    16.672187743385));
#3634 = CARTESIAN_POINT('',(8.806841068907,-12.10414764861,
    16.648310406054));
#3635 = CARTESIAN_POINT('',(8.720328211626,-12.12089335451,
    16.634774234495));
#3636 = CARTESIAN_POINT('',(8.614676254907,-12.13834117518,
    16.61618640428));
#3637 = CARTESIAN_POINT('',(8.560674482215,-12.14648186546,
    16.606193581656));
#3638 = CARTESIAN_POINT('',(8.533380298545,-12.15039870136,
    16.601022443465));
#3639 = CARTESIAN_POINT('',(8.521620021875,-12.15204361643,
    16.598768799909));
#3640 = CARTESIAN_POINT('',(8.513765898197,-12.15313263801,
    16.597258050544));
#3641 = CARTESIAN_POINT('',(8.507732952442,-12.15395928633,
    16.59609178342));
#3642 = CARTESIAN_POINT('',(8.387997628128,-12.17027063891,
    16.572889205823));
#3643 = CARTESIAN_POINT('',(8.163316931242,-12.19996974315,
    16.524310950994));
#3644 = CARTESIAN_POINT('',(7.830982588946,-12.19996974315,16.4500000562
    ));
#3645 = ORIENTED_EDGE('',*,*,#3646,.T.);
#3646 = EDGE_CURVE('',#3628,#3647,#3649,.T.);
#3647 = VERTEX_POINT('',#3648);
#3648 = CARTESIAN_POINT('',(8.771756686477,-12.11066664708,
    16.258488948662));
#3649 = B_SPLINE_CURVE_WITH_KNOTS('',3,(#3650,#3651,#3652,#3653,#3654,
    #3655,#3656,#3657,#3658,#3659,#3660,#3661,#3662,#3663,#3664),
  .UNSPECIFIED.,.F.,.F.,(4,2,2,1,1,1,2,2,4),(0.,0.25,0.375,0.4375,
    0.46875,0.484375,0.4921875,0.5,1.),.UNSPECIFIED.);
#3650 = CARTESIAN_POINT('',(7.830982588946,-12.19996974315,16.4500000562
    ));
#3651 = CARTESIAN_POINT('',(7.940013626719,-12.19996974315,
    16.425620412857));
#3652 = CARTESIAN_POINT('',(8.033804598301,-12.19647262576,
    16.404827430739));
#3653 = CARTESIAN_POINT('',(8.151516571816,-12.18983972343,
    16.379017949403));
#3654 = CARTESIAN_POINT('',(8.186929248614,-12.18738453744,
    16.371311454263));
#3655 = CARTESIAN_POINT('',(8.234323629036,-12.18369998182,
    16.361096709515));
#3656 = CARTESIAN_POINT('',(8.256589832161,-12.18185602908,
    16.35632558663));
#3657 = CARTESIAN_POINT('',(8.280066776023,-12.17976857467,
    16.351347713206));
#3658 = CARTESIAN_POINT('',(8.291180710227,-12.17874818021,
    16.349005885645));
#3659 = CARTESIAN_POINT('',(8.295810052024,-12.17831663564,
    16.348033768652));
#3660 = CARTESIAN_POINT('',(8.298866558936,-12.17803030355,
    16.347392695854));
#3661 = CARTESIAN_POINT('',(8.299140958908,-12.17800502808,
    16.347334890426));
#3662 = CARTESIAN_POINT('',(8.477080323669,-12.16117202612,
    16.310105518159));
#3663 = CARTESIAN_POINT('',(8.633704236787,-12.13711425188,
    16.280681124095));
#3664 = CARTESIAN_POINT('',(8.771756686477,-12.11066664708,
    16.258488948662));
#3665 = ORIENTED_EDGE('',*,*,#3666,.T.);
#3666 = EDGE_CURVE('',#3647,#3586,#3667,.T.);
#3667 = ( BOUNDED_CURVE() B_SPLINE_CURVE(3,(#3668,#3669,#3670,#3671),
.UNSPECIFIED.,.F.,.F.) B_SPLINE_CURVE_WITH_KNOTS((4,4),(0.189283074568,
0.272441416687),.PIECEWISE_BEZIER_KNOTS.) CURVE() 
GEOMETRIC_REPRESENTATION_ITEM() RATIONAL_B_SPLINE_CURVE((1.,
0.999423807197,0.999423807197,1.)) REPRESENTATION_ITEM('') );
#3668 = CARTESIAN_POINT('',(8.771756686477,-12.11066664708,
    16.258488948662));
#3669 = CARTESIAN_POINT('',(8.907917725074,-12.0845813922,
    16.236600820907));
#3670 = CARTESIAN_POINT('',(9.042876790369,-12.05285885054,
    16.209982447903));
#3671 = CARTESIAN_POINT('',(9.176400595034,-12.01555385701,
    16.178679841593));
#3672 = ORIENTED_EDGE('',*,*,#3613,.T.);
#3673 = CYLINDRICAL_SURFACE('',#3674,4.999999915369);
#3674 = AXIS2_PLACEMENT_3D('',#3675,#3676,#3677);
#3675 = CARTESIAN_POINT('',(7.830982588946,-7.199969827785,
    13.700000102747));
#3676 = DIRECTION('',(-3.491481338843E-15,-3.657132581847E-29,1.));
#3677 = DIRECTION('',(-1.,-1.049507702966E-14,-3.491481338843E-15));
#3678 = ADVANCED_FACE('',(#3679),#3731,.F.);
#3679 = FACE_BOUND('',#3680,.T.);
#3680 = EDGE_LOOP('',(#3681,#3689,#3690,#3698,#3707,#3715,#3724));
#3681 = ORIENTED_EDGE('',*,*,#3682,.F.);
#3682 = EDGE_CURVE('',#3555,#3683,#3685,.T.);
#3683 = VERTEX_POINT('',#3684);
#3684 = CARTESIAN_POINT('',(10.030982551708,-6.770833851753,
    16.700000051969));
#3685 = LINE('',#3686,#3687);
#3686 = CARTESIAN_POINT('',(10.030982551708,-11.94996974738,
    16.700000051969));
#3687 = VECTOR('',#3688,1.);
#3688 = DIRECTION('',(-1.047444401653E-14,1.,0.));
#3689 = ORIENTED_EDGE('',*,*,#3554,.T.);
#3690 = ORIENTED_EDGE('',*,*,#3691,.F.);
#3691 = EDGE_CURVE('',#3692,#3546,#3694,.T.);
#3692 = VERTEX_POINT('',#3693);
#3693 = CARTESIAN_POINT('',(10.030982551708,-9.411456036121,
    13.99358232053));
#3694 = LINE('',#3695,#3696);
#3695 = CARTESIAN_POINT('',(10.030982551708,-9.411456036121,
    13.99358232053));
#3696 = VECTOR('',#3697,1.);
#3697 = DIRECTION('',(5.779608689561E-15,-0.766044443119,0.642787609687)
  );
#3698 = ORIENTED_EDGE('',*,*,#3699,.F.);
#3699 = EDGE_CURVE('',#3700,#3692,#3702,.T.);
#3700 = VERTEX_POINT('',#3701);
#3701 = CARTESIAN_POINT('',(10.030982551708,-8.897225957075,
    13.99358232053));
#3702 = CIRCLE('',#3703,0.39999999323);
#3703 = AXIS2_PLACEMENT_3D('',#3704,#3705,#3706);
#3704 = CARTESIAN_POINT('',(10.030982551708,-9.154340996598,
    14.300000092592));
#3705 = DIRECTION('',(-1.,-1.047444401653E-14,-3.491481338843E-15));
#3706 = DIRECTION('',(1.047444401653E-14,-1.,6.287552596339E-30));
#3707 = ORIENTED_EDGE('',*,*,#3708,.F.);
#3708 = EDGE_CURVE('',#3709,#3700,#3711,.T.);
#3709 = VERTEX_POINT('',#3710);
#3710 = CARTESIAN_POINT('',(10.030982551708,-6.51371881223,
    15.993582286678));
#3711 = LINE('',#3712,#3713);
#3712 = CARTESIAN_POINT('',(10.030982551708,-6.51371881223,
    15.993582286678));
#3713 = VECTOR('',#3714,1.);
#3714 = DIRECTION('',(1.026817057768E-14,-0.766044443119,-0.642787609687
    ));
#3715 = ORIENTED_EDGE('',*,*,#3716,.F.);
#3716 = EDGE_CURVE('',#3717,#3709,#3719,.T.);
#3717 = VERTEX_POINT('',#3718);
#3718 = CARTESIAN_POINT('',(10.030982551708,-6.370833858524,
    16.300000058739));
#3719 = CIRCLE('',#3720,0.39999999323);
#3720 = AXIS2_PLACEMENT_3D('',#3721,#3722,#3723);
#3721 = CARTESIAN_POINT('',(10.030982551708,-6.770833851753,
    16.300000058739));
#3722 = DIRECTION('',(-1.,-1.047444401653E-14,-3.491481338843E-15));
#3723 = DIRECTION('',(1.047444401653E-14,-1.,6.287552596339E-30));
#3724 = ORIENTED_EDGE('',*,*,#3725,.F.);
#3725 = EDGE_CURVE('',#3683,#3717,#3726,.T.);
#3726 = CIRCLE('',#3727,0.39999999323);
#3727 = AXIS2_PLACEMENT_3D('',#3728,#3729,#3730);
#3728 = CARTESIAN_POINT('',(10.030982551708,-6.770833851753,
    16.300000058739));
#3729 = DIRECTION('',(-1.,-1.047444401653E-14,-3.491481338843E-15));
#3730 = DIRECTION('',(1.047444401653E-14,-1.,6.287552596339E-30));
#3731 = PLANE('',#3732);
#3732 = AXIS2_PLACEMENT_3D('',#3733,#3734,#3735);
#3733 = CARTESIAN_POINT('',(10.030982551708,-6.770833851753,
    16.300000058739));
#3734 = DIRECTION('',(-1.,-1.047444401653E-14,-3.491481338843E-15));
#3735 = DIRECTION('',(1.047444401653E-14,-1.,0.));
#3736 = ADVANCED_FACE('',(#3737),#3763,.T.);
#3737 = FACE_BOUND('',#3738,.T.);
#3738 = EDGE_LOOP('',(#3739,#3747,#3756,#3762));
#3739 = ORIENTED_EDGE('',*,*,#3740,.F.);
#3740 = EDGE_CURVE('',#3741,#3717,#3743,.T.);
#3741 = VERTEX_POINT('',#3742);
#3742 = CARTESIAN_POINT('',(9.630982558478,-6.370833858524,
    16.300000058739));
#3743 = LINE('',#3744,#3745);
#3744 = CARTESIAN_POINT('',(5.630982626183,-6.370833858524,
    16.300000058739));
#3745 = VECTOR('',#3746,1.);
#3746 = DIRECTION('',(1.,1.047444401653E-14,3.491481338843E-15));
#3747 = ORIENTED_EDGE('',*,*,#3748,.T.);
#3748 = EDGE_CURVE('',#3741,#3749,#3751,.T.);
#3749 = VERTEX_POINT('',#3750);
#3750 = CARTESIAN_POINT('',(9.630982558478,-6.770833851753,
    16.700000051969));
#3751 = CIRCLE('',#3752,0.39999999323);
#3752 = AXIS2_PLACEMENT_3D('',#3753,#3754,#3755);
#3753 = CARTESIAN_POINT('',(9.630982558478,-6.770833851753,
    16.300000058739));
#3754 = DIRECTION('',(1.,1.047444401653E-14,3.491481338843E-15));
#3755 = DIRECTION('',(1.047444401653E-14,-1.,6.287552596339E-30));
#3756 = ORIENTED_EDGE('',*,*,#3757,.T.);
#3757 = EDGE_CURVE('',#3749,#3683,#3758,.T.);
#3758 = LINE('',#3759,#3760);
#3759 = CARTESIAN_POINT('',(5.630982626183,-6.770833851753,
    16.700000051969));
#3760 = VECTOR('',#3761,1.);
#3761 = DIRECTION('',(1.,1.047444401653E-14,3.491481338843E-15));
#3762 = ORIENTED_EDGE('',*,*,#3725,.T.);
#3763 = CYLINDRICAL_SURFACE('',#3764,0.39999999323);
#3764 = AXIS2_PLACEMENT_3D('',#3765,#3766,#3767);
#3765 = CARTESIAN_POINT('',(5.630982626183,-6.770833851753,
    16.300000058739));
#3766 = DIRECTION('',(1.,1.047444401653E-14,3.491481338843E-15));
#3767 = DIRECTION('',(-1.047444401653E-14,1.,1.283390709194E-30));
#3768 = ADVANCED_FACE('',(#3769),#3795,.T.);
#3769 = FACE_BOUND('',#3770,.T.);
#3770 = EDGE_LOOP('',(#3771,#3779,#3780,#3788));
#3771 = ORIENTED_EDGE('',*,*,#3772,.T.);
#3772 = EDGE_CURVE('',#3773,#3700,#3775,.T.);
#3773 = VERTEX_POINT('',#3774);
#3774 = CARTESIAN_POINT('',(5.630982626183,-8.897225957075,
    13.99358232053));
#3775 = LINE('',#3776,#3777);
#3776 = CARTESIAN_POINT('',(6.030982619413,-8.897225957075,
    13.99358232053));
#3777 = VECTOR('',#3778,1.);
#3778 = DIRECTION('',(1.,1.047444401653E-14,3.491481338843E-15));
#3779 = ORIENTED_EDGE('',*,*,#3699,.T.);
#3780 = ORIENTED_EDGE('',*,*,#3781,.F.);
#3781 = EDGE_CURVE('',#3782,#3692,#3784,.T.);
#3782 = VERTEX_POINT('',#3783);
#3783 = CARTESIAN_POINT('',(5.630982626183,-9.411456036121,
    13.99358232053));
#3784 = LINE('',#3785,#3786);
#3785 = CARTESIAN_POINT('',(6.030982619413,-9.411456036121,
    13.99358232053));
#3786 = VECTOR('',#3787,1.);
#3787 = DIRECTION('',(1.,1.047444401653E-14,3.491481338843E-15));
#3788 = ORIENTED_EDGE('',*,*,#3789,.F.);
#3789 = EDGE_CURVE('',#3773,#3782,#3790,.T.);
#3790 = CIRCLE('',#3791,0.39999999323);
#3791 = AXIS2_PLACEMENT_3D('',#3792,#3793,#3794);
#3792 = CARTESIAN_POINT('',(5.630982626183,-9.154340996598,
    14.300000092592));
#3793 = DIRECTION('',(-1.,-1.047444401653E-14,-3.491481338843E-15));
#3794 = DIRECTION('',(1.047444401653E-14,-1.,-1.283390709194E-30));
#3795 = CYLINDRICAL_SURFACE('',#3796,0.39999999323);
#3796 = AXIS2_PLACEMENT_3D('',#3797,#3798,#3799);
#3797 = CARTESIAN_POINT('',(6.030982619413,-9.154340996598,
    14.300000092592));
#3798 = DIRECTION('',(1.,1.047444401653E-14,3.491481338843E-15));
#3799 = DIRECTION('',(-1.047444401653E-14,1.,1.283390709194E-30));
#3800 = ADVANCED_FACE('',(#3801),#3857,.T.);
#3801 = FACE_BOUND('',#3802,.T.);
#3802 = EDGE_LOOP('',(#3803,#3814,#3831,#3851));
#3803 = ORIENTED_EDGE('',*,*,#3804,.T.);
#3804 = EDGE_CURVE('',#3805,#3807,#3809,.T.);
#3805 = VERTEX_POINT('',#3806);
#3806 = CARTESIAN_POINT('',(6.485564628241,-12.01555386969,
    16.178679852232));
#3807 = VERTEX_POINT('',#3808);
#3808 = CARTESIAN_POINT('',(6.890208491415,-12.11066664708,
    16.258488948662));
#3809 = ( BOUNDED_CURVE() B_SPLINE_CURVE(3,(#3810,#3811,#3812,#3813),
.UNSPECIFIED.,.F.,.F.) B_SPLINE_CURVE_WITH_KNOTS((4,4),(6.010743899917,
6.093902232612),.PIECEWISE_BEZIER_KNOTS.) CURVE() 
GEOMETRIC_REPRESENTATION_ITEM() RATIONAL_B_SPLINE_CURVE((1.,
0.999423807327,0.999423807327,1.)) REPRESENTATION_ITEM('') );
#3810 = CARTESIAN_POINT('',(6.485564628241,-12.01555386969,
    16.178679852232));
#3811 = CARTESIAN_POINT('',(6.619088418117,-12.05285885773,
    16.209982453937));
#3812 = CARTESIAN_POINT('',(6.754047468257,-12.08458139515,
    16.236600823389));
#3813 = CARTESIAN_POINT('',(6.890208491415,-12.11066664708,
    16.258488948662));
#3814 = ORIENTED_EDGE('',*,*,#3815,.T.);
#3815 = EDGE_CURVE('',#3807,#3628,#3816,.T.);
#3816 = B_SPLINE_CURVE_WITH_KNOTS('',3,(#3817,#3818,#3819,#3820,#3821,
    #3822,#3823,#3824,#3825,#3826,#3827,#3828,#3829,#3830),
  .UNSPECIFIED.,.F.,.F.,(4,2,1,1,1,1,2,2,4),(0.,0.25,0.375,0.4375,
    0.46875,0.484375,0.4921875,0.5,1.),.UNSPECIFIED.);
#3817 = CARTESIAN_POINT('',(6.890208491415,-12.11066664708,
    16.258488948662));
#3818 = CARTESIAN_POINT('',(6.959223376486,-12.12388827705,
    16.26958321349));
#3819 = CARTESIAN_POINT('',(7.032874531041,-12.13649545903,
    16.28248644442));
#3820 = CARTESIAN_POINT('',(7.150343191464,-12.15358414673,
    16.304554739968));
#3821 = CARTESIAN_POINT('',(7.210824572323,-12.16167119746,
    16.31626725003));
#3822 = CARTESIAN_POINT('',(7.284440012441,-12.17009036832,
    16.331118979107));
#3823 = CARTESIAN_POINT('',(7.322009706264,-12.17401773629,
    16.338841627146));
#3824 = CARTESIAN_POINT('',(7.340984823614,-12.17590729401,
    16.342777147041));
#3825 = CARTESIAN_POINT('',(7.34915776178,-12.17670083369,
    16.344479697541));
#3826 = CARTESIAN_POINT('',(7.354615438444,-12.17722620124,
    16.345618264344));
#3827 = CARTESIAN_POINT('',(7.358588801838,-12.1776043591,
    16.346448745019));
#3828 = CARTESIAN_POINT('',(7.455951551493,-12.18681484132,
    16.366818824198));
#3829 = CARTESIAN_POINT('',(7.612878905988,-12.19996974315,
    16.401231465981));
#3830 = CARTESIAN_POINT('',(7.830982588946,-12.19996974315,16.4500000562
    ));
#3831 = ORIENTED_EDGE('',*,*,#3832,.T.);
#3832 = EDGE_CURVE('',#3628,#3833,#3835,.T.);
#3833 = VERTEX_POINT('',#3834);
#3834 = CARTESIAN_POINT('',(6.485564628241,-12.01555386969,
    16.691244166564));
#3835 = B_SPLINE_CURVE_WITH_KNOTS('',3,(#3836,#3837,#3838,#3839,#3840,
    #3841,#3842,#3843,#3844,#3845,#3846,#3847,#3848,#3849,#3850),
  .UNSPECIFIED.,.F.,.F.,(4,2,2,1,1,1,2,2,4),(0.,0.25,0.375,0.4375,
    0.46875,0.484375,0.4921875,0.5,1.),.UNSPECIFIED.);
#3836 = CARTESIAN_POINT('',(7.830982588946,-12.19996974315,16.4500000562
    ));
#3837 = CARTESIAN_POINT('',(7.664844141633,-12.19996974315,
    16.487149080866));
#3838 = CARTESIAN_POINT('',(7.525453762673,-12.19190148802,
    16.517868156509));
#3839 = CARTESIAN_POINT('',(7.356802432524,-12.17775396689,
    16.554301846438));
#3840 = CARTESIAN_POINT('',(7.307307325654,-12.17265721807,
    16.564838922491));
#3841 = CARTESIAN_POINT('',(7.243092630139,-12.16533473656,
    16.578233305688));
#3842 = CARTESIAN_POINT('',(7.21349176539,-12.16175035792,
    16.584327689566));
#3843 = CARTESIAN_POINT('',(7.183328792815,-12.15785864736,
    16.590382890578));
#3844 = CARTESIAN_POINT('',(7.16933825869,-12.15600178087,
    16.593146762706));
#3845 = CARTESIAN_POINT('',(7.163575895077,-12.1552267449,
    16.594274766109));
#3846 = CARTESIAN_POINT('',(7.159786204339,-12.15471484876,
    16.595014209883));
#3847 = CARTESIAN_POINT('',(7.160014821058,-12.15474704011,
    16.594971158234));
#3848 = CARTESIAN_POINT('',(6.903882926841,-12.1198546012,
    16.644608907527));
#3849 = CARTESIAN_POINT('',(6.680403907289,-12.06998968956,
    16.676445357743));
#3850 = CARTESIAN_POINT('',(6.485564628241,-12.01555386969,
    16.691244166564));
#3851 = ORIENTED_EDGE('',*,*,#3852,.F.);
#3852 = EDGE_CURVE('',#3805,#3833,#3853,.T.);
#3853 = LINE('',#3854,#3855);
#3854 = CARTESIAN_POINT('',(6.485564628241,-12.01555386969,
    13.700000102747));
#3855 = VECTOR('',#3856,1.);
#3856 = DIRECTION('',(-3.491481338843E-15,-3.657132581847E-29,1.));
#3857 = CYLINDRICAL_SURFACE('',#3858,4.999999915369);
#3858 = AXIS2_PLACEMENT_3D('',#3859,#3860,#3861);
#3859 = CARTESIAN_POINT('',(7.830982588946,-7.199969827785,
    13.700000102747));
#3860 = DIRECTION('',(-3.491481338843E-15,-3.657132581847E-29,1.));
#3861 = DIRECTION('',(-1.,-1.049507702966E-14,-3.491481338843E-15));
#3862 = ADVANCED_FACE('',(#3863),#3899,.T.);
#3863 = FACE_BOUND('',#3864,.T.);
#3864 = EDGE_LOOP('',(#3865,#3874,#3875,#3884,#3893));
#3865 = ORIENTED_EDGE('',*,*,#3866,.T.);
#3866 = EDGE_CURVE('',#3867,#3805,#3869,.T.);
#3867 = VERTEX_POINT('',#3868);
#3868 = CARTESIAN_POINT('',(5.79587009648,-11.33659278494,
    15.608963856438));
#3869 = ( BOUNDED_CURVE() B_SPLINE_CURVE(3,(#3870,#3871,#3872,#3873),
.UNSPECIFIED.,.F.,.F.) B_SPLINE_CURVE_WITH_KNOTS((4,4),(5.00051472321,
6.010743899917),.PIECEWISE_BEZIER_KNOTS.) CURVE() 
GEOMETRIC_REPRESENTATION_ITEM() RATIONAL_B_SPLINE_CURVE((1.,
0.916746019988,0.916746019988,1.)) REPRESENTATION_ITEM('') );
#3870 = CARTESIAN_POINT('',(5.79587009648,-11.33659278494,
    15.608963856438));
#3871 = CARTESIAN_POINT('',(5.895865184836,-11.67398913223,
    15.892073007002));
#3872 = CARTESIAN_POINT('',(6.146641487368,-11.92086270096,
    16.099224527479));
#3873 = CARTESIAN_POINT('',(6.485564628241,-12.01555386969,
    16.178679852232));
#3874 = ORIENTED_EDGE('',*,*,#3852,.T.);
#3875 = ORIENTED_EDGE('',*,*,#3876,.T.);
#3876 = EDGE_CURVE('',#3833,#3877,#3879,.T.);
#3877 = VERTEX_POINT('',#3878);
#3878 = CARTESIAN_POINT('',(6.313700328245,-11.94996974738,
    16.700000051969));
#3879 = B_SPLINE_CURVE_WITH_KNOTS('',3,(#3880,#3881,#3882,#3883),
  .UNSPECIFIED.,.F.,.F.,(4,4),(0.,1.),.PIECEWISE_BEZIER_KNOTS.);
#3880 = CARTESIAN_POINT('',(6.485564628241,-12.01555386969,
    16.691244166564));
#3881 = CARTESIAN_POINT('',(6.408712028353,-11.99408215052,16.6970814235
    ));
#3882 = CARTESIAN_POINT('',(6.352305918681,-11.96893624742,
    16.700000051969));
#3883 = CARTESIAN_POINT('',(6.313700328245,-11.94996974738,
    16.700000051969));
#3884 = ORIENTED_EDGE('',*,*,#3885,.F.);
#3885 = EDGE_CURVE('',#3886,#3877,#3888,.T.);
#3886 = VERTEX_POINT('',#3887);
#3887 = CARTESIAN_POINT('',(5.79587009648,-11.33659278494,
    16.700000051969));
#3888 = CIRCLE('',#3889,0.999999983074);
#3889 = AXIS2_PLACEMENT_3D('',#3890,#3891,#3892);
#3890 = CARTESIAN_POINT('',(6.754648220382,-11.05243706131,
    16.700000051969));
#3891 = DIRECTION('',(-3.491481338843E-15,-3.657132581847E-29,1.));
#3892 = DIRECTION('',(1.040834085586E-14,-1.,-2.307979519176E-31));
#3893 = ORIENTED_EDGE('',*,*,#3894,.F.);
#3894 = EDGE_CURVE('',#3867,#3886,#3895,.T.);
#3895 = LINE('',#3896,#3897);
#3896 = CARTESIAN_POINT('',(5.79587009648,-11.33659278494,
    13.700000102747));
#3897 = VECTOR('',#3898,1.);
#3898 = DIRECTION('',(-3.491481338843E-15,-3.657132581847E-29,1.));
#3899 = CYLINDRICAL_SURFACE('',#3900,0.999999983074);
#3900 = AXIS2_PLACEMENT_3D('',#3901,#3902,#3903);
#3901 = CARTESIAN_POINT('',(6.754648220382,-11.05243706131,
    13.700000102747));
#3902 = DIRECTION('',(-3.491481338843E-15,-3.657132581847E-29,1.));
#3903 = DIRECTION('',(-1.,-1.040834085586E-14,-3.491481338843E-15));
#3904 = ADVANCED_FACE('',(#3905),#3932,.T.);
#3905 = FACE_BOUND('',#3906,.T.);
#3906 = EDGE_LOOP('',(#3907,#3916,#3917,#3926));
#3907 = ORIENTED_EDGE('',*,*,#3908,.T.);
#3908 = EDGE_CURVE('',#3909,#3867,#3911,.T.);
#3909 = VERTEX_POINT('',#3910);
#3910 = CARTESIAN_POINT('',(5.630982626183,-10.199969777,14.655223909686
    ));
#3911 = ( BOUNDED_CURVE() B_SPLINE_CURVE(3,(#3912,#3913,#3914,#3915),
.UNSPECIFIED.,.F.,.F.) B_SPLINE_CURVE_WITH_KNOTS((4,4),(4.712388980385,
5.000514752779),.PIECEWISE_BEZIER_KNOTS.) CURVE() 
GEOMETRIC_REPRESENTATION_ITEM() RATIONAL_B_SPLINE_CURVE((1.,
0.993093918146,0.993093918146,1.)) REPRESENTATION_ITEM('') );
#3912 = CARTESIAN_POINT('',(5.630982626183,-10.199969777,14.655223909686
    ));
#3913 = CARTESIAN_POINT('',(5.630982626183,-10.58547231395,
    14.978698946259));
#3914 = CARTESIAN_POINT('',(5.686327331346,-10.96698138279,
    15.298823065212));
#3915 = CARTESIAN_POINT('',(5.79587009648,-11.33659278494,
    15.608963856438));
#3916 = ORIENTED_EDGE('',*,*,#3894,.T.);
#3917 = ORIENTED_EDGE('',*,*,#3918,.F.);
#3918 = EDGE_CURVE('',#3919,#3886,#3921,.T.);
#3919 = VERTEX_POINT('',#3920);
#3920 = CARTESIAN_POINT('',(5.630982626183,-10.199969777,16.700000051969
    ));
#3921 = CIRCLE('',#3922,3.999999932295);
#3922 = AXIS2_PLACEMENT_3D('',#3923,#3924,#3925);
#3923 = CARTESIAN_POINT('',(9.630982558479,-10.199969777,16.700000051969
    ));
#3924 = DIRECTION('',(-3.491481338843E-15,-3.657132581847E-29,1.));
#3925 = DIRECTION('',(1.040834085586E-14,-1.,-2.307979519176E-31));
#3926 = ORIENTED_EDGE('',*,*,#3927,.T.);
#3927 = EDGE_CURVE('',#3919,#3909,#3928,.T.);
#3928 = LINE('',#3929,#3930);
#3929 = CARTESIAN_POINT('',(5.630982626183,-10.199969777,16.300000058739
    ));
#3930 = VECTOR('',#3931,1.);
#3931 = DIRECTION('',(3.491481338843E-15,3.657132581847E-29,-1.));
#3932 = CYLINDRICAL_SURFACE('',#3933,3.999999932295);
#3933 = AXIS2_PLACEMENT_3D('',#3934,#3935,#3936);
#3934 = CARTESIAN_POINT('',(9.630982558479,-10.199969777,13.700000102747
    ));
#3935 = DIRECTION('',(-3.491481338843E-15,-3.657132581847E-29,1.));
#3936 = DIRECTION('',(-1.,-1.046255096448E-14,-3.491481338843E-15));
#3937 = ADVANCED_FACE('',(#3938),#3980,.T.);
#3938 = FACE_BOUND('',#3939,.T.);
#3939 = EDGE_LOOP('',(#3940,#3941,#3949,#3958,#3967,#3973,#3974));
#3940 = ORIENTED_EDGE('',*,*,#3927,.F.);
#3941 = ORIENTED_EDGE('',*,*,#3942,.T.);
#3942 = EDGE_CURVE('',#3919,#3943,#3945,.T.);
#3943 = VERTEX_POINT('',#3944);
#3944 = CARTESIAN_POINT('',(5.630982626183,-6.770833851753,
    16.700000051969));
#3945 = LINE('',#3946,#3947);
#3946 = CARTESIAN_POINT('',(5.630982626183,-11.94996974738,
    16.700000051969));
#3947 = VECTOR('',#3948,1.);
#3948 = DIRECTION('',(-1.047444401653E-14,1.,0.));
#3949 = ORIENTED_EDGE('',*,*,#3950,.T.);
#3950 = EDGE_CURVE('',#3943,#3951,#3953,.T.);
#3951 = VERTEX_POINT('',#3952);
#3952 = CARTESIAN_POINT('',(5.630982626183,-6.370833858524,
    16.300000058739));
#3953 = CIRCLE('',#3954,0.39999999323);
#3954 = AXIS2_PLACEMENT_3D('',#3955,#3956,#3957);
#3955 = CARTESIAN_POINT('',(5.630982626183,-6.770833851753,
    16.300000058739));
#3956 = DIRECTION('',(-1.,-1.047444401653E-14,-3.491481338843E-15));
#3957 = DIRECTION('',(1.047444401653E-14,-1.,-1.283390709194E-30));
#3958 = ORIENTED_EDGE('',*,*,#3959,.T.);
#3959 = EDGE_CURVE('',#3951,#3960,#3962,.T.);
#3960 = VERTEX_POINT('',#3961);
#3961 = CARTESIAN_POINT('',(5.630982626183,-6.513718812231,
    15.993582286678));
#3962 = CIRCLE('',#3963,0.39999999323);
#3963 = AXIS2_PLACEMENT_3D('',#3964,#3965,#3966);
#3964 = CARTESIAN_POINT('',(5.630982626183,-6.770833851753,
    16.300000058739));
#3965 = DIRECTION('',(-1.,-1.047444401653E-14,-3.491481338843E-15));
#3966 = DIRECTION('',(1.047444401653E-14,-1.,-1.283390709194E-30));
#3967 = ORIENTED_EDGE('',*,*,#3968,.T.);
#3968 = EDGE_CURVE('',#3960,#3773,#3969,.T.);
#3969 = LINE('',#3970,#3971);
#3970 = CARTESIAN_POINT('',(5.630982626183,-6.513718812231,
    15.993582286678));
#3971 = VECTOR('',#3972,1.);
#3972 = DIRECTION('',(1.026817057768E-14,-0.766044443119,-0.642787609687
    ));
#3973 = ORIENTED_EDGE('',*,*,#3789,.T.);
#3974 = ORIENTED_EDGE('',*,*,#3975,.T.);
#3975 = EDGE_CURVE('',#3782,#3909,#3976,.T.);
#3976 = LINE('',#3977,#3978);
#3977 = CARTESIAN_POINT('',(5.630982626183,-9.411456036121,
    13.99358232053));
#3978 = VECTOR('',#3979,1.);
#3979 = DIRECTION('',(5.779608689561E-15,-0.766044443119,0.642787609687)
  );
#3980 = PLANE('',#3981);
#3981 = AXIS2_PLACEMENT_3D('',#3982,#3983,#3984);
#3982 = CARTESIAN_POINT('',(5.630982626183,-6.770833851753,
    16.300000058739));
#3983 = DIRECTION('',(-1.,-1.047444401653E-14,-3.491481338843E-15));
#3984 = DIRECTION('',(1.047444401653E-14,-1.,0.));
#3985 = ADVANCED_FACE('',(#3986),#4012,.T.);
#3986 = FACE_BOUND('',#3987,.T.);
#3987 = EDGE_LOOP('',(#3988,#3996,#3997,#4005));
#3988 = ORIENTED_EDGE('',*,*,#3989,.F.);
#3989 = EDGE_CURVE('',#3951,#3990,#3992,.T.);
#3990 = VERTEX_POINT('',#3991);
#3991 = CARTESIAN_POINT('',(6.030982619413,-6.370833858524,
    16.300000058739));
#3992 = LINE('',#3993,#3994);
#3993 = CARTESIAN_POINT('',(5.630982626183,-6.370833858524,
    16.300000058739));
#3994 = VECTOR('',#3995,1.);
#3995 = DIRECTION('',(1.,1.047444401653E-14,3.491481338843E-15));
#3996 = ORIENTED_EDGE('',*,*,#3950,.F.);
#3997 = ORIENTED_EDGE('',*,*,#3998,.T.);
#3998 = EDGE_CURVE('',#3943,#3999,#4001,.T.);
#3999 = VERTEX_POINT('',#4000);
#4000 = CARTESIAN_POINT('',(6.030982619413,-6.770833851753,
    16.700000051969));
#4001 = LINE('',#4002,#4003);
#4002 = CARTESIAN_POINT('',(5.630982626183,-6.770833851753,
    16.700000051969));
#4003 = VECTOR('',#4004,1.);
#4004 = DIRECTION('',(1.,1.047444401653E-14,3.491481338843E-15));
#4005 = ORIENTED_EDGE('',*,*,#4006,.F.);
#4006 = EDGE_CURVE('',#3990,#3999,#4007,.T.);
#4007 = CIRCLE('',#4008,0.39999999323);
#4008 = AXIS2_PLACEMENT_3D('',#4009,#4010,#4011);
#4009 = CARTESIAN_POINT('',(6.030982619413,-6.770833851753,
    16.300000058739));
#4010 = DIRECTION('',(1.,1.047444401653E-14,3.491481338843E-15));
#4011 = DIRECTION('',(1.047444401653E-14,-1.,-1.283390709194E-30));
#4012 = CYLINDRICAL_SURFACE('',#4013,0.39999999323);
#4013 = AXIS2_PLACEMENT_3D('',#4014,#4015,#4016);
#4014 = CARTESIAN_POINT('',(5.630982626183,-6.770833851753,
    16.300000058739));
#4015 = DIRECTION('',(1.,1.047444401653E-14,3.491481338843E-15));
#4016 = DIRECTION('',(-1.047444401653E-14,1.,1.283390709194E-30));
#4017 = ADVANCED_FACE('',(#4018),#4061,.F.);
#4018 = FACE_BOUND('',#4019,.T.);
#4019 = EDGE_LOOP('',(#4020,#4030,#4038,#4044,#4045,#4046,#4047,#4055));
#4020 = ORIENTED_EDGE('',*,*,#4021,.T.);
#4021 = EDGE_CURVE('',#4022,#4024,#4026,.T.);
#4022 = VERTEX_POINT('',#4023);
#4023 = CARTESIAN_POINT('',(6.030982619413,-8.412876119145,
    14.400000090899));
#4024 = VERTEX_POINT('',#4025);
#4025 = CARTESIAN_POINT('',(9.630982558478,-8.412876119145,
    14.400000090899));
#4026 = LINE('',#4027,#4028);
#4027 = CARTESIAN_POINT('',(6.030982619413,-8.412876119145,
    14.400000090899));
#4028 = VECTOR('',#4029,1.);
#4029 = DIRECTION('',(1.,1.047444401653E-14,3.491481338843E-15));
#4030 = ORIENTED_EDGE('',*,*,#4031,.T.);
#4031 = EDGE_CURVE('',#4024,#4032,#4034,.T.);
#4032 = VERTEX_POINT('',#4033);
#4033 = CARTESIAN_POINT('',(9.630982558478,-6.51371881223,
    15.993582286678));
#4034 = LINE('',#4035,#4036);
#4035 = CARTESIAN_POINT('',(9.630982558478,-5.672204100228,
    16.69969697115));
#4036 = VECTOR('',#4037,1.);
#4037 = DIRECTION('',(-1.026817057768E-14,0.766044443119,0.642787609687)
  );
#4038 = ORIENTED_EDGE('',*,*,#4039,.T.);
#4039 = EDGE_CURVE('',#4032,#3709,#4040,.T.);
#4040 = LINE('',#4041,#4042);
#4041 = CARTESIAN_POINT('',(5.630982626183,-6.513718812231,
    15.993582286678));
#4042 = VECTOR('',#4043,1.);
#4043 = DIRECTION('',(1.,1.047444401653E-14,3.491481338843E-15));
#4044 = ORIENTED_EDGE('',*,*,#3708,.T.);
#4045 = ORIENTED_EDGE('',*,*,#3772,.F.);
#4046 = ORIENTED_EDGE('',*,*,#3968,.F.);
#4047 = ORIENTED_EDGE('',*,*,#4048,.T.);
#4048 = EDGE_CURVE('',#3960,#4049,#4051,.T.);
#4049 = VERTEX_POINT('',#4050);
#4050 = CARTESIAN_POINT('',(6.030982619413,-6.513718812231,
    15.993582286678));
#4051 = LINE('',#4052,#4053);
#4052 = CARTESIAN_POINT('',(5.630982626183,-6.513718812231,
    15.993582286678));
#4053 = VECTOR('',#4054,1.);
#4054 = DIRECTION('',(1.,1.047444401653E-14,3.491481338843E-15));
#4055 = ORIENTED_EDGE('',*,*,#4056,.F.);
#4056 = EDGE_CURVE('',#4022,#4049,#4057,.T.);
#4057 = LINE('',#4058,#4059);
#4058 = CARTESIAN_POINT('',(6.030982619413,-5.672204100228,
    16.69969697115));
#4059 = VECTOR('',#4060,1.);
#4060 = DIRECTION('',(-1.026817057768E-14,0.766044443119,0.642787609687)
  );
#4061 = PLANE('',#4062);
#4062 = AXIS2_PLACEMENT_3D('',#4063,#4064,#4065);
#4063 = CARTESIAN_POINT('',(6.030982619413,-8.412876119145,
    14.400000090899));
#4064 = DIRECTION('',(4.058212954305E-15,-0.642787609687,0.766044443119)
  );
#4065 = DIRECTION('',(1.,1.047444401653E-14,3.491481338847E-15));
#4066 = ADVANCED_FACE('',(#4067),#4092,.F.);
#4067 = FACE_BOUND('',#4068,.T.);
#4068 = EDGE_LOOP('',(#4069,#4077,#4078,#4086));
#4069 = ORIENTED_EDGE('',*,*,#4070,.T.);
#4070 = EDGE_CURVE('',#4071,#4024,#4073,.T.);
#4071 = VERTEX_POINT('',#4072);
#4072 = CARTESIAN_POINT('',(9.630982558478,-2.39996990903,
    14.400000090899));
#4073 = LINE('',#4074,#4075);
#4074 = CARTESIAN_POINT('',(9.630982558478,-2.39996990903,
    14.400000090899));
#4075 = VECTOR('',#4076,1.);
#4076 = DIRECTION('',(1.047444401653E-14,-1.,0.));
#4077 = ORIENTED_EDGE('',*,*,#4021,.F.);
#4078 = ORIENTED_EDGE('',*,*,#4079,.F.);
#4079 = EDGE_CURVE('',#4080,#4022,#4082,.T.);
#4080 = VERTEX_POINT('',#4081);
#4081 = CARTESIAN_POINT('',(6.030982619413,-2.39996990903,
    14.400000090899));
#4082 = LINE('',#4083,#4084);
#4083 = CARTESIAN_POINT('',(6.030982619413,-2.39996990903,
    14.400000090899));
#4084 = VECTOR('',#4085,1.);
#4085 = DIRECTION('',(1.047444401653E-14,-1.,0.));
#4086 = ORIENTED_EDGE('',*,*,#4087,.T.);
#4087 = EDGE_CURVE('',#4080,#4071,#4088,.T.);
#4088 = LINE('',#4089,#4090);
#4089 = CARTESIAN_POINT('',(6.030982619413,-2.39996990903,
    14.400000090899));
#4090 = VECTOR('',#4091,1.);
#4091 = DIRECTION('',(1.,1.047444401653E-14,3.491481338843E-15));
#4092 = PLANE('',#4093);
#4093 = AXIS2_PLACEMENT_3D('',#4094,#4095,#4096);
#4094 = CARTESIAN_POINT('',(6.030982619413,-2.39996990903,
    14.400000090899));
#4095 = DIRECTION('',(-3.491481338843E-15,-3.657132581847E-29,1.));
#4096 = DIRECTION('',(1.047444401653E-14,-1.,2.129973665774E-43));
#4097 = ADVANCED_FACE('',(#4098),#4125,.F.);
#4098 = FACE_BOUND('',#4099,.F.);
#4099 = EDGE_LOOP('',(#4100,#4101,#4110,#4118));
#4100 = ORIENTED_EDGE('',*,*,#4087,.T.);
#4101 = ORIENTED_EDGE('',*,*,#4102,.T.);
#4102 = EDGE_CURVE('',#4071,#4103,#4105,.T.);
#4103 = VERTEX_POINT('',#4104);
#4104 = CARTESIAN_POINT('',(9.630982558478,-1.6253732529,14.200000094284
    ));
#4105 = CIRCLE('',#4106,1.599999972918);
#4106 = AXIS2_PLACEMENT_3D('',#4107,#4108,#4109);
#4107 = CARTESIAN_POINT('',(9.630982558478,-2.39996990903,
    12.800000117981));
#4108 = DIRECTION('',(-1.,-1.047444401653E-14,-3.491481338843E-15));
#4109 = DIRECTION('',(1.047444401653E-14,-1.,-1.283390709194E-30));
#4110 = ORIENTED_EDGE('',*,*,#4111,.F.);
#4111 = EDGE_CURVE('',#4112,#4103,#4114,.T.);
#4112 = VERTEX_POINT('',#4113);
#4113 = CARTESIAN_POINT('',(6.030982619413,-1.6253732529,14.200000094284
    ));
#4114 = LINE('',#4115,#4116);
#4115 = CARTESIAN_POINT('',(6.030982619413,-1.6253732529,14.200000094284
    ));
#4116 = VECTOR('',#4117,1.);
#4117 = DIRECTION('',(1.,1.047444401653E-14,3.491481338843E-15));
#4118 = ORIENTED_EDGE('',*,*,#4119,.F.);
#4119 = EDGE_CURVE('',#4080,#4112,#4120,.T.);
#4120 = CIRCLE('',#4121,1.599999972918);
#4121 = AXIS2_PLACEMENT_3D('',#4122,#4123,#4124);
#4122 = CARTESIAN_POINT('',(6.030982619413,-2.39996990903,
    12.800000117981));
#4123 = DIRECTION('',(-1.,-1.047444401653E-14,-3.491481338843E-15));
#4124 = DIRECTION('',(1.047444401653E-14,-1.,6.093451171894E-31));
#4125 = CYLINDRICAL_SURFACE('',#4126,1.599999972918);
#4126 = AXIS2_PLACEMENT_3D('',#4127,#4128,#4129);
#4127 = CARTESIAN_POINT('',(6.030982619413,-2.39996990903,
    12.800000117981));
#4128 = DIRECTION('',(1.,1.047444401653E-14,3.491481338843E-15));
#4129 = DIRECTION('',(-1.047444401653E-14,1.,-6.093451171895E-31));
#4130 = ADVANCED_FACE('',(#4131),#4143,.T.);
#4131 = FACE_BOUND('',#4132,.T.);
#4132 = EDGE_LOOP('',(#4133,#4134,#4135,#4142));
#4133 = ORIENTED_EDGE('',*,*,#3959,.F.);
#4134 = ORIENTED_EDGE('',*,*,#3989,.T.);
#4135 = ORIENTED_EDGE('',*,*,#4136,.F.);
#4136 = EDGE_CURVE('',#4049,#3990,#4137,.T.);
#4137 = CIRCLE('',#4138,0.39999999323);
#4138 = AXIS2_PLACEMENT_3D('',#4139,#4140,#4141);
#4139 = CARTESIAN_POINT('',(6.030982619413,-6.770833851753,
    16.300000058739));
#4140 = DIRECTION('',(1.,1.047444401653E-14,3.491481338843E-15));
#4141 = DIRECTION('',(1.047444401653E-14,-1.,-1.283390709194E-30));
#4142 = ORIENTED_EDGE('',*,*,#4048,.F.);
#4143 = CYLINDRICAL_SURFACE('',#4144,0.39999999323);
#4144 = AXIS2_PLACEMENT_3D('',#4145,#4146,#4147);
#4145 = CARTESIAN_POINT('',(5.630982626183,-6.770833851753,
    16.300000058739));
#4146 = DIRECTION('',(1.,1.047444401653E-14,3.491481338843E-15));
#4147 = DIRECTION('',(-1.047444401653E-14,1.,1.283390709194E-30));
#4148 = ADVANCED_FACE('',(#4149),#4161,.T.);
#4149 = FACE_BOUND('',#4150,.T.);
#4150 = EDGE_LOOP('',(#4151,#4158,#4159,#4160));
#4151 = ORIENTED_EDGE('',*,*,#4152,.T.);
#4152 = EDGE_CURVE('',#4032,#3741,#4153,.T.);
#4153 = CIRCLE('',#4154,0.39999999323);
#4154 = AXIS2_PLACEMENT_3D('',#4155,#4156,#4157);
#4155 = CARTESIAN_POINT('',(9.630982558478,-6.770833851753,
    16.300000058739));
#4156 = DIRECTION('',(1.,1.047444401653E-14,3.491481338843E-15));
#4157 = DIRECTION('',(1.047444401653E-14,-1.,6.287552596339E-30));
#4158 = ORIENTED_EDGE('',*,*,#3740,.T.);
#4159 = ORIENTED_EDGE('',*,*,#3716,.T.);
#4160 = ORIENTED_EDGE('',*,*,#4039,.F.);
#4161 = CYLINDRICAL_SURFACE('',#4162,0.39999999323);
#4162 = AXIS2_PLACEMENT_3D('',#4163,#4164,#4165);
#4163 = CARTESIAN_POINT('',(5.630982626183,-6.770833851753,
    16.300000058739));
#4164 = DIRECTION('',(1.,1.047444401653E-14,3.491481338843E-15));
#4165 = DIRECTION('',(-1.047444401653E-14,1.,1.283390709194E-30));
#4166 = ADVANCED_FACE('',(#4167),#4184,.F.);
#4167 = FACE_BOUND('',#4168,.T.);
#4168 = EDGE_LOOP('',(#4169,#4170,#4171,#4172,#4173,#4174,#4175,#4176,
    #4182,#4183));
#4169 = ORIENTED_EDGE('',*,*,#3908,.F.);
#4170 = ORIENTED_EDGE('',*,*,#3975,.F.);
#4171 = ORIENTED_EDGE('',*,*,#3781,.T.);
#4172 = ORIENTED_EDGE('',*,*,#3691,.T.);
#4173 = ORIENTED_EDGE('',*,*,#3543,.F.);
#4174 = ORIENTED_EDGE('',*,*,#3585,.F.);
#4175 = ORIENTED_EDGE('',*,*,#3666,.F.);
#4176 = ORIENTED_EDGE('',*,*,#4177,.F.);
#4177 = EDGE_CURVE('',#3807,#3647,#4178,.T.);
#4178 = LINE('',#4179,#4180);
#4179 = CARTESIAN_POINT('',(6.030982619413,-12.11066664708,
    16.258488948662));
#4180 = VECTOR('',#4181,1.);
#4181 = DIRECTION('',(1.,1.047444401653E-14,3.491481338843E-15));
#4182 = ORIENTED_EDGE('',*,*,#3804,.F.);
#4183 = ORIENTED_EDGE('',*,*,#3866,.F.);
#4184 = PLANE('',#4185);
#4185 = AXIS2_PLACEMENT_3D('',#4186,#4187,#4188);
#4186 = CARTESIAN_POINT('',(6.030982619413,-9.411456036121,
    13.99358232053));
#4187 = DIRECTION('',(-9.407472710052E-15,0.642787609687,0.766044443119)
  );
#4188 = DIRECTION('',(-1.,-1.047444401653E-14,-3.491481338839E-15));
#4189 = ADVANCED_FACE('',(#4190),#4202,.T.);
#4190 = FACE_BOUND('',#4191,.T.);
#4191 = EDGE_LOOP('',(#4192,#4193,#4194,#4195,#4196));
#4192 = ORIENTED_EDGE('',*,*,#3876,.F.);
#4193 = ORIENTED_EDGE('',*,*,#3832,.F.);
#4194 = ORIENTED_EDGE('',*,*,#3627,.F.);
#4195 = ORIENTED_EDGE('',*,*,#3604,.F.);
#4196 = ORIENTED_EDGE('',*,*,#4197,.F.);
#4197 = EDGE_CURVE('',#3877,#3596,#4198,.T.);
#4198 = LINE('',#4199,#4200);
#4199 = CARTESIAN_POINT('',(6.030982619413,-11.94996974738,
    16.700000051969));
#4200 = VECTOR('',#4201,1.);
#4201 = DIRECTION('',(1.,1.047444401653E-14,3.491481338843E-15));
#4202 = CYLINDRICAL_SURFACE('',#4203,0.249999995768);
#4203 = AXIS2_PLACEMENT_3D('',#4204,#4205,#4206);
#4204 = CARTESIAN_POINT('',(6.030982619413,-11.94996974738,16.4500000562
    ));
#4205 = DIRECTION('',(1.,1.047444401653E-14,3.491481338843E-15));
#4206 = DIRECTION('',(-1.047444401653E-14,1.,-2.307979519129E-31));
#4207 = ADVANCED_FACE('',(#4208),#4213,.T.);
#4208 = FACE_BOUND('',#4209,.T.);
#4209 = EDGE_LOOP('',(#4210,#4211,#4212));
#4210 = ORIENTED_EDGE('',*,*,#3646,.F.);
#4211 = ORIENTED_EDGE('',*,*,#3815,.F.);
#4212 = ORIENTED_EDGE('',*,*,#4177,.T.);
#4213 = CYLINDRICAL_SURFACE('',#4214,0.249999995768);
#4214 = AXIS2_PLACEMENT_3D('',#4215,#4216,#4217);
#4215 = CARTESIAN_POINT('',(6.030982619413,-11.94996974738,16.4500000562
    ));
#4216 = DIRECTION('',(1.,1.047444401653E-14,3.491481338843E-15));
#4217 = DIRECTION('',(-1.047444401653E-14,1.,-2.307979519129E-31));
#4218 = ADVANCED_FACE('',(#4219),#4252,.F.);
#4219 = FACE_BOUND('',#4220,.T.);
#4220 = EDGE_LOOP('',(#4221,#4222,#4223,#4224,#4225,#4226,#4227,#4228,
    #4236,#4244,#4250,#4251));
#4221 = ORIENTED_EDGE('',*,*,#3918,.T.);
#4222 = ORIENTED_EDGE('',*,*,#3885,.T.);
#4223 = ORIENTED_EDGE('',*,*,#4197,.T.);
#4224 = ORIENTED_EDGE('',*,*,#3595,.T.);
#4225 = ORIENTED_EDGE('',*,*,#3562,.T.);
#4226 = ORIENTED_EDGE('',*,*,#3682,.T.);
#4227 = ORIENTED_EDGE('',*,*,#3757,.F.);
#4228 = ORIENTED_EDGE('',*,*,#4229,.T.);
#4229 = EDGE_CURVE('',#3749,#4230,#4232,.T.);
#4230 = VERTEX_POINT('',#4231);
#4231 = CARTESIAN_POINT('',(9.630982558478,-2.599969905645,
    16.700000051969));
#4232 = LINE('',#4233,#4234);
#4233 = CARTESIAN_POINT('',(9.630982558479,-11.94996974738,
    16.700000051969));
#4234 = VECTOR('',#4235,1.);
#4235 = DIRECTION('',(-1.047444401653E-14,1.,0.));
#4236 = ORIENTED_EDGE('',*,*,#4237,.F.);
#4237 = EDGE_CURVE('',#4238,#4230,#4240,.T.);
#4238 = VERTEX_POINT('',#4239);
#4239 = CARTESIAN_POINT('',(6.030982619413,-2.599969905645,
    16.700000051969));
#4240 = LINE('',#4241,#4242);
#4241 = CARTESIAN_POINT('',(6.030982619413,-2.599969905645,
    16.700000051969));
#4242 = VECTOR('',#4243,1.);
#4243 = DIRECTION('',(1.,1.047444401653E-14,3.491481338843E-15));
#4244 = ORIENTED_EDGE('',*,*,#4245,.F.);
#4245 = EDGE_CURVE('',#3999,#4238,#4246,.T.);
#4246 = LINE('',#4247,#4248);
#4247 = CARTESIAN_POINT('',(6.030982619413,-11.94996974738,
    16.700000051969));
#4248 = VECTOR('',#4249,1.);
#4249 = DIRECTION('',(-1.047444401653E-14,1.,0.));
#4250 = ORIENTED_EDGE('',*,*,#3998,.F.);
#4251 = ORIENTED_EDGE('',*,*,#3942,.F.);
#4252 = PLANE('',#4253);
#4253 = AXIS2_PLACEMENT_3D('',#4254,#4255,#4256);
#4254 = CARTESIAN_POINT('',(6.030982619413,-11.94996974738,
    16.700000051969));
#4255 = DIRECTION('',(3.491481338843E-15,3.657132581847E-29,-1.));
#4256 = DIRECTION('',(1.,1.047444401653E-14,3.491481338843E-15));
#4257 = ADVANCED_FACE('',(#4258),#4292,.F.);
#4258 = FACE_BOUND('',#4259,.T.);
#4259 = EDGE_LOOP('',(#4260,#4270,#4278,#4286));
#4260 = ORIENTED_EDGE('',*,*,#4261,.F.);
#4261 = EDGE_CURVE('',#4262,#4264,#4266,.T.);
#4262 = VERTEX_POINT('',#4263);
#4263 = CARTESIAN_POINT('',(6.030982619413,2.385311384212,
    14.200000094284));
#4264 = VERTEX_POINT('',#4265);
#4265 = CARTESIAN_POINT('',(9.630982558478,2.385311384212,
    14.200000094284));
#4266 = LINE('',#4267,#4268);
#4267 = CARTESIAN_POINT('',(9.030982568634,2.385311384212,
    14.200000094284));
#4268 = VECTOR('',#4269,1.);
#4269 = DIRECTION('',(1.,1.047444401653E-14,3.491481338843E-15));
#4270 = ORIENTED_EDGE('',*,*,#4271,.F.);
#4271 = EDGE_CURVE('',#4272,#4262,#4274,.T.);
#4272 = VERTEX_POINT('',#4273);
#4273 = CARTESIAN_POINT('',(6.030982619413,1.642670709663,
    14.942640768833));
#4274 = LINE('',#4275,#4276);
#4275 = CARTESIAN_POINT('',(6.030982619413,1.642670709663,
    14.942640768833));
#4276 = VECTOR('',#4277,1.);
#4277 = DIRECTION('',(-4.937700262162E-15,0.707106781187,-0.707106781187
    ));
#4278 = ORIENTED_EDGE('',*,*,#4279,.T.);
#4279 = EDGE_CURVE('',#4272,#4280,#4282,.T.);
#4280 = VERTEX_POINT('',#4281);
#4281 = CARTESIAN_POINT('',(9.630982558478,1.642670709663,
    14.942640768833));
#4282 = LINE('',#4283,#4284);
#4283 = CARTESIAN_POINT('',(6.030982619413,1.642670709663,
    14.942640768833));
#4284 = VECTOR('',#4285,1.);
#4285 = DIRECTION('',(1.,1.047444401653E-14,3.491481338843E-15));
#4286 = ORIENTED_EDGE('',*,*,#4287,.T.);
#4287 = EDGE_CURVE('',#4280,#4264,#4288,.T.);
#4288 = LINE('',#4289,#4290);
#4289 = CARTESIAN_POINT('',(9.630982558478,1.642670709663,
    14.942640768833));
#4290 = VECTOR('',#4291,1.);
#4291 = DIRECTION('',(-4.937700262162E-15,0.707106781187,-0.707106781187
    ));
#4292 = PLANE('',#4293);
#4293 = AXIS2_PLACEMENT_3D('',#4294,#4295,#4296);
#4294 = CARTESIAN_POINT('',(6.030982619413,1.642670709663,
    14.942640768833));
#4295 = DIRECTION('',(9.875400524323E-15,-0.707106781187,-0.707106781187
    ));
#4296 = DIRECTION('',(1.,1.047444401653E-14,3.491481338838E-15));
#4297 = ADVANCED_FACE('',(#4298),#4316,.T.);
#4298 = FACE_BOUND('',#4299,.T.);
#4299 = EDGE_LOOP('',(#4300,#4307,#4308,#4315));
#4300 = ORIENTED_EDGE('',*,*,#4301,.T.);
#4301 = EDGE_CURVE('',#4230,#4280,#4302,.T.);
#4302 = CIRCLE('',#4303,5.999999898443);
#4303 = AXIS2_PLACEMENT_3D('',#4304,#4305,#4306);
#4304 = CARTESIAN_POINT('',(9.630982558478,-2.599969905645,
    10.700000153526));
#4305 = DIRECTION('',(-1.,-1.047444401653E-14,-3.491481338843E-15));
#4306 = DIRECTION('',(1.047444401653E-14,-1.,2.307979519128E-31));
#4307 = ORIENTED_EDGE('',*,*,#4279,.F.);
#4308 = ORIENTED_EDGE('',*,*,#4309,.F.);
#4309 = EDGE_CURVE('',#4238,#4272,#4310,.T.);
#4310 = CIRCLE('',#4311,5.999999898443);
#4311 = AXIS2_PLACEMENT_3D('',#4312,#4313,#4314);
#4312 = CARTESIAN_POINT('',(6.030982619413,-2.599969905645,
    10.700000153526));
#4313 = DIRECTION('',(-1.,-1.047444401653E-14,-3.491481338843E-15));
#4314 = DIRECTION('',(1.047444401653E-14,-1.,2.307979519128E-31));
#4315 = ORIENTED_EDGE('',*,*,#4237,.T.);
#4316 = CYLINDRICAL_SURFACE('',#4317,5.999999898443);
#4317 = AXIS2_PLACEMENT_3D('',#4318,#4319,#4320);
#4318 = CARTESIAN_POINT('',(6.030982619413,-2.599969905645,
    10.700000153526));
#4319 = DIRECTION('',(1.,1.047444401653E-14,3.491481338843E-15));
#4320 = DIRECTION('',(-1.047444401653E-14,1.,-2.307979519128E-31));
#4321 = ADVANCED_FACE('',(#4322),#4338,.T.);
#4322 = FACE_BOUND('',#4323,.T.);
#4323 = EDGE_LOOP('',(#4324,#4325,#4326,#4327,#4328,#4329,#4330,#4336,
    #4337));
#4324 = ORIENTED_EDGE('',*,*,#4056,.T.);
#4325 = ORIENTED_EDGE('',*,*,#4136,.T.);
#4326 = ORIENTED_EDGE('',*,*,#4006,.T.);
#4327 = ORIENTED_EDGE('',*,*,#4245,.T.);
#4328 = ORIENTED_EDGE('',*,*,#4309,.T.);
#4329 = ORIENTED_EDGE('',*,*,#4271,.T.);
#4330 = ORIENTED_EDGE('',*,*,#4331,.T.);
#4331 = EDGE_CURVE('',#4262,#4112,#4332,.T.);
#4332 = LINE('',#4333,#4334);
#4333 = CARTESIAN_POINT('',(6.030982619412,5.150029963177,
    14.200000094284));
#4334 = VECTOR('',#4335,1.);
#4335 = DIRECTION('',(1.047444401653E-14,-1.,0.));
#4336 = ORIENTED_EDGE('',*,*,#4119,.F.);
#4337 = ORIENTED_EDGE('',*,*,#4079,.T.);
#4338 = PLANE('',#4339);
#4339 = AXIS2_PLACEMENT_3D('',#4340,#4341,#4342);
#4340 = CARTESIAN_POINT('',(6.030982619413,-2.39996990903,
    12.800000117981));
#4341 = DIRECTION('',(-1.,-1.047444401653E-14,-3.491481338843E-15));
#4342 = DIRECTION('',(1.047444401653E-14,-1.,0.));
#4343 = ADVANCED_FACE('',(#4344),#4360,.F.);
#4344 = FACE_BOUND('',#4345,.T.);
#4345 = EDGE_LOOP('',(#4346,#4347,#4348,#4349,#4350,#4356,#4357,#4358,
    #4359));
#4346 = ORIENTED_EDGE('',*,*,#4152,.F.);
#4347 = ORIENTED_EDGE('',*,*,#4031,.F.);
#4348 = ORIENTED_EDGE('',*,*,#4070,.F.);
#4349 = ORIENTED_EDGE('',*,*,#4102,.T.);
#4350 = ORIENTED_EDGE('',*,*,#4351,.F.);
#4351 = EDGE_CURVE('',#4264,#4103,#4352,.T.);
#4352 = LINE('',#4353,#4354);
#4353 = CARTESIAN_POINT('',(9.630982558478,5.150029963177,
    14.200000094284));
#4354 = VECTOR('',#4355,1.);
#4355 = DIRECTION('',(1.047444401653E-14,-1.,0.));
#4356 = ORIENTED_EDGE('',*,*,#4287,.F.);
#4357 = ORIENTED_EDGE('',*,*,#4301,.F.);
#4358 = ORIENTED_EDGE('',*,*,#4229,.F.);
#4359 = ORIENTED_EDGE('',*,*,#3748,.F.);
#4360 = PLANE('',#4361);
#4361 = AXIS2_PLACEMENT_3D('',#4362,#4363,#4364);
#4362 = CARTESIAN_POINT('',(9.630982558478,-2.39996990903,
    12.800000117981));
#4363 = DIRECTION('',(-1.,-1.047444401653E-14,-3.491481338843E-15));
#4364 = DIRECTION('',(1.047444401653E-14,-1.,0.));
#4365 = ADVANCED_FACE('',(#4366,#4372),#4450,.T.);
#4366 = FACE_BOUND('',#4367,.T.);
#4367 = EDGE_LOOP('',(#4368,#4369,#4370,#4371));
#4368 = ORIENTED_EDGE('',*,*,#4331,.F.);
#4369 = ORIENTED_EDGE('',*,*,#4261,.T.);
#4370 = ORIENTED_EDGE('',*,*,#4351,.T.);
#4371 = ORIENTED_EDGE('',*,*,#4111,.F.);
#4372 = FACE_BOUND('',#4373,.T.);
#4373 = EDGE_LOOP('',(#4374,#4385,#4393,#4402,#4410,#4418,#4426,#4434,
    #4443));
#4374 = ORIENTED_EDGE('',*,*,#4375,.F.);
#4375 = EDGE_CURVE('',#4376,#4378,#4380,.T.);
#4376 = VERTEX_POINT('',#4377);
#4377 = CARTESIAN_POINT('',(7.156361475241,4.500029974179,
    14.200000094284));
#4378 = VERTEX_POINT('',#4379);
#4379 = CARTESIAN_POINT('',(6.930982604179,5.150029963177,
    14.200000094284));
#4380 = CIRCLE('',#4381,1.049999982228);
#4381 = AXIS2_PLACEMENT_3D('',#4382,#4383,#4384);
#4382 = CARTESIAN_POINT('',(7.980982586406,5.150029963177,
    14.200000094284));
#4383 = DIRECTION('',(3.491481338843E-15,3.657132581847E-29,-1.));
#4384 = DIRECTION('',(1.,9.91270557701E-15,3.491481338843E-15));
#4385 = ORIENTED_EDGE('',*,*,#4386,.T.);
#4386 = EDGE_CURVE('',#4376,#4387,#4389,.T.);
#4387 = VERTEX_POINT('',#4388);
#4388 = CARTESIAN_POINT('',(6.080982618566,4.500029974179,
    14.200000094284));
#4389 = LINE('',#4390,#4391);
#4390 = CARTESIAN_POINT('',(9.780982555939,4.500029974179,
    14.200000094284));
#4391 = VECTOR('',#4392,1.);
#4392 = DIRECTION('',(-1.,-1.047444401653E-14,-3.491481338843E-15));
#4393 = ORIENTED_EDGE('',*,*,#4394,.T.);
#4394 = EDGE_CURVE('',#4387,#4395,#4397,.T.);
#4395 = VERTEX_POINT('',#4396);
#4396 = CARTESIAN_POINT('',(5.880982621951,4.300029977565,
    14.200000094284));
#4397 = CIRCLE('',#4398,0.199999996615);
#4398 = AXIS2_PLACEMENT_3D('',#4399,#4400,#4401);
#4399 = CARTESIAN_POINT('',(6.080982618566,4.300029977565,
    14.200000094284));
#4400 = DIRECTION('',(-3.491481338843E-15,-3.657132581847E-29,1.));
#4401 = DIRECTION('',(8.673617379884E-15,-1.,-6.287552596341E-30));
#4402 = ORIENTED_EDGE('',*,*,#4403,.T.);
#4403 = EDGE_CURVE('',#4395,#4404,#4406,.T.);
#4404 = VERTEX_POINT('',#4405);
#4405 = CARTESIAN_POINT('',(5.880982621952,-8.108216219817,
    14.200000094284));
#4406 = LINE('',#4407,#4408);
#4407 = CARTESIAN_POINT('',(5.880982621951,4.300029977565,
    14.200000094284));
#4408 = VECTOR('',#4409,1.);
#4409 = DIRECTION('',(1.047444401653E-14,-1.,0.));
#4410 = ORIENTED_EDGE('',*,*,#4411,.T.);
#4411 = EDGE_CURVE('',#4404,#4412,#4414,.T.);
#4412 = VERTEX_POINT('',#4413);
#4413 = CARTESIAN_POINT('',(9.78098255594,-8.108216219817,
    14.200000094284));
#4414 = LINE('',#4415,#4416);
#4415 = CARTESIAN_POINT('',(-10.21901710553,-8.108216219817,
    14.200000094284));
#4416 = VECTOR('',#4417,1.);
#4417 = DIRECTION('',(1.,1.047444401653E-14,3.491481338843E-15));
#4418 = ORIENTED_EDGE('',*,*,#4419,.T.);
#4419 = EDGE_CURVE('',#4412,#4420,#4422,.T.);
#4420 = VERTEX_POINT('',#4421);
#4421 = CARTESIAN_POINT('',(9.780982555939,4.500029974179,
    14.200000094284));
#4422 = LINE('',#4423,#4424);
#4423 = CARTESIAN_POINT('',(9.78098255594,-9.29996979224,14.200000094284
    ));
#4424 = VECTOR('',#4425,1.);
#4425 = DIRECTION('',(-1.047444401653E-14,1.,0.));
#4426 = ORIENTED_EDGE('',*,*,#4427,.T.);
#4427 = EDGE_CURVE('',#4420,#4428,#4430,.T.);
#4428 = VERTEX_POINT('',#4429);
#4429 = CARTESIAN_POINT('',(8.805603697572,4.500029974179,
    14.200000094284));
#4430 = LINE('',#4431,#4432);
#4431 = CARTESIAN_POINT('',(9.780982555939,4.500029974179,
    14.200000094284));
#4432 = VECTOR('',#4433,1.);
#4433 = DIRECTION('',(-1.,-1.047444401653E-14,-3.491481338843E-15));
#4434 = ORIENTED_EDGE('',*,*,#4435,.F.);
#4435 = EDGE_CURVE('',#4436,#4428,#4438,.T.);
#4436 = VERTEX_POINT('',#4437);
#4437 = CARTESIAN_POINT('',(9.030982568634,5.150029963177,
    14.200000094284));
#4438 = CIRCLE('',#4439,1.049999982228);
#4439 = AXIS2_PLACEMENT_3D('',#4440,#4441,#4442);
#4440 = CARTESIAN_POINT('',(7.980982586406,5.150029963177,
    14.200000094284));
#4441 = DIRECTION('',(3.491481338843E-15,3.657132581847E-29,-1.));
#4442 = DIRECTION('',(1.,9.91270557701E-15,3.491481338843E-15));
#4443 = ORIENTED_EDGE('',*,*,#4444,.F.);
#4444 = EDGE_CURVE('',#4378,#4436,#4445,.T.);
#4445 = CIRCLE('',#4446,1.049999982228);
#4446 = AXIS2_PLACEMENT_3D('',#4447,#4448,#4449);
#4447 = CARTESIAN_POINT('',(7.980982586406,5.150029963177,
    14.200000094284));
#4448 = DIRECTION('',(3.491481338843E-15,3.657132581847E-29,-1.));
#4449 = DIRECTION('',(1.,9.91270557701E-15,3.491481338843E-15));
#4450 = PLANE('',#4451);
#4451 = AXIS2_PLACEMENT_3D('',#4452,#4453,#4454);
#4452 = CARTESIAN_POINT('',(9.030982568634,5.150029963177,
    14.200000094284));
#4453 = DIRECTION('',(-3.491481338843E-15,-3.657132581847E-29,1.));
#4454 = DIRECTION('',(1.047444401653E-14,-1.,2.129973665774E-43));
#4455 = ADVANCED_FACE('',(#4456),#4482,.F.);
#4456 = FACE_BOUND('',#4457,.F.);
#4457 = EDGE_LOOP('',(#4458,#4466,#4467,#4475));
#4458 = ORIENTED_EDGE('',*,*,#4459,.T.);
#4459 = EDGE_CURVE('',#4460,#1688,#4462,.T.);
#4460 = VERTEX_POINT('',#4461);
#4461 = CARTESIAN_POINT('',(4.030982653265,5.150029963177,
    16.400000057047));
#4462 = LINE('',#4463,#4464);
#4463 = CARTESIAN_POINT('',(4.030982653265,5.150029963177,
    14.200000094284));
#4464 = VECTOR('',#4465,1.);
#4465 = DIRECTION('',(3.491481338843E-15,3.657132581847E-29,-1.));
#4466 = ORIENTED_EDGE('',*,*,#1696,.F.);
#4467 = ORIENTED_EDGE('',*,*,#4468,.F.);
#4468 = EDGE_CURVE('',#4469,#1630,#4471,.T.);
#4469 = VERTEX_POINT('',#4470);
#4470 = CARTESIAN_POINT('',(1.93098268881,5.150029963177,16.400000057047
    ));
#4471 = LINE('',#4472,#4473);
#4472 = CARTESIAN_POINT('',(1.93098268881,5.150029963177,14.200000094284
    ));
#4473 = VECTOR('',#4474,1.);
#4474 = DIRECTION('',(3.491481338843E-15,3.657132581847E-29,-1.));
#4475 = ORIENTED_EDGE('',*,*,#4476,.T.);
#4476 = EDGE_CURVE('',#4469,#4460,#4477,.T.);
#4477 = CIRCLE('',#4478,1.049999982228);
#4478 = AXIS2_PLACEMENT_3D('',#4479,#4480,#4481);
#4479 = CARTESIAN_POINT('',(2.980982671037,5.150029963177,
    16.400000057047));
#4480 = DIRECTION('',(3.491481338843E-15,3.657132581847E-29,-1.));
#4481 = DIRECTION('',(1.,9.91270557701E-15,3.491481338843E-15));
#4482 = CYLINDRICAL_SURFACE('',#4483,1.049999982228);
#4483 = AXIS2_PLACEMENT_3D('',#4484,#4485,#4486);
#4484 = CARTESIAN_POINT('',(2.980982671037,5.150029963177,
    14.200000094284));
#4485 = DIRECTION('',(3.491481338843E-15,3.657132581847E-29,-1.));
#4486 = DIRECTION('',(1.,9.91270557701E-15,3.491481338843E-15));
#4487 = ADVANCED_FACE('',(#4488),#4507,.F.);
#4488 = FACE_BOUND('',#4489,.F.);
#4489 = EDGE_LOOP('',(#4490,#4498,#4499,#4500));
#4490 = ORIENTED_EDGE('',*,*,#4491,.T.);
#4491 = EDGE_CURVE('',#4492,#1680,#4494,.T.);
#4492 = VERTEX_POINT('',#4493);
#4493 = CARTESIAN_POINT('',(3.805603782203,4.500029974179,
    16.400000057047));
#4494 = LINE('',#4495,#4496);
#4495 = CARTESIAN_POINT('',(3.805603782203,4.500029974179,
    14.200000094284));
#4496 = VECTOR('',#4497,1.);
#4497 = DIRECTION('',(3.491481338843E-15,3.657132581847E-29,-1.));
#4498 = ORIENTED_EDGE('',*,*,#1687,.F.);
#4499 = ORIENTED_EDGE('',*,*,#4459,.F.);
#4500 = ORIENTED_EDGE('',*,*,#4501,.T.);
#4501 = EDGE_CURVE('',#4460,#4492,#4502,.T.);
#4502 = CIRCLE('',#4503,1.049999982228);
#4503 = AXIS2_PLACEMENT_3D('',#4504,#4505,#4506);
#4504 = CARTESIAN_POINT('',(2.980982671037,5.150029963177,
    16.400000057047));
#4505 = DIRECTION('',(3.491481338843E-15,3.657132581847E-29,-1.));
#4506 = DIRECTION('',(1.,9.91270557701E-15,3.491481338843E-15));
#4507 = CYLINDRICAL_SURFACE('',#4508,1.049999982228);
#4508 = AXIS2_PLACEMENT_3D('',#4509,#4510,#4511);
#4509 = CARTESIAN_POINT('',(2.980982671037,5.150029963177,
    14.200000094284));
#4510 = DIRECTION('',(3.491481338843E-15,3.657132581847E-29,-1.));
#4511 = DIRECTION('',(1.,9.91270557701E-15,3.491481338843E-15));
#4512 = ADVANCED_FACE('',(#4513),#4539,.F.);
#4513 = FACE_BOUND('',#4514,.F.);
#4514 = EDGE_LOOP('',(#4515,#4523,#4532,#4538));
#4515 = ORIENTED_EDGE('',*,*,#4516,.T.);
#4516 = EDGE_CURVE('',#4469,#4517,#4519,.T.);
#4517 = VERTEX_POINT('',#4518);
#4518 = CARTESIAN_POINT('',(1.757777610985,5.150029963177,
    16.700000051969));
#4519 = LINE('',#4520,#4521);
#4520 = CARTESIAN_POINT('',(1.757777610985,5.150029963177,
    16.700000051969));
#4521 = VECTOR('',#4522,1.);
#4522 = DIRECTION('',(-0.5,-5.237222008267E-15,0.866025403784));
#4523 = ORIENTED_EDGE('',*,*,#4524,.T.);
#4524 = EDGE_CURVE('',#4517,#4525,#4527,.T.);
#4525 = VERTEX_POINT('',#4526);
#4526 = CARTESIAN_POINT('',(4.20418773109,5.150029963177,16.700000051969
    ));
#4527 = CIRCLE('',#4528,1.223205060053);
#4528 = AXIS2_PLACEMENT_3D('',#4529,#4530,#4531);
#4529 = CARTESIAN_POINT('',(2.980982671037,5.150029963177,
    16.700000051969));
#4530 = DIRECTION('',(3.491481338843E-15,3.657132581847E-29,-1.));
#4531 = DIRECTION('',(1.,9.9272513848E-15,3.491481338843E-15));
#4532 = ORIENTED_EDGE('',*,*,#4533,.F.);
#4533 = EDGE_CURVE('',#4460,#4525,#4534,.T.);
#4534 = LINE('',#4535,#4536);
#4535 = CARTESIAN_POINT('',(4.20418773109,5.150029963177,16.700000051969
    ));
#4536 = VECTOR('',#4537,1.);
#4537 = DIRECTION('',(0.5,5.175989668309E-15,0.866025403784));
#4538 = ORIENTED_EDGE('',*,*,#4476,.F.);
#4539 = CONICAL_SURFACE('',#4540,1.223205060053,0.523598775598);
#4540 = AXIS2_PLACEMENT_3D('',#4541,#4542,#4543);
#4541 = CARTESIAN_POINT('',(2.980982671037,5.150029963177,
    16.700000051969));
#4542 = DIRECTION('',(-3.491481338843E-15,-3.657132581847E-29,1.));
#4543 = DIRECTION('',(-1.,-9.9272513848E-15,-3.491481338843E-15));
#4544 = ADVANCED_FACE('',(#4545),#4573,.F.);
#4545 = FACE_BOUND('',#4546,.F.);
#4546 = EDGE_LOOP('',(#4547,#4558,#4565,#4566));
#4547 = ORIENTED_EDGE('',*,*,#4548,.T.);
#4548 = EDGE_CURVE('',#4549,#4551,#4553,.T.);
#4549 = VERTEX_POINT('',#4550);
#4550 = CARTESIAN_POINT('',(2.156361559871,4.500029974179,
    16.400000057047));
#4551 = VERTEX_POINT('',#4552);
#4552 = CARTESIAN_POINT('',(1.944772927191,4.500029974179,
    16.700000051969));
#4553 = B_SPLINE_CURVE_WITH_KNOTS('',3,(#4554,#4555,#4556,#4557),
  .UNSPECIFIED.,.F.,.F.,(4,4),(0.,1.),.PIECEWISE_BEZIER_KNOTS.);
#4554 = CARTESIAN_POINT('',(2.156361559871,4.500029974179,
    16.400000057047));
#4555 = CARTESIAN_POINT('',(2.091205959028,4.500029974179,
    16.488629401836));
#4556 = CARTESIAN_POINT('',(2.020676414801,4.500029974179,
    16.588629400143));
#4557 = CARTESIAN_POINT('',(1.944772927191,4.500029974179,
    16.700000051969));
#4558 = ORIENTED_EDGE('',*,*,#4559,.T.);
#4559 = EDGE_CURVE('',#4551,#4517,#4560,.T.);
#4560 = CIRCLE('',#4561,1.223205060053);
#4561 = AXIS2_PLACEMENT_3D('',#4562,#4563,#4564);
#4562 = CARTESIAN_POINT('',(2.980982671037,5.150029963177,
    16.700000051969));
#4563 = DIRECTION('',(3.491481338843E-15,3.657132581847E-29,-1.));
#4564 = DIRECTION('',(1.,9.9272513848E-15,3.491481338843E-15));
#4565 = ORIENTED_EDGE('',*,*,#4516,.F.);
#4566 = ORIENTED_EDGE('',*,*,#4567,.F.);
#4567 = EDGE_CURVE('',#4549,#4469,#4568,.T.);
#4568 = CIRCLE('',#4569,1.049999982228);
#4569 = AXIS2_PLACEMENT_3D('',#4570,#4571,#4572);
#4570 = CARTESIAN_POINT('',(2.980982671037,5.150029963177,
    16.400000057047));
#4571 = DIRECTION('',(3.491481338843E-15,3.657132581847E-29,-1.));
#4572 = DIRECTION('',(1.,9.91270557701E-15,3.491481338843E-15));
#4573 = CONICAL_SURFACE('',#4574,1.223205060053,0.523598775598);
#4574 = AXIS2_PLACEMENT_3D('',#4575,#4576,#4577);
#4575 = CARTESIAN_POINT('',(2.980982671037,5.150029963177,
    16.700000051969));
#4576 = DIRECTION('',(-3.491481338843E-15,-3.657132581847E-29,1.));
#4577 = DIRECTION('',(-1.,-9.9272513848E-15,-3.491481338843E-15));
#4578 = ADVANCED_FACE('',(#4579),#5163,.F.);
#4579 = FACE_BOUND('',#4580,.T.);
#4580 = EDGE_LOOP('',(#4581,#4592,#4598,#4599,#4600,#4609,#4617,#4625,
    #4633,#4641,#4650,#4658,#4667,#4676,#4685,#4693,#4701,#4709,#4717,
    #4725,#4733,#4742,#4750,#4759,#4767,#4775,#4783,#4791,#4799,#4808,
    #4816,#4825,#4833,#4841,#4849,#4857,#4865,#4874,#4882,#4891,#4899,
    #4907,#4915,#4923,#4931,#4940,#4948,#4957,#4965,#4973,#4981,#4989,
    #4997,#5005,#5013,#5022,#5030,#5039,#5048,#5057,#5065,#5073,#5081,
    #5089,#5098,#5106,#5115,#5124,#5133,#5141,#5149,#5157));
#4581 = ORIENTED_EDGE('',*,*,#4582,.F.);
#4582 = EDGE_CURVE('',#4583,#4585,#4587,.T.);
#4583 = VERTEX_POINT('',#4584);
#4584 = CARTESIAN_POINT('',(1.080982703197,4.500029974179,
    16.700000051969));
#4585 = VERTEX_POINT('',#4586);
#4586 = CARTESIAN_POINT('',(0.880982706582,4.300029977565,
    16.700000051969));
#4587 = CIRCLE('',#4588,0.199999996615);
#4588 = AXIS2_PLACEMENT_3D('',#4589,#4590,#4591);
#4589 = CARTESIAN_POINT('',(1.080982703197,4.300029977565,
    16.700000051969));
#4590 = DIRECTION('',(-3.491481338843E-15,-3.657132581847E-29,1.));
#4591 = DIRECTION('',(1.029992063861E-14,-1.,-6.093451171993E-31));
#4592 = ORIENTED_EDGE('',*,*,#4593,.F.);
#4593 = EDGE_CURVE('',#4551,#4583,#4594,.T.);
#4594 = LINE('',#4595,#4596);
#4595 = CARTESIAN_POINT('',(4.78098264057,4.500029974179,16.700000051969
    ));
#4596 = VECTOR('',#4597,1.);
#4597 = DIRECTION('',(-1.,-1.047444401653E-14,-3.491481338843E-15));
#4598 = ORIENTED_EDGE('',*,*,#4559,.T.);
#4599 = ORIENTED_EDGE('',*,*,#4524,.T.);
#4600 = ORIENTED_EDGE('',*,*,#4601,.T.);
#4601 = EDGE_CURVE('',#4525,#4602,#4604,.T.);
#4602 = VERTEX_POINT('',#4603);
#4603 = CARTESIAN_POINT('',(4.017192414883,4.500029974179,
    16.700000051969));
#4604 = CIRCLE('',#4605,1.223205060053);
#4605 = AXIS2_PLACEMENT_3D('',#4606,#4607,#4608);
#4606 = CARTESIAN_POINT('',(2.980982671037,5.150029963177,
    16.700000051969));
#4607 = DIRECTION('',(3.491481338843E-15,3.657132581847E-29,-1.));
#4608 = DIRECTION('',(1.,9.9272513848E-15,3.491481338843E-15));
#4609 = ORIENTED_EDGE('',*,*,#4610,.F.);
#4610 = EDGE_CURVE('',#4611,#4602,#4613,.T.);
#4611 = VERTEX_POINT('',#4612);
#4612 = CARTESIAN_POINT('',(4.78098264057,4.500029974179,16.700000051969
    ));
#4613 = LINE('',#4614,#4615);
#4614 = CARTESIAN_POINT('',(4.78098264057,4.500029974179,16.700000051969
    ));
#4615 = VECTOR('',#4616,1.);
#4616 = DIRECTION('',(-1.,-1.047444401653E-14,-3.491481338843E-15));
#4617 = ORIENTED_EDGE('',*,*,#4618,.F.);
#4618 = EDGE_CURVE('',#4619,#4611,#4621,.T.);
#4619 = VERTEX_POINT('',#4620);
#4620 = CARTESIAN_POINT('',(4.78098264057,-5.01964122033,16.700000051969
    ));
#4621 = LINE('',#4622,#4623);
#4622 = CARTESIAN_POINT('',(4.78098264057,-9.29996979224,16.700000051969
    ));
#4623 = VECTOR('',#4624,1.);
#4624 = DIRECTION('',(-1.047444401653E-14,1.,0.));
#4625 = ORIENTED_EDGE('',*,*,#4626,.T.);
#4626 = EDGE_CURVE('',#4619,#4627,#4629,.T.);
#4627 = VERTEX_POINT('',#4628);
#4628 = CARTESIAN_POINT('',(5.880982621952,-5.01964122033,
    16.700000051969));
#4629 = LINE('',#4630,#4631);
#4630 = CARTESIAN_POINT('',(-10.21901710553,-5.01964122033,
    16.700000051969));
#4631 = VECTOR('',#4632,1.);
#4632 = DIRECTION('',(1.,1.047444401653E-14,3.491481338843E-15));
#4633 = ORIENTED_EDGE('',*,*,#4634,.F.);
#4634 = EDGE_CURVE('',#4635,#4627,#4637,.T.);
#4635 = VERTEX_POINT('',#4636);
#4636 = CARTESIAN_POINT('',(5.880982621951,4.300029977565,
    16.700000051969));
#4637 = LINE('',#4638,#4639);
#4638 = CARTESIAN_POINT('',(5.880982621951,4.300029977565,
    16.700000051969));
#4639 = VECTOR('',#4640,1.);
#4640 = DIRECTION('',(1.047444401653E-14,-1.,0.));
#4641 = ORIENTED_EDGE('',*,*,#4642,.F.);
#4642 = EDGE_CURVE('',#4643,#4635,#4645,.T.);
#4643 = VERTEX_POINT('',#4644);
#4644 = CARTESIAN_POINT('',(6.080982618566,4.500029974179,
    16.700000051969));
#4645 = CIRCLE('',#4646,0.199999996615);
#4646 = AXIS2_PLACEMENT_3D('',#4647,#4648,#4649);
#4647 = CARTESIAN_POINT('',(6.080982618566,4.300029977565,
    16.700000051969));
#4648 = DIRECTION('',(-3.491481338843E-15,-3.657132581847E-29,1.));
#4649 = DIRECTION('',(8.673617379884E-15,-1.,-6.287552596341E-30));
#4650 = ORIENTED_EDGE('',*,*,#4651,.F.);
#4651 = EDGE_CURVE('',#4652,#4643,#4654,.T.);
#4652 = VERTEX_POINT('',#4653);
#4653 = CARTESIAN_POINT('',(6.944772842561,4.500029974179,
    16.700000051969));
#4654 = LINE('',#4655,#4656);
#4655 = CARTESIAN_POINT('',(9.780982555939,4.500029974179,
    16.700000051969));
#4656 = VECTOR('',#4657,1.);
#4657 = DIRECTION('',(-1.,-1.047444401653E-14,-3.491481338843E-15));
#4658 = ORIENTED_EDGE('',*,*,#4659,.T.);
#4659 = EDGE_CURVE('',#4652,#4660,#4662,.T.);
#4660 = VERTEX_POINT('',#4661);
#4661 = CARTESIAN_POINT('',(6.757777526354,5.150029963177,
    16.700000051969));
#4662 = CIRCLE('',#4663,1.223205060053);
#4663 = AXIS2_PLACEMENT_3D('',#4664,#4665,#4666);
#4664 = CARTESIAN_POINT('',(7.980982586406,5.150029963177,
    16.700000051969));
#4665 = DIRECTION('',(3.491481338843E-15,3.657132581847E-29,-1.));
#4666 = DIRECTION('',(1.,9.9272513848E-15,3.491481338843E-15));
#4667 = ORIENTED_EDGE('',*,*,#4668,.T.);
#4668 = EDGE_CURVE('',#4660,#4669,#4671,.T.);
#4669 = VERTEX_POINT('',#4670);
#4670 = CARTESIAN_POINT('',(9.204187646459,5.150029963177,
    16.700000051969));
#4671 = CIRCLE('',#4672,1.223205060053);
#4672 = AXIS2_PLACEMENT_3D('',#4673,#4674,#4675);
#4673 = CARTESIAN_POINT('',(7.980982586406,5.150029963177,
    16.700000051969));
#4674 = DIRECTION('',(3.491481338843E-15,3.657132581847E-29,-1.));
#4675 = DIRECTION('',(1.,9.9272513848E-15,3.491481338843E-15));
#4676 = ORIENTED_EDGE('',*,*,#4677,.T.);
#4677 = EDGE_CURVE('',#4669,#4678,#4680,.T.);
#4678 = VERTEX_POINT('',#4679);
#4679 = CARTESIAN_POINT('',(9.017192330252,4.500029974179,
    16.700000051969));
#4680 = CIRCLE('',#4681,1.223205060053);
#4681 = AXIS2_PLACEMENT_3D('',#4682,#4683,#4684);
#4682 = CARTESIAN_POINT('',(7.980982586406,5.150029963177,
    16.700000051969));
#4683 = DIRECTION('',(3.491481338843E-15,3.657132581847E-29,-1.));
#4684 = DIRECTION('',(1.,9.9272513848E-15,3.491481338843E-15));
#4685 = ORIENTED_EDGE('',*,*,#4686,.F.);
#4686 = EDGE_CURVE('',#4687,#4678,#4689,.T.);
#4687 = VERTEX_POINT('',#4688);
#4688 = CARTESIAN_POINT('',(9.780982555939,4.500029974179,
    16.700000051969));
#4689 = LINE('',#4690,#4691);
#4690 = CARTESIAN_POINT('',(9.780982555939,4.500029974179,
    16.700000051969));
#4691 = VECTOR('',#4692,1.);
#4692 = DIRECTION('',(-1.,-1.047444401653E-14,-3.491481338843E-15));
#4693 = ORIENTED_EDGE('',*,*,#4694,.F.);
#4694 = EDGE_CURVE('',#4695,#4687,#4697,.T.);
#4695 = VERTEX_POINT('',#4696);
#4696 = CARTESIAN_POINT('',(9.78098255594,-5.01964122033,16.700000051969
    ));
#4697 = LINE('',#4698,#4699);
#4698 = CARTESIAN_POINT('',(9.78098255594,-9.29996979224,16.700000051969
    ));
#4699 = VECTOR('',#4700,1.);
#4700 = DIRECTION('',(-1.047444401653E-14,1.,0.));
#4701 = ORIENTED_EDGE('',*,*,#4702,.T.);
#4702 = EDGE_CURVE('',#4695,#4703,#4705,.T.);
#4703 = VERTEX_POINT('',#4704);
#4704 = CARTESIAN_POINT('',(11.28098253055,-5.01964122033,
    16.700000051969));
#4705 = LINE('',#4706,#4707);
#4706 = CARTESIAN_POINT('',(-10.21901710553,-5.01964122033,
    16.700000051969));
#4707 = VECTOR('',#4708,1.);
#4708 = DIRECTION('',(1.,1.047444401653E-14,3.491481338843E-15));
#4709 = ORIENTED_EDGE('',*,*,#4710,.T.);
#4710 = EDGE_CURVE('',#4703,#4711,#4713,.T.);
#4711 = VERTEX_POINT('',#4712);
#4712 = CARTESIAN_POINT('',(11.28098253055,6.500029940327,
    16.700000051969));
#4713 = LINE('',#4714,#4715);
#4714 = CARTESIAN_POINT('',(11.28098253055,-5.01964122033,
    16.700000051969));
#4715 = VECTOR('',#4716,1.);
#4716 = DIRECTION('',(-1.047444401653E-14,1.,0.));
#4717 = ORIENTED_EDGE('',*,*,#4718,.F.);
#4718 = EDGE_CURVE('',#4719,#4711,#4721,.T.);
#4719 = VERTEX_POINT('',#4720);
#4720 = CARTESIAN_POINT('',(6.480982611796,6.500029940327,
    16.700000051969));
#4721 = LINE('',#4722,#4723);
#4722 = CARTESIAN_POINT('',(-10.21901710553,6.500029940327,
    16.700000051969));
#4723 = VECTOR('',#4724,1.);
#4724 = DIRECTION('',(1.,1.047444401653E-14,3.491481338843E-15));
#4725 = ORIENTED_EDGE('',*,*,#4726,.F.);
#4726 = EDGE_CURVE('',#4727,#4719,#4729,.T.);
#4727 = VERTEX_POINT('',#4728);
#4728 = CARTESIAN_POINT('',(6.480982611796,5.732872665787,
    16.700000051969));
#4729 = LINE('',#4730,#4731);
#4730 = CARTESIAN_POINT('',(6.480982611796,5.732872665787,
    16.700000051969));
#4731 = VECTOR('',#4732,1.);
#4732 = DIRECTION('',(-1.047444401653E-14,1.,0.));
#4733 = ORIENTED_EDGE('',*,*,#4734,.F.);
#4734 = EDGE_CURVE('',#4735,#4727,#4737,.T.);
#4735 = VERTEX_POINT('',#4736);
#4736 = CARTESIAN_POINT('',(6.422403969025,5.591451311943,
    16.700000051969));
#4737 = CIRCLE('',#4738,0.199999996615);
#4738 = AXIS2_PLACEMENT_3D('',#4739,#4740,#4741);
#4739 = CARTESIAN_POINT('',(6.280982615181,5.732872665787,
    16.700000051969));
#4740 = DIRECTION('',(-3.491481338843E-15,-3.657132581847E-29,1.));
#4741 = DIRECTION('',(8.673617379884E-15,-1.,-6.287552596341E-30));
#4742 = ORIENTED_EDGE('',*,*,#4743,.F.);
#4743 = EDGE_CURVE('',#4744,#4735,#4746,.T.);
#4744 = VERTEX_POINT('',#4745);
#4745 = CARTESIAN_POINT('',(6.189561260491,5.35860860341,16.700000051969
    ));
#4746 = LINE('',#4747,#4748);
#4747 = CARTESIAN_POINT('',(6.189561260491,5.35860860341,16.700000051969
    ));
#4748 = VECTOR('',#4749,1.);
#4749 = DIRECTION('',(0.707106781187,0.707106781187,2.46885013108E-15));
#4750 = ORIENTED_EDGE('',*,*,#4751,.F.);
#4751 = EDGE_CURVE('',#4752,#4744,#4754,.T.);
#4752 = VERTEX_POINT('',#4753);
#4753 = CARTESIAN_POINT('',(6.048139906647,5.300029960639,
    16.700000051969));
#4754 = CIRCLE('',#4755,0.199999996615);
#4755 = AXIS2_PLACEMENT_3D('',#4756,#4757,#4758);
#4756 = CARTESIAN_POINT('',(6.048139906647,5.500029957253,
    16.700000051969));
#4757 = DIRECTION('',(-3.491481338843E-15,-3.657132581847E-29,1.));
#4758 = DIRECTION('',(8.673617379884E-15,-1.,-6.287552596341E-30));
#4759 = ORIENTED_EDGE('',*,*,#4760,.F.);
#4760 = EDGE_CURVE('',#4761,#4752,#4763,.T.);
#4761 = VERTEX_POINT('',#4762);
#4762 = CARTESIAN_POINT('',(5.530982627876,5.300029960639,
    16.700000051969));
#4763 = LINE('',#4764,#4765);
#4764 = CARTESIAN_POINT('',(5.530982627876,5.300029960639,
    16.700000051969));
#4765 = VECTOR('',#4766,1.);
#4766 = DIRECTION('',(1.,1.047444401653E-14,3.491481338843E-15));
#4767 = ORIENTED_EDGE('',*,*,#4768,.F.);
#4768 = EDGE_CURVE('',#4769,#4761,#4771,.T.);
#4769 = VERTEX_POINT('',#4770);
#4770 = CARTESIAN_POINT('',(5.530982627876,6.100029947098,
    16.700000051969));
#4771 = LINE('',#4772,#4773);
#4772 = CARTESIAN_POINT('',(5.530982627876,6.100029947098,
    16.700000051969));
#4773 = VECTOR('',#4774,1.);
#4774 = DIRECTION('',(1.047444401653E-14,-1.,0.));
#4775 = ORIENTED_EDGE('',*,*,#4776,.T.);
#4776 = EDGE_CURVE('',#4769,#4777,#4779,.T.);
#4777 = VERTEX_POINT('',#4778);
#4778 = CARTESIAN_POINT('',(5.510019516517,6.500029940327,
    16.700000051969));
#4779 = LINE('',#4780,#4781);
#4780 = CARTESIAN_POINT('',(6.069003624217,-4.166022224967,
    16.700000051969));
#4781 = VECTOR('',#4782,1.);
#4782 = DIRECTION('',(-5.233595624293E-02,0.998629534755,
    -1.827300145726E-16));
#4783 = ORIENTED_EDGE('',*,*,#4784,.F.);
#4784 = EDGE_CURVE('',#4785,#4777,#4787,.T.);
#4785 = VERTEX_POINT('',#4786);
#4786 = CARTESIAN_POINT('',(1.480982696426,6.500029940327,
    16.700000051969));
#4787 = LINE('',#4788,#4789);
#4788 = CARTESIAN_POINT('',(-10.21901710553,6.500029940327,
    16.700000051969));
#4789 = VECTOR('',#4790,1.);
#4790 = DIRECTION('',(1.,1.047444401653E-14,3.491481338843E-15));
#4791 = ORIENTED_EDGE('',*,*,#4792,.F.);
#4792 = EDGE_CURVE('',#4793,#4785,#4795,.T.);
#4793 = VERTEX_POINT('',#4794);
#4794 = CARTESIAN_POINT('',(1.480982696426,5.732872665787,
    16.700000051969));
#4795 = LINE('',#4796,#4797);
#4796 = CARTESIAN_POINT('',(1.480982696426,5.732872665787,
    16.700000051969));
#4797 = VECTOR('',#4798,1.);
#4798 = DIRECTION('',(-1.047444401653E-14,1.,0.));
#4799 = ORIENTED_EDGE('',*,*,#4800,.F.);
#4800 = EDGE_CURVE('',#4801,#4793,#4803,.T.);
#4801 = VERTEX_POINT('',#4802);
#4802 = CARTESIAN_POINT('',(1.422404053655,5.591451311943,
    16.700000051969));
#4803 = CIRCLE('',#4804,0.199999996615);
#4804 = AXIS2_PLACEMENT_3D('',#4805,#4806,#4807);
#4805 = CARTESIAN_POINT('',(1.280982699812,5.732872665787,
    16.700000051969));
#4806 = DIRECTION('',(-3.491481338843E-15,-3.657132581847E-29,1.));
#4807 = DIRECTION('',(1.057097118173E-14,-1.,3.370227959874E-31));
#4808 = ORIENTED_EDGE('',*,*,#4809,.F.);
#4809 = EDGE_CURVE('',#4810,#4801,#4812,.T.);
#4810 = VERTEX_POINT('',#4811);
#4811 = CARTESIAN_POINT('',(1.189561345122,5.35860860341,16.700000051969
    ));
#4812 = LINE('',#4813,#4814);
#4813 = CARTESIAN_POINT('',(1.189561345122,5.35860860341,16.700000051969
    ));
#4814 = VECTOR('',#4815,1.);
#4815 = DIRECTION('',(0.707106781187,0.707106781187,2.46885013108E-15));
#4816 = ORIENTED_EDGE('',*,*,#4817,.F.);
#4817 = EDGE_CURVE('',#4818,#4810,#4820,.T.);
#4818 = VERTEX_POINT('',#4819);
#4819 = CARTESIAN_POINT('',(1.048139991278,5.300029960638,
    16.700000051969));
#4820 = CIRCLE('',#4821,0.199999996615);
#4821 = AXIS2_PLACEMENT_3D('',#4822,#4823,#4824);
#4822 = CARTESIAN_POINT('',(1.048139991278,5.500029957253,
    16.700000051969));
#4823 = DIRECTION('',(-3.491481338843E-15,-3.657132581847E-29,1.));
#4824 = DIRECTION('',(1.029992063861E-14,-1.,-6.093451171993E-31));
#4825 = ORIENTED_EDGE('',*,*,#4826,.F.);
#4826 = EDGE_CURVE('',#4827,#4818,#4829,.T.);
#4827 = VERTEX_POINT('',#4828);
#4828 = CARTESIAN_POINT('',(0.530982712506,5.300029960638,
    16.700000051969));
#4829 = LINE('',#4830,#4831);
#4830 = CARTESIAN_POINT('',(0.530982712506,5.300029960638,
    16.700000051969));
#4831 = VECTOR('',#4832,1.);
#4832 = DIRECTION('',(1.,1.047444401653E-14,3.491481338843E-15));
#4833 = ORIENTED_EDGE('',*,*,#4834,.F.);
#4834 = EDGE_CURVE('',#4835,#4827,#4837,.T.);
#4835 = VERTEX_POINT('',#4836);
#4836 = CARTESIAN_POINT('',(0.530982712506,6.100029947098,
    16.700000051969));
#4837 = LINE('',#4838,#4839);
#4838 = CARTESIAN_POINT('',(0.530982712506,6.100029947098,
    16.700000051969));
#4839 = VECTOR('',#4840,1.);
#4840 = DIRECTION('',(1.047444401653E-14,-1.,0.));
#4841 = ORIENTED_EDGE('',*,*,#4842,.T.);
#4842 = EDGE_CURVE('',#4835,#4843,#4845,.T.);
#4843 = VERTEX_POINT('',#4844);
#4844 = CARTESIAN_POINT('',(0.510019601148,6.500029940327,
    16.700000051969));
#4845 = LINE('',#4846,#4847);
#4846 = CARTESIAN_POINT('',(1.082698970196,-4.427343378713,
    16.700000051969));
#4847 = VECTOR('',#4848,1.);
#4848 = DIRECTION('',(-5.233595624293E-02,0.998629534755,
    -1.827300145726E-16));
#4849 = ORIENTED_EDGE('',*,*,#4850,.F.);
#4850 = EDGE_CURVE('',#4851,#4843,#4853,.T.);
#4851 = VERTEX_POINT('',#4852);
#4852 = CARTESIAN_POINT('',(-3.519017218943,6.500029940327,
    16.700000051969));
#4853 = LINE('',#4854,#4855);
#4854 = CARTESIAN_POINT('',(-10.21901710553,6.500029940327,
    16.700000051969));
#4855 = VECTOR('',#4856,1.);
#4856 = DIRECTION('',(1.,1.047444401653E-14,3.491481338843E-15));
#4857 = ORIENTED_EDGE('',*,*,#4858,.F.);
#4858 = EDGE_CURVE('',#4859,#4851,#4861,.T.);
#4859 = VERTEX_POINT('',#4860);
#4860 = CARTESIAN_POINT('',(-3.519017218943,5.732872665787,
    16.700000051969));
#4861 = LINE('',#4862,#4863);
#4862 = CARTESIAN_POINT('',(-3.519017218943,5.732872665787,
    16.700000051969));
#4863 = VECTOR('',#4864,1.);
#4864 = DIRECTION('',(-1.047444401653E-14,1.,0.));
#4865 = ORIENTED_EDGE('',*,*,#4866,.F.);
#4866 = EDGE_CURVE('',#4867,#4859,#4869,.T.);
#4867 = VERTEX_POINT('',#4868);
#4868 = CARTESIAN_POINT('',(-3.577595861714,5.591451311943,
    16.700000051969));
#4869 = CIRCLE('',#4870,0.199999996615);
#4870 = AXIS2_PLACEMENT_3D('',#4871,#4872,#4873);
#4871 = CARTESIAN_POINT('',(-3.719017215558,5.732872665787,
    16.700000051969));
#4872 = DIRECTION('',(-3.491481338843E-15,-3.657132581847E-29,1.));
#4873 = DIRECTION('',(8.673617379884E-15,-1.,-6.287552596341E-30));
#4874 = ORIENTED_EDGE('',*,*,#4875,.F.);
#4875 = EDGE_CURVE('',#4876,#4867,#4878,.T.);
#4876 = VERTEX_POINT('',#4877);
#4877 = CARTESIAN_POINT('',(-3.810438570247,5.35860860341,
    16.700000051969));
#4878 = LINE('',#4879,#4880);
#4879 = CARTESIAN_POINT('',(-3.810438570247,5.35860860341,
    16.700000051969));
#4880 = VECTOR('',#4881,1.);
#4881 = DIRECTION('',(0.707106781187,0.707106781187,2.46885013108E-15));
#4882 = ORIENTED_EDGE('',*,*,#4883,.F.);
#4883 = EDGE_CURVE('',#4884,#4876,#4886,.T.);
#4884 = VERTEX_POINT('',#4885);
#4885 = CARTESIAN_POINT('',(-3.951859924091,5.300029960638,
    16.700000051969));
#4886 = CIRCLE('',#4887,0.199999996615);
#4887 = AXIS2_PLACEMENT_3D('',#4888,#4889,#4890);
#4888 = CARTESIAN_POINT('',(-3.951859924091,5.500029957253,
    16.700000051969));
#4889 = DIRECTION('',(-3.491481338843E-15,-3.657132581847E-29,1.));
#4890 = DIRECTION('',(8.673617379884E-15,-1.,-6.287552596341E-30));
#4891 = ORIENTED_EDGE('',*,*,#4892,.F.);
#4892 = EDGE_CURVE('',#4893,#4884,#4895,.T.);
#4893 = VERTEX_POINT('',#4894);
#4894 = CARTESIAN_POINT('',(-4.469017202863,5.300029960638,
    16.700000051969));
#4895 = LINE('',#4896,#4897);
#4896 = CARTESIAN_POINT('',(-4.469017202863,5.300029960638,
    16.700000051969));
#4897 = VECTOR('',#4898,1.);
#4898 = DIRECTION('',(1.,1.047444401653E-14,3.491481338843E-15));
#4899 = ORIENTED_EDGE('',*,*,#4900,.F.);
#4900 = EDGE_CURVE('',#4901,#4893,#4903,.T.);
#4901 = VERTEX_POINT('',#4902);
#4902 = CARTESIAN_POINT('',(-4.469017202863,6.100029947097,
    16.700000051969));
#4903 = LINE('',#4904,#4905);
#4904 = CARTESIAN_POINT('',(-4.469017202863,6.100029947097,
    16.700000051969));
#4905 = VECTOR('',#4906,1.);
#4906 = DIRECTION('',(1.047444401653E-14,-1.,0.));
#4907 = ORIENTED_EDGE('',*,*,#4908,.T.);
#4908 = EDGE_CURVE('',#4901,#4909,#4911,.T.);
#4909 = VERTEX_POINT('',#4910);
#4910 = CARTESIAN_POINT('',(-4.489980314221,6.500029940327,
    16.700000051969));
#4911 = LINE('',#4912,#4913);
#4912 = CARTESIAN_POINT('',(-3.903605683826,-4.688664532459,
    16.700000051969));
#4913 = VECTOR('',#4914,1.);
#4914 = DIRECTION('',(-5.233595624293E-02,0.998629534755,
    -1.827300145726E-16));
#4915 = ORIENTED_EDGE('',*,*,#4916,.F.);
#4916 = EDGE_CURVE('',#4917,#4909,#4919,.T.);
#4917 = VERTEX_POINT('',#4918);
#4918 = CARTESIAN_POINT('',(-8.519017134312,6.500029940327,
    16.700000051969));
#4919 = LINE('',#4920,#4921);
#4920 = CARTESIAN_POINT('',(-10.21901710553,6.500029940327,
    16.700000051969));
#4921 = VECTOR('',#4922,1.);
#4922 = DIRECTION('',(1.,1.047444401653E-14,3.491481338843E-15));
#4923 = ORIENTED_EDGE('',*,*,#4924,.F.);
#4924 = EDGE_CURVE('',#4925,#4917,#4927,.T.);
#4925 = VERTEX_POINT('',#4926);
#4926 = CARTESIAN_POINT('',(-8.519017134312,5.732872665787,
    16.700000051969));
#4927 = LINE('',#4928,#4929);
#4928 = CARTESIAN_POINT('',(-8.519017134312,5.732872665787,
    16.700000051969));
#4929 = VECTOR('',#4930,1.);
#4930 = DIRECTION('',(-1.047444401653E-14,1.,0.));
#4931 = ORIENTED_EDGE('',*,*,#4932,.F.);
#4932 = EDGE_CURVE('',#4933,#4925,#4935,.T.);
#4933 = VERTEX_POINT('',#4934);
#4934 = CARTESIAN_POINT('',(-8.577595777083,5.591451311943,
    16.700000051969));
#4935 = CIRCLE('',#4936,0.199999996615);
#4936 = AXIS2_PLACEMENT_3D('',#4937,#4938,#4939);
#4937 = CARTESIAN_POINT('',(-8.719017130927,5.732872665787,
    16.700000051969));
#4938 = DIRECTION('',(-3.491481338843E-15,-3.657132581847E-29,1.));
#4939 = DIRECTION('',(8.673617379884E-15,-1.,-6.287552596341E-30));
#4940 = ORIENTED_EDGE('',*,*,#4941,.F.);
#4941 = EDGE_CURVE('',#4942,#4933,#4944,.T.);
#4942 = VERTEX_POINT('',#4943);
#4943 = CARTESIAN_POINT('',(-8.810438485617,5.35860860341,
    16.700000051969));
#4944 = LINE('',#4945,#4946);
#4945 = CARTESIAN_POINT('',(-8.810438485617,5.35860860341,
    16.700000051969));
#4946 = VECTOR('',#4947,1.);
#4947 = DIRECTION('',(0.707106781187,0.707106781187,2.46885013108E-15));
#4948 = ORIENTED_EDGE('',*,*,#4949,.F.);
#4949 = EDGE_CURVE('',#4950,#4942,#4952,.T.);
#4950 = VERTEX_POINT('',#4951);
#4951 = CARTESIAN_POINT('',(-8.95185983946,5.300029960638,
    16.700000051969));
#4952 = CIRCLE('',#4953,0.199999996615);
#4953 = AXIS2_PLACEMENT_3D('',#4954,#4955,#4956);
#4954 = CARTESIAN_POINT('',(-8.95185983946,5.500029957253,
    16.700000051969));
#4955 = DIRECTION('',(-3.491481338843E-15,-3.657132581847E-29,1.));
#4956 = DIRECTION('',(8.673617379884E-15,-1.,-6.287552596341E-30));
#4957 = ORIENTED_EDGE('',*,*,#4958,.F.);
#4958 = EDGE_CURVE('',#4959,#4950,#4961,.T.);
#4959 = VERTEX_POINT('',#4960);
#4960 = CARTESIAN_POINT('',(-9.469017118232,5.300029960638,
    16.700000051969));
#4961 = LINE('',#4962,#4963);
#4962 = CARTESIAN_POINT('',(-9.469017118232,5.300029960638,
    16.700000051969));
#4963 = VECTOR('',#4964,1.);
#4964 = DIRECTION('',(1.,1.047444401653E-14,3.491481338843E-15));
#4965 = ORIENTED_EDGE('',*,*,#4966,.F.);
#4966 = EDGE_CURVE('',#4967,#4959,#4969,.T.);
#4967 = VERTEX_POINT('',#4968);
#4968 = CARTESIAN_POINT('',(-9.469017118232,6.100029947097,
    16.700000051969));
#4969 = LINE('',#4970,#4971);
#4970 = CARTESIAN_POINT('',(-9.469017118232,6.100029947097,
    16.700000051969));
#4971 = VECTOR('',#4972,1.);
#4972 = DIRECTION('',(1.047444401653E-14,-1.,0.));
#4973 = ORIENTED_EDGE('',*,*,#4974,.T.);
#4974 = EDGE_CURVE('',#4967,#4975,#4977,.T.);
#4975 = VERTEX_POINT('',#4976);
#4976 = CARTESIAN_POINT('',(-9.489980229591,6.500029940327,
    16.700000051969));
#4977 = LINE('',#4978,#4979);
#4978 = CARTESIAN_POINT('',(-8.889910337848,-4.949985686205,
    16.700000051969));
#4979 = VECTOR('',#4980,1.);
#4980 = DIRECTION('',(-5.233595624293E-02,0.998629534755,
    -1.827300145726E-16));
#4981 = ORIENTED_EDGE('',*,*,#4982,.F.);
#4982 = EDGE_CURVE('',#4983,#4975,#4985,.T.);
#4983 = VERTEX_POINT('',#4984);
#4984 = CARTESIAN_POINT('',(-10.21901710553,6.500029940327,
    16.700000051969));
#4985 = LINE('',#4986,#4987);
#4986 = CARTESIAN_POINT('',(-10.21901710553,6.500029940327,
    16.700000051969));
#4987 = VECTOR('',#4988,1.);
#4988 = DIRECTION('',(1.,1.047444401653E-14,3.491481338843E-15));
#4989 = ORIENTED_EDGE('',*,*,#4990,.F.);
#4990 = EDGE_CURVE('',#4991,#4983,#4993,.T.);
#4991 = VERTEX_POINT('',#4992);
#4992 = CARTESIAN_POINT('',(-10.21901710553,-5.01964122033,
    16.700000051969));
#4993 = LINE('',#4994,#4995);
#4994 = CARTESIAN_POINT('',(-10.21901710553,-5.01964122033,
    16.700000051969));
#4995 = VECTOR('',#4996,1.);
#4996 = DIRECTION('',(-1.047444401653E-14,1.,0.));
#4997 = ORIENTED_EDGE('',*,*,#4998,.T.);
#4998 = EDGE_CURVE('',#4991,#4999,#5001,.T.);
#4999 = VERTEX_POINT('',#5000);
#5000 = CARTESIAN_POINT('',(-9.119017124156,-5.01964122033,
    16.700000051969));
#5001 = LINE('',#5002,#5003);
#5002 = CARTESIAN_POINT('',(-10.21901710553,-5.01964122033,
    16.700000051969));
#5003 = VECTOR('',#5004,1.);
#5004 = DIRECTION('',(1.,1.047444401653E-14,3.491481338843E-15));
#5005 = ORIENTED_EDGE('',*,*,#5006,.F.);
#5006 = EDGE_CURVE('',#5007,#4999,#5009,.T.);
#5007 = VERTEX_POINT('',#5008);
#5008 = CARTESIAN_POINT('',(-9.119017124156,4.300029977565,
    16.700000051969));
#5009 = LINE('',#5010,#5011);
#5010 = CARTESIAN_POINT('',(-9.119017124156,4.300029977565,
    16.700000051969));
#5011 = VECTOR('',#5012,1.);
#5012 = DIRECTION('',(1.047444401653E-14,-1.,0.));
#5013 = ORIENTED_EDGE('',*,*,#5014,.F.);
#5014 = EDGE_CURVE('',#5015,#5007,#5017,.T.);
#5015 = VERTEX_POINT('',#5016);
#5016 = CARTESIAN_POINT('',(-8.919017127542,4.500029974179,
    16.700000051969));
#5017 = CIRCLE('',#5018,0.199999996615);
#5018 = AXIS2_PLACEMENT_3D('',#5019,#5020,#5021);
#5019 = CARTESIAN_POINT('',(-8.919017127542,4.300029977565,
    16.700000051969));
#5020 = DIRECTION('',(-3.491481338843E-15,-3.657132581847E-29,1.));
#5021 = DIRECTION('',(8.673617379884E-15,-1.,-6.287552596341E-30));
#5022 = ORIENTED_EDGE('',*,*,#5023,.F.);
#5023 = EDGE_CURVE('',#5024,#5015,#5026,.T.);
#5024 = VERTEX_POINT('',#5025);
#5025 = CARTESIAN_POINT('',(-8.055226903547,4.500029974179,
    16.700000051969));
#5026 = LINE('',#5027,#5028);
#5027 = CARTESIAN_POINT('',(-5.219017190168,4.500029974179,
    16.700000051969));
#5028 = VECTOR('',#5029,1.);
#5029 = DIRECTION('',(-1.,-1.047444401653E-14,-3.491481338843E-15));
#5030 = ORIENTED_EDGE('',*,*,#5031,.T.);
#5031 = EDGE_CURVE('',#5024,#5032,#5034,.T.);
#5032 = VERTEX_POINT('',#5033);
#5033 = CARTESIAN_POINT('',(-8.242222219754,5.150029963177,
    16.700000051969));
#5034 = CIRCLE('',#5035,1.223205060053);
#5035 = AXIS2_PLACEMENT_3D('',#5036,#5037,#5038);
#5036 = CARTESIAN_POINT('',(-7.019017159701,5.150029963177,
    16.700000051969));
#5037 = DIRECTION('',(3.491481338843E-15,3.657132581847E-29,-1.));
#5038 = DIRECTION('',(1.,9.9272513848E-15,3.491481338843E-15));
#5039 = ORIENTED_EDGE('',*,*,#5040,.T.);
#5040 = EDGE_CURVE('',#5032,#5041,#5043,.T.);
#5041 = VERTEX_POINT('',#5042);
#5042 = CARTESIAN_POINT('',(-5.795812099649,5.150029963177,
    16.700000051969));
#5043 = CIRCLE('',#5044,1.223205060053);
#5044 = AXIS2_PLACEMENT_3D('',#5045,#5046,#5047);
#5045 = CARTESIAN_POINT('',(-7.019017159701,5.150029963177,
    16.700000051969));
#5046 = DIRECTION('',(3.491481338843E-15,3.657132581847E-29,-1.));
#5047 = DIRECTION('',(1.,9.9272513848E-15,3.491481338843E-15));
#5048 = ORIENTED_EDGE('',*,*,#5049,.T.);
#5049 = EDGE_CURVE('',#5041,#5050,#5052,.T.);
#5050 = VERTEX_POINT('',#5051);
#5051 = CARTESIAN_POINT('',(-5.982807415855,4.500029974179,
    16.700000051969));
#5052 = CIRCLE('',#5053,1.223205060053);
#5053 = AXIS2_PLACEMENT_3D('',#5054,#5055,#5056);
#5054 = CARTESIAN_POINT('',(-7.019017159701,5.150029963177,
    16.700000051969));
#5055 = DIRECTION('',(3.491481338843E-15,3.657132581847E-29,-1.));
#5056 = DIRECTION('',(1.,9.9272513848E-15,3.491481338843E-15));
#5057 = ORIENTED_EDGE('',*,*,#5058,.F.);
#5058 = EDGE_CURVE('',#5059,#5050,#5061,.T.);
#5059 = VERTEX_POINT('',#5060);
#5060 = CARTESIAN_POINT('',(-5.219017190168,4.500029974179,
    16.700000051969));
#5061 = LINE('',#5062,#5063);
#5062 = CARTESIAN_POINT('',(-5.219017190168,4.500029974179,
    16.700000051969));
#5063 = VECTOR('',#5064,1.);
#5064 = DIRECTION('',(-1.,-1.047444401653E-14,-3.491481338843E-15));
#5065 = ORIENTED_EDGE('',*,*,#5066,.F.);
#5066 = EDGE_CURVE('',#5067,#5059,#5069,.T.);
#5067 = VERTEX_POINT('',#5068);
#5068 = CARTESIAN_POINT('',(-5.219017190168,-5.01964122033,
    16.700000051969));
#5069 = LINE('',#5070,#5071);
#5070 = CARTESIAN_POINT('',(-5.219017190168,-9.29996979224,
    16.700000051969));
#5071 = VECTOR('',#5072,1.);
#5072 = DIRECTION('',(-1.047444401653E-14,1.,0.));
#5073 = ORIENTED_EDGE('',*,*,#5074,.T.);
#5074 = EDGE_CURVE('',#5067,#5075,#5077,.T.);
#5075 = VERTEX_POINT('',#5076);
#5076 = CARTESIAN_POINT('',(-4.119017208787,-5.01964122033,
    16.700000051969));
#5077 = LINE('',#5078,#5079);
#5078 = CARTESIAN_POINT('',(-10.21901710553,-5.01964122033,
    16.700000051969));
#5079 = VECTOR('',#5080,1.);
#5080 = DIRECTION('',(1.,1.047444401653E-14,3.491481338843E-15));
#5081 = ORIENTED_EDGE('',*,*,#5082,.F.);
#5082 = EDGE_CURVE('',#5083,#5075,#5085,.T.);
#5083 = VERTEX_POINT('',#5084);
#5084 = CARTESIAN_POINT('',(-4.119017208787,4.300029977565,
    16.700000051969));
#5085 = LINE('',#5086,#5087);
#5086 = CARTESIAN_POINT('',(-4.119017208787,4.300029977565,
    16.700000051969));
#5087 = VECTOR('',#5088,1.);
#5088 = DIRECTION('',(1.047444401653E-14,-1.,0.));
#5089 = ORIENTED_EDGE('',*,*,#5090,.F.);
#5090 = EDGE_CURVE('',#5091,#5083,#5093,.T.);
#5091 = VERTEX_POINT('',#5092);
#5092 = CARTESIAN_POINT('',(-3.919017212172,4.500029974179,
    16.700000051969));
#5093 = CIRCLE('',#5094,0.199999996615);
#5094 = AXIS2_PLACEMENT_3D('',#5095,#5096,#5097);
#5095 = CARTESIAN_POINT('',(-3.919017212172,4.300029977565,
    16.700000051969));
#5096 = DIRECTION('',(-3.491481338843E-15,-3.657132581847E-29,1.));
#5097 = DIRECTION('',(8.673617379884E-15,-1.,-6.287552596341E-30));
#5098 = ORIENTED_EDGE('',*,*,#5099,.F.);
#5099 = EDGE_CURVE('',#5100,#5091,#5102,.T.);
#5100 = VERTEX_POINT('',#5101);
#5101 = CARTESIAN_POINT('',(-3.055226988178,4.500029974179,
    16.700000051969));
#5102 = LINE('',#5103,#5104);
#5103 = CARTESIAN_POINT('',(-0.219017274799,4.500029974179,
    16.700000051969));
#5104 = VECTOR('',#5105,1.);
#5105 = DIRECTION('',(-1.,-1.047444401653E-14,-3.491481338843E-15));
#5106 = ORIENTED_EDGE('',*,*,#5107,.T.);
#5107 = EDGE_CURVE('',#5100,#5108,#5110,.T.);
#5108 = VERTEX_POINT('',#5109);
#5109 = CARTESIAN_POINT('',(-3.242222304385,5.150029963177,
    16.700000051969));
#5110 = CIRCLE('',#5111,1.223205060053);
#5111 = AXIS2_PLACEMENT_3D('',#5112,#5113,#5114);
#5112 = CARTESIAN_POINT('',(-2.019017244332,5.150029963177,
    16.700000051969));
#5113 = DIRECTION('',(3.491481338843E-15,3.657132581847E-29,-1.));
#5114 = DIRECTION('',(1.,9.9272513848E-15,3.491481338843E-15));
#5115 = ORIENTED_EDGE('',*,*,#5116,.T.);
#5116 = EDGE_CURVE('',#5108,#5117,#5119,.T.);
#5117 = VERTEX_POINT('',#5118);
#5118 = CARTESIAN_POINT('',(-0.795812184279,5.150029963177,
    16.700000051969));
#5119 = CIRCLE('',#5120,1.223205060053);
#5120 = AXIS2_PLACEMENT_3D('',#5121,#5122,#5123);
#5121 = CARTESIAN_POINT('',(-2.019017244332,5.150029963177,
    16.700000051969));
#5122 = DIRECTION('',(3.491481338843E-15,3.657132581847E-29,-1.));
#5123 = DIRECTION('',(1.,9.9272513848E-15,3.491481338843E-15));
#5124 = ORIENTED_EDGE('',*,*,#5125,.T.);
#5125 = EDGE_CURVE('',#5117,#5126,#5128,.T.);
#5126 = VERTEX_POINT('',#5127);
#5127 = CARTESIAN_POINT('',(-0.982807500486,4.500029974179,
    16.700000051969));
#5128 = CIRCLE('',#5129,1.223205060053);
#5129 = AXIS2_PLACEMENT_3D('',#5130,#5131,#5132);
#5130 = CARTESIAN_POINT('',(-2.019017244332,5.150029963177,
    16.700000051969));
#5131 = DIRECTION('',(3.491481338843E-15,3.657132581847E-29,-1.));
#5132 = DIRECTION('',(1.,9.9272513848E-15,3.491481338843E-15));
#5133 = ORIENTED_EDGE('',*,*,#5134,.F.);
#5134 = EDGE_CURVE('',#5135,#5126,#5137,.T.);
#5135 = VERTEX_POINT('',#5136);
#5136 = CARTESIAN_POINT('',(-0.219017274799,4.500029974179,
    16.700000051969));
#5137 = LINE('',#5138,#5139);
#5138 = CARTESIAN_POINT('',(-0.219017274799,4.500029974179,
    16.700000051969));
#5139 = VECTOR('',#5140,1.);
#5140 = DIRECTION('',(-1.,-1.047444401653E-14,-3.491481338843E-15));
#5141 = ORIENTED_EDGE('',*,*,#5142,.F.);
#5142 = EDGE_CURVE('',#5143,#5135,#5145,.T.);
#5143 = VERTEX_POINT('',#5144);
#5144 = CARTESIAN_POINT('',(-0.219017274799,-5.01964122033,
    16.700000051969));
#5145 = LINE('',#5146,#5147);
#5146 = CARTESIAN_POINT('',(-0.219017274799,-9.29996979224,
    16.700000051969));
#5147 = VECTOR('',#5148,1.);
#5148 = DIRECTION('',(-1.047444401653E-14,1.,0.));
#5149 = ORIENTED_EDGE('',*,*,#5150,.T.);
#5150 = EDGE_CURVE('',#5143,#5151,#5153,.T.);
#5151 = VERTEX_POINT('',#5152);
#5152 = CARTESIAN_POINT('',(0.880982706582,-5.01964122033,
    16.700000051969));
#5153 = LINE('',#5154,#5155);
#5154 = CARTESIAN_POINT('',(-10.21901710553,-5.01964122033,
    16.700000051969));
#5155 = VECTOR('',#5156,1.);
#5156 = DIRECTION('',(1.,1.047444401653E-14,3.491481338843E-15));
#5157 = ORIENTED_EDGE('',*,*,#5158,.F.);
#5158 = EDGE_CURVE('',#4585,#5151,#5159,.T.);
#5159 = LINE('',#5160,#5161);
#5160 = CARTESIAN_POINT('',(0.880982706582,4.300029977565,
    16.700000051969));
#5161 = VECTOR('',#5162,1.);
#5162 = DIRECTION('',(1.047444401653E-14,-1.,0.));
#5163 = PLANE('',#5164);
#5164 = AXIS2_PLACEMENT_3D('',#5165,#5166,#5167);
#5165 = CARTESIAN_POINT('',(-10.21901710553,-5.01964122033,
    16.700000051969));
#5166 = DIRECTION('',(3.491481338843E-15,3.657132581847E-29,-1.));
#5167 = DIRECTION('',(1.,1.047444401653E-14,3.491481338843E-15));
#5168 = ADVANCED_FACE('',(#5169),#5196,.T.);
#5169 = FACE_BOUND('',#5170,.T.);
#5170 = EDGE_LOOP('',(#5171,#5181,#5188,#5189));
#5171 = ORIENTED_EDGE('',*,*,#5172,.T.);
#5172 = EDGE_CURVE('',#5173,#5175,#5177,.T.);
#5173 = VERTEX_POINT('',#5174);
#5174 = CARTESIAN_POINT('',(-0.219017274799,-5.212477499972,
    16.629813386092));
#5175 = VERTEX_POINT('',#5176);
#5176 = CARTESIAN_POINT('',(0.880982706582,-5.212477499972,
    16.629813386092));
#5177 = LINE('',#5178,#5179);
#5178 = CARTESIAN_POINT('',(-10.21901710553,-5.212477499972,
    16.629813386092));
#5179 = VECTOR('',#5180,1.);
#5180 = DIRECTION('',(1.,1.047444401653E-14,3.491481338843E-15));
#5181 = ORIENTED_EDGE('',*,*,#5182,.T.);
#5182 = EDGE_CURVE('',#5175,#5151,#5183,.T.);
#5183 = CIRCLE('',#5184,0.299999994922);
#5184 = AXIS2_PLACEMENT_3D('',#5185,#5186,#5187);
#5185 = CARTESIAN_POINT('',(0.880982706582,-5.01964122033,
    16.400000057047));
#5186 = DIRECTION('',(-1.,-1.047444401653E-14,-3.491481338843E-15));
#5187 = DIRECTION('',(1.047444401653E-14,-1.,-2.156682494193E-32));
#5188 = ORIENTED_EDGE('',*,*,#5150,.F.);
#5189 = ORIENTED_EDGE('',*,*,#5190,.T.);
#5190 = EDGE_CURVE('',#5143,#5173,#5191,.T.);
#5191 = CIRCLE('',#5192,0.299999994922);
#5192 = AXIS2_PLACEMENT_3D('',#5193,#5194,#5195);
#5193 = CARTESIAN_POINT('',(-0.219017274799,-5.01964122033,
    16.400000057047));
#5194 = DIRECTION('',(1.,1.047444401653E-14,3.491481338843E-15));
#5195 = DIRECTION('',(-1.047444401653E-14,1.,-1.240257059314E-30));
#5196 = CYLINDRICAL_SURFACE('',#5197,0.299999994922);
#5197 = AXIS2_PLACEMENT_3D('',#5198,#5199,#5200);
#5198 = CARTESIAN_POINT('',(-10.21901710553,-5.01964122033,
    16.400000057047));
#5199 = DIRECTION('',(1.,1.047444401653E-14,3.491481338843E-15));
#5200 = DIRECTION('',(-1.047444401653E-14,1.,3.807038477709E-30));
#5201 = ADVANCED_FACE('',(#5202),#5319,.F.);
#5202 = FACE_BOUND('',#5203,.T.);
#5203 = EDGE_LOOP('',(#5204,#5205,#5211,#5212,#5218,#5219,#5227,#5235,
    #5241,#5242,#5250,#5258,#5266,#5274,#5282,#5290,#5296,#5297,#5305,
    #5313));
#5204 = ORIENTED_EDGE('',*,*,#1663,.F.);
#5205 = ORIENTED_EDGE('',*,*,#5206,.T.);
#5206 = EDGE_CURVE('',#1656,#5175,#5207,.T.);
#5207 = LINE('',#5208,#5209);
#5208 = CARTESIAN_POINT('',(0.880982706582,-9.19280607696,
    13.289921145177));
#5209 = VECTOR('',#5210,1.);
#5210 = DIRECTION('',(-1.026817057768E-14,0.766044443119,0.642787609687)
  );
#5211 = ORIENTED_EDGE('',*,*,#5172,.F.);
#5212 = ORIENTED_EDGE('',*,*,#5213,.T.);
#5213 = EDGE_CURVE('',#5173,#2580,#5214,.T.);
#5214 = LINE('',#5215,#5216);
#5215 = CARTESIAN_POINT('',(-0.219017274799,-9.19280607696,
    13.289921145177));
#5216 = VECTOR('',#5217,1.);
#5217 = DIRECTION('',(1.026817057768E-14,-0.766044443119,-0.642787609687
    ));
#5218 = ORIENTED_EDGE('',*,*,#2579,.F.);
#5219 = ORIENTED_EDGE('',*,*,#5220,.T.);
#5220 = EDGE_CURVE('',#2572,#5221,#5223,.T.);
#5221 = VERTEX_POINT('',#5222);
#5222 = CARTESIAN_POINT('',(-4.119017208787,-5.212477499972,
    16.629813386092));
#5223 = LINE('',#5224,#5225);
#5224 = CARTESIAN_POINT('',(-4.119017208787,-9.19280607696,
    13.289921145177));
#5225 = VECTOR('',#5226,1.);
#5226 = DIRECTION('',(-1.026817057768E-14,0.766044443119,0.642787609687)
  );
#5227 = ORIENTED_EDGE('',*,*,#5228,.F.);
#5228 = EDGE_CURVE('',#5229,#5221,#5231,.T.);
#5229 = VERTEX_POINT('',#5230);
#5230 = CARTESIAN_POINT('',(-5.219017190168,-5.212477499972,
    16.629813386092));
#5231 = LINE('',#5232,#5233);
#5232 = CARTESIAN_POINT('',(-10.21901710553,-5.212477499972,
    16.629813386092));
#5233 = VECTOR('',#5234,1.);
#5234 = DIRECTION('',(1.,1.047444401653E-14,3.491481338843E-15));
#5235 = ORIENTED_EDGE('',*,*,#5236,.T.);
#5236 = EDGE_CURVE('',#5229,#3496,#5237,.T.);
#5237 = LINE('',#5238,#5239);
#5238 = CARTESIAN_POINT('',(-5.219017190168,-9.19280607696,
    13.289921145177));
#5239 = VECTOR('',#5240,1.);
#5240 = DIRECTION('',(1.026817057768E-14,-0.766044443119,-0.642787609687
    ));
#5241 = ORIENTED_EDGE('',*,*,#3495,.F.);
#5242 = ORIENTED_EDGE('',*,*,#5243,.T.);
#5243 = EDGE_CURVE('',#3488,#5244,#5246,.T.);
#5244 = VERTEX_POINT('',#5245);
#5245 = CARTESIAN_POINT('',(-9.119017124156,-5.212477499972,
    16.629813386092));
#5246 = LINE('',#5247,#5248);
#5247 = CARTESIAN_POINT('',(-9.119017124156,-9.19280607696,
    13.289921145177));
#5248 = VECTOR('',#5249,1.);
#5249 = DIRECTION('',(-1.026817057768E-14,0.766044443119,0.642787609687)
  );
#5250 = ORIENTED_EDGE('',*,*,#5251,.F.);
#5251 = EDGE_CURVE('',#5252,#5244,#5254,.T.);
#5252 = VERTEX_POINT('',#5253);
#5253 = CARTESIAN_POINT('',(-10.21901710553,-5.212477499972,
    16.629813386092));
#5254 = LINE('',#5255,#5256);
#5255 = CARTESIAN_POINT('',(-10.21901710553,-5.212477499972,
    16.629813386092));
#5256 = VECTOR('',#5257,1.);
#5257 = DIRECTION('',(1.,1.047444401653E-14,3.491481338843E-15));
#5258 = ORIENTED_EDGE('',*,*,#5259,.F.);
#5259 = EDGE_CURVE('',#5260,#5252,#5262,.T.);
#5260 = VERTEX_POINT('',#5261);
#5261 = CARTESIAN_POINT('',(-10.21901710553,-9.19280607696,
    13.289921145177));
#5262 = LINE('',#5263,#5264);
#5263 = CARTESIAN_POINT('',(-10.21901710553,-9.19280607696,
    13.289921145177));
#5264 = VECTOR('',#5265,1.);
#5265 = DIRECTION('',(-1.026817057768E-14,0.766044443119,0.642787609687)
  );
#5266 = ORIENTED_EDGE('',*,*,#5267,.T.);
#5267 = EDGE_CURVE('',#5260,#5268,#5270,.T.);
#5268 = VERTEX_POINT('',#5269);
#5269 = CARTESIAN_POINT('',(11.28098253055,-9.192806076959,
    13.289921145178));
#5270 = LINE('',#5271,#5272);
#5271 = CARTESIAN_POINT('',(-10.21901710553,-9.19280607696,
    13.289921145177));
#5272 = VECTOR('',#5273,1.);
#5273 = DIRECTION('',(1.,1.047444401653E-14,3.491481338843E-15));
#5274 = ORIENTED_EDGE('',*,*,#5275,.T.);
#5275 = EDGE_CURVE('',#5268,#5276,#5278,.T.);
#5276 = VERTEX_POINT('',#5277);
#5277 = CARTESIAN_POINT('',(11.28098253055,-5.212477499971,
    16.629813386093));
#5278 = LINE('',#5279,#5280);
#5279 = CARTESIAN_POINT('',(11.28098253055,-9.192806076959,
    13.289921145178));
#5280 = VECTOR('',#5281,1.);
#5281 = DIRECTION('',(-1.026817057768E-14,0.766044443119,0.642787609687)
  );
#5282 = ORIENTED_EDGE('',*,*,#5283,.F.);
#5283 = EDGE_CURVE('',#5284,#5276,#5286,.T.);
#5284 = VERTEX_POINT('',#5285);
#5285 = CARTESIAN_POINT('',(9.78098255594,-5.212477499972,
    16.629813386093));
#5286 = LINE('',#5287,#5288);
#5287 = CARTESIAN_POINT('',(-10.21901710553,-5.212477499972,
    16.629813386092));
#5288 = VECTOR('',#5289,1.);
#5289 = DIRECTION('',(1.,1.047444401653E-14,3.491481338843E-15));
#5290 = ORIENTED_EDGE('',*,*,#5291,.T.);
#5291 = EDGE_CURVE('',#5284,#4412,#5292,.T.);
#5292 = LINE('',#5293,#5294);
#5293 = CARTESIAN_POINT('',(9.78098255594,-9.192806076959,
    13.289921145178));
#5294 = VECTOR('',#5295,1.);
#5295 = DIRECTION('',(1.026817057768E-14,-0.766044443119,-0.642787609687
    ));
#5296 = ORIENTED_EDGE('',*,*,#4411,.F.);
#5297 = ORIENTED_EDGE('',*,*,#5298,.T.);
#5298 = EDGE_CURVE('',#4404,#5299,#5301,.T.);
#5299 = VERTEX_POINT('',#5300);
#5300 = CARTESIAN_POINT('',(5.880982621952,-5.212477499972,
    16.629813386092));
#5301 = LINE('',#5302,#5303);
#5302 = CARTESIAN_POINT('',(5.880982621952,-9.192806076959,
    13.289921145178));
#5303 = VECTOR('',#5304,1.);
#5304 = DIRECTION('',(-1.026817057768E-14,0.766044443119,0.642787609687)
  );
#5305 = ORIENTED_EDGE('',*,*,#5306,.F.);
#5306 = EDGE_CURVE('',#5307,#5299,#5309,.T.);
#5307 = VERTEX_POINT('',#5308);
#5308 = CARTESIAN_POINT('',(4.78098264057,-5.212477499972,
    16.629813386092));
#5309 = LINE('',#5310,#5311);
#5310 = CARTESIAN_POINT('',(-10.21901710553,-5.212477499972,
    16.629813386092));
#5311 = VECTOR('',#5312,1.);
#5312 = DIRECTION('',(1.,1.047444401653E-14,3.491481338843E-15));
#5313 = ORIENTED_EDGE('',*,*,#5314,.T.);
#5314 = EDGE_CURVE('',#5307,#1664,#5315,.T.);
#5315 = LINE('',#5316,#5317);
#5316 = CARTESIAN_POINT('',(4.78098264057,-9.19280607696,13.289921145178
    ));
#5317 = VECTOR('',#5318,1.);
#5318 = DIRECTION('',(1.026817057768E-14,-0.766044443119,-0.642787609687
    ));
#5319 = PLANE('',#5320);
#5320 = AXIS2_PLACEMENT_3D('',#5321,#5322,#5323);
#5321 = CARTESIAN_POINT('',(-10.21901710553,-9.19280607696,
    13.289921145177));
#5322 = DIRECTION('',(-4.058212954305E-15,0.642787609687,-0.766044443119
    ));
#5323 = DIRECTION('',(-1.026817057768E-14,0.766044443119,0.642787609687)
  );
#5324 = ADVANCED_FACE('',(#5325),#5343,.T.);
#5325 = FACE_BOUND('',#5326,.T.);
#5326 = EDGE_LOOP('',(#5327,#5328,#5335,#5336));
#5327 = ORIENTED_EDGE('',*,*,#5228,.T.);
#5328 = ORIENTED_EDGE('',*,*,#5329,.T.);
#5329 = EDGE_CURVE('',#5221,#5075,#5330,.T.);
#5330 = CIRCLE('',#5331,0.299999994922);
#5331 = AXIS2_PLACEMENT_3D('',#5332,#5333,#5334);
#5332 = CARTESIAN_POINT('',(-4.119017208787,-5.01964122033,
    16.400000057047));
#5333 = DIRECTION('',(-1.,-1.047444401653E-14,-3.491481338843E-15));
#5334 = DIRECTION('',(1.047444401653E-14,-1.,-3.807038477709E-30));
#5335 = ORIENTED_EDGE('',*,*,#5074,.F.);
#5336 = ORIENTED_EDGE('',*,*,#5337,.T.);
#5337 = EDGE_CURVE('',#5067,#5229,#5338,.T.);
#5338 = CIRCLE('',#5339,0.299999994922);
#5339 = AXIS2_PLACEMENT_3D('',#5340,#5341,#5342);
#5340 = CARTESIAN_POINT('',(-5.219017190168,-5.01964122033,
    16.400000057047));
#5341 = DIRECTION('',(1.,1.047444401653E-14,3.491481338843E-15));
#5342 = DIRECTION('',(-1.047444401653E-14,1.,3.807038477709E-30));
#5343 = CYLINDRICAL_SURFACE('',#5344,0.299999994922);
#5344 = AXIS2_PLACEMENT_3D('',#5345,#5346,#5347);
#5345 = CARTESIAN_POINT('',(-10.21901710553,-5.01964122033,
    16.400000057047));
#5346 = DIRECTION('',(1.,1.047444401653E-14,3.491481338843E-15));
#5347 = DIRECTION('',(-1.047444401653E-14,1.,3.807038477709E-30));
#5348 = ADVANCED_FACE('',(#5349),#5376,.T.);
#5349 = FACE_BOUND('',#5350,.T.);
#5350 = EDGE_LOOP('',(#5351,#5352,#5361,#5369));
#5351 = ORIENTED_EDGE('',*,*,#4850,.T.);
#5352 = ORIENTED_EDGE('',*,*,#5353,.T.);
#5353 = EDGE_CURVE('',#4843,#5354,#5356,.T.);
#5354 = VERTEX_POINT('',#5355);
#5355 = CARTESIAN_POINT('',(0.48381571195,7.000029931864,16.200000060432
    ));
#5356 = ( BOUNDED_CURVE() B_SPLINE_CURVE(3,(#5357,#5358,#5359,#5360),
.UNSPECIFIED.,.F.,.F.) B_SPLINE_CURVE_WITH_KNOTS((4,4),(1.570796326795,
3.14159265359),.PIECEWISE_BEZIER_KNOTS.) CURVE() 
GEOMETRIC_REPRESENTATION_ITEM() RATIONAL_B_SPLINE_CURVE((1.,
0.804737854124,0.804737854124,1.)) REPRESENTATION_ITEM('') );
#5357 = CARTESIAN_POINT('',(0.510019601148,6.500029940327,
    16.700000051969));
#5358 = CARTESIAN_POINT('',(0.494669718243,6.792923154183,
    16.700000051969));
#5359 = CARTESIAN_POINT('',(0.48381571195,7.000029931864,16.492893274288
    ));
#5360 = CARTESIAN_POINT('',(0.48381571195,7.000029931864,16.200000060432
    ));
#5361 = ORIENTED_EDGE('',*,*,#5362,.F.);
#5362 = EDGE_CURVE('',#5363,#5354,#5365,.T.);
#5363 = VERTEX_POINT('',#5364);
#5364 = CARTESIAN_POINT('',(-3.519017218943,7.000029931864,
    16.200000060432));
#5365 = LINE('',#5366,#5367);
#5366 = CARTESIAN_POINT('',(-10.21901710553,7.000029931864,
    16.200000060432));
#5367 = VECTOR('',#5368,1.);
#5368 = DIRECTION('',(1.,1.047444401653E-14,3.491481338843E-15));
#5369 = ORIENTED_EDGE('',*,*,#5370,.T.);
#5370 = EDGE_CURVE('',#5363,#4851,#5371,.T.);
#5371 = CIRCLE('',#5372,0.499999991537);
#5372 = AXIS2_PLACEMENT_3D('',#5373,#5374,#5375);
#5373 = CARTESIAN_POINT('',(-3.519017218943,6.500029940327,
    16.200000060432));
#5374 = DIRECTION('',(1.,1.047444401653E-14,3.491481338843E-15));
#5375 = DIRECTION('',(-1.047444401653E-14,1.,-2.307979519134E-31));
#5376 = CYLINDRICAL_SURFACE('',#5377,0.499999991537);
#5377 = AXIS2_PLACEMENT_3D('',#5378,#5379,#5380);
#5378 = CARTESIAN_POINT('',(-10.21901710553,6.500029940327,
    16.200000060432));
#5379 = DIRECTION('',(1.,1.047444401653E-14,3.491481338843E-15));
#5380 = DIRECTION('',(-1.047444401653E-14,1.,-2.307979519134E-31));
#5381 = ADVANCED_FACE('',(#5382),#5763,.F.);
#5382 = FACE_BOUND('',#5383,.T.);
#5383 = EDGE_LOOP('',(#5384,#5385,#5393,#5401,#5409,#5417,#5425,#5433,
    #5441,#5449,#5457,#5465,#5473,#5481,#5490,#5498,#5506,#5514,#5522,
    #5530,#5538,#5547,#5555,#5563,#5571,#5579,#5587,#5595,#5604,#5612,
    #5620,#5628,#5636,#5644,#5652,#5661,#5669,#5677,#5685,#5693,#5701,
    #5709,#5717,#5725,#5733,#5741,#5749,#5757));
#5384 = ORIENTED_EDGE('',*,*,#5362,.T.);
#5385 = ORIENTED_EDGE('',*,*,#5386,.F.);
#5386 = EDGE_CURVE('',#5387,#5354,#5389,.T.);
#5387 = VERTEX_POINT('',#5388);
#5388 = CARTESIAN_POINT('',(0.48381571195,7.000029931864,13.000000114596
    ));
#5389 = LINE('',#5390,#5391);
#5390 = CARTESIAN_POINT('',(0.48381571195,7.000029931864,13.000000114596
    ));
#5391 = VECTOR('',#5392,1.);
#5392 = DIRECTION('',(-3.491481338843E-15,-3.657132581847E-29,1.));
#5393 = ORIENTED_EDGE('',*,*,#5394,.F.);
#5394 = EDGE_CURVE('',#5395,#5387,#5397,.T.);
#5395 = VERTEX_POINT('',#5396);
#5396 = CARTESIAN_POINT('',(1.480982696426,7.000029931864,
    13.000000114596));
#5397 = LINE('',#5398,#5399);
#5398 = CARTESIAN_POINT('',(1.480982696426,7.000029931864,
    13.000000114596));
#5399 = VECTOR('',#5400,1.);
#5400 = DIRECTION('',(-1.,-1.047444401653E-14,-3.491481338843E-15));
#5401 = ORIENTED_EDGE('',*,*,#5402,.T.);
#5402 = EDGE_CURVE('',#5395,#5403,#5405,.T.);
#5403 = VERTEX_POINT('',#5404);
#5404 = CARTESIAN_POINT('',(1.480982696426,7.000029931864,
    16.200000060432));
#5405 = LINE('',#5406,#5407);
#5406 = CARTESIAN_POINT('',(1.480982696426,7.000029931864,
    13.000000114596));
#5407 = VECTOR('',#5408,1.);
#5408 = DIRECTION('',(-3.491481338843E-15,-3.657132581847E-29,1.));
#5409 = ORIENTED_EDGE('',*,*,#5410,.T.);
#5410 = EDGE_CURVE('',#5403,#5411,#5413,.T.);
#5411 = VERTEX_POINT('',#5412);
#5412 = CARTESIAN_POINT('',(5.483815627319,7.000029931864,
    16.200000060432));
#5413 = LINE('',#5414,#5415);
#5414 = CARTESIAN_POINT('',(-10.21901710553,7.000029931864,
    16.200000060432));
#5415 = VECTOR('',#5416,1.);
#5416 = DIRECTION('',(1.,1.047444401653E-14,3.491481338843E-15));
#5417 = ORIENTED_EDGE('',*,*,#5418,.F.);
#5418 = EDGE_CURVE('',#5419,#5411,#5421,.T.);
#5419 = VERTEX_POINT('',#5420);
#5420 = CARTESIAN_POINT('',(5.483815627319,7.000029931864,
    13.000000114596));
#5421 = LINE('',#5422,#5423);
#5422 = CARTESIAN_POINT('',(5.483815627319,7.000029931864,
    13.000000114596));
#5423 = VECTOR('',#5424,1.);
#5424 = DIRECTION('',(-3.491481338843E-15,-3.657132581847E-29,1.));
#5425 = ORIENTED_EDGE('',*,*,#5426,.F.);
#5426 = EDGE_CURVE('',#5427,#5419,#5429,.T.);
#5427 = VERTEX_POINT('',#5428);
#5428 = CARTESIAN_POINT('',(6.480982611796,7.000029931864,
    13.000000114596));
#5429 = LINE('',#5430,#5431);
#5430 = CARTESIAN_POINT('',(6.480982611796,7.000029931864,
    13.000000114596));
#5431 = VECTOR('',#5432,1.);
#5432 = DIRECTION('',(-1.,-1.047444401653E-14,-3.491481338843E-15));
#5433 = ORIENTED_EDGE('',*,*,#5434,.T.);
#5434 = EDGE_CURVE('',#5427,#5435,#5437,.T.);
#5435 = VERTEX_POINT('',#5436);
#5436 = CARTESIAN_POINT('',(6.480982611796,7.000029931864,
    16.200000060432));
#5437 = LINE('',#5438,#5439);
#5438 = CARTESIAN_POINT('',(6.480982611796,7.000029931864,
    13.000000114596));
#5439 = VECTOR('',#5440,1.);
#5440 = DIRECTION('',(-3.491481338843E-15,-3.657132581847E-29,1.));
#5441 = ORIENTED_EDGE('',*,*,#5442,.T.);
#5442 = EDGE_CURVE('',#5435,#5443,#5445,.T.);
#5443 = VERTEX_POINT('',#5444);
#5444 = CARTESIAN_POINT('',(11.28098253055,7.000029931864,
    16.200000060432));
#5445 = LINE('',#5446,#5447);
#5446 = CARTESIAN_POINT('',(-10.21901710553,7.000029931864,
    16.200000060432));
#5447 = VECTOR('',#5448,1.);
#5448 = DIRECTION('',(1.,1.047444401653E-14,3.491481338843E-15));
#5449 = ORIENTED_EDGE('',*,*,#5450,.T.);
#5450 = EDGE_CURVE('',#5443,#5451,#5453,.T.);
#5451 = VERTEX_POINT('',#5452);
#5452 = CARTESIAN_POINT('',(11.28098253055,7.000029931864,0.300000329558
    ));
#5453 = LINE('',#5454,#5455);
#5454 = CARTESIAN_POINT('',(11.28098253055,7.000029931864,
    16.200000060432));
#5455 = VECTOR('',#5456,1.);
#5456 = DIRECTION('',(3.491481338843E-15,3.657132581847E-29,-1.));
#5457 = ORIENTED_EDGE('',*,*,#5458,.F.);
#5458 = EDGE_CURVE('',#5459,#5451,#5461,.T.);
#5459 = VERTEX_POINT('',#5460);
#5460 = CARTESIAN_POINT('',(9.780982555939,7.000029931864,0.300000329558
    ));
#5461 = LINE('',#5462,#5463);
#5462 = CARTESIAN_POINT('',(-10.21901710553,7.000029931864,
    0.300000329558));
#5463 = VECTOR('',#5464,1.);
#5464 = DIRECTION('',(1.,1.047444401653E-14,3.491481338843E-15));
#5465 = ORIENTED_EDGE('',*,*,#5466,.F.);
#5466 = EDGE_CURVE('',#5467,#5459,#5469,.T.);
#5467 = VERTEX_POINT('',#5468);
#5468 = CARTESIAN_POINT('',(9.780982555939,7.000029931864,1.274548126846
    ));
#5469 = LINE('',#5470,#5471);
#5470 = CARTESIAN_POINT('',(9.780982555939,7.000029931864,1.927000302019
    ));
#5471 = VECTOR('',#5472,1.);
#5472 = DIRECTION('',(3.491481338843E-15,3.657132581847E-29,-1.));
#5473 = ORIENTED_EDGE('',*,*,#5474,.T.);
#5474 = EDGE_CURVE('',#5467,#5475,#5477,.T.);
#5475 = VERTEX_POINT('',#5476);
#5476 = CARTESIAN_POINT('',(6.380982613486,7.000029931864,1.274548126837
    ));
#5477 = LINE('',#5478,#5479);
#5478 = CARTESIAN_POINT('',(5.380982630415,7.000029931864,1.274548126846
    ));
#5479 = VECTOR('',#5480,1.);
#5480 = DIRECTION('',(-1.,-1.047444401653E-14,-3.491481338843E-15));
#5481 = ORIENTED_EDGE('',*,*,#5482,.T.);
#5482 = EDGE_CURVE('',#5475,#5483,#5485,.T.);
#5483 = VERTEX_POINT('',#5484);
#5484 = CARTESIAN_POINT('',(5.380982630415,7.000029931864,0.402898459422
    ));
#5485 = B_SPLINE_CURVE_WITH_KNOTS('',3,(#5486,#5487,#5488,#5489),
  .UNSPECIFIED.,.F.,.F.,(4,4),(0.,1.),.PIECEWISE_BEZIER_KNOTS.);
#5486 = CARTESIAN_POINT('',(6.380982613486,7.000029931864,1.274548126837
    ));
#5487 = CARTESIAN_POINT('',(6.198776318316,7.000029931864,1.033015483665
    ));
#5488 = CARTESIAN_POINT('',(5.865442990626,7.000029931864,0.742465594526
    ));
#5489 = CARTESIAN_POINT('',(5.380982630415,7.000029931864,0.402898459422
    ));
#5490 = ORIENTED_EDGE('',*,*,#5491,.T.);
#5491 = EDGE_CURVE('',#5483,#5492,#5494,.T.);
#5492 = VERTEX_POINT('',#5493);
#5493 = CARTESIAN_POINT('',(5.380982630415,7.000029931864,1.927000302019
    ));
#5494 = LINE('',#5495,#5496);
#5495 = CARTESIAN_POINT('',(5.380982630415,7.000029931864,
    -4.170909631997E-02));
#5496 = VECTOR('',#5497,1.);
#5497 = DIRECTION('',(-3.491481338843E-15,-3.657132581847E-29,1.));
#5498 = ORIENTED_EDGE('',*,*,#5499,.F.);
#5499 = EDGE_CURVE('',#5500,#5492,#5502,.T.);
#5500 = VERTEX_POINT('',#5501);
#5501 = CARTESIAN_POINT('',(5.360982630753,7.000029931864,1.927000302019
    ));
#5502 = LINE('',#5503,#5504);
#5503 = CARTESIAN_POINT('',(5.360982630753,7.000029931864,1.927000302019
    ));
#5504 = VECTOR('',#5505,1.);
#5505 = DIRECTION('',(1.,1.047444401653E-14,3.491481338843E-15));
#5506 = ORIENTED_EDGE('',*,*,#5507,.T.);
#5507 = EDGE_CURVE('',#5500,#5508,#5510,.T.);
#5508 = VERTEX_POINT('',#5509);
#5509 = CARTESIAN_POINT('',(5.360982630753,7.000029931864,0.300000329558
    ));
#5510 = LINE('',#5511,#5512);
#5511 = CARTESIAN_POINT('',(5.360982630753,7.000029931864,1.927000302019
    ));
#5512 = VECTOR('',#5513,1.);
#5513 = DIRECTION('',(3.491481338843E-15,3.657132581847E-29,-1.));
#5514 = ORIENTED_EDGE('',*,*,#5515,.F.);
#5515 = EDGE_CURVE('',#5516,#5508,#5518,.T.);
#5516 = VERTEX_POINT('',#5517);
#5517 = CARTESIAN_POINT('',(4.78098264057,7.000029931864,0.300000329558)
  );
#5518 = LINE('',#5519,#5520);
#5519 = CARTESIAN_POINT('',(-10.21901710553,7.000029931864,
    0.300000329558));
#5520 = VECTOR('',#5521,1.);
#5521 = DIRECTION('',(1.,1.047444401653E-14,3.491481338843E-15));
#5522 = ORIENTED_EDGE('',*,*,#5523,.F.);
#5523 = EDGE_CURVE('',#5524,#5516,#5526,.T.);
#5524 = VERTEX_POINT('',#5525);
#5525 = CARTESIAN_POINT('',(4.78098264057,7.000029931864,1.274548126846)
  );
#5526 = LINE('',#5527,#5528);
#5527 = CARTESIAN_POINT('',(4.78098264057,7.000029931864,1.927000302019)
  );
#5528 = VECTOR('',#5529,1.);
#5529 = DIRECTION('',(3.491481338843E-15,3.657132581847E-29,-1.));
#5530 = ORIENTED_EDGE('',*,*,#5531,.T.);
#5531 = EDGE_CURVE('',#5524,#5532,#5534,.T.);
#5532 = VERTEX_POINT('',#5533);
#5533 = CARTESIAN_POINT('',(1.380982698119,7.000029931864,1.274548126846
    ));
#5534 = LINE('',#5535,#5536);
#5535 = CARTESIAN_POINT('',(0.380982715045,7.000029931864,1.274548126846
    ));
#5536 = VECTOR('',#5537,1.);
#5537 = DIRECTION('',(-1.,-1.047444401653E-14,-3.491481338843E-15));
#5538 = ORIENTED_EDGE('',*,*,#5539,.T.);
#5539 = EDGE_CURVE('',#5532,#5540,#5542,.T.);
#5540 = VERTEX_POINT('',#5541);
#5541 = CARTESIAN_POINT('',(0.380982715045,7.000029931864,0.402898459422
    ));
#5542 = B_SPLINE_CURVE_WITH_KNOTS('',3,(#5543,#5544,#5545,#5546),
  .UNSPECIFIED.,.F.,.F.,(4,4),(0.,1.),.PIECEWISE_BEZIER_KNOTS.);
#5543 = CARTESIAN_POINT('',(1.380982698119,7.000029931864,1.274548126846
    ));
#5544 = CARTESIAN_POINT('',(1.198776402952,7.000029931864,1.03301548367)
  );
#5545 = CARTESIAN_POINT('',(0.865443075261,7.000029931864,0.742465594529
    ));
#5546 = CARTESIAN_POINT('',(0.380982715045,7.000029931864,0.402898459422
    ));
#5547 = ORIENTED_EDGE('',*,*,#5548,.T.);
#5548 = EDGE_CURVE('',#5540,#5549,#5551,.T.);
#5549 = VERTEX_POINT('',#5550);
#5550 = CARTESIAN_POINT('',(0.380982715045,7.000029931864,1.927000302019
    ));
#5551 = LINE('',#5552,#5553);
#5552 = CARTESIAN_POINT('',(0.380982715045,7.000029931864,
    -4.170909631998E-02));
#5553 = VECTOR('',#5554,1.);
#5554 = DIRECTION('',(-3.491481338843E-15,-3.657132581847E-29,1.));
#5555 = ORIENTED_EDGE('',*,*,#5556,.F.);
#5556 = EDGE_CURVE('',#5557,#5549,#5559,.T.);
#5557 = VERTEX_POINT('',#5558);
#5558 = CARTESIAN_POINT('',(0.360982715384,7.000029931864,1.927000302019
    ));
#5559 = LINE('',#5560,#5561);
#5560 = CARTESIAN_POINT('',(0.360982715384,7.000029931864,1.927000302019
    ));
#5561 = VECTOR('',#5562,1.);
#5562 = DIRECTION('',(1.,1.047444401653E-14,3.491481338843E-15));
#5563 = ORIENTED_EDGE('',*,*,#5564,.T.);
#5564 = EDGE_CURVE('',#5557,#5565,#5567,.T.);
#5565 = VERTEX_POINT('',#5566);
#5566 = CARTESIAN_POINT('',(0.360982715384,7.000029931864,0.300000329558
    ));
#5567 = LINE('',#5568,#5569);
#5568 = CARTESIAN_POINT('',(0.360982715384,7.000029931864,1.927000302019
    ));
#5569 = VECTOR('',#5570,1.);
#5570 = DIRECTION('',(3.491481338843E-15,3.657132581847E-29,-1.));
#5571 = ORIENTED_EDGE('',*,*,#5572,.F.);
#5572 = EDGE_CURVE('',#5573,#5565,#5575,.T.);
#5573 = VERTEX_POINT('',#5574);
#5574 = CARTESIAN_POINT('',(-0.219017274799,7.000029931864,
    0.300000329558));
#5575 = LINE('',#5576,#5577);
#5576 = CARTESIAN_POINT('',(-10.21901710553,7.000029931864,
    0.300000329558));
#5577 = VECTOR('',#5578,1.);
#5578 = DIRECTION('',(1.,1.047444401653E-14,3.491481338843E-15));
#5579 = ORIENTED_EDGE('',*,*,#5580,.F.);
#5580 = EDGE_CURVE('',#5581,#5573,#5583,.T.);
#5581 = VERTEX_POINT('',#5582);
#5582 = CARTESIAN_POINT('',(-0.219017274799,7.000029931864,
    1.274548126846));
#5583 = LINE('',#5584,#5585);
#5584 = CARTESIAN_POINT('',(-0.219017274799,7.000029931864,
    1.927000302019));
#5585 = VECTOR('',#5586,1.);
#5586 = DIRECTION('',(3.491481338843E-15,3.657132581847E-29,-1.));
#5587 = ORIENTED_EDGE('',*,*,#5588,.T.);
#5588 = EDGE_CURVE('',#5581,#5589,#5591,.T.);
#5589 = VERTEX_POINT('',#5590);
#5590 = CARTESIAN_POINT('',(-3.61901721725,7.000029931864,1.274548126846
    ));
#5591 = LINE('',#5592,#5593);
#5592 = CARTESIAN_POINT('',(-4.619017200324,7.000029931864,
    1.274548126846));
#5593 = VECTOR('',#5594,1.);
#5594 = DIRECTION('',(-1.,-1.047444401653E-14,-3.491481338843E-15));
#5595 = ORIENTED_EDGE('',*,*,#5596,.T.);
#5596 = EDGE_CURVE('',#5589,#5597,#5599,.T.);
#5597 = VERTEX_POINT('',#5598);
#5598 = CARTESIAN_POINT('',(-4.619017200324,7.000029931864,
    0.402898459422));
#5599 = B_SPLINE_CURVE_WITH_KNOTS('',3,(#5600,#5601,#5602,#5603),
  .UNSPECIFIED.,.F.,.F.,(4,4),(0.,1.),.PIECEWISE_BEZIER_KNOTS.);
#5600 = CARTESIAN_POINT('',(-3.61901721725,7.000029931864,1.274548126846
    ));
#5601 = CARTESIAN_POINT('',(-3.801223512417,7.000029931864,1.03301548367
    ));
#5602 = CARTESIAN_POINT('',(-4.134556840108,7.000029931864,
    0.742465594529));
#5603 = CARTESIAN_POINT('',(-4.619017200324,7.000029931864,
    0.402898459422));
#5604 = ORIENTED_EDGE('',*,*,#5605,.T.);
#5605 = EDGE_CURVE('',#5597,#5606,#5608,.T.);
#5606 = VERTEX_POINT('',#5607);
#5607 = CARTESIAN_POINT('',(-4.619017200324,7.000029931864,
    1.927000302019));
#5608 = LINE('',#5609,#5610);
#5609 = CARTESIAN_POINT('',(-4.619017200324,7.000029931864,
    -4.170909632E-02));
#5610 = VECTOR('',#5611,1.);
#5611 = DIRECTION('',(-3.491481338843E-15,-3.657132581847E-29,1.));
#5612 = ORIENTED_EDGE('',*,*,#5613,.F.);
#5613 = EDGE_CURVE('',#5614,#5606,#5616,.T.);
#5614 = VERTEX_POINT('',#5615);
#5615 = CARTESIAN_POINT('',(-4.639017199985,7.000029931864,
    1.927000302019));
#5616 = LINE('',#5617,#5618);
#5617 = CARTESIAN_POINT('',(-4.639017199985,7.000029931864,
    1.927000302019));
#5618 = VECTOR('',#5619,1.);
#5619 = DIRECTION('',(1.,1.047444401653E-14,3.491481338843E-15));
#5620 = ORIENTED_EDGE('',*,*,#5621,.T.);
#5621 = EDGE_CURVE('',#5614,#5622,#5624,.T.);
#5622 = VERTEX_POINT('',#5623);
#5623 = CARTESIAN_POINT('',(-4.639017199985,7.000029931864,
    0.300000329558));
#5624 = LINE('',#5625,#5626);
#5625 = CARTESIAN_POINT('',(-4.639017199985,7.000029931864,
    1.927000302019));
#5626 = VECTOR('',#5627,1.);
#5627 = DIRECTION('',(3.491481338843E-15,3.657132581847E-29,-1.));
#5628 = ORIENTED_EDGE('',*,*,#5629,.F.);
#5629 = EDGE_CURVE('',#5630,#5622,#5632,.T.);
#5630 = VERTEX_POINT('',#5631);
#5631 = CARTESIAN_POINT('',(-5.219017190168,7.000029931864,
    0.300000329558));
#5632 = LINE('',#5633,#5634);
#5633 = CARTESIAN_POINT('',(-10.21901710553,7.000029931864,
    0.300000329558));
#5634 = VECTOR('',#5635,1.);
#5635 = DIRECTION('',(1.,1.047444401653E-14,3.491481338843E-15));
#5636 = ORIENTED_EDGE('',*,*,#5637,.F.);
#5637 = EDGE_CURVE('',#5638,#5630,#5640,.T.);
#5638 = VERTEX_POINT('',#5639);
#5639 = CARTESIAN_POINT('',(-5.219017190168,7.000029931864,
    1.274548126846));
#5640 = LINE('',#5641,#5642);
#5641 = CARTESIAN_POINT('',(-5.219017190168,7.000029931864,
    1.927000302019));
#5642 = VECTOR('',#5643,1.);
#5643 = DIRECTION('',(3.491481338843E-15,3.657132581847E-29,-1.));
#5644 = ORIENTED_EDGE('',*,*,#5645,.T.);
#5645 = EDGE_CURVE('',#5638,#5646,#5648,.T.);
#5646 = VERTEX_POINT('',#5647);
#5647 = CARTESIAN_POINT('',(-8.619017132622,7.000029931864,
    1.274548126837));
#5648 = LINE('',#5649,#5650);
#5649 = CARTESIAN_POINT('',(-9.619017115693,7.000029931864,
    1.274548126846));
#5650 = VECTOR('',#5651,1.);
#5651 = DIRECTION('',(-1.,-1.047444401653E-14,-3.491481338843E-15));
#5652 = ORIENTED_EDGE('',*,*,#5653,.T.);
#5653 = EDGE_CURVE('',#5646,#5654,#5656,.T.);
#5654 = VERTEX_POINT('',#5655);
#5655 = CARTESIAN_POINT('',(-9.619017115693,7.000029931864,
    0.402898459422));
#5656 = B_SPLINE_CURVE_WITH_KNOTS('',3,(#5657,#5658,#5659,#5660),
  .UNSPECIFIED.,.F.,.F.,(4,4),(0.,1.),.PIECEWISE_BEZIER_KNOTS.);
#5657 = CARTESIAN_POINT('',(-8.619017132622,7.000029931864,
    1.274548126837));
#5658 = CARTESIAN_POINT('',(-8.801223427792,7.000029931864,
    1.033015483665));
#5659 = CARTESIAN_POINT('',(-9.134556755482,7.000029931864,
    0.742465594526));
#5660 = CARTESIAN_POINT('',(-9.619017115693,7.000029931864,
    0.402898459422));
#5661 = ORIENTED_EDGE('',*,*,#5662,.T.);
#5662 = EDGE_CURVE('',#5654,#5663,#5665,.T.);
#5663 = VERTEX_POINT('',#5664);
#5664 = CARTESIAN_POINT('',(-9.619017115693,7.000029931864,
    1.927000302019));
#5665 = LINE('',#5666,#5667);
#5666 = CARTESIAN_POINT('',(-9.619017115693,7.000029931864,
    -4.170909632002E-02));
#5667 = VECTOR('',#5668,1.);
#5668 = DIRECTION('',(-3.491481338843E-15,-3.657132581847E-29,1.));
#5669 = ORIENTED_EDGE('',*,*,#5670,.F.);
#5670 = EDGE_CURVE('',#5671,#5663,#5673,.T.);
#5671 = VERTEX_POINT('',#5672);
#5672 = CARTESIAN_POINT('',(-9.639017115355,7.000029931864,
    1.927000302019));
#5673 = LINE('',#5674,#5675);
#5674 = CARTESIAN_POINT('',(-9.639017115355,7.000029931864,
    1.927000302019));
#5675 = VECTOR('',#5676,1.);
#5676 = DIRECTION('',(1.,1.047444401653E-14,3.491481338843E-15));
#5677 = ORIENTED_EDGE('',*,*,#5678,.T.);
#5678 = EDGE_CURVE('',#5671,#5679,#5681,.T.);
#5679 = VERTEX_POINT('',#5680);
#5680 = CARTESIAN_POINT('',(-9.639017115355,7.000029931864,
    0.300000329558));
#5681 = LINE('',#5682,#5683);
#5682 = CARTESIAN_POINT('',(-9.639017115355,7.000029931864,
    1.927000302019));
#5683 = VECTOR('',#5684,1.);
#5684 = DIRECTION('',(3.491481338843E-15,3.657132581847E-29,-1.));
#5685 = ORIENTED_EDGE('',*,*,#5686,.F.);
#5686 = EDGE_CURVE('',#5687,#5679,#5689,.T.);
#5687 = VERTEX_POINT('',#5688);
#5688 = CARTESIAN_POINT('',(-10.21901710553,7.000029931864,
    0.300000329558));
#5689 = LINE('',#5690,#5691);
#5690 = CARTESIAN_POINT('',(-10.21901710553,7.000029931864,
    0.300000329558));
#5691 = VECTOR('',#5692,1.);
#5692 = DIRECTION('',(1.,1.047444401653E-14,3.491481338843E-15));
#5693 = ORIENTED_EDGE('',*,*,#5694,.F.);
#5694 = EDGE_CURVE('',#5695,#5687,#5697,.T.);
#5695 = VERTEX_POINT('',#5696);
#5696 = CARTESIAN_POINT('',(-10.21901710553,7.000029931864,
    16.200000060432));
#5697 = LINE('',#5698,#5699);
#5698 = CARTESIAN_POINT('',(-10.21901710553,7.000029931864,
    16.200000060432));
#5699 = VECTOR('',#5700,1.);
#5700 = DIRECTION('',(3.491481338843E-15,3.657132581847E-29,-1.));
#5701 = ORIENTED_EDGE('',*,*,#5702,.T.);
#5702 = EDGE_CURVE('',#5695,#5703,#5705,.T.);
#5703 = VERTEX_POINT('',#5704);
#5704 = CARTESIAN_POINT('',(-9.516184118789,7.000029931864,
    16.200000060432));
#5705 = LINE('',#5706,#5707);
#5706 = CARTESIAN_POINT('',(-10.21901710553,7.000029931864,
    16.200000060432));
#5707 = VECTOR('',#5708,1.);
#5708 = DIRECTION('',(1.,1.047444401653E-14,3.491481338843E-15));
#5709 = ORIENTED_EDGE('',*,*,#5710,.F.);
#5710 = EDGE_CURVE('',#5711,#5703,#5713,.T.);
#5711 = VERTEX_POINT('',#5712);
#5712 = CARTESIAN_POINT('',(-9.516184118789,7.000029931864,
    13.000000114596));
#5713 = LINE('',#5714,#5715);
#5714 = CARTESIAN_POINT('',(-9.516184118789,7.000029931864,
    13.000000114596));
#5715 = VECTOR('',#5716,1.);
#5716 = DIRECTION('',(-3.491481338843E-15,-3.657132581847E-29,1.));
#5717 = ORIENTED_EDGE('',*,*,#5718,.F.);
#5718 = EDGE_CURVE('',#5719,#5711,#5721,.T.);
#5719 = VERTEX_POINT('',#5720);
#5720 = CARTESIAN_POINT('',(-8.519017134312,7.000029931864,
    13.000000114596));
#5721 = LINE('',#5722,#5723);
#5722 = CARTESIAN_POINT('',(-8.519017134312,7.000029931864,
    13.000000114596));
#5723 = VECTOR('',#5724,1.);
#5724 = DIRECTION('',(-1.,-1.047444401653E-14,-3.491481338843E-15));
#5725 = ORIENTED_EDGE('',*,*,#5726,.T.);
#5726 = EDGE_CURVE('',#5719,#5727,#5729,.T.);
#5727 = VERTEX_POINT('',#5728);
#5728 = CARTESIAN_POINT('',(-8.519017134312,7.000029931864,
    16.200000060432));
#5729 = LINE('',#5730,#5731);
#5730 = CARTESIAN_POINT('',(-8.519017134312,7.000029931864,
    13.000000114596));
#5731 = VECTOR('',#5732,1.);
#5732 = DIRECTION('',(-3.491481338843E-15,-3.657132581847E-29,1.));
#5733 = ORIENTED_EDGE('',*,*,#5734,.T.);
#5734 = EDGE_CURVE('',#5727,#5735,#5737,.T.);
#5735 = VERTEX_POINT('',#5736);
#5736 = CARTESIAN_POINT('',(-4.516184203419,7.000029931864,
    16.200000060432));
#5737 = LINE('',#5738,#5739);
#5738 = CARTESIAN_POINT('',(-10.21901710553,7.000029931864,
    16.200000060432));
#5739 = VECTOR('',#5740,1.);
#5740 = DIRECTION('',(1.,1.047444401653E-14,3.491481338843E-15));
#5741 = ORIENTED_EDGE('',*,*,#5742,.F.);
#5742 = EDGE_CURVE('',#5743,#5735,#5745,.T.);
#5743 = VERTEX_POINT('',#5744);
#5744 = CARTESIAN_POINT('',(-4.516184203419,7.000029931864,
    13.000000114596));
#5745 = LINE('',#5746,#5747);
#5746 = CARTESIAN_POINT('',(-4.516184203419,7.000029931864,
    13.000000114596));
#5747 = VECTOR('',#5748,1.);
#5748 = DIRECTION('',(-3.491481338843E-15,-3.657132581847E-29,1.));
#5749 = ORIENTED_EDGE('',*,*,#5750,.F.);
#5750 = EDGE_CURVE('',#5751,#5743,#5753,.T.);
#5751 = VERTEX_POINT('',#5752);
#5752 = CARTESIAN_POINT('',(-3.519017218943,7.000029931864,
    13.000000114596));
#5753 = LINE('',#5754,#5755);
#5754 = CARTESIAN_POINT('',(-3.519017218943,7.000029931864,
    13.000000114596));
#5755 = VECTOR('',#5756,1.);
#5756 = DIRECTION('',(-1.,-1.047444401653E-14,-3.491481338843E-15));
#5757 = ORIENTED_EDGE('',*,*,#5758,.T.);
#5758 = EDGE_CURVE('',#5751,#5363,#5759,.T.);
#5759 = LINE('',#5760,#5761);
#5760 = CARTESIAN_POINT('',(-3.519017218943,7.000029931864,
    13.000000114596));
#5761 = VECTOR('',#5762,1.);
#5762 = DIRECTION('',(-3.491481338843E-15,-3.657132581847E-29,1.));
#5763 = PLANE('',#5764);
#5764 = AXIS2_PLACEMENT_3D('',#5765,#5766,#5767);
#5765 = CARTESIAN_POINT('',(-10.21901710553,7.000029931864,
    16.200000060432));
#5766 = DIRECTION('',(1.047444401653E-14,-1.,0.));
#5767 = DIRECTION('',(-3.491481338843E-15,-3.657132581847E-29,1.));
#5768 = ADVANCED_FACE('',(#5769),#5787,.T.);
#5769 = FACE_BOUND('',#5770,.T.);
#5770 = EDGE_LOOP('',(#5771,#5772,#5779,#5780));
#5771 = ORIENTED_EDGE('',*,*,#5410,.F.);
#5772 = ORIENTED_EDGE('',*,*,#5773,.T.);
#5773 = EDGE_CURVE('',#5403,#4785,#5774,.T.);
#5774 = CIRCLE('',#5775,0.499999991537);
#5775 = AXIS2_PLACEMENT_3D('',#5776,#5777,#5778);
#5776 = CARTESIAN_POINT('',(1.480982696426,6.500029940327,
    16.200000060432));
#5777 = DIRECTION('',(1.,1.047444401653E-14,3.491481338843E-15));
#5778 = DIRECTION('',(-1.047444401653E-14,1.,-4.152436927504E-32));
#5779 = ORIENTED_EDGE('',*,*,#4784,.T.);
#5780 = ORIENTED_EDGE('',*,*,#5781,.T.);
#5781 = EDGE_CURVE('',#4777,#5411,#5782,.T.);
#5782 = ( BOUNDED_CURVE() B_SPLINE_CURVE(3,(#5783,#5784,#5785,#5786),
.UNSPECIFIED.,.F.,.F.) B_SPLINE_CURVE_WITH_KNOTS((4,4),(1.570796326795,
3.14159265359),.PIECEWISE_BEZIER_KNOTS.) CURVE() 
GEOMETRIC_REPRESENTATION_ITEM() RATIONAL_B_SPLINE_CURVE((1.,
0.804737854124,0.804737854124,1.)) REPRESENTATION_ITEM('') );
#5783 = CARTESIAN_POINT('',(5.510019516517,6.500029940327,
    16.700000051969));
#5784 = CARTESIAN_POINT('',(5.494669633612,6.792923154183,
    16.700000051969));
#5785 = CARTESIAN_POINT('',(5.483815627319,7.000029931864,
    16.492893274288));
#5786 = CARTESIAN_POINT('',(5.483815627319,7.000029931864,
    16.200000060432));
#5787 = CYLINDRICAL_SURFACE('',#5788,0.499999991537);
#5788 = AXIS2_PLACEMENT_3D('',#5789,#5790,#5791);
#5789 = CARTESIAN_POINT('',(-10.21901710553,6.500029940327,
    16.200000060432));
#5790 = DIRECTION('',(1.,1.047444401653E-14,3.491481338843E-15));
#5791 = DIRECTION('',(-1.047444401653E-14,1.,-2.307979519134E-31));
#5792 = ADVANCED_FACE('',(#5793),#5827,.F.);
#5793 = FACE_BOUND('',#5794,.T.);
#5794 = EDGE_LOOP('',(#5795,#5805,#5813,#5821));
#5795 = ORIENTED_EDGE('',*,*,#5796,.F.);
#5796 = EDGE_CURVE('',#5797,#5799,#5801,.T.);
#5797 = VERTEX_POINT('',#5798);
#5798 = CARTESIAN_POINT('',(7.980982586407,4.500029974179,-3.99999959766
    ));
#5799 = VERTEX_POINT('',#5800);
#5800 = CARTESIAN_POINT('',(6.980982603333,4.500029974179,-3.99999959766
    ));
#5801 = LINE('',#5802,#5803);
#5802 = CARTESIAN_POINT('',(7.980982586407,4.500029974179,-3.99999959766
    ));
#5803 = VECTOR('',#5804,1.);
#5804 = DIRECTION('',(-1.,-1.047444401653E-14,-3.491481338843E-15));
#5805 = ORIENTED_EDGE('',*,*,#5806,.F.);
#5806 = EDGE_CURVE('',#5807,#5797,#5809,.T.);
#5807 = VERTEX_POINT('',#5808);
#5808 = CARTESIAN_POINT('',(7.980982586407,3.70002998772,-3.99999959766)
  );
#5809 = LINE('',#5810,#5811);
#5810 = CARTESIAN_POINT('',(7.980982586407,3.70002998772,-3.99999959766)
  );
#5811 = VECTOR('',#5812,1.);
#5812 = DIRECTION('',(-1.047444401653E-14,1.,0.));
#5813 = ORIENTED_EDGE('',*,*,#5814,.F.);
#5814 = EDGE_CURVE('',#5815,#5807,#5817,.T.);
#5815 = VERTEX_POINT('',#5816);
#5816 = CARTESIAN_POINT('',(6.980982603333,3.70002998772,-3.99999959766)
  );
#5817 = LINE('',#5818,#5819);
#5818 = CARTESIAN_POINT('',(6.980982603333,3.70002998772,-3.99999959766)
  );
#5819 = VECTOR('',#5820,1.);
#5820 = DIRECTION('',(1.,1.047444401653E-14,3.491481338843E-15));
#5821 = ORIENTED_EDGE('',*,*,#5822,.F.);
#5822 = EDGE_CURVE('',#5799,#5815,#5823,.T.);
#5823 = LINE('',#5824,#5825);
#5824 = CARTESIAN_POINT('',(6.980982603333,4.500029974179,-3.99999959766
    ));
#5825 = VECTOR('',#5826,1.);
#5826 = DIRECTION('',(1.047444401653E-14,-1.,0.));
#5827 = PLANE('',#5828);
#5828 = AXIS2_PLACEMENT_3D('',#5829,#5830,#5831);
#5829 = CARTESIAN_POINT('',(9.780982555939,4.10002998095,-3.99999959766)
  );
#5830 = DIRECTION('',(-3.491481338843E-15,-3.657132581847E-29,1.));
#5831 = DIRECTION('',(1.047444401653E-14,-1.,2.129973665774E-43));
#5832 = ADVANCED_FACE('',(#5833),#5858,.F.);
#5833 = FACE_BOUND('',#5834,.T.);
#5834 = EDGE_LOOP('',(#5835,#5845,#5851,#5852));
#5835 = ORIENTED_EDGE('',*,*,#5836,.F.);
#5836 = EDGE_CURVE('',#5837,#5839,#5841,.T.);
#5837 = VERTEX_POINT('',#5838);
#5838 = CARTESIAN_POINT('',(6.980982603333,3.70002998772,1.927000302019)
  );
#5839 = VERTEX_POINT('',#5840);
#5840 = CARTESIAN_POINT('',(7.980982586407,3.70002998772,1.927000302019)
  );
#5841 = LINE('',#5842,#5843);
#5842 = CARTESIAN_POINT('',(5.360982630753,3.70002998772,1.927000302019)
  );
#5843 = VECTOR('',#5844,1.);
#5844 = DIRECTION('',(1.,1.047444401653E-14,3.491481338843E-15));
#5845 = ORIENTED_EDGE('',*,*,#5846,.T.);
#5846 = EDGE_CURVE('',#5837,#5815,#5847,.T.);
#5847 = LINE('',#5848,#5849);
#5848 = CARTESIAN_POINT('',(6.980982603333,3.70002998772,4.000000266931)
  );
#5849 = VECTOR('',#5850,1.);
#5850 = DIRECTION('',(3.491481338843E-15,3.657132581847E-29,-1.));
#5851 = ORIENTED_EDGE('',*,*,#5814,.T.);
#5852 = ORIENTED_EDGE('',*,*,#5853,.F.);
#5853 = EDGE_CURVE('',#5839,#5807,#5854,.T.);
#5854 = LINE('',#5855,#5856);
#5855 = CARTESIAN_POINT('',(7.980982586407,3.70002998772,4.000000266931)
  );
#5856 = VECTOR('',#5857,1.);
#5857 = DIRECTION('',(3.491481338843E-15,3.657132581847E-29,-1.));
#5858 = PLANE('',#5859);
#5859 = AXIS2_PLACEMENT_3D('',#5860,#5861,#5862);
#5860 = CARTESIAN_POINT('',(6.980982603333,3.70002998772,4.000000266931)
  );
#5861 = DIRECTION('',(-1.047444401653E-14,1.,0.));
#5862 = DIRECTION('',(-1.,-1.047444401653E-14,-3.491481338843E-15));
#5863 = ADVANCED_FACE('',(#5864,#5898),#6005,.T.);
#5864 = FACE_BOUND('',#5865,.T.);
#5865 = EDGE_LOOP('',(#5866,#5876,#5884,#5892));
#5866 = ORIENTED_EDGE('',*,*,#5867,.T.);
#5867 = EDGE_CURVE('',#5868,#5870,#5872,.T.);
#5868 = VERTEX_POINT('',#5869);
#5869 = CARTESIAN_POINT('',(7.980982586407,-4.499969873485,
    1.927000302019));
#5870 = VERTEX_POINT('',#5871);
#5871 = CARTESIAN_POINT('',(7.980982586407,-3.699969887026,
    1.927000302019));
#5872 = LINE('',#5873,#5874);
#5873 = CARTESIAN_POINT('',(7.980982586407,-5.098421898391,
    1.927000302019));
#5874 = VECTOR('',#5875,1.);
#5875 = DIRECTION('',(-1.047444401653E-14,1.,0.));
#5876 = ORIENTED_EDGE('',*,*,#5877,.T.);
#5877 = EDGE_CURVE('',#5870,#5878,#5880,.T.);
#5878 = VERTEX_POINT('',#5879);
#5879 = CARTESIAN_POINT('',(6.980982603333,-3.699969887026,
    1.927000302019));
#5880 = LINE('',#5881,#5882);
#5881 = CARTESIAN_POINT('',(5.360982630753,-3.699969887026,
    1.927000302019));
#5882 = VECTOR('',#5883,1.);
#5883 = DIRECTION('',(-1.,-1.047444401653E-14,-3.491481338843E-15));
#5884 = ORIENTED_EDGE('',*,*,#5885,.T.);
#5885 = EDGE_CURVE('',#5878,#5886,#5888,.T.);
#5886 = VERTEX_POINT('',#5887);
#5887 = CARTESIAN_POINT('',(6.980982603333,-4.499969873485,
    1.927000302019));
#5888 = LINE('',#5889,#5890);
#5889 = CARTESIAN_POINT('',(6.980982603333,-5.098421898391,
    1.927000302019));
#5890 = VECTOR('',#5891,1.);
#5891 = DIRECTION('',(1.047444401653E-14,-1.,0.));
#5892 = ORIENTED_EDGE('',*,*,#5893,.T.);
#5893 = EDGE_CURVE('',#5886,#5868,#5894,.T.);
#5894 = LINE('',#5895,#5896);
#5895 = CARTESIAN_POINT('',(5.360982630753,-4.499969873485,
    1.927000302019));
#5896 = VECTOR('',#5897,1.);
#5897 = DIRECTION('',(1.,1.047444401653E-14,3.491481338843E-15));
#5898 = FACE_BOUND('',#5899,.T.);
#5899 = EDGE_LOOP('',(#5900,#5910,#5916,#5917,#5925,#5933,#5941,#5950,
    #5958,#5967,#5975,#5983,#5989,#5990,#5998));
#5900 = ORIENTED_EDGE('',*,*,#5901,.T.);
#5901 = EDGE_CURVE('',#5902,#5904,#5906,.T.);
#5902 = VERTEX_POINT('',#5903);
#5903 = CARTESIAN_POINT('',(6.380982613488,4.496200614244,1.927000302019
    ));
#5904 = VERTEX_POINT('',#5905);
#5905 = CARTESIAN_POINT('',(6.980982603333,4.496200614244,1.927000302019
    ));
#5906 = LINE('',#5907,#5908);
#5907 = CARTESIAN_POINT('',(5.380982630415,4.496200614243,1.927000302019
    ));
#5908 = VECTOR('',#5909,1.);
#5909 = DIRECTION('',(1.,1.047444401653E-14,3.491481338843E-15));
#5910 = ORIENTED_EDGE('',*,*,#5911,.T.);
#5911 = EDGE_CURVE('',#5904,#5837,#5912,.T.);
#5912 = LINE('',#5913,#5914);
#5913 = CARTESIAN_POINT('',(6.980982603333,-5.098421898391,
    1.927000302019));
#5914 = VECTOR('',#5915,1.);
#5915 = DIRECTION('',(1.047444401653E-14,-1.,0.));
#5916 = ORIENTED_EDGE('',*,*,#5836,.T.);
#5917 = ORIENTED_EDGE('',*,*,#5918,.T.);
#5918 = EDGE_CURVE('',#5839,#5919,#5921,.T.);
#5919 = VERTEX_POINT('',#5920);
#5920 = CARTESIAN_POINT('',(7.980982586407,4.496200614244,1.927000302019
    ));
#5921 = LINE('',#5922,#5923);
#5922 = CARTESIAN_POINT('',(7.980982586407,-5.098421898391,
    1.927000302019));
#5923 = VECTOR('',#5924,1.);
#5924 = DIRECTION('',(-1.047444401653E-14,1.,0.));
#5925 = ORIENTED_EDGE('',*,*,#5926,.T.);
#5926 = EDGE_CURVE('',#5919,#5927,#5929,.T.);
#5927 = VERTEX_POINT('',#5928);
#5928 = CARTESIAN_POINT('',(9.780982555939,4.496200614244,1.927000302019
    ));
#5929 = LINE('',#5930,#5931);
#5930 = CARTESIAN_POINT('',(5.380982630415,4.496200614243,1.927000302019
    ));
#5931 = VECTOR('',#5932,1.);
#5932 = DIRECTION('',(1.,1.047444401653E-14,3.491481338843E-15));
#5933 = ORIENTED_EDGE('',*,*,#5934,.F.);
#5934 = EDGE_CURVE('',#5935,#5927,#5937,.T.);
#5935 = VERTEX_POINT('',#5936);
#5936 = CARTESIAN_POINT('',(9.780982555939,1.98150422938,1.927000302019)
  );
#5937 = LINE('',#5938,#5939);
#5938 = CARTESIAN_POINT('',(9.78098255594,-5.098421898391,1.927000302019
    ));
#5939 = VECTOR('',#5940,1.);
#5940 = DIRECTION('',(-1.047444401653E-14,1.,0.));
#5941 = ORIENTED_EDGE('',*,*,#5942,.T.);
#5942 = EDGE_CURVE('',#5935,#5943,#5945,.T.);
#5943 = VERTEX_POINT('',#5944);
#5944 = CARTESIAN_POINT('',(5.380982630415,2.401708496697,1.927000302019
    ));
#5945 = B_SPLINE_CURVE_WITH_KNOTS('',3,(#5946,#5947,#5948,#5949),
  .UNSPECIFIED.,.F.,.F.,(4,4),(5.732059724703E-03,1.01520801358E-02),
  .PIECEWISE_BEZIER_KNOTS.);
#5946 = CARTESIAN_POINT('',(9.780982555939,1.98150422938,1.927000302019)
  );
#5947 = CARTESIAN_POINT('',(8.314356955897,2.122000309732,1.927000302019
    ));
#5948 = CARTESIAN_POINT('',(6.847680599277,2.261968608687,1.927000302019
    ));
#5949 = CARTESIAN_POINT('',(5.380982630415,2.401708496697,1.927000302019
    ));
#5950 = ORIENTED_EDGE('',*,*,#5951,.T.);
#5951 = EDGE_CURVE('',#5943,#5952,#5954,.T.);
#5952 = VERTEX_POINT('',#5953);
#5953 = CARTESIAN_POINT('',(5.380982630415,-1.201648416314,
    1.927000302019));
#5954 = LINE('',#5955,#5956);
#5955 = CARTESIAN_POINT('',(5.380982630415,-5.098421898391,
    1.927000302019));
#5956 = VECTOR('',#5957,1.);
#5957 = DIRECTION('',(1.047444401653E-14,-1.,0.));
#5958 = ORIENTED_EDGE('',*,*,#5959,.T.);
#5959 = EDGE_CURVE('',#5952,#5960,#5962,.T.);
#5960 = VERTEX_POINT('',#5961);
#5961 = CARTESIAN_POINT('',(9.78098255594,-0.781444148997,1.927000302019
    ));
#5962 = B_SPLINE_CURVE_WITH_KNOTS('',3,(#5963,#5964,#5965,#5966),
  .UNSPECIFIED.,.F.,.F.,(4,4),(5.731230427209E-03,1.015125078337E-02),
  .PIECEWISE_BEZIER_KNOTS.);
#5963 = CARTESIAN_POINT('',(5.380982630415,-1.201648416314,
    1.927000302019));
#5964 = CARTESIAN_POINT('',(6.847680785016,-1.061908510607,
    1.927000302019));
#5965 = CARTESIAN_POINT('',(8.314357010088,-0.921940224158,
    1.927000302019));
#5966 = CARTESIAN_POINT('',(9.78098255594,-0.781444148997,1.927000302019
    ));
#5967 = ORIENTED_EDGE('',*,*,#5968,.F.);
#5968 = EDGE_CURVE('',#5969,#5960,#5971,.T.);
#5969 = VERTEX_POINT('',#5970);
#5970 = CARTESIAN_POINT('',(9.78098255594,-5.098421898391,1.927000302019
    ));
#5971 = LINE('',#5972,#5973);
#5972 = CARTESIAN_POINT('',(9.78098255594,-5.098421898391,1.927000302019
    ));
#5973 = VECTOR('',#5974,1.);
#5974 = DIRECTION('',(-1.047444401653E-14,1.,0.));
#5975 = ORIENTED_EDGE('',*,*,#5976,.F.);
#5976 = EDGE_CURVE('',#5977,#5969,#5979,.T.);
#5977 = VERTEX_POINT('',#5978);
#5978 = CARTESIAN_POINT('',(5.360982630753,-5.098421898391,
    1.927000302019));
#5979 = LINE('',#5980,#5981);
#5980 = CARTESIAN_POINT('',(5.360982630753,-5.098421898391,
    1.927000302019));
#5981 = VECTOR('',#5982,1.);
#5982 = DIRECTION('',(1.,1.047444401653E-14,3.491481338843E-15));
#5983 = ORIENTED_EDGE('',*,*,#5984,.T.);
#5984 = EDGE_CURVE('',#5977,#5500,#5985,.T.);
#5985 = LINE('',#5986,#5987);
#5986 = CARTESIAN_POINT('',(5.360982630753,-5.098421898391,
    1.927000302019));
#5987 = VECTOR('',#5988,1.);
#5988 = DIRECTION('',(-1.047444401653E-14,1.,0.));
#5989 = ORIENTED_EDGE('',*,*,#5499,.T.);
#5990 = ORIENTED_EDGE('',*,*,#5991,.T.);
#5991 = EDGE_CURVE('',#5492,#5992,#5994,.T.);
#5992 = VERTEX_POINT('',#5993);
#5993 = CARTESIAN_POINT('',(5.380982630415,3.962704581863,1.927000302019
    ));
#5994 = LINE('',#5995,#5996);
#5995 = CARTESIAN_POINT('',(5.380982630415,-5.098421898391,
    1.927000302019));
#5996 = VECTOR('',#5997,1.);
#5997 = DIRECTION('',(1.047444401653E-14,-1.,0.));
#5998 = ORIENTED_EDGE('',*,*,#5999,.T.);
#5999 = EDGE_CURVE('',#5992,#5902,#6000,.T.);
#6000 = B_SPLINE_CURVE_WITH_KNOTS('',3,(#6001,#6002,#6003,#6004),
  .UNSPECIFIED.,.F.,.F.,(4,4),(3.627562967914E-03,4.760972637343E-03),
  .PIECEWISE_BEZIER_KNOTS.);
#6001 = CARTESIAN_POINT('',(5.380982630415,3.962704581863,1.927000302019
    ));
#6002 = CARTESIAN_POINT('',(5.714387579786,4.140402131677,1.927000302019
    ));
#6003 = CARTESIAN_POINT('',(6.047750161151,4.318179222261,1.927000302019
    ));
#6004 = CARTESIAN_POINT('',(6.380982613488,4.496200614244,1.927000302019
    ));
#6005 = PLANE('',#6006);
#6006 = AXIS2_PLACEMENT_3D('',#6007,#6008,#6009);
#6007 = CARTESIAN_POINT('',(5.360982630753,-5.098421898391,
    1.927000302019));
#6008 = DIRECTION('',(3.491481338843E-15,3.657132581847E-29,-1.));
#6009 = DIRECTION('',(1.,1.047444401653E-14,3.491481338843E-15));
#6010 = ADVANCED_FACE('',(#6011),#6056,.T.);
#6011 = FACE_BOUND('',#6012,.T.);
#6012 = EDGE_LOOP('',(#6013,#6022,#6030,#6039,#6048,#6055));
#6013 = ORIENTED_EDGE('',*,*,#6014,.T.);
#6014 = EDGE_CURVE('',#5475,#6015,#6017,.T.);
#6015 = VERTEX_POINT('',#6016);
#6016 = CARTESIAN_POINT('',(6.380982613488,4.490029974349,1.800000304168
    ));
#6017 = CIRCLE('',#6018,1.309999977827);
#6018 = AXIS2_PLACEMENT_3D('',#6019,#6020,#6021);
#6019 = CARTESIAN_POINT('',(6.380982613488,5.800029952175,1.800000304168
    ));
#6020 = DIRECTION('',(-1.,-1.047444401653E-14,-3.491481338843E-15));
#6021 = DIRECTION('',(1.047444401653E-14,-1.,-4.1648880398E-31));
#6022 = ORIENTED_EDGE('',*,*,#6023,.T.);
#6023 = EDGE_CURVE('',#6015,#6024,#6026,.T.);
#6024 = VERTEX_POINT('',#6025);
#6025 = CARTESIAN_POINT('',(5.380982630415,3.958320551687,1.800000304168
    ));
#6026 = LINE('',#6027,#6028);
#6027 = CARTESIAN_POINT('',(6.380982613488,4.490029974349,1.800000304168
    ));
#6028 = VECTOR('',#6029,1.);
#6029 = DIRECTION('',(-0.882947592859,-0.469471562786,
    -3.082795043643E-15));
#6030 = ORIENTED_EDGE('',*,*,#6031,.F.);
#6031 = EDGE_CURVE('',#6032,#6024,#6034,.T.);
#6032 = VERTEX_POINT('',#6033);
#6033 = CARTESIAN_POINT('',(5.380982630415,5.41029462464,
    3.346355326173E-07));
#6034 = CIRCLE('',#6035,1.841709400488);
#6035 = AXIS2_PLACEMENT_3D('',#6036,#6037,#6038);
#6036 = CARTESIAN_POINT('',(5.380982630415,5.800029952175,1.800000304168
    ));
#6037 = DIRECTION('',(-1.,-1.047444401653E-14,-3.491481338843E-15));
#6038 = DIRECTION('',(1.047444401653E-14,-1.,3.960747482815E-31));
#6039 = ORIENTED_EDGE('',*,*,#6040,.F.);
#6040 = EDGE_CURVE('',#6041,#6032,#6043,.T.);
#6041 = VERTEX_POINT('',#6042);
#6042 = CARTESIAN_POINT('',(5.380982630415,6.189765279711,
    3.346355326173E-07));
#6043 = B_SPLINE_CURVE_WITH_KNOTS('',3,(#6044,#6045,#6046,#6047),
  .UNSPECIFIED.,.F.,.F.,(4,4),(0.,1.),.PIECEWISE_BEZIER_KNOTS.);
#6044 = CARTESIAN_POINT('',(5.380982630415,6.189765279711,
    3.346355326173E-07));
#6045 = CARTESIAN_POINT('',(5.484390316548,5.929941728022,
    3.346355330613E-07));
#6046 = CARTESIAN_POINT('',(5.484390316547,5.670118176331,
    3.346355330613E-07));
#6047 = CARTESIAN_POINT('',(5.380982630415,5.41029462464,
    3.346355326173E-07));
#6048 = ORIENTED_EDGE('',*,*,#6049,.F.);
#6049 = EDGE_CURVE('',#5483,#6041,#6050,.T.);
#6050 = CIRCLE('',#6051,1.841709400488);
#6051 = AXIS2_PLACEMENT_3D('',#6052,#6053,#6054);
#6052 = CARTESIAN_POINT('',(5.380982630415,5.800029952175,1.800000304168
    ));
#6053 = DIRECTION('',(-1.,-1.047444401653E-14,-3.491481338843E-15));
#6054 = DIRECTION('',(1.047444401653E-14,-1.,3.960747482815E-31));
#6055 = ORIENTED_EDGE('',*,*,#5482,.F.);
#6056 = CONICAL_SURFACE('',#6057,1.309999977827,0.488692190558);
#6057 = AXIS2_PLACEMENT_3D('',#6058,#6059,#6060);
#6058 = CARTESIAN_POINT('',(6.380982613488,5.800029952175,1.800000304168
    ));
#6059 = DIRECTION('',(-1.,-1.047444401653E-14,-3.491481338843E-15));
#6060 = DIRECTION('',(1.047444401653E-14,-1.,-4.1648880398E-31));
#6061 = ADVANCED_FACE('',(#6062),#6115,.T.);
#6062 = FACE_BOUND('',#6063,.T.);
#6063 = EDGE_LOOP('',(#6064,#6073,#6081,#6090,#6098,#6107,#6113,#6114));
#6064 = ORIENTED_EDGE('',*,*,#6065,.F.);
#6065 = EDGE_CURVE('',#6066,#5467,#6068,.T.);
#6066 = VERTEX_POINT('',#6067);
#6067 = CARTESIAN_POINT('',(9.780982555939,4.490029974349,1.800000304168
    ));
#6068 = CIRCLE('',#6069,1.309999977827);
#6069 = AXIS2_PLACEMENT_3D('',#6070,#6071,#6072);
#6070 = CARTESIAN_POINT('',(9.780982555939,5.800029952175,1.800000304168
    ));
#6071 = DIRECTION('',(1.,1.047444401653E-14,3.491481338843E-15));
#6072 = DIRECTION('',(1.047444401653E-14,-1.,-4.1648880398E-31));
#6073 = ORIENTED_EDGE('',*,*,#6074,.T.);
#6074 = EDGE_CURVE('',#6066,#6075,#6077,.T.);
#6075 = VERTEX_POINT('',#6076);
#6076 = CARTESIAN_POINT('',(7.980982586407,4.490029974349,1.800000304168
    ));
#6077 = LINE('',#6078,#6079);
#6078 = CARTESIAN_POINT('',(5.380982630415,4.490029974349,1.800000304168
    ));
#6079 = VECTOR('',#6080,1.);
#6080 = DIRECTION('',(-1.,-1.047444401653E-14,-3.491481338843E-15));
#6081 = ORIENTED_EDGE('',*,*,#6082,.F.);
#6082 = EDGE_CURVE('',#6083,#6075,#6085,.T.);
#6083 = VERTEX_POINT('',#6084);
#6084 = CARTESIAN_POINT('',(7.980982586407,4.500029974179,1.638445362689
    ));
#6085 = CIRCLE('',#6086,1.309999977827);
#6086 = AXIS2_PLACEMENT_3D('',#6087,#6088,#6089);
#6087 = CARTESIAN_POINT('',(7.980982586407,5.800029952175,1.800000304168
    ));
#6088 = DIRECTION('',(-1.,-1.047444401653E-14,-3.491481338843E-15));
#6089 = DIRECTION('',(1.047444401653E-14,-1.,-4.1648880398E-31));
#6090 = ORIENTED_EDGE('',*,*,#6091,.F.);
#6091 = EDGE_CURVE('',#6092,#6083,#6094,.T.);
#6092 = VERTEX_POINT('',#6093);
#6093 = CARTESIAN_POINT('',(6.980982603333,4.500029974179,1.638445362689
    ));
#6094 = LINE('',#6095,#6096);
#6095 = CARTESIAN_POINT('',(5.380982630415,4.500029974179,1.638445362689
    ));
#6096 = VECTOR('',#6097,1.);
#6097 = DIRECTION('',(1.,1.047444401653E-14,3.491481338843E-15));
#6098 = ORIENTED_EDGE('',*,*,#6099,.F.);
#6099 = EDGE_CURVE('',#6100,#6092,#6102,.T.);
#6100 = VERTEX_POINT('',#6101);
#6101 = CARTESIAN_POINT('',(6.980982603333,4.490029974349,1.800000304168
    ));
#6102 = CIRCLE('',#6103,1.309999977827);
#6103 = AXIS2_PLACEMENT_3D('',#6104,#6105,#6106);
#6104 = CARTESIAN_POINT('',(6.980982603333,5.800029952175,1.800000304168
    ));
#6105 = DIRECTION('',(1.,1.047444401653E-14,3.491481338843E-15));
#6106 = DIRECTION('',(-1.047444401653E-14,1.,4.164888039801E-31));
#6107 = ORIENTED_EDGE('',*,*,#6108,.T.);
#6108 = EDGE_CURVE('',#6100,#6015,#6109,.T.);
#6109 = LINE('',#6110,#6111);
#6110 = CARTESIAN_POINT('',(5.380982630415,4.490029974349,1.800000304168
    ));
#6111 = VECTOR('',#6112,1.);
#6112 = DIRECTION('',(-1.,-1.047444401653E-14,-3.491481338843E-15));
#6113 = ORIENTED_EDGE('',*,*,#6014,.F.);
#6114 = ORIENTED_EDGE('',*,*,#5474,.F.);
#6115 = CYLINDRICAL_SURFACE('',#6116,1.309999977827);
#6116 = AXIS2_PLACEMENT_3D('',#6117,#6118,#6119);
#6117 = CARTESIAN_POINT('',(5.380982630415,5.800029952175,1.800000304168
    ));
#6118 = DIRECTION('',(-1.,-1.047444401653E-14,-3.491481338843E-15));
#6119 = DIRECTION('',(1.047444401653E-14,-1.,-4.1648880398E-31));
#6120 = ADVANCED_FACE('',(#6121),#6139,.T.);
#6121 = FACE_BOUND('',#6122,.T.);
#6122 = EDGE_LOOP('',(#6123,#6124,#6131,#6132));
#6123 = ORIENTED_EDGE('',*,*,#6074,.F.);
#6124 = ORIENTED_EDGE('',*,*,#6125,.F.);
#6125 = EDGE_CURVE('',#5927,#6066,#6126,.T.);
#6126 = CIRCLE('',#6127,1.309999977827);
#6127 = AXIS2_PLACEMENT_3D('',#6128,#6129,#6130);
#6128 = CARTESIAN_POINT('',(9.780982555939,5.800029952175,1.800000304168
    ));
#6129 = DIRECTION('',(1.,1.047444401653E-14,3.491481338843E-15));
#6130 = DIRECTION('',(1.047444401653E-14,-1.,-4.1648880398E-31));
#6131 = ORIENTED_EDGE('',*,*,#5926,.F.);
#6132 = ORIENTED_EDGE('',*,*,#6133,.F.);
#6133 = EDGE_CURVE('',#6075,#5919,#6134,.T.);
#6134 = CIRCLE('',#6135,1.309999977827);
#6135 = AXIS2_PLACEMENT_3D('',#6136,#6137,#6138);
#6136 = CARTESIAN_POINT('',(7.980982586407,5.800029952175,1.800000304168
    ));
#6137 = DIRECTION('',(-1.,-1.047444401653E-14,-3.491481338843E-15));
#6138 = DIRECTION('',(1.047444401653E-14,-1.,-4.1648880398E-31));
#6139 = CYLINDRICAL_SURFACE('',#6140,1.309999977827);
#6140 = AXIS2_PLACEMENT_3D('',#6141,#6142,#6143);
#6141 = CARTESIAN_POINT('',(5.380982630415,5.800029952175,1.800000304168
    ));
#6142 = DIRECTION('',(-1.,-1.047444401653E-14,-3.491481338843E-15));
#6143 = DIRECTION('',(1.047444401653E-14,-1.,-4.1648880398E-31));
#6144 = ADVANCED_FACE('',(#6145),#6172,.T.);
#6145 = FACE_BOUND('',#6146,.T.);
#6146 = EDGE_LOOP('',(#6147,#6156,#6164,#6171));
#6147 = ORIENTED_EDGE('',*,*,#6148,.T.);
#6148 = EDGE_CURVE('',#5935,#6149,#6151,.T.);
#6149 = VERTEX_POINT('',#6150);
#6150 = CARTESIAN_POINT('',(9.780982555939,2.000030016495,1.700000305861
    ));
#6151 = CIRCLE('',#6152,1.399999976303);
#6152 = AXIS2_PLACEMENT_3D('',#6153,#6154,#6155);
#6153 = CARTESIAN_POINT('',(9.78098255594,0.600030040191,1.700000305861)
  );
#6154 = DIRECTION('',(-1.,-1.047444401653E-14,-3.491481338843E-15));
#6155 = DIRECTION('',(1.047444401653E-14,-1.,1.961299278892E-30));
#6156 = ORIENTED_EDGE('',*,*,#6157,.T.);
#6157 = EDGE_CURVE('',#6149,#6158,#6160,.T.);
#6158 = VERTEX_POINT('',#6159);
#6159 = CARTESIAN_POINT('',(5.380982630415,2.415952466644,1.700000305861
    ));
#6160 = LINE('',#6161,#6162);
#6161 = CARTESIAN_POINT('',(9.780982555939,2.000030016495,1.700000305861
    ));
#6162 = VECTOR('',#6163,1.);
#6163 = DIRECTION('',(-0.995561964603,9.410831331851E-02,
    -3.464461076606E-15));
#6164 = ORIENTED_EDGE('',*,*,#6165,.F.);
#6165 = EDGE_CURVE('',#5943,#6158,#6166,.T.);
#6166 = CIRCLE('',#6167,1.815922426452);
#6167 = AXIS2_PLACEMENT_3D('',#6168,#6169,#6170);
#6168 = CARTESIAN_POINT('',(5.380982630415,0.600030040191,1.700000305861
    ));
#6169 = DIRECTION('',(-1.,-1.047444401653E-14,-3.491481338843E-15));
#6170 = DIRECTION('',(1.047444401653E-14,-1.,-1.176312594807E-31));
#6171 = ORIENTED_EDGE('',*,*,#5942,.F.);
#6172 = CONICAL_SURFACE('',#6173,1.399999976303,9.424777960769E-02);
#6173 = AXIS2_PLACEMENT_3D('',#6174,#6175,#6176);
#6174 = CARTESIAN_POINT('',(9.78098255594,0.600030040191,1.700000305861)
  );
#6175 = DIRECTION('',(-1.,-1.047444401653E-14,-3.491481338843E-15));
#6176 = DIRECTION('',(1.047444401653E-14,-1.,1.961299278892E-30));
#6177 = ADVANCED_FACE('',(#6178),#6274,.T.);
#6178 = FACE_BOUND('',#6179,.T.);
#6179 = EDGE_LOOP('',(#6180,#6181,#6190,#6198,#6207,#6267));
#6180 = ORIENTED_EDGE('',*,*,#6157,.F.);
#6181 = ORIENTED_EDGE('',*,*,#6182,.T.);
#6182 = EDGE_CURVE('',#6149,#6183,#6185,.T.);
#6183 = VERTEX_POINT('',#6184);
#6184 = CARTESIAN_POINT('',(9.78098255594,-0.799969936112,1.700000305861
    ));
#6185 = CIRCLE('',#6186,1.399999976303);
#6186 = AXIS2_PLACEMENT_3D('',#6187,#6188,#6189);
#6187 = CARTESIAN_POINT('',(9.78098255594,0.600030040191,1.700000305861)
  );
#6188 = DIRECTION('',(-1.,-1.047444401653E-14,-3.491481338843E-15));
#6189 = DIRECTION('',(1.047444401653E-14,-1.,1.961299278892E-30));
#6190 = ORIENTED_EDGE('',*,*,#6191,.T.);
#6191 = EDGE_CURVE('',#6183,#6192,#6194,.T.);
#6192 = VERTEX_POINT('',#6193);
#6193 = CARTESIAN_POINT('',(5.380982630415,-1.215892386261,
    1.700000305861));
#6194 = LINE('',#6195,#6196);
#6195 = CARTESIAN_POINT('',(9.78098255594,-0.799969936112,1.700000305861
    ));
#6196 = VECTOR('',#6197,1.);
#6197 = DIRECTION('',(-0.995561964603,-9.410831331853E-02,
    -3.475986021074E-15));
#6198 = ORIENTED_EDGE('',*,*,#6199,.F.);
#6199 = EDGE_CURVE('',#6200,#6192,#6202,.T.);
#6200 = VERTEX_POINT('',#6201);
#6201 = CARTESIAN_POINT('',(5.380982630415,-3.838546457441E-02,
    3.346355326173E-07));
#6202 = CIRCLE('',#6203,1.815922426452);
#6203 = AXIS2_PLACEMENT_3D('',#6204,#6205,#6206);
#6204 = CARTESIAN_POINT('',(5.380982630415,0.600030040191,1.700000305861
    ));
#6205 = DIRECTION('',(-1.,-1.047444401653E-14,-3.491481338843E-15));
#6206 = DIRECTION('',(1.047444401653E-14,-1.,-1.176312594807E-31));
#6207 = ORIENTED_EDGE('',*,*,#6208,.F.);
#6208 = EDGE_CURVE('',#6209,#6200,#6211,.T.);
#6209 = VERTEX_POINT('',#6210);
#6210 = CARTESIAN_POINT('',(5.380982630415,1.238445544957,
    3.346355326173E-07));
#6211 = B_SPLINE_CURVE_WITH_KNOTS('',3,(#6212,#6213,#6214,#6215,#6216,
    #6217,#6218,#6219,#6220,#6221,#6222,#6223,#6224,#6225,#6226,#6227,
    #6228,#6229,#6230,#6231,#6232,#6233,#6234,#6235,#6236,#6237,#6238,
    #6239,#6240,#6241,#6242,#6243,#6244,#6245,#6246,#6247,#6248,#6249,
    #6250,#6251,#6252,#6253,#6254,#6255,#6256,#6257,#6258,#6259,#6260,
    #6261,#6262,#6263,#6264,#6265,#6266),.UNSPECIFIED.,.F.,.F.,(4,1,1,1,
    1,1,2,2,1,1,1,1,2,2,1,1,2,2,2,2,2,2,2,1,2,2,1,2,2,1,1,1,1,2,2,4),(0.
    ,0.125,0.1875,0.21875,0.234375,0.2421875,0.24609375,0.25,0.3125,
    0.34375,0.359375,0.3671875,0.37109375,0.375,0.40625,0.421875,
    0.4296875,0.4375,0.453125,0.46875,0.5,0.53125,0.546875,0.5625,
    0.578125,0.59375,0.625,0.640625,0.65625,0.6875,0.71875,0.734375,
    0.7421875,0.74609375,0.75,1.),.UNSPECIFIED.);
#6212 = CARTESIAN_POINT('',(5.380982630415,1.238445544957,
    3.346355326173E-07));
#6213 = CARTESIAN_POINT('',(5.519720541152,1.201142119797,
    3.346355330613E-07));
#6214 = CARTESIAN_POINT('',(5.709511570319,1.145847919835,
    3.346355335054E-07));
#6215 = CARTESIAN_POINT('',(5.898881723038,1.082494660989,
    3.346355348377E-07));
#6216 = CARTESIAN_POINT('',(5.985553620737,1.051107191843,
    3.346355348377E-07));
#6217 = CARTESIAN_POINT('',(6.026886274922,1.03548574734,
    3.346355343936E-07));
#6218 = CARTESIAN_POINT('',(6.047051778348,1.027693097606,
    3.346355339495E-07));
#6219 = CARTESIAN_POINT('',(6.055586817602,1.024357263259,
    3.346355343936E-07));
#6220 = CARTESIAN_POINT('',(6.061252995025,1.022134234291,
    3.346355348377E-07));
#6221 = CARTESIAN_POINT('',(6.062914766903,1.021481524526,
    3.346355339495E-07));
#6222 = CARTESIAN_POINT('',(6.130381518152,0.994808043261,
    3.346355352818E-07));
#6223 = CARTESIAN_POINT('',(6.218587636026,0.95651036852,
    3.346355370581E-07));
#6224 = CARTESIAN_POINT('',(6.309172917917,0.910708006202,
    3.346355352818E-07));
#6225 = CARTESIAN_POINT('',(6.351385094956,0.887526389596,
    3.346355348377E-07));
#6226 = CARTESIAN_POINT('',(6.371721067498,0.875865472431,
    3.346355357259E-07));
#6227 = CARTESIAN_POINT('',(6.38027145945,0.870852913176,
    3.346355352818E-07));
#6228 = CARTESIAN_POINT('',(6.385935048561,0.867507868488,
    3.346355352818E-07));
#6229 = CARTESIAN_POINT('',(6.387718397991,0.866451295431,
    3.346355352818E-07));
#6230 = CARTESIAN_POINT('',(6.422145480572,0.84580998078,
    3.346355366141E-07));
#6231 = CARTESIAN_POINT('',(6.462823750451,0.81832438257,
    3.3463553617E-07));
#6232 = CARTESIAN_POINT('',(6.501138844906,0.786321121975,
    3.346355352818E-07));
#6233 = CARTESIAN_POINT('',(6.515600409586,0.77261899686,
    3.346355357259E-07));
#6234 = CARTESIAN_POINT('',(6.524806077131,0.763487259671,
    3.346355370581E-07));
#6235 = CARTESIAN_POINT('',(6.527730014837,0.760522741411,
    3.3463553617E-07));
#6236 = CARTESIAN_POINT('',(6.544616014268,0.742034642623,
    3.346355357259E-07));
#6237 = CARTESIAN_POINT('',(6.554670352858,0.729555079277,
    3.3463553617E-07));
#6238 = CARTESIAN_POINT('',(6.572373041312,0.704287624278,
    3.346355357259E-07));
#6239 = CARTESIAN_POINT('',(6.579217151017,0.693114619656,
    3.346355366141E-07));
#6240 = CARTESIAN_POINT('',(6.600965937991,0.649443791139,
    3.346355370581E-07));
#6241 = CARTESIAN_POINT('',(6.607851159002,0.620135288404,
    3.3463553617E-07));
#6242 = CARTESIAN_POINT('',(6.606579751464,0.568662869569,
    3.3463553617E-07));
#6243 = CARTESIAN_POINT('',(6.598537908552,0.541720482216,
    3.346355357259E-07));
#6244 = CARTESIAN_POINT('',(6.57536593547,0.499497634284,
    3.346355357259E-07));
#6245 = CARTESIAN_POINT('',(6.565827498835,0.485441643036,
    3.3463553617E-07));
#6246 = CARTESIAN_POINT('',(6.548306474825,0.462523917033,
    3.3463553617E-07));
#6247 = CARTESIAN_POINT('',(6.528848283243,0.439914883093,
    3.346355357259E-07));
#6248 = CARTESIAN_POINT('',(6.505515756515,0.417923233277,
    3.346355352818E-07));
#6249 = CARTESIAN_POINT('',(6.480246062213,0.396240275523,
    3.346355370581E-07));
#6250 = CARTESIAN_POINT('',(6.472179572948,0.39001702788,
    3.3463553617E-07));
#6251 = CARTESIAN_POINT('',(6.441266866839,0.367139096462,
    3.346355357259E-07));
#6252 = CARTESIAN_POINT('',(6.404956342618,0.343165635196,
    3.346355366141E-07));
#6253 = CARTESIAN_POINT('',(6.360549091229,0.317548879156,
    3.346355348377E-07));
#6254 = CARTESIAN_POINT('',(6.329144984267,0.30010586518,
    3.346355352818E-07));
#6255 = CARTESIAN_POINT('',(6.319978181282,0.295224337171,
    3.346355352818E-07));
#6256 = CARTESIAN_POINT('',(6.284141355083,0.276446423933,
    3.346355357259E-07));
#6257 = CARTESIAN_POINT('',(6.233864109949,0.251474603568,
    3.346355343936E-07));
#6258 = CARTESIAN_POINT('',(6.164780528025,0.22042332133,
    3.346355343936E-07));
#6259 = CARTESIAN_POINT('',(6.113147582288,0.198773257702,
    3.346355335054E-07));
#6260 = CARTESIAN_POINT('',(6.086512499822,0.187969684373,
    3.346355339495E-07));
#6261 = CARTESIAN_POINT('',(6.074922048137,0.183344179764,
    3.346355343936E-07));
#6262 = CARTESIAN_POINT('',(6.067156098938,0.180261531858,
    3.346355348377E-07));
#6263 = CARTESIAN_POINT('',(6.062121547478,0.17827610529,
    3.346355343936E-07));
#6264 = CARTESIAN_POINT('',(5.880780007016,0.107056346914,
    3.346355343936E-07));
#6265 = CARTESIAN_POINT('',(5.654663657946,3.520105315542E-02,
    3.346355343936E-07));
#6266 = CARTESIAN_POINT('',(5.380982630415,-3.838546457441E-02,
    3.346355326173E-07));
#6267 = ORIENTED_EDGE('',*,*,#6268,.F.);
#6268 = EDGE_CURVE('',#6158,#6209,#6269,.T.);
#6269 = CIRCLE('',#6270,1.815922426452);
#6270 = AXIS2_PLACEMENT_3D('',#6271,#6272,#6273);
#6271 = CARTESIAN_POINT('',(5.380982630415,0.600030040191,1.700000305861
    ));
#6272 = DIRECTION('',(-1.,-1.047444401653E-14,-3.491481338843E-15));
#6273 = DIRECTION('',(1.047444401653E-14,-1.,-1.176312594807E-31));
#6274 = CONICAL_SURFACE('',#6275,1.399999976303,9.424777960769E-02);
#6275 = AXIS2_PLACEMENT_3D('',#6276,#6277,#6278);
#6276 = CARTESIAN_POINT('',(9.78098255594,0.600030040191,1.700000305861)
  );
#6277 = DIRECTION('',(-1.,-1.047444401653E-14,-3.491481338843E-15));
#6278 = DIRECTION('',(1.047444401653E-14,-1.,1.961299278892E-30));
#6279 = ADVANCED_FACE('',(#6280),#6298,.T.);
#6280 = FACE_BOUND('',#6281,.T.);
#6281 = EDGE_LOOP('',(#6282,#6283,#6290,#6291));
#6282 = ORIENTED_EDGE('',*,*,#6191,.F.);
#6283 = ORIENTED_EDGE('',*,*,#6284,.T.);
#6284 = EDGE_CURVE('',#6183,#5960,#6285,.T.);
#6285 = CIRCLE('',#6286,1.399999976303);
#6286 = AXIS2_PLACEMENT_3D('',#6287,#6288,#6289);
#6287 = CARTESIAN_POINT('',(9.78098255594,0.600030040191,1.700000305861)
  );
#6288 = DIRECTION('',(-1.,-1.047444401653E-14,-3.491481338843E-15));
#6289 = DIRECTION('',(1.047444401653E-14,-1.,1.961299278892E-30));
#6290 = ORIENTED_EDGE('',*,*,#5959,.F.);
#6291 = ORIENTED_EDGE('',*,*,#6292,.F.);
#6292 = EDGE_CURVE('',#6192,#5952,#6293,.T.);
#6293 = CIRCLE('',#6294,1.815922426452);
#6294 = AXIS2_PLACEMENT_3D('',#6295,#6296,#6297);
#6295 = CARTESIAN_POINT('',(5.380982630415,0.600030040191,1.700000305861
    ));
#6296 = DIRECTION('',(-1.,-1.047444401653E-14,-3.491481338843E-15));
#6297 = DIRECTION('',(1.047444401653E-14,-1.,-1.176312594807E-31));
#6298 = CONICAL_SURFACE('',#6299,1.399999976303,9.424777960769E-02);
#6299 = AXIS2_PLACEMENT_3D('',#6300,#6301,#6302);
#6300 = CARTESIAN_POINT('',(9.78098255594,0.600030040191,1.700000305861)
  );
#6301 = DIRECTION('',(-1.,-1.047444401653E-14,-3.491481338843E-15));
#6302 = DIRECTION('',(1.047444401653E-14,-1.,1.961299278892E-30));
#6303 = ADVANCED_FACE('',(#6304),#6317,.F.);
#6304 = FACE_BOUND('',#6305,.T.);
#6305 = EDGE_LOOP('',(#6306,#6312,#6313,#6314,#6315,#6316));
#6306 = ORIENTED_EDGE('',*,*,#6307,.F.);
#6307 = EDGE_CURVE('',#6200,#6209,#6308,.T.);
#6308 = LINE('',#6309,#6310);
#6309 = CARTESIAN_POINT('',(5.380982630415,0.600030040191,
    3.346355326173E-07));
#6310 = VECTOR('',#6311,1.);
#6311 = DIRECTION('',(-1.047444401653E-14,1.,0.));
#6312 = ORIENTED_EDGE('',*,*,#6199,.T.);
#6313 = ORIENTED_EDGE('',*,*,#6292,.T.);
#6314 = ORIENTED_EDGE('',*,*,#5951,.F.);
#6315 = ORIENTED_EDGE('',*,*,#6165,.T.);
#6316 = ORIENTED_EDGE('',*,*,#6268,.T.);
#6317 = PLANE('',#6318);
#6318 = AXIS2_PLACEMENT_3D('',#6319,#6320,#6321);
#6319 = CARTESIAN_POINT('',(5.380982630415,0.600030040191,
    -0.115922120591));
#6320 = DIRECTION('',(1.,1.047444401653E-14,3.491481338843E-15));
#6321 = DIRECTION('',(3.491481338843E-15,3.657132581847E-29,-1.));
#6322 = ADVANCED_FACE('',(#6323),#6341,.T.);
#6323 = FACE_BOUND('',#6324,.T.);
#6324 = EDGE_LOOP('',(#6325,#6326,#6333,#6334));
#6325 = ORIENTED_EDGE('',*,*,#6108,.F.);
#6326 = ORIENTED_EDGE('',*,*,#6327,.F.);
#6327 = EDGE_CURVE('',#5904,#6100,#6328,.T.);
#6328 = CIRCLE('',#6329,1.309999977827);
#6329 = AXIS2_PLACEMENT_3D('',#6330,#6331,#6332);
#6330 = CARTESIAN_POINT('',(6.980982603333,5.800029952175,1.800000304168
    ));
#6331 = DIRECTION('',(1.,1.047444401653E-14,3.491481338843E-15));
#6332 = DIRECTION('',(-1.047444401653E-14,1.,4.164888039801E-31));
#6333 = ORIENTED_EDGE('',*,*,#5901,.F.);
#6334 = ORIENTED_EDGE('',*,*,#6335,.F.);
#6335 = EDGE_CURVE('',#6015,#5902,#6336,.T.);
#6336 = CIRCLE('',#6337,1.309999977827);
#6337 = AXIS2_PLACEMENT_3D('',#6338,#6339,#6340);
#6338 = CARTESIAN_POINT('',(6.380982613488,5.800029952175,1.800000304168
    ));
#6339 = DIRECTION('',(-1.,-1.047444401653E-14,-3.491481338843E-15));
#6340 = DIRECTION('',(1.047444401653E-14,-1.,-4.1648880398E-31));
#6341 = CYLINDRICAL_SURFACE('',#6342,1.309999977827);
#6342 = AXIS2_PLACEMENT_3D('',#6343,#6344,#6345);
#6343 = CARTESIAN_POINT('',(5.380982630415,5.800029952175,1.800000304168
    ));
#6344 = DIRECTION('',(-1.,-1.047444401653E-14,-3.491481338843E-15));
#6345 = DIRECTION('',(1.047444401653E-14,-1.,-4.1648880398E-31));
#6346 = ADVANCED_FACE('',(#6347),#6359,.T.);
#6347 = FACE_BOUND('',#6348,.T.);
#6348 = EDGE_LOOP('',(#6349,#6350,#6351,#6352));
#6349 = ORIENTED_EDGE('',*,*,#6023,.F.);
#6350 = ORIENTED_EDGE('',*,*,#6335,.T.);
#6351 = ORIENTED_EDGE('',*,*,#5999,.F.);
#6352 = ORIENTED_EDGE('',*,*,#6353,.F.);
#6353 = EDGE_CURVE('',#6024,#5992,#6354,.T.);
#6354 = CIRCLE('',#6355,1.841709400488);
#6355 = AXIS2_PLACEMENT_3D('',#6356,#6357,#6358);
#6356 = CARTESIAN_POINT('',(5.380982630415,5.800029952175,1.800000304168
    ));
#6357 = DIRECTION('',(-1.,-1.047444401653E-14,-3.491481338843E-15));
#6358 = DIRECTION('',(1.047444401653E-14,-1.,3.960747482815E-31));
#6359 = CONICAL_SURFACE('',#6360,1.309999977827,0.488692190558);
#6360 = AXIS2_PLACEMENT_3D('',#6361,#6362,#6363);
#6361 = CARTESIAN_POINT('',(6.380982613488,5.800029952175,1.800000304168
    ));
#6362 = DIRECTION('',(-1.,-1.047444401653E-14,-3.491481338843E-15));
#6363 = DIRECTION('',(1.047444401653E-14,-1.,-4.1648880398E-31));
#6364 = ADVANCED_FACE('',(#6365),#6378,.F.);
#6365 = FACE_BOUND('',#6366,.T.);
#6366 = EDGE_LOOP('',(#6367,#6373,#6374,#6375,#6376,#6377));
#6367 = ORIENTED_EDGE('',*,*,#6368,.F.);
#6368 = EDGE_CURVE('',#6032,#6041,#6369,.T.);
#6369 = LINE('',#6370,#6371);
#6370 = CARTESIAN_POINT('',(5.380982630415,5.800029952175,
    3.346355326173E-07));
#6371 = VECTOR('',#6372,1.);
#6372 = DIRECTION('',(-1.047444401653E-14,1.,0.));
#6373 = ORIENTED_EDGE('',*,*,#6031,.T.);
#6374 = ORIENTED_EDGE('',*,*,#6353,.T.);
#6375 = ORIENTED_EDGE('',*,*,#5991,.F.);
#6376 = ORIENTED_EDGE('',*,*,#5491,.F.);
#6377 = ORIENTED_EDGE('',*,*,#6049,.T.);
#6378 = PLANE('',#6379);
#6379 = AXIS2_PLACEMENT_3D('',#6380,#6381,#6382);
#6380 = CARTESIAN_POINT('',(5.380982630415,5.800029952175,
    -4.170909631997E-02));
#6381 = DIRECTION('',(1.,1.047444401653E-14,3.491481338843E-15));
#6382 = DIRECTION('',(3.491481338843E-15,3.657132581847E-29,-1.));
#6383 = ADVANCED_FACE('',(#6384),#6418,.F.);
#6384 = FACE_BOUND('',#6385,.T.);
#6385 = EDGE_LOOP('',(#6386,#6396,#6404,#6412));
#6386 = ORIENTED_EDGE('',*,*,#6387,.F.);
#6387 = EDGE_CURVE('',#6388,#6390,#6392,.T.);
#6388 = VERTEX_POINT('',#6389);
#6389 = CARTESIAN_POINT('',(2.980982671037,4.500029974179,-3.99999959766
    ));
#6390 = VERTEX_POINT('',#6391);
#6391 = CARTESIAN_POINT('',(1.980982687963,4.500029974179,-3.99999959766
    ));
#6392 = LINE('',#6393,#6394);
#6393 = CARTESIAN_POINT('',(2.980982671037,4.500029974179,-3.99999959766
    ));
#6394 = VECTOR('',#6395,1.);
#6395 = DIRECTION('',(-1.,-1.047444401653E-14,-3.491481338843E-15));
#6396 = ORIENTED_EDGE('',*,*,#6397,.F.);
#6397 = EDGE_CURVE('',#6398,#6388,#6400,.T.);
#6398 = VERTEX_POINT('',#6399);
#6399 = CARTESIAN_POINT('',(2.980982671037,3.70002998772,-3.99999959766)
  );
#6400 = LINE('',#6401,#6402);
#6401 = CARTESIAN_POINT('',(2.980982671037,3.70002998772,-3.99999959766)
  );
#6402 = VECTOR('',#6403,1.);
#6403 = DIRECTION('',(-1.047444401653E-14,1.,0.));
#6404 = ORIENTED_EDGE('',*,*,#6405,.F.);
#6405 = EDGE_CURVE('',#6406,#6398,#6408,.T.);
#6406 = VERTEX_POINT('',#6407);
#6407 = CARTESIAN_POINT('',(1.980982687963,3.70002998772,-3.99999959766)
  );
#6408 = LINE('',#6409,#6410);
#6409 = CARTESIAN_POINT('',(1.980982687963,3.70002998772,-3.99999959766)
  );
#6410 = VECTOR('',#6411,1.);
#6411 = DIRECTION('',(1.,1.047444401653E-14,3.491481338843E-15));
#6412 = ORIENTED_EDGE('',*,*,#6413,.F.);
#6413 = EDGE_CURVE('',#6390,#6406,#6414,.T.);
#6414 = LINE('',#6415,#6416);
#6415 = CARTESIAN_POINT('',(1.980982687963,4.500029974179,-3.99999959766
    ));
#6416 = VECTOR('',#6417,1.);
#6417 = DIRECTION('',(1.047444401653E-14,-1.,0.));
#6418 = PLANE('',#6419);
#6419 = AXIS2_PLACEMENT_3D('',#6420,#6421,#6422);
#6420 = CARTESIAN_POINT('',(4.78098264057,4.10002998095,-3.99999959766)
  );
#6421 = DIRECTION('',(-3.491481338843E-15,-3.657132581847E-29,1.));
#6422 = DIRECTION('',(1.047444401653E-14,-1.,2.129973665774E-43));
#6423 = ADVANCED_FACE('',(#6424),#6449,.F.);
#6424 = FACE_BOUND('',#6425,.T.);
#6425 = EDGE_LOOP('',(#6426,#6436,#6442,#6443));
#6426 = ORIENTED_EDGE('',*,*,#6427,.F.);
#6427 = EDGE_CURVE('',#6428,#6430,#6432,.T.);
#6428 = VERTEX_POINT('',#6429);
#6429 = CARTESIAN_POINT('',(1.980982687963,3.70002998772,1.927000302019)
  );
#6430 = VERTEX_POINT('',#6431);
#6431 = CARTESIAN_POINT('',(2.980982671037,3.70002998772,1.927000302019)
  );
#6432 = LINE('',#6433,#6434);
#6433 = CARTESIAN_POINT('',(0.360982715384,3.70002998772,1.927000302019)
  );
#6434 = VECTOR('',#6435,1.);
#6435 = DIRECTION('',(1.,1.047444401653E-14,3.491481338843E-15));
#6436 = ORIENTED_EDGE('',*,*,#6437,.T.);
#6437 = EDGE_CURVE('',#6428,#6406,#6438,.T.);
#6438 = LINE('',#6439,#6440);
#6439 = CARTESIAN_POINT('',(1.980982687963,3.70002998772,4.000000266931)
  );
#6440 = VECTOR('',#6441,1.);
#6441 = DIRECTION('',(3.491481338843E-15,3.657132581847E-29,-1.));
#6442 = ORIENTED_EDGE('',*,*,#6405,.T.);
#6443 = ORIENTED_EDGE('',*,*,#6444,.F.);
#6444 = EDGE_CURVE('',#6430,#6398,#6445,.T.);
#6445 = LINE('',#6446,#6447);
#6446 = CARTESIAN_POINT('',(2.980982671037,3.70002998772,4.000000266931)
  );
#6447 = VECTOR('',#6448,1.);
#6448 = DIRECTION('',(3.491481338843E-15,3.657132581847E-29,-1.));
#6449 = PLANE('',#6450);
#6450 = AXIS2_PLACEMENT_3D('',#6451,#6452,#6453);
#6451 = CARTESIAN_POINT('',(1.980982687963,3.70002998772,4.000000266931)
  );
#6452 = DIRECTION('',(-1.047444401653E-14,1.,0.));
#6453 = DIRECTION('',(-1.,-1.047444401653E-14,-3.491481338843E-15));
#6454 = ADVANCED_FACE('',(#6455),#6491,.F.);
#6455 = FACE_BOUND('',#6456,.T.);
#6456 = EDGE_LOOP('',(#6457,#6465,#6466,#6467,#6475,#6484));
#6457 = ORIENTED_EDGE('',*,*,#6458,.F.);
#6458 = EDGE_CURVE('',#6430,#6459,#6461,.T.);
#6459 = VERTEX_POINT('',#6460);
#6460 = CARTESIAN_POINT('',(2.980982671037,4.496200614243,1.927000302019
    ));
#6461 = LINE('',#6462,#6463);
#6462 = CARTESIAN_POINT('',(2.980982671037,-5.098421898391,
    1.927000302019));
#6463 = VECTOR('',#6464,1.);
#6464 = DIRECTION('',(-1.047444401653E-14,1.,0.));
#6465 = ORIENTED_EDGE('',*,*,#6444,.T.);
#6466 = ORIENTED_EDGE('',*,*,#6397,.T.);
#6467 = ORIENTED_EDGE('',*,*,#6468,.F.);
#6468 = EDGE_CURVE('',#6469,#6388,#6471,.T.);
#6469 = VERTEX_POINT('',#6470);
#6470 = CARTESIAN_POINT('',(2.980982671037,4.500029974179,1.638445362689
    ));
#6471 = LINE('',#6472,#6473);
#6472 = CARTESIAN_POINT('',(2.980982671037,4.500029974179,4.000000266931
    ));
#6473 = VECTOR('',#6474,1.);
#6474 = DIRECTION('',(3.491481338843E-15,3.657132581847E-29,-1.));
#6475 = ORIENTED_EDGE('',*,*,#6476,.T.);
#6476 = EDGE_CURVE('',#6469,#6477,#6479,.T.);
#6477 = VERTEX_POINT('',#6478);
#6478 = CARTESIAN_POINT('',(2.980982671037,4.490029974349,1.800000304168
    ));
#6479 = CIRCLE('',#6480,1.309999977827);
#6480 = AXIS2_PLACEMENT_3D('',#6481,#6482,#6483);
#6481 = CARTESIAN_POINT('',(2.980982671037,5.800029952175,1.800000304168
    ));
#6482 = DIRECTION('',(-1.,-1.047444401653E-14,-3.491481338843E-15));
#6483 = DIRECTION('',(1.047444401653E-14,-1.,1.614457994957E-31));
#6484 = ORIENTED_EDGE('',*,*,#6485,.T.);
#6485 = EDGE_CURVE('',#6477,#6459,#6486,.T.);
#6486 = CIRCLE('',#6487,1.309999977827);
#6487 = AXIS2_PLACEMENT_3D('',#6488,#6489,#6490);
#6488 = CARTESIAN_POINT('',(2.980982671037,5.800029952175,1.800000304168
    ));
#6489 = DIRECTION('',(-1.,-1.047444401653E-14,-3.491481338843E-15));
#6490 = DIRECTION('',(1.047444401653E-14,-1.,1.614457994957E-31));
#6491 = PLANE('',#6492);
#6492 = AXIS2_PLACEMENT_3D('',#6493,#6494,#6495);
#6493 = CARTESIAN_POINT('',(2.980982671037,3.70002998772,4.000000266931)
  );
#6494 = DIRECTION('',(-1.,-1.047444401653E-14,-3.491481338843E-15));
#6495 = DIRECTION('',(1.047444401653E-14,-1.,0.));
#6496 = ADVANCED_FACE('',(#6497),#6533,.F.);
#6497 = FACE_BOUND('',#6498,.T.);
#6498 = EDGE_LOOP('',(#6499,#6507,#6516,#6525,#6531,#6532));
#6499 = ORIENTED_EDGE('',*,*,#6500,.F.);
#6500 = EDGE_CURVE('',#6501,#6428,#6503,.T.);
#6501 = VERTEX_POINT('',#6502);
#6502 = CARTESIAN_POINT('',(1.980982687963,4.496200614243,1.927000302019
    ));
#6503 = LINE('',#6504,#6505);
#6504 = CARTESIAN_POINT('',(1.980982687964,-5.098421898391,
    1.927000302019));
#6505 = VECTOR('',#6506,1.);
#6506 = DIRECTION('',(1.047444401653E-14,-1.,0.));
#6507 = ORIENTED_EDGE('',*,*,#6508,.T.);
#6508 = EDGE_CURVE('',#6501,#6509,#6511,.T.);
#6509 = VERTEX_POINT('',#6510);
#6510 = CARTESIAN_POINT('',(1.980982687963,4.490029974349,1.800000304168
    ));
#6511 = CIRCLE('',#6512,1.309999977827);
#6512 = AXIS2_PLACEMENT_3D('',#6513,#6514,#6515);
#6513 = CARTESIAN_POINT('',(1.980982687963,5.800029952175,1.800000304168
    ));
#6514 = DIRECTION('',(1.,1.047444401653E-14,3.491481338843E-15));
#6515 = DIRECTION('',(-1.047444401653E-14,1.,-1.696214862675E-32));
#6516 = ORIENTED_EDGE('',*,*,#6517,.T.);
#6517 = EDGE_CURVE('',#6509,#6518,#6520,.T.);
#6518 = VERTEX_POINT('',#6519);
#6519 = CARTESIAN_POINT('',(1.980982687963,4.500029974179,1.638445362689
    ));
#6520 = CIRCLE('',#6521,1.309999977827);
#6521 = AXIS2_PLACEMENT_3D('',#6522,#6523,#6524);
#6522 = CARTESIAN_POINT('',(1.980982687963,5.800029952175,1.800000304168
    ));
#6523 = DIRECTION('',(1.,1.047444401653E-14,3.491481338843E-15));
#6524 = DIRECTION('',(-1.047444401653E-14,1.,-1.696214862675E-32));
#6525 = ORIENTED_EDGE('',*,*,#6526,.T.);
#6526 = EDGE_CURVE('',#6518,#6390,#6527,.T.);
#6527 = LINE('',#6528,#6529);
#6528 = CARTESIAN_POINT('',(1.980982687963,4.500029974179,4.000000266931
    ));
#6529 = VECTOR('',#6530,1.);
#6530 = DIRECTION('',(3.491481338843E-15,3.657132581847E-29,-1.));
#6531 = ORIENTED_EDGE('',*,*,#6413,.T.);
#6532 = ORIENTED_EDGE('',*,*,#6437,.F.);
#6533 = PLANE('',#6534);
#6534 = AXIS2_PLACEMENT_3D('',#6535,#6536,#6537);
#6535 = CARTESIAN_POINT('',(1.980982687963,4.500029974179,4.000000266931
    ));
#6536 = DIRECTION('',(1.,1.047444401653E-14,3.491481338843E-15));
#6537 = DIRECTION('',(3.491481338843E-15,3.657132581847E-29,-1.));
#6538 = ADVANCED_FACE('',(#6539),#6550,.F.);
#6539 = FACE_BOUND('',#6540,.T.);
#6540 = EDGE_LOOP('',(#6541,#6542,#6548,#6549));
#6541 = ORIENTED_EDGE('',*,*,#6526,.F.);
#6542 = ORIENTED_EDGE('',*,*,#6543,.T.);
#6543 = EDGE_CURVE('',#6518,#6469,#6544,.T.);
#6544 = LINE('',#6545,#6546);
#6545 = CARTESIAN_POINT('',(0.380982715045,4.500029974179,1.638445362689
    ));
#6546 = VECTOR('',#6547,1.);
#6547 = DIRECTION('',(1.,1.047444401653E-14,3.491481338843E-15));
#6548 = ORIENTED_EDGE('',*,*,#6468,.T.);
#6549 = ORIENTED_EDGE('',*,*,#6387,.T.);
#6550 = PLANE('',#6551);
#6551 = AXIS2_PLACEMENT_3D('',#6552,#6553,#6554);
#6552 = CARTESIAN_POINT('',(2.980982671037,4.500029974179,4.000000266931
    ));
#6553 = DIRECTION('',(1.047444401653E-14,-1.,0.));
#6554 = DIRECTION('',(-3.491481338843E-15,-3.657132581847E-29,1.));
#6555 = ADVANCED_FACE('',(#6556),#6592,.T.);
#6556 = FACE_BOUND('',#6557,.T.);
#6557 = EDGE_LOOP('',(#6558,#6567,#6573,#6574,#6575,#6576,#6584,#6591));
#6558 = ORIENTED_EDGE('',*,*,#6559,.F.);
#6559 = EDGE_CURVE('',#6560,#5524,#6562,.T.);
#6560 = VERTEX_POINT('',#6561);
#6561 = CARTESIAN_POINT('',(4.78098264057,4.490029974349,1.800000304168)
  );
#6562 = CIRCLE('',#6563,1.309999977827);
#6563 = AXIS2_PLACEMENT_3D('',#6564,#6565,#6566);
#6564 = CARTESIAN_POINT('',(4.78098264057,5.800029952175,1.800000304168)
  );
#6565 = DIRECTION('',(1.,1.047444401653E-14,3.491481338843E-15));
#6566 = DIRECTION('',(1.047444401653E-14,-1.,-4.1648880398E-31));
#6567 = ORIENTED_EDGE('',*,*,#6568,.T.);
#6568 = EDGE_CURVE('',#6560,#6477,#6569,.T.);
#6569 = LINE('',#6570,#6571);
#6570 = CARTESIAN_POINT('',(0.380982715045,4.490029974349,1.800000304168
    ));
#6571 = VECTOR('',#6572,1.);
#6572 = DIRECTION('',(-1.,-1.047444401653E-14,-3.491481338843E-15));
#6573 = ORIENTED_EDGE('',*,*,#6476,.F.);
#6574 = ORIENTED_EDGE('',*,*,#6543,.F.);
#6575 = ORIENTED_EDGE('',*,*,#6517,.F.);
#6576 = ORIENTED_EDGE('',*,*,#6577,.T.);
#6577 = EDGE_CURVE('',#6509,#6578,#6580,.T.);
#6578 = VERTEX_POINT('',#6579);
#6579 = CARTESIAN_POINT('',(1.380982698119,4.490029974349,1.800000304168
    ));
#6580 = LINE('',#6581,#6582);
#6581 = CARTESIAN_POINT('',(0.380982715045,4.490029974349,1.800000304168
    ));
#6582 = VECTOR('',#6583,1.);
#6583 = DIRECTION('',(-1.,-1.047444401653E-14,-3.491481338843E-15));
#6584 = ORIENTED_EDGE('',*,*,#6585,.F.);
#6585 = EDGE_CURVE('',#5532,#6578,#6586,.T.);
#6586 = CIRCLE('',#6587,1.309999977827);
#6587 = AXIS2_PLACEMENT_3D('',#6588,#6589,#6590);
#6588 = CARTESIAN_POINT('',(1.380982698119,5.800029952175,1.800000304168
    ));
#6589 = DIRECTION('',(-1.,-1.047444401653E-14,-3.491481338843E-15));
#6590 = DIRECTION('',(1.047444401653E-14,-1.,1.69621486268E-32));
#6591 = ORIENTED_EDGE('',*,*,#5531,.F.);
#6592 = CYLINDRICAL_SURFACE('',#6593,1.309999977827);
#6593 = AXIS2_PLACEMENT_3D('',#6594,#6595,#6596);
#6594 = CARTESIAN_POINT('',(0.380982715045,5.800029952175,1.800000304168
    ));
#6595 = DIRECTION('',(-1.,-1.047444401653E-14,-3.491481338843E-15));
#6596 = DIRECTION('',(1.047444401653E-14,-1.,1.614457994957E-31));
#6597 = ADVANCED_FACE('',(#6598),#6635,.T.);
#6598 = FACE_BOUND('',#6599,.T.);
#6599 = EDGE_LOOP('',(#6600,#6601,#6609,#6618,#6627,#6634));
#6600 = ORIENTED_EDGE('',*,*,#6585,.T.);
#6601 = ORIENTED_EDGE('',*,*,#6602,.T.);
#6602 = EDGE_CURVE('',#6578,#6603,#6605,.T.);
#6603 = VERTEX_POINT('',#6604);
#6604 = CARTESIAN_POINT('',(0.380982715045,3.958320551687,1.800000304168
    ));
#6605 = LINE('',#6606,#6607);
#6606 = CARTESIAN_POINT('',(1.380982698119,4.490029974349,1.800000304168
    ));
#6607 = VECTOR('',#6608,1.);
#6608 = DIRECTION('',(-0.882947592859,-0.469471562786,
    -3.082795043643E-15));
#6609 = ORIENTED_EDGE('',*,*,#6610,.F.);
#6610 = EDGE_CURVE('',#6611,#6603,#6613,.T.);
#6611 = VERTEX_POINT('',#6612);
#6612 = CARTESIAN_POINT('',(0.380982715045,5.41029462464,
    3.346355144096E-07));
#6613 = CIRCLE('',#6614,1.841709400488);
#6614 = AXIS2_PLACEMENT_3D('',#6615,#6616,#6617);
#6615 = CARTESIAN_POINT('',(0.380982715045,5.800029952175,1.800000304168
    ));
#6616 = DIRECTION('',(-1.,-1.047444401653E-14,-3.491481338843E-15));
#6617 = DIRECTION('',(1.047444401653E-14,-1.,-1.500765024335E-32));
#6618 = ORIENTED_EDGE('',*,*,#6619,.F.);
#6619 = EDGE_CURVE('',#6620,#6611,#6622,.T.);
#6620 = VERTEX_POINT('',#6621);
#6621 = CARTESIAN_POINT('',(0.380982715045,6.18976527971,
    3.346355144096E-07));
#6622 = B_SPLINE_CURVE_WITH_KNOTS('',3,(#6623,#6624,#6625,#6626),
  .UNSPECIFIED.,.F.,.F.,(4,4),(0.,1.),.PIECEWISE_BEZIER_KNOTS.);
#6623 = CARTESIAN_POINT('',(0.380982715045,6.18976527971,
    3.346355144096E-07));
#6624 = CARTESIAN_POINT('',(0.484390401178,5.929941728022,
    3.346355148537E-07));
#6625 = CARTESIAN_POINT('',(0.484390401178,5.670118176331,
    3.346355148537E-07));
#6626 = CARTESIAN_POINT('',(0.380982715045,5.41029462464,
    3.346355144096E-07));
#6627 = ORIENTED_EDGE('',*,*,#6628,.F.);
#6628 = EDGE_CURVE('',#5540,#6620,#6629,.T.);
#6629 = CIRCLE('',#6630,1.841709400488);
#6630 = AXIS2_PLACEMENT_3D('',#6631,#6632,#6633);
#6631 = CARTESIAN_POINT('',(0.380982715045,5.800029952175,1.800000304168
    ));
#6632 = DIRECTION('',(-1.,-1.047444401653E-14,-3.491481338843E-15));
#6633 = DIRECTION('',(1.047444401653E-14,-1.,-1.500765024335E-32));
#6634 = ORIENTED_EDGE('',*,*,#5539,.F.);
#6635 = CONICAL_SURFACE('',#6636,1.309999977827,0.488692190558);
#6636 = AXIS2_PLACEMENT_3D('',#6637,#6638,#6639);
#6637 = CARTESIAN_POINT('',(1.380982698119,5.800029952175,1.800000304168
    ));
#6638 = DIRECTION('',(-1.,-1.047444401653E-14,-3.491481338843E-15));
#6639 = DIRECTION('',(1.047444401653E-14,-1.,1.69621486268E-32));
#6640 = ADVANCED_FACE('',(#6641),#6660,.T.);
#6641 = FACE_BOUND('',#6642,.T.);
#6642 = EDGE_LOOP('',(#6643,#6644,#6653,#6659));
#6643 = ORIENTED_EDGE('',*,*,#6568,.F.);
#6644 = ORIENTED_EDGE('',*,*,#6645,.F.);
#6645 = EDGE_CURVE('',#6646,#6560,#6648,.T.);
#6646 = VERTEX_POINT('',#6647);
#6647 = CARTESIAN_POINT('',(4.78098264057,4.496200614243,1.927000302019)
  );
#6648 = CIRCLE('',#6649,1.309999977827);
#6649 = AXIS2_PLACEMENT_3D('',#6650,#6651,#6652);
#6650 = CARTESIAN_POINT('',(4.78098264057,5.800029952175,1.800000304168)
  );
#6651 = DIRECTION('',(1.,1.047444401653E-14,3.491481338843E-15));
#6652 = DIRECTION('',(1.047444401653E-14,-1.,-4.1648880398E-31));
#6653 = ORIENTED_EDGE('',*,*,#6654,.F.);
#6654 = EDGE_CURVE('',#6459,#6646,#6655,.T.);
#6655 = LINE('',#6656,#6657);
#6656 = CARTESIAN_POINT('',(0.380982715045,4.496200614243,1.927000302019
    ));
#6657 = VECTOR('',#6658,1.);
#6658 = DIRECTION('',(1.,1.047444401653E-14,3.491481338843E-15));
#6659 = ORIENTED_EDGE('',*,*,#6485,.F.);
#6660 = CYLINDRICAL_SURFACE('',#6661,1.309999977827);
#6661 = AXIS2_PLACEMENT_3D('',#6662,#6663,#6664);
#6662 = CARTESIAN_POINT('',(0.380982715045,5.800029952175,1.800000304168
    ));
#6663 = DIRECTION('',(-1.,-1.047444401653E-14,-3.491481338843E-15));
#6664 = DIRECTION('',(1.047444401653E-14,-1.,1.614457994957E-31));
#6665 = ADVANCED_FACE('',(#6666,#6700),#6786,.T.);
#6666 = FACE_BOUND('',#6667,.T.);
#6667 = EDGE_LOOP('',(#6668,#6678,#6686,#6694));
#6668 = ORIENTED_EDGE('',*,*,#6669,.T.);
#6669 = EDGE_CURVE('',#6670,#6672,#6674,.T.);
#6670 = VERTEX_POINT('',#6671);
#6671 = CARTESIAN_POINT('',(2.980982671037,-4.499969873485,
    1.927000302019));
#6672 = VERTEX_POINT('',#6673);
#6673 = CARTESIAN_POINT('',(2.980982671037,-3.699969887026,
    1.927000302019));
#6674 = LINE('',#6675,#6676);
#6675 = CARTESIAN_POINT('',(2.980982671037,-5.098421898391,
    1.927000302019));
#6676 = VECTOR('',#6677,1.);
#6677 = DIRECTION('',(-1.047444401653E-14,1.,0.));
#6678 = ORIENTED_EDGE('',*,*,#6679,.T.);
#6679 = EDGE_CURVE('',#6672,#6680,#6682,.T.);
#6680 = VERTEX_POINT('',#6681);
#6681 = CARTESIAN_POINT('',(1.980982687964,-3.699969887026,
    1.927000302019));
#6682 = LINE('',#6683,#6684);
#6683 = CARTESIAN_POINT('',(0.360982715384,-3.699969887026,
    1.927000302019));
#6684 = VECTOR('',#6685,1.);
#6685 = DIRECTION('',(-1.,-1.047444401653E-14,-3.491481338843E-15));
#6686 = ORIENTED_EDGE('',*,*,#6687,.T.);
#6687 = EDGE_CURVE('',#6680,#6688,#6690,.T.);
#6688 = VERTEX_POINT('',#6689);
#6689 = CARTESIAN_POINT('',(1.980982687964,-4.499969873485,
    1.927000302019));
#6690 = LINE('',#6691,#6692);
#6691 = CARTESIAN_POINT('',(1.980982687964,-5.098421898391,
    1.927000302019));
#6692 = VECTOR('',#6693,1.);
#6693 = DIRECTION('',(1.047444401653E-14,-1.,0.));
#6694 = ORIENTED_EDGE('',*,*,#6695,.T.);
#6695 = EDGE_CURVE('',#6688,#6670,#6696,.T.);
#6696 = LINE('',#6697,#6698);
#6697 = CARTESIAN_POINT('',(0.360982715384,-4.499969873485,
    1.927000302019));
#6698 = VECTOR('',#6699,1.);
#6699 = DIRECTION('',(1.,1.047444401653E-14,3.491481338843E-15));
#6700 = FACE_BOUND('',#6701,.T.);
#6701 = EDGE_LOOP('',(#6702,#6710,#6711,#6712,#6713,#6714,#6722,#6731,
    #6739,#6748,#6756,#6764,#6770,#6771,#6779));
#6702 = ORIENTED_EDGE('',*,*,#6703,.T.);
#6703 = EDGE_CURVE('',#6704,#6501,#6706,.T.);
#6704 = VERTEX_POINT('',#6705);
#6705 = CARTESIAN_POINT('',(1.380982698119,4.496200614243,1.927000302019
    ));
#6706 = LINE('',#6707,#6708);
#6707 = CARTESIAN_POINT('',(0.380982715045,4.496200614243,1.927000302019
    ));
#6708 = VECTOR('',#6709,1.);
#6709 = DIRECTION('',(1.,1.047444401653E-14,3.491481338843E-15));
#6710 = ORIENTED_EDGE('',*,*,#6500,.T.);
#6711 = ORIENTED_EDGE('',*,*,#6427,.T.);
#6712 = ORIENTED_EDGE('',*,*,#6458,.T.);
#6713 = ORIENTED_EDGE('',*,*,#6654,.T.);
#6714 = ORIENTED_EDGE('',*,*,#6715,.F.);
#6715 = EDGE_CURVE('',#6716,#6646,#6718,.T.);
#6716 = VERTEX_POINT('',#6717);
#6717 = CARTESIAN_POINT('',(4.78098264057,1.98150422938,1.927000302019)
  );
#6718 = LINE('',#6719,#6720);
#6719 = CARTESIAN_POINT('',(4.78098264057,-5.098421898391,1.927000302019
    ));
#6720 = VECTOR('',#6721,1.);
#6721 = DIRECTION('',(-1.047444401653E-14,1.,0.));
#6722 = ORIENTED_EDGE('',*,*,#6723,.T.);
#6723 = EDGE_CURVE('',#6716,#6724,#6726,.T.);
#6724 = VERTEX_POINT('',#6725);
#6725 = CARTESIAN_POINT('',(0.380982715045,2.401708496697,1.927000302019
    ));
#6726 = B_SPLINE_CURVE_WITH_KNOTS('',3,(#6727,#6728,#6729,#6730),
  .UNSPECIFIED.,.F.,.F.,(4,4),(5.732059724703E-03,1.01520801358E-02),
  .PIECEWISE_BEZIER_KNOTS.);
#6727 = CARTESIAN_POINT('',(4.78098264057,1.98150422938,1.927000302019)
  );
#6728 = CARTESIAN_POINT('',(3.314357040528,2.122000309732,1.927000302019
    ));
#6729 = CARTESIAN_POINT('',(1.847680683908,2.261968608687,1.927000302019
    ));
#6730 = CARTESIAN_POINT('',(0.380982715045,2.401708496697,1.927000302019
    ));
#6731 = ORIENTED_EDGE('',*,*,#6732,.T.);
#6732 = EDGE_CURVE('',#6724,#6733,#6735,.T.);
#6733 = VERTEX_POINT('',#6734);
#6734 = CARTESIAN_POINT('',(0.380982715045,-1.201648416314,
    1.927000302019));
#6735 = LINE('',#6736,#6737);
#6736 = CARTESIAN_POINT('',(0.380982715045,-5.098421898391,
    1.927000302019));
#6737 = VECTOR('',#6738,1.);
#6738 = DIRECTION('',(1.047444401653E-14,-1.,0.));
#6739 = ORIENTED_EDGE('',*,*,#6740,.T.);
#6740 = EDGE_CURVE('',#6733,#6741,#6743,.T.);
#6741 = VERTEX_POINT('',#6742);
#6742 = CARTESIAN_POINT('',(4.78098264057,-0.781444148997,1.927000302019
    ));
#6743 = B_SPLINE_CURVE_WITH_KNOTS('',3,(#6744,#6745,#6746,#6747),
  .UNSPECIFIED.,.F.,.F.,(4,4),(5.731230427209E-03,1.015125078337E-02),
  .PIECEWISE_BEZIER_KNOTS.);
#6744 = CARTESIAN_POINT('',(0.380982715045,-1.201648416314,
    1.927000302019));
#6745 = CARTESIAN_POINT('',(1.847680869647,-1.061908510607,
    1.927000302019));
#6746 = CARTESIAN_POINT('',(3.314357094719,-0.921940224158,
    1.927000302019));
#6747 = CARTESIAN_POINT('',(4.78098264057,-0.781444148997,1.927000302019
    ));
#6748 = ORIENTED_EDGE('',*,*,#6749,.F.);
#6749 = EDGE_CURVE('',#6750,#6741,#6752,.T.);
#6750 = VERTEX_POINT('',#6751);
#6751 = CARTESIAN_POINT('',(4.78098264057,-5.098421898391,1.927000302019
    ));
#6752 = LINE('',#6753,#6754);
#6753 = CARTESIAN_POINT('',(4.78098264057,-5.098421898391,1.927000302019
    ));
#6754 = VECTOR('',#6755,1.);
#6755 = DIRECTION('',(-1.047444401653E-14,1.,0.));
#6756 = ORIENTED_EDGE('',*,*,#6757,.F.);
#6757 = EDGE_CURVE('',#6758,#6750,#6760,.T.);
#6758 = VERTEX_POINT('',#6759);
#6759 = CARTESIAN_POINT('',(0.360982715384,-5.098421898391,
    1.927000302019));
#6760 = LINE('',#6761,#6762);
#6761 = CARTESIAN_POINT('',(0.360982715384,-5.098421898391,
    1.927000302019));
#6762 = VECTOR('',#6763,1.);
#6763 = DIRECTION('',(1.,1.047444401653E-14,3.491481338843E-15));
#6764 = ORIENTED_EDGE('',*,*,#6765,.T.);
#6765 = EDGE_CURVE('',#6758,#5557,#6766,.T.);
#6766 = LINE('',#6767,#6768);
#6767 = CARTESIAN_POINT('',(0.360982715384,-5.098421898391,
    1.927000302019));
#6768 = VECTOR('',#6769,1.);
#6769 = DIRECTION('',(-1.047444401653E-14,1.,0.));
#6770 = ORIENTED_EDGE('',*,*,#5556,.T.);
#6771 = ORIENTED_EDGE('',*,*,#6772,.T.);
#6772 = EDGE_CURVE('',#5549,#6773,#6775,.T.);
#6773 = VERTEX_POINT('',#6774);
#6774 = CARTESIAN_POINT('',(0.380982715045,3.962704581863,1.927000302019
    ));
#6775 = LINE('',#6776,#6777);
#6776 = CARTESIAN_POINT('',(0.380982715045,-5.098421898391,
    1.927000302019));
#6777 = VECTOR('',#6778,1.);
#6778 = DIRECTION('',(1.047444401653E-14,-1.,0.));
#6779 = ORIENTED_EDGE('',*,*,#6780,.T.);
#6780 = EDGE_CURVE('',#6773,#6704,#6781,.T.);
#6781 = B_SPLINE_CURVE_WITH_KNOTS('',3,(#6782,#6783,#6784,#6785),
  .UNSPECIFIED.,.F.,.F.,(4,4),(3.627562967914E-03,4.760972637343E-03),
  .PIECEWISE_BEZIER_KNOTS.);
#6782 = CARTESIAN_POINT('',(0.380982715045,3.962704581863,1.927000302019
    ));
#6783 = CARTESIAN_POINT('',(0.714387664416,4.140402131677,1.927000302019
    ));
#6784 = CARTESIAN_POINT('',(1.047750245782,4.318179222261,1.927000302019
    ));
#6785 = CARTESIAN_POINT('',(1.380982698119,4.496200614243,1.927000302019
    ));
#6786 = PLANE('',#6787);
#6787 = AXIS2_PLACEMENT_3D('',#6788,#6789,#6790);
#6788 = CARTESIAN_POINT('',(0.360982715384,-5.098421898391,
    1.927000302019));
#6789 = DIRECTION('',(3.491481338843E-15,3.657132581847E-29,-1.));
#6790 = DIRECTION('',(1.,1.047444401653E-14,3.491481338843E-15));
#6791 = ADVANCED_FACE('',(#6792),#6819,.T.);
#6792 = FACE_BOUND('',#6793,.T.);
#6793 = EDGE_LOOP('',(#6794,#6803,#6811,#6818));
#6794 = ORIENTED_EDGE('',*,*,#6795,.T.);
#6795 = EDGE_CURVE('',#6716,#6796,#6798,.T.);
#6796 = VERTEX_POINT('',#6797);
#6797 = CARTESIAN_POINT('',(4.78098264057,2.000030016495,1.700000305861)
  );
#6798 = CIRCLE('',#6799,1.399999976303);
#6799 = AXIS2_PLACEMENT_3D('',#6800,#6801,#6802);
#6800 = CARTESIAN_POINT('',(4.78098264057,0.600030040191,1.700000305861)
  );
#6801 = DIRECTION('',(-1.,-1.047444401653E-14,-3.491481338843E-15));
#6802 = DIRECTION('',(1.047444401653E-14,-1.,-2.018273798319E-31));
#6803 = ORIENTED_EDGE('',*,*,#6804,.T.);
#6804 = EDGE_CURVE('',#6796,#6805,#6807,.T.);
#6805 = VERTEX_POINT('',#6806);
#6806 = CARTESIAN_POINT('',(0.380982715045,2.415952466644,1.700000305861
    ));
#6807 = LINE('',#6808,#6809);
#6808 = CARTESIAN_POINT('',(4.78098264057,2.000030016495,1.700000305861)
  );
#6809 = VECTOR('',#6810,1.);
#6810 = DIRECTION('',(-0.995561964603,9.410831331851E-02,
    -3.464461076606E-15));
#6811 = ORIENTED_EDGE('',*,*,#6812,.F.);
#6812 = EDGE_CURVE('',#6724,#6805,#6813,.T.);
#6813 = CIRCLE('',#6814,1.815922426452);
#6814 = AXIS2_PLACEMENT_3D('',#6815,#6816,#6817);
#6815 = CARTESIAN_POINT('',(0.380982715045,0.600030040191,1.700000305861
    ));
#6816 = DIRECTION('',(-1.,-1.047444401653E-14,-3.491481338843E-15));
#6817 = DIRECTION('',(1.047444401653E-14,-1.,-1.176312594807E-31));
#6818 = ORIENTED_EDGE('',*,*,#6723,.F.);
#6819 = CONICAL_SURFACE('',#6820,1.399999976303,9.424777960769E-02);
#6820 = AXIS2_PLACEMENT_3D('',#6821,#6822,#6823);
#6821 = CARTESIAN_POINT('',(4.78098264057,0.600030040191,1.700000305861)
  );
#6822 = DIRECTION('',(-1.,-1.047444401653E-14,-3.491481338843E-15));
#6823 = DIRECTION('',(1.047444401653E-14,-1.,-2.018273798319E-31));
#6824 = ADVANCED_FACE('',(#6825),#6921,.T.);
#6825 = FACE_BOUND('',#6826,.T.);
#6826 = EDGE_LOOP('',(#6827,#6828,#6837,#6845,#6854,#6914));
#6827 = ORIENTED_EDGE('',*,*,#6804,.F.);
#6828 = ORIENTED_EDGE('',*,*,#6829,.T.);
#6829 = EDGE_CURVE('',#6796,#6830,#6832,.T.);
#6830 = VERTEX_POINT('',#6831);
#6831 = CARTESIAN_POINT('',(4.78098264057,-0.799969936112,1.700000305861
    ));
#6832 = CIRCLE('',#6833,1.399999976303);
#6833 = AXIS2_PLACEMENT_3D('',#6834,#6835,#6836);
#6834 = CARTESIAN_POINT('',(4.78098264057,0.600030040191,1.700000305861)
  );
#6835 = DIRECTION('',(-1.,-1.047444401653E-14,-3.491481338843E-15));
#6836 = DIRECTION('',(1.047444401653E-14,-1.,-2.018273798319E-31));
#6837 = ORIENTED_EDGE('',*,*,#6838,.T.);
#6838 = EDGE_CURVE('',#6830,#6839,#6841,.T.);
#6839 = VERTEX_POINT('',#6840);
#6840 = CARTESIAN_POINT('',(0.380982715045,-1.215892386261,
    1.700000305861));
#6841 = LINE('',#6842,#6843);
#6842 = CARTESIAN_POINT('',(4.78098264057,-0.799969936112,1.700000305861
    ));
#6843 = VECTOR('',#6844,1.);
#6844 = DIRECTION('',(-0.995561964603,-9.410831331853E-02,
    -3.475986021074E-15));
#6845 = ORIENTED_EDGE('',*,*,#6846,.F.);
#6846 = EDGE_CURVE('',#6847,#6839,#6849,.T.);
#6847 = VERTEX_POINT('',#6848);
#6848 = CARTESIAN_POINT('',(0.380982715045,-3.838546457447E-02,
    3.346355144096E-07));
#6849 = CIRCLE('',#6850,1.815922426452);
#6850 = AXIS2_PLACEMENT_3D('',#6851,#6852,#6853);
#6851 = CARTESIAN_POINT('',(0.380982715045,0.600030040191,1.700000305861
    ));
#6852 = DIRECTION('',(-1.,-1.047444401653E-14,-3.491481338843E-15));
#6853 = DIRECTION('',(1.047444401653E-14,-1.,-1.176312594807E-31));
#6854 = ORIENTED_EDGE('',*,*,#6855,.F.);
#6855 = EDGE_CURVE('',#6856,#6847,#6858,.T.);
#6856 = VERTEX_POINT('',#6857);
#6857 = CARTESIAN_POINT('',(0.380982715045,1.238445544957,
    3.346355144096E-07));
#6858 = B_SPLINE_CURVE_WITH_KNOTS('',3,(#6859,#6860,#6861,#6862,#6863,
    #6864,#6865,#6866,#6867,#6868,#6869,#6870,#6871,#6872,#6873,#6874,
    #6875,#6876,#6877,#6878,#6879,#6880,#6881,#6882,#6883,#6884,#6885,
    #6886,#6887,#6888,#6889,#6890,#6891,#6892,#6893,#6894,#6895,#6896,
    #6897,#6898,#6899,#6900,#6901,#6902,#6903,#6904,#6905,#6906,#6907,
    #6908,#6909,#6910,#6911,#6912,#6913),.UNSPECIFIED.,.F.,.F.,(4,1,1,1,
    1,1,2,2,1,1,1,1,2,2,1,1,2,2,2,2,2,2,2,1,2,2,1,2,2,1,1,1,1,2,2,4),(0.
    ,0.125,0.1875,0.21875,0.234375,0.2421875,0.24609375,0.25,0.3125,
    0.34375,0.359375,0.3671875,0.37109375,0.375,0.40625,0.421875,
    0.4296875,0.4375,0.453125,0.46875,0.5,0.53125,0.546875,0.5625,
    0.578125,0.59375,0.625,0.640625,0.65625,0.6875,0.71875,0.734375,
    0.7421875,0.74609375,0.75,1.),.UNSPECIFIED.);
#6859 = CARTESIAN_POINT('',(0.380982715045,1.238445544957,
    3.346355144096E-07));
#6860 = CARTESIAN_POINT('',(0.519720625783,1.201142119797,
    3.346355148537E-07));
#6861 = CARTESIAN_POINT('',(0.70951165495,1.145847919834,
    3.346355157419E-07));
#6862 = CARTESIAN_POINT('',(0.898881807669,1.082494660989,
    3.3463551663E-07));
#6863 = CARTESIAN_POINT('',(0.985553705368,1.051107191843,
    3.3463551663E-07));
#6864 = CARTESIAN_POINT('',(1.026886359553,1.03548574734,
    3.346355175182E-07));
#6865 = CARTESIAN_POINT('',(1.047051862978,1.027693097606,
    3.346355179623E-07));
#6866 = CARTESIAN_POINT('',(1.055586902232,1.024357263259,
    3.346355170741E-07));
#6867 = CARTESIAN_POINT('',(1.061253079656,1.022134234291,
    3.3463551663E-07));
#6868 = CARTESIAN_POINT('',(1.062914851534,1.021481524526,
    3.3463551663E-07));
#6869 = CARTESIAN_POINT('',(1.130381602782,0.994808043261,
    3.346355184064E-07));
#6870 = CARTESIAN_POINT('',(1.218587720656,0.95651036852,
    3.346355184064E-07));
#6871 = CARTESIAN_POINT('',(1.309173002548,0.910708006202,
    3.346355184064E-07));
#6872 = CARTESIAN_POINT('',(1.351385179586,0.887526389596,
    3.346355184064E-07));
#6873 = CARTESIAN_POINT('',(1.371721152128,0.875865472431,
    3.346355175182E-07));
#6874 = CARTESIAN_POINT('',(1.38027154408,0.870852913176,
    3.346355184064E-07));
#6875 = CARTESIAN_POINT('',(1.385935133192,0.867507868488,
    3.346355179623E-07));
#6876 = CARTESIAN_POINT('',(1.387718482622,0.866451295431,
    3.346355184064E-07));
#6877 = CARTESIAN_POINT('',(1.422145565203,0.84580998078,
    3.346355179623E-07));
#6878 = CARTESIAN_POINT('',(1.462823835081,0.81832438257,
    3.346355184064E-07));
#6879 = CARTESIAN_POINT('',(1.501138929536,0.786321121976,
    3.346355179623E-07));
#6880 = CARTESIAN_POINT('',(1.515600494216,0.77261899686,
    3.346355179623E-07));
#6881 = CARTESIAN_POINT('',(1.524806161762,0.763487259671,
    3.346355188505E-07));
#6882 = CARTESIAN_POINT('',(1.527730099468,0.760522741411,
    3.346355192946E-07));
#6883 = CARTESIAN_POINT('',(1.544616098899,0.742034642623,
    3.346355192946E-07));
#6884 = CARTESIAN_POINT('',(1.554670437489,0.729555079277,
    3.346355188505E-07));
#6885 = CARTESIAN_POINT('',(1.572373125943,0.704287624278,
    3.346355179623E-07));
#6886 = CARTESIAN_POINT('',(1.579217235647,0.693114619656,
    3.346355188505E-07));
#6887 = CARTESIAN_POINT('',(1.600966022622,0.649443791139,
    3.346355192946E-07));
#6888 = CARTESIAN_POINT('',(1.607851243633,0.620135288404,
    3.346355192946E-07));
#6889 = CARTESIAN_POINT('',(1.606579836095,0.568662869569,
    3.346355188505E-07));
#6890 = CARTESIAN_POINT('',(1.598537993183,0.541720482216,
    3.346355184064E-07));
#6891 = CARTESIAN_POINT('',(1.5753660201,0.499497634284,
    3.346355192946E-07));
#6892 = CARTESIAN_POINT('',(1.565827583465,0.485441643036,
    3.346355188505E-07));
#6893 = CARTESIAN_POINT('',(1.548306559456,0.462523917033,
    3.346355179623E-07));
#6894 = CARTESIAN_POINT('',(1.528848367874,0.439914883093,
    3.346355192946E-07));
#6895 = CARTESIAN_POINT('',(1.505515841145,0.417923233277,
    3.346355192946E-07));
#6896 = CARTESIAN_POINT('',(1.480246146844,0.396240275523,
    3.346355175182E-07));
#6897 = CARTESIAN_POINT('',(1.472179657579,0.39001702788,
    3.346355188505E-07));
#6898 = CARTESIAN_POINT('',(1.441266951469,0.367139096462,
    3.346355192946E-07));
#6899 = CARTESIAN_POINT('',(1.404956427248,0.343165635195,
    3.346355179623E-07));
#6900 = CARTESIAN_POINT('',(1.36054917586,0.317548879156,
    3.346355175182E-07));
#6901 = CARTESIAN_POINT('',(1.329145068898,0.30010586518,
    3.346355175182E-07));
#6902 = CARTESIAN_POINT('',(1.319978265912,0.295224337171,
    3.346355175182E-07));
#6903 = CARTESIAN_POINT('',(1.284141439713,0.276446423932,
    3.346355188505E-07));
#6904 = CARTESIAN_POINT('',(1.233864194578,0.251474603568,
    3.346355184064E-07));
#6905 = CARTESIAN_POINT('',(1.164780612655,0.220423321329,
    3.346355170741E-07));
#6906 = CARTESIAN_POINT('',(1.113147666918,0.198773257702,
    3.346355170741E-07));
#6907 = CARTESIAN_POINT('',(1.086512584453,0.187969684372,
    3.346355170741E-07));
#6908 = CARTESIAN_POINT('',(1.074922132768,0.183344179764,
    3.346355170741E-07));
#6909 = CARTESIAN_POINT('',(1.067156183568,0.180261531857,
    3.346355184064E-07));
#6910 = CARTESIAN_POINT('',(1.062121632108,0.17827610529,
    3.346355179623E-07));
#6911 = CARTESIAN_POINT('',(0.880780091644,0.107056346913,
    3.346355170741E-07));
#6912 = CARTESIAN_POINT('',(0.654663742574,3.520105315476E-02,
    3.346355148537E-07));
#6913 = CARTESIAN_POINT('',(0.380982715045,-3.838546457447E-02,
    3.346355144096E-07));
#6914 = ORIENTED_EDGE('',*,*,#6915,.F.);
#6915 = EDGE_CURVE('',#6805,#6856,#6916,.T.);
#6916 = CIRCLE('',#6917,1.815922426452);
#6917 = AXIS2_PLACEMENT_3D('',#6918,#6919,#6920);
#6918 = CARTESIAN_POINT('',(0.380982715045,0.600030040191,1.700000305861
    ));
#6919 = DIRECTION('',(-1.,-1.047444401653E-14,-3.491481338843E-15));
#6920 = DIRECTION('',(1.047444401653E-14,-1.,-1.176312594807E-31));
#6921 = CONICAL_SURFACE('',#6922,1.399999976303,9.424777960769E-02);
#6922 = AXIS2_PLACEMENT_3D('',#6923,#6924,#6925);
#6923 = CARTESIAN_POINT('',(4.78098264057,0.600030040191,1.700000305861)
  );
#6924 = DIRECTION('',(-1.,-1.047444401653E-14,-3.491481338843E-15));
#6925 = DIRECTION('',(1.047444401653E-14,-1.,-2.018273798319E-31));
#6926 = ADVANCED_FACE('',(#6927),#6945,.T.);
#6927 = FACE_BOUND('',#6928,.T.);
#6928 = EDGE_LOOP('',(#6929,#6930,#6937,#6938));
#6929 = ORIENTED_EDGE('',*,*,#6838,.F.);
#6930 = ORIENTED_EDGE('',*,*,#6931,.T.);
#6931 = EDGE_CURVE('',#6830,#6741,#6932,.T.);
#6932 = CIRCLE('',#6933,1.399999976303);
#6933 = AXIS2_PLACEMENT_3D('',#6934,#6935,#6936);
#6934 = CARTESIAN_POINT('',(4.78098264057,0.600030040191,1.700000305861)
  );
#6935 = DIRECTION('',(-1.,-1.047444401653E-14,-3.491481338843E-15));
#6936 = DIRECTION('',(1.047444401653E-14,-1.,-2.018273798319E-31));
#6937 = ORIENTED_EDGE('',*,*,#6740,.F.);
#6938 = ORIENTED_EDGE('',*,*,#6939,.F.);
#6939 = EDGE_CURVE('',#6839,#6733,#6940,.T.);
#6940 = CIRCLE('',#6941,1.815922426452);
#6941 = AXIS2_PLACEMENT_3D('',#6942,#6943,#6944);
#6942 = CARTESIAN_POINT('',(0.380982715045,0.600030040191,1.700000305861
    ));
#6943 = DIRECTION('',(-1.,-1.047444401653E-14,-3.491481338843E-15));
#6944 = DIRECTION('',(1.047444401653E-14,-1.,-1.176312594807E-31));
#6945 = CONICAL_SURFACE('',#6946,1.399999976303,9.424777960769E-02);
#6946 = AXIS2_PLACEMENT_3D('',#6947,#6948,#6949);
#6947 = CARTESIAN_POINT('',(4.78098264057,0.600030040191,1.700000305861)
  );
#6948 = DIRECTION('',(-1.,-1.047444401653E-14,-3.491481338843E-15));
#6949 = DIRECTION('',(1.047444401653E-14,-1.,-2.018273798319E-31));
#6950 = ADVANCED_FACE('',(#6951),#6964,.F.);
#6951 = FACE_BOUND('',#6952,.T.);
#6952 = EDGE_LOOP('',(#6953,#6959,#6960,#6961,#6962,#6963));
#6953 = ORIENTED_EDGE('',*,*,#6954,.F.);
#6954 = EDGE_CURVE('',#6847,#6856,#6955,.T.);
#6955 = LINE('',#6956,#6957);
#6956 = CARTESIAN_POINT('',(0.380982715045,0.600030040191,
    3.346355144096E-07));
#6957 = VECTOR('',#6958,1.);
#6958 = DIRECTION('',(-1.047444401653E-14,1.,0.));
#6959 = ORIENTED_EDGE('',*,*,#6846,.T.);
#6960 = ORIENTED_EDGE('',*,*,#6939,.T.);
#6961 = ORIENTED_EDGE('',*,*,#6732,.F.);
#6962 = ORIENTED_EDGE('',*,*,#6812,.T.);
#6963 = ORIENTED_EDGE('',*,*,#6915,.T.);
#6964 = PLANE('',#6965);
#6965 = AXIS2_PLACEMENT_3D('',#6966,#6967,#6968);
#6966 = CARTESIAN_POINT('',(0.380982715045,0.600030040191,
    -0.115922120591));
#6967 = DIRECTION('',(1.,1.047444401653E-14,3.491481338843E-15));
#6968 = DIRECTION('',(3.491481338843E-15,3.657132581847E-29,-1.));
#6969 = ADVANCED_FACE('',(#6970),#6989,.F.);
#6970 = FACE_BOUND('',#6971,.T.);
#6971 = EDGE_LOOP('',(#6972,#6978,#6979,#6986,#6987,#6988));
#6972 = ORIENTED_EDGE('',*,*,#6973,.F.);
#6973 = EDGE_CURVE('',#6611,#6620,#6974,.T.);
#6974 = LINE('',#6975,#6976);
#6975 = CARTESIAN_POINT('',(0.380982715045,5.800029952175,
    3.346355144096E-07));
#6976 = VECTOR('',#6977,1.);
#6977 = DIRECTION('',(-1.047444401653E-14,1.,0.));
#6978 = ORIENTED_EDGE('',*,*,#6610,.T.);
#6979 = ORIENTED_EDGE('',*,*,#6980,.T.);
#6980 = EDGE_CURVE('',#6603,#6773,#6981,.T.);
#6981 = CIRCLE('',#6982,1.841709400488);
#6982 = AXIS2_PLACEMENT_3D('',#6983,#6984,#6985);
#6983 = CARTESIAN_POINT('',(0.380982715045,5.800029952175,1.800000304168
    ));
#6984 = DIRECTION('',(-1.,-1.047444401653E-14,-3.491481338843E-15));
#6985 = DIRECTION('',(1.047444401653E-14,-1.,-1.500765024335E-32));
#6986 = ORIENTED_EDGE('',*,*,#6772,.F.);
#6987 = ORIENTED_EDGE('',*,*,#5548,.F.);
#6988 = ORIENTED_EDGE('',*,*,#6628,.T.);
#6989 = PLANE('',#6990);
#6990 = AXIS2_PLACEMENT_3D('',#6991,#6992,#6993);
#6991 = CARTESIAN_POINT('',(0.380982715045,5.800029952175,
    -4.170909631998E-02));
#6992 = DIRECTION('',(1.,1.047444401653E-14,3.491481338843E-15));
#6993 = DIRECTION('',(3.491481338843E-15,3.657132581847E-29,-1.));
#6994 = ADVANCED_FACE('',(#6995),#7007,.T.);
#6995 = FACE_BOUND('',#6996,.T.);
#6996 = EDGE_LOOP('',(#6997,#6998,#6999,#7000));
#6997 = ORIENTED_EDGE('',*,*,#6577,.F.);
#6998 = ORIENTED_EDGE('',*,*,#6508,.F.);
#6999 = ORIENTED_EDGE('',*,*,#6703,.F.);
#7000 = ORIENTED_EDGE('',*,*,#7001,.F.);
#7001 = EDGE_CURVE('',#6578,#6704,#7002,.T.);
#7002 = CIRCLE('',#7003,1.309999977827);
#7003 = AXIS2_PLACEMENT_3D('',#7004,#7005,#7006);
#7004 = CARTESIAN_POINT('',(1.380982698119,5.800029952175,1.800000304168
    ));
#7005 = DIRECTION('',(-1.,-1.047444401653E-14,-3.491481338843E-15));
#7006 = DIRECTION('',(1.047444401653E-14,-1.,1.69621486268E-32));
#7007 = CYLINDRICAL_SURFACE('',#7008,1.309999977827);
#7008 = AXIS2_PLACEMENT_3D('',#7009,#7010,#7011);
#7009 = CARTESIAN_POINT('',(0.380982715045,5.800029952175,1.800000304168
    ));
#7010 = DIRECTION('',(-1.,-1.047444401653E-14,-3.491481338843E-15));
#7011 = DIRECTION('',(1.047444401653E-14,-1.,1.614457994957E-31));
#7012 = ADVANCED_FACE('',(#7013),#7019,.T.);
#7013 = FACE_BOUND('',#7014,.T.);
#7014 = EDGE_LOOP('',(#7015,#7016,#7017,#7018));
#7015 = ORIENTED_EDGE('',*,*,#6602,.F.);
#7016 = ORIENTED_EDGE('',*,*,#7001,.T.);
#7017 = ORIENTED_EDGE('',*,*,#6780,.F.);
#7018 = ORIENTED_EDGE('',*,*,#6980,.F.);
#7019 = CONICAL_SURFACE('',#7020,1.309999977827,0.488692190558);
#7020 = AXIS2_PLACEMENT_3D('',#7021,#7022,#7023);
#7021 = CARTESIAN_POINT('',(1.380982698119,5.800029952175,1.800000304168
    ));
#7022 = DIRECTION('',(-1.,-1.047444401653E-14,-3.491481338843E-15));
#7023 = DIRECTION('',(1.047444401653E-14,-1.,1.69621486268E-32));
#7024 = ADVANCED_FACE('',(#7025),#7059,.F.);
#7025 = FACE_BOUND('',#7026,.T.);
#7026 = EDGE_LOOP('',(#7027,#7037,#7045,#7053));
#7027 = ORIENTED_EDGE('',*,*,#7028,.F.);
#7028 = EDGE_CURVE('',#7029,#7031,#7033,.T.);
#7029 = VERTEX_POINT('',#7030);
#7030 = CARTESIAN_POINT('',(-2.019017244332,4.500029974179,
    -3.99999959766));
#7031 = VERTEX_POINT('',#7032);
#7032 = CARTESIAN_POINT('',(-3.019017227406,4.500029974179,
    -3.99999959766));
#7033 = LINE('',#7034,#7035);
#7034 = CARTESIAN_POINT('',(-2.019017244332,4.500029974179,
    -3.99999959766));
#7035 = VECTOR('',#7036,1.);
#7036 = DIRECTION('',(-1.,-1.047444401653E-14,-3.491481338843E-15));
#7037 = ORIENTED_EDGE('',*,*,#7038,.F.);
#7038 = EDGE_CURVE('',#7039,#7029,#7041,.T.);
#7039 = VERTEX_POINT('',#7040);
#7040 = CARTESIAN_POINT('',(-2.019017244332,3.70002998772,-3.99999959766
    ));
#7041 = LINE('',#7042,#7043);
#7042 = CARTESIAN_POINT('',(-2.019017244332,3.70002998772,-3.99999959766
    ));
#7043 = VECTOR('',#7044,1.);
#7044 = DIRECTION('',(-1.047444401653E-14,1.,0.));
#7045 = ORIENTED_EDGE('',*,*,#7046,.F.);
#7046 = EDGE_CURVE('',#7047,#7039,#7049,.T.);
#7047 = VERTEX_POINT('',#7048);
#7048 = CARTESIAN_POINT('',(-3.019017227406,3.70002998772,-3.99999959766
    ));
#7049 = LINE('',#7050,#7051);
#7050 = CARTESIAN_POINT('',(-3.019017227406,3.70002998772,-3.99999959766
    ));
#7051 = VECTOR('',#7052,1.);
#7052 = DIRECTION('',(1.,1.047444401653E-14,3.491481338843E-15));
#7053 = ORIENTED_EDGE('',*,*,#7054,.F.);
#7054 = EDGE_CURVE('',#7031,#7047,#7055,.T.);
#7055 = LINE('',#7056,#7057);
#7056 = CARTESIAN_POINT('',(-3.019017227406,4.500029974179,
    -3.99999959766));
#7057 = VECTOR('',#7058,1.);
#7058 = DIRECTION('',(1.047444401653E-14,-1.,0.));
#7059 = PLANE('',#7060);
#7060 = AXIS2_PLACEMENT_3D('',#7061,#7062,#7063);
#7061 = CARTESIAN_POINT('',(-0.219017274799,4.10002998095,-3.99999959766
    ));
#7062 = DIRECTION('',(-3.491481338843E-15,-3.657132581847E-29,1.));
#7063 = DIRECTION('',(1.047444401653E-14,-1.,2.129973665774E-43));
#7064 = ADVANCED_FACE('',(#7065),#7090,.F.);
#7065 = FACE_BOUND('',#7066,.T.);
#7066 = EDGE_LOOP('',(#7067,#7077,#7083,#7084));
#7067 = ORIENTED_EDGE('',*,*,#7068,.F.);
#7068 = EDGE_CURVE('',#7069,#7071,#7073,.T.);
#7069 = VERTEX_POINT('',#7070);
#7070 = CARTESIAN_POINT('',(-3.019017227406,3.70002998772,1.927000302019
    ));
#7071 = VERTEX_POINT('',#7072);
#7072 = CARTESIAN_POINT('',(-2.019017244332,3.70002998772,1.927000302019
    ));
#7073 = LINE('',#7074,#7075);
#7074 = CARTESIAN_POINT('',(-4.639017199985,3.70002998772,1.927000302019
    ));
#7075 = VECTOR('',#7076,1.);
#7076 = DIRECTION('',(1.,1.047444401653E-14,3.491481338843E-15));
#7077 = ORIENTED_EDGE('',*,*,#7078,.T.);
#7078 = EDGE_CURVE('',#7069,#7047,#7079,.T.);
#7079 = LINE('',#7080,#7081);
#7080 = CARTESIAN_POINT('',(-3.019017227406,3.70002998772,4.000000266931
    ));
#7081 = VECTOR('',#7082,1.);
#7082 = DIRECTION('',(3.491481338843E-15,3.657132581847E-29,-1.));
#7083 = ORIENTED_EDGE('',*,*,#7046,.T.);
#7084 = ORIENTED_EDGE('',*,*,#7085,.F.);
#7085 = EDGE_CURVE('',#7071,#7039,#7086,.T.);
#7086 = LINE('',#7087,#7088);
#7087 = CARTESIAN_POINT('',(-2.019017244332,3.70002998772,4.000000266931
    ));
#7088 = VECTOR('',#7089,1.);
#7089 = DIRECTION('',(3.491481338843E-15,3.657132581847E-29,-1.));
#7090 = PLANE('',#7091);
#7091 = AXIS2_PLACEMENT_3D('',#7092,#7093,#7094);
#7092 = CARTESIAN_POINT('',(-3.019017227406,3.70002998772,4.000000266931
    ));
#7093 = DIRECTION('',(-1.047444401653E-14,1.,0.));
#7094 = DIRECTION('',(-1.,-1.047444401653E-14,-3.491481338843E-15));
#7095 = ADVANCED_FACE('',(#7096),#7132,.F.);
#7096 = FACE_BOUND('',#7097,.T.);
#7097 = EDGE_LOOP('',(#7098,#7106,#7107,#7108,#7116,#7125));
#7098 = ORIENTED_EDGE('',*,*,#7099,.F.);
#7099 = EDGE_CURVE('',#7071,#7100,#7102,.T.);
#7100 = VERTEX_POINT('',#7101);
#7101 = CARTESIAN_POINT('',(-2.019017244332,4.496200614243,
    1.927000302019));
#7102 = LINE('',#7103,#7104);
#7103 = CARTESIAN_POINT('',(-2.019017244332,-5.098421898391,
    1.927000302019));
#7104 = VECTOR('',#7105,1.);
#7105 = DIRECTION('',(-1.047444401653E-14,1.,0.));
#7106 = ORIENTED_EDGE('',*,*,#7085,.T.);
#7107 = ORIENTED_EDGE('',*,*,#7038,.T.);
#7108 = ORIENTED_EDGE('',*,*,#7109,.F.);
#7109 = EDGE_CURVE('',#7110,#7029,#7112,.T.);
#7110 = VERTEX_POINT('',#7111);
#7111 = CARTESIAN_POINT('',(-2.019017244332,4.500029974179,
    1.638445362689));
#7112 = LINE('',#7113,#7114);
#7113 = CARTESIAN_POINT('',(-2.019017244332,4.500029974179,
    4.000000266931));
#7114 = VECTOR('',#7115,1.);
#7115 = DIRECTION('',(3.491481338843E-15,3.657132581847E-29,-1.));
#7116 = ORIENTED_EDGE('',*,*,#7117,.T.);
#7117 = EDGE_CURVE('',#7110,#7118,#7120,.T.);
#7118 = VERTEX_POINT('',#7119);
#7119 = CARTESIAN_POINT('',(-2.019017244332,4.490029974349,
    1.800000304168));
#7120 = CIRCLE('',#7121,1.309999977827);
#7121 = AXIS2_PLACEMENT_3D('',#7122,#7123,#7124);
#7122 = CARTESIAN_POINT('',(-2.019017244332,5.800029952175,
    1.800000304168));
#7123 = DIRECTION('',(-1.,-1.047444401653E-14,-3.491481338843E-15));
#7124 = DIRECTION('',(1.047444401653E-14,-1.,-4.1648880398E-31));
#7125 = ORIENTED_EDGE('',*,*,#7126,.T.);
#7126 = EDGE_CURVE('',#7118,#7100,#7127,.T.);
#7127 = CIRCLE('',#7128,1.309999977827);
#7128 = AXIS2_PLACEMENT_3D('',#7129,#7130,#7131);
#7129 = CARTESIAN_POINT('',(-2.019017244332,5.800029952175,
    1.800000304168));
#7130 = DIRECTION('',(-1.,-1.047444401653E-14,-3.491481338843E-15));
#7131 = DIRECTION('',(1.047444401653E-14,-1.,-4.1648880398E-31));
#7132 = PLANE('',#7133);
#7133 = AXIS2_PLACEMENT_3D('',#7134,#7135,#7136);
#7134 = CARTESIAN_POINT('',(-2.019017244332,3.70002998772,4.000000266931
    ));
#7135 = DIRECTION('',(-1.,-1.047444401653E-14,-3.491481338843E-15));
#7136 = DIRECTION('',(1.047444401653E-14,-1.,0.));
#7137 = ADVANCED_FACE('',(#7138),#7174,.F.);
#7138 = FACE_BOUND('',#7139,.T.);
#7139 = EDGE_LOOP('',(#7140,#7148,#7157,#7166,#7172,#7173));
#7140 = ORIENTED_EDGE('',*,*,#7141,.F.);
#7141 = EDGE_CURVE('',#7142,#7069,#7144,.T.);
#7142 = VERTEX_POINT('',#7143);
#7143 = CARTESIAN_POINT('',(-3.019017227406,4.496200614243,
    1.927000302019));
#7144 = LINE('',#7145,#7146);
#7145 = CARTESIAN_POINT('',(-3.019017227406,-5.098421898391,
    1.927000302019));
#7146 = VECTOR('',#7147,1.);
#7147 = DIRECTION('',(1.047444401653E-14,-1.,0.));
#7148 = ORIENTED_EDGE('',*,*,#7149,.T.);
#7149 = EDGE_CURVE('',#7142,#7150,#7152,.T.);
#7150 = VERTEX_POINT('',#7151);
#7151 = CARTESIAN_POINT('',(-3.019017227406,4.490029974349,
    1.800000304168));
#7152 = CIRCLE('',#7153,1.309999977827);
#7153 = AXIS2_PLACEMENT_3D('',#7154,#7155,#7156);
#7154 = CARTESIAN_POINT('',(-3.019017227406,5.800029952175,
    1.800000304168));
#7155 = DIRECTION('',(1.,1.047444401653E-14,3.491481338843E-15));
#7156 = DIRECTION('',(-1.047444401653E-14,1.,4.164888039801E-31));
#7157 = ORIENTED_EDGE('',*,*,#7158,.T.);
#7158 = EDGE_CURVE('',#7150,#7159,#7161,.T.);
#7159 = VERTEX_POINT('',#7160);
#7160 = CARTESIAN_POINT('',(-3.019017227406,4.500029974179,
    1.638445362689));
#7161 = CIRCLE('',#7162,1.309999977827);
#7162 = AXIS2_PLACEMENT_3D('',#7163,#7164,#7165);
#7163 = CARTESIAN_POINT('',(-3.019017227406,5.800029952175,
    1.800000304168));
#7164 = DIRECTION('',(1.,1.047444401653E-14,3.491481338843E-15));
#7165 = DIRECTION('',(-1.047444401653E-14,1.,4.164888039801E-31));
#7166 = ORIENTED_EDGE('',*,*,#7167,.T.);
#7167 = EDGE_CURVE('',#7159,#7031,#7168,.T.);
#7168 = LINE('',#7169,#7170);
#7169 = CARTESIAN_POINT('',(-3.019017227406,4.500029974179,
    4.000000266931));
#7170 = VECTOR('',#7171,1.);
#7171 = DIRECTION('',(3.491481338843E-15,3.657132581847E-29,-1.));
#7172 = ORIENTED_EDGE('',*,*,#7054,.T.);
#7173 = ORIENTED_EDGE('',*,*,#7078,.F.);
#7174 = PLANE('',#7175);
#7175 = AXIS2_PLACEMENT_3D('',#7176,#7177,#7178);
#7176 = CARTESIAN_POINT('',(-3.019017227406,4.500029974179,
    4.000000266931));
#7177 = DIRECTION('',(1.,1.047444401653E-14,3.491481338843E-15));
#7178 = DIRECTION('',(3.491481338843E-15,3.657132581847E-29,-1.));
#7179 = ADVANCED_FACE('',(#7180),#7191,.F.);
#7180 = FACE_BOUND('',#7181,.T.);
#7181 = EDGE_LOOP('',(#7182,#7183,#7189,#7190));
#7182 = ORIENTED_EDGE('',*,*,#7167,.F.);
#7183 = ORIENTED_EDGE('',*,*,#7184,.T.);
#7184 = EDGE_CURVE('',#7159,#7110,#7185,.T.);
#7185 = LINE('',#7186,#7187);
#7186 = CARTESIAN_POINT('',(-4.619017200324,4.500029974179,
    1.638445362689));
#7187 = VECTOR('',#7188,1.);
#7188 = DIRECTION('',(1.,1.047444401653E-14,3.491481338843E-15));
#7189 = ORIENTED_EDGE('',*,*,#7109,.T.);
#7190 = ORIENTED_EDGE('',*,*,#7028,.T.);
#7191 = PLANE('',#7192);
#7192 = AXIS2_PLACEMENT_3D('',#7193,#7194,#7195);
#7193 = CARTESIAN_POINT('',(-2.019017244332,4.500029974179,
    4.000000266931));
#7194 = DIRECTION('',(1.047444401653E-14,-1.,0.));
#7195 = DIRECTION('',(-3.491481338843E-15,-3.657132581847E-29,1.));
#7196 = ADVANCED_FACE('',(#7197),#7233,.T.);
#7197 = FACE_BOUND('',#7198,.T.);
#7198 = EDGE_LOOP('',(#7199,#7208,#7214,#7215,#7216,#7217,#7225,#7232));
#7199 = ORIENTED_EDGE('',*,*,#7200,.F.);
#7200 = EDGE_CURVE('',#7201,#5581,#7203,.T.);
#7201 = VERTEX_POINT('',#7202);
#7202 = CARTESIAN_POINT('',(-0.219017274799,4.490029974349,
    1.800000304168));
#7203 = CIRCLE('',#7204,1.309999977827);
#7204 = AXIS2_PLACEMENT_3D('',#7205,#7206,#7207);
#7205 = CARTESIAN_POINT('',(-0.219017274799,5.800029952175,
    1.800000304168));
#7206 = DIRECTION('',(1.,1.047444401653E-14,3.491481338843E-15));
#7207 = DIRECTION('',(1.047444401653E-14,-1.,1.614457994957E-31));
#7208 = ORIENTED_EDGE('',*,*,#7209,.T.);
#7209 = EDGE_CURVE('',#7201,#7118,#7210,.T.);
#7210 = LINE('',#7211,#7212);
#7211 = CARTESIAN_POINT('',(-4.619017200324,4.490029974349,
    1.800000304168));
#7212 = VECTOR('',#7213,1.);
#7213 = DIRECTION('',(-1.,-1.047444401653E-14,-3.491481338843E-15));
#7214 = ORIENTED_EDGE('',*,*,#7117,.F.);
#7215 = ORIENTED_EDGE('',*,*,#7184,.F.);
#7216 = ORIENTED_EDGE('',*,*,#7158,.F.);
#7217 = ORIENTED_EDGE('',*,*,#7218,.T.);
#7218 = EDGE_CURVE('',#7150,#7219,#7221,.T.);
#7219 = VERTEX_POINT('',#7220);
#7220 = CARTESIAN_POINT('',(-3.61901721725,4.490029974349,1.800000304168
    ));
#7221 = LINE('',#7222,#7223);
#7222 = CARTESIAN_POINT('',(-4.619017200324,4.490029974349,
    1.800000304168));
#7223 = VECTOR('',#7224,1.);
#7224 = DIRECTION('',(-1.,-1.047444401653E-14,-3.491481338843E-15));
#7225 = ORIENTED_EDGE('',*,*,#7226,.F.);
#7226 = EDGE_CURVE('',#5589,#7219,#7227,.T.);
#7227 = CIRCLE('',#7228,1.309999977827);
#7228 = AXIS2_PLACEMENT_3D('',#7229,#7230,#7231);
#7229 = CARTESIAN_POINT('',(-3.61901721725,5.800029952175,1.800000304168
    ));
#7230 = DIRECTION('',(-1.,-1.047444401653E-14,-3.491481338843E-15));
#7231 = DIRECTION('',(1.047444401653E-14,-1.,-4.1648880398E-31));
#7232 = ORIENTED_EDGE('',*,*,#5588,.F.);
#7233 = CYLINDRICAL_SURFACE('',#7234,1.309999977827);
#7234 = AXIS2_PLACEMENT_3D('',#7235,#7236,#7237);
#7235 = CARTESIAN_POINT('',(-4.619017200324,5.800029952175,
    1.800000304168));
#7236 = DIRECTION('',(-1.,-1.047444401653E-14,-3.491481338843E-15));
#7237 = DIRECTION('',(1.047444401653E-14,-1.,-4.1648880398E-31));
#7238 = ADVANCED_FACE('',(#7239),#7276,.T.);
#7239 = FACE_BOUND('',#7240,.T.);
#7240 = EDGE_LOOP('',(#7241,#7242,#7250,#7259,#7268,#7275));
#7241 = ORIENTED_EDGE('',*,*,#7226,.T.);
#7242 = ORIENTED_EDGE('',*,*,#7243,.T.);
#7243 = EDGE_CURVE('',#7219,#7244,#7246,.T.);
#7244 = VERTEX_POINT('',#7245);
#7245 = CARTESIAN_POINT('',(-4.619017200324,3.958320551687,
    1.800000304168));
#7246 = LINE('',#7247,#7248);
#7247 = CARTESIAN_POINT('',(-3.61901721725,4.490029974349,1.800000304168
    ));
#7248 = VECTOR('',#7249,1.);
#7249 = DIRECTION('',(-0.882947592859,-0.469471562786,
    -3.082795043643E-15));
#7250 = ORIENTED_EDGE('',*,*,#7251,.F.);
#7251 = EDGE_CURVE('',#7252,#7244,#7254,.T.);
#7252 = VERTEX_POINT('',#7253);
#7253 = CARTESIAN_POINT('',(-4.619017200324,5.41029462464,
    3.346354970901E-07));
#7254 = CIRCLE('',#7255,1.841709400488);
#7255 = AXIS2_PLACEMENT_3D('',#7256,#7257,#7258);
#7256 = CARTESIAN_POINT('',(-4.619017200324,5.800029952175,
    1.800000304168));
#7257 = DIRECTION('',(-1.,-1.047444401653E-14,-3.491481338843E-15));
#7258 = DIRECTION('',(1.047444401653E-14,-1.,3.960747482815E-31));
#7259 = ORIENTED_EDGE('',*,*,#7260,.F.);
#7260 = EDGE_CURVE('',#7261,#7252,#7263,.T.);
#7261 = VERTEX_POINT('',#7262);
#7262 = CARTESIAN_POINT('',(-4.619017200324,6.18976527971,
    3.346354970901E-07));
#7263 = B_SPLINE_CURVE_WITH_KNOTS('',3,(#7264,#7265,#7266,#7267),
  .UNSPECIFIED.,.F.,.F.,(4,4),(0.,1.),.PIECEWISE_BEZIER_KNOTS.);
#7264 = CARTESIAN_POINT('',(-4.619017200324,6.18976527971,
    3.346354970901E-07));
#7265 = CARTESIAN_POINT('',(-4.515609514191,5.929941728021,
    3.346354975342E-07));
#7266 = CARTESIAN_POINT('',(-4.515609514191,5.670118176331,
    3.346354975342E-07));
#7267 = CARTESIAN_POINT('',(-4.619017200324,5.41029462464,
    3.346354970901E-07));
#7268 = ORIENTED_EDGE('',*,*,#7269,.F.);
#7269 = EDGE_CURVE('',#5597,#7261,#7270,.T.);
#7270 = CIRCLE('',#7271,1.841709400488);
#7271 = AXIS2_PLACEMENT_3D('',#7272,#7273,#7274);
#7272 = CARTESIAN_POINT('',(-4.619017200324,5.800029952175,
    1.800000304168));
#7273 = DIRECTION('',(-1.,-1.047444401653E-14,-3.491481338843E-15));
#7274 = DIRECTION('',(1.047444401653E-14,-1.,3.960747482815E-31));
#7275 = ORIENTED_EDGE('',*,*,#5596,.F.);
#7276 = CONICAL_SURFACE('',#7277,1.309999977827,0.488692190558);
#7277 = AXIS2_PLACEMENT_3D('',#7278,#7279,#7280);
#7278 = CARTESIAN_POINT('',(-3.61901721725,5.800029952175,1.800000304168
    ));
#7279 = DIRECTION('',(-1.,-1.047444401653E-14,-3.491481338843E-15));
#7280 = DIRECTION('',(1.047444401653E-14,-1.,-4.1648880398E-31));
#7281 = ADVANCED_FACE('',(#7282),#7301,.T.);
#7282 = FACE_BOUND('',#7283,.T.);
#7283 = EDGE_LOOP('',(#7284,#7285,#7294,#7300));
#7284 = ORIENTED_EDGE('',*,*,#7209,.F.);
#7285 = ORIENTED_EDGE('',*,*,#7286,.F.);
#7286 = EDGE_CURVE('',#7287,#7201,#7289,.T.);
#7287 = VERTEX_POINT('',#7288);
#7288 = CARTESIAN_POINT('',(-0.219017274799,4.496200614243,
    1.927000302019));
#7289 = CIRCLE('',#7290,1.309999977827);
#7290 = AXIS2_PLACEMENT_3D('',#7291,#7292,#7293);
#7291 = CARTESIAN_POINT('',(-0.219017274799,5.800029952175,
    1.800000304168));
#7292 = DIRECTION('',(1.,1.047444401653E-14,3.491481338843E-15));
#7293 = DIRECTION('',(1.047444401653E-14,-1.,1.614457994957E-31));
#7294 = ORIENTED_EDGE('',*,*,#7295,.F.);
#7295 = EDGE_CURVE('',#7100,#7287,#7296,.T.);
#7296 = LINE('',#7297,#7298);
#7297 = CARTESIAN_POINT('',(-4.619017200324,4.496200614243,
    1.927000302019));
#7298 = VECTOR('',#7299,1.);
#7299 = DIRECTION('',(1.,1.047444401653E-14,3.491481338843E-15));
#7300 = ORIENTED_EDGE('',*,*,#7126,.F.);
#7301 = CYLINDRICAL_SURFACE('',#7302,1.309999977827);
#7302 = AXIS2_PLACEMENT_3D('',#7303,#7304,#7305);
#7303 = CARTESIAN_POINT('',(-4.619017200324,5.800029952175,
    1.800000304168));
#7304 = DIRECTION('',(-1.,-1.047444401653E-14,-3.491481338843E-15));
#7305 = DIRECTION('',(1.047444401653E-14,-1.,-4.1648880398E-31));
#7306 = ADVANCED_FACE('',(#7307,#7341),#7427,.T.);
#7307 = FACE_BOUND('',#7308,.T.);
#7308 = EDGE_LOOP('',(#7309,#7319,#7327,#7335));
#7309 = ORIENTED_EDGE('',*,*,#7310,.T.);
#7310 = EDGE_CURVE('',#7311,#7313,#7315,.T.);
#7311 = VERTEX_POINT('',#7312);
#7312 = CARTESIAN_POINT('',(-2.019017244332,-4.499969873485,
    1.927000302019));
#7313 = VERTEX_POINT('',#7314);
#7314 = CARTESIAN_POINT('',(-2.019017244332,-3.699969887026,
    1.927000302019));
#7315 = LINE('',#7316,#7317);
#7316 = CARTESIAN_POINT('',(-2.019017244332,-5.098421898391,
    1.927000302019));
#7317 = VECTOR('',#7318,1.);
#7318 = DIRECTION('',(-1.047444401653E-14,1.,0.));
#7319 = ORIENTED_EDGE('',*,*,#7320,.T.);
#7320 = EDGE_CURVE('',#7313,#7321,#7323,.T.);
#7321 = VERTEX_POINT('',#7322);
#7322 = CARTESIAN_POINT('',(-3.019017227406,-3.699969887026,
    1.927000302019));
#7323 = LINE('',#7324,#7325);
#7324 = CARTESIAN_POINT('',(-4.639017199985,-3.699969887026,
    1.927000302019));
#7325 = VECTOR('',#7326,1.);
#7326 = DIRECTION('',(-1.,-1.047444401653E-14,-3.491481338843E-15));
#7327 = ORIENTED_EDGE('',*,*,#7328,.T.);
#7328 = EDGE_CURVE('',#7321,#7329,#7331,.T.);
#7329 = VERTEX_POINT('',#7330);
#7330 = CARTESIAN_POINT('',(-3.019017227406,-4.499969873485,
    1.927000302019));
#7331 = LINE('',#7332,#7333);
#7332 = CARTESIAN_POINT('',(-3.019017227406,-5.098421898391,
    1.927000302019));
#7333 = VECTOR('',#7334,1.);
#7334 = DIRECTION('',(1.047444401653E-14,-1.,0.));
#7335 = ORIENTED_EDGE('',*,*,#7336,.T.);
#7336 = EDGE_CURVE('',#7329,#7311,#7337,.T.);
#7337 = LINE('',#7338,#7339);
#7338 = CARTESIAN_POINT('',(-4.639017199985,-4.499969873485,
    1.927000302019));
#7339 = VECTOR('',#7340,1.);
#7340 = DIRECTION('',(1.,1.047444401653E-14,3.491481338843E-15));
#7341 = FACE_BOUND('',#7342,.T.);
#7342 = EDGE_LOOP('',(#7343,#7351,#7352,#7353,#7354,#7355,#7363,#7372,
    #7380,#7389,#7397,#7405,#7411,#7412,#7420));
#7343 = ORIENTED_EDGE('',*,*,#7344,.T.);
#7344 = EDGE_CURVE('',#7345,#7142,#7347,.T.);
#7345 = VERTEX_POINT('',#7346);
#7346 = CARTESIAN_POINT('',(-3.61901721725,4.496200614243,1.927000302019
    ));
#7347 = LINE('',#7348,#7349);
#7348 = CARTESIAN_POINT('',(-4.619017200324,4.496200614243,
    1.927000302019));
#7349 = VECTOR('',#7350,1.);
#7350 = DIRECTION('',(1.,1.047444401653E-14,3.491481338843E-15));
#7351 = ORIENTED_EDGE('',*,*,#7141,.T.);
#7352 = ORIENTED_EDGE('',*,*,#7068,.T.);
#7353 = ORIENTED_EDGE('',*,*,#7099,.T.);
#7354 = ORIENTED_EDGE('',*,*,#7295,.T.);
#7355 = ORIENTED_EDGE('',*,*,#7356,.F.);
#7356 = EDGE_CURVE('',#7357,#7287,#7359,.T.);
#7357 = VERTEX_POINT('',#7358);
#7358 = CARTESIAN_POINT('',(-0.219017274799,1.98150422938,1.927000302019
    ));
#7359 = LINE('',#7360,#7361);
#7360 = CARTESIAN_POINT('',(-0.219017274799,-5.098421898391,
    1.927000302019));
#7361 = VECTOR('',#7362,1.);
#7362 = DIRECTION('',(-1.047444401653E-14,1.,0.));
#7363 = ORIENTED_EDGE('',*,*,#7364,.T.);
#7364 = EDGE_CURVE('',#7357,#7365,#7367,.T.);
#7365 = VERTEX_POINT('',#7366);
#7366 = CARTESIAN_POINT('',(-4.619017200324,2.401708496697,
    1.927000302019));
#7367 = B_SPLINE_CURVE_WITH_KNOTS('',3,(#7368,#7369,#7370,#7371),
  .UNSPECIFIED.,.F.,.F.,(4,4),(5.732059724703E-03,1.01520801358E-02),
  .PIECEWISE_BEZIER_KNOTS.);
#7368 = CARTESIAN_POINT('',(-0.219017274799,1.98150422938,1.927000302019
    ));
#7369 = CARTESIAN_POINT('',(-1.685642874841,2.122000309732,
    1.927000302019));
#7370 = CARTESIAN_POINT('',(-3.152319231461,2.261968608686,
    1.927000302019));
#7371 = CARTESIAN_POINT('',(-4.619017200324,2.401708496697,
    1.927000302019));
#7372 = ORIENTED_EDGE('',*,*,#7373,.T.);
#7373 = EDGE_CURVE('',#7365,#7374,#7376,.T.);
#7374 = VERTEX_POINT('',#7375);
#7375 = CARTESIAN_POINT('',(-4.619017200324,-1.201648416314,
    1.927000302019));
#7376 = LINE('',#7377,#7378);
#7377 = CARTESIAN_POINT('',(-4.619017200324,-5.098421898391,
    1.927000302019));
#7378 = VECTOR('',#7379,1.);
#7379 = DIRECTION('',(1.047444401653E-14,-1.,0.));
#7380 = ORIENTED_EDGE('',*,*,#7381,.T.);
#7381 = EDGE_CURVE('',#7374,#7382,#7384,.T.);
#7382 = VERTEX_POINT('',#7383);
#7383 = CARTESIAN_POINT('',(-0.219017274799,-0.781444148997,
    1.927000302019));
#7384 = B_SPLINE_CURVE_WITH_KNOTS('',3,(#7385,#7386,#7387,#7388),
  .UNSPECIFIED.,.F.,.F.,(4,4),(5.731230427209E-03,1.015125078337E-02),
  .PIECEWISE_BEZIER_KNOTS.);
#7385 = CARTESIAN_POINT('',(-4.619017200324,-1.201648416314,
    1.927000302019));
#7386 = CARTESIAN_POINT('',(-3.152319045723,-1.061908510608,
    1.927000302019));
#7387 = CARTESIAN_POINT('',(-1.68564282065,-0.921940224158,
    1.927000302019));
#7388 = CARTESIAN_POINT('',(-0.219017274799,-0.781444148997,
    1.927000302019));
#7389 = ORIENTED_EDGE('',*,*,#7390,.F.);
#7390 = EDGE_CURVE('',#7391,#7382,#7393,.T.);
#7391 = VERTEX_POINT('',#7392);
#7392 = CARTESIAN_POINT('',(-0.219017274799,-5.098421898391,
    1.927000302019));
#7393 = LINE('',#7394,#7395);
#7394 = CARTESIAN_POINT('',(-0.219017274799,-5.098421898391,
    1.927000302019));
#7395 = VECTOR('',#7396,1.);
#7396 = DIRECTION('',(-1.047444401653E-14,1.,0.));
#7397 = ORIENTED_EDGE('',*,*,#7398,.F.);
#7398 = EDGE_CURVE('',#7399,#7391,#7401,.T.);
#7399 = VERTEX_POINT('',#7400);
#7400 = CARTESIAN_POINT('',(-4.639017199985,-5.098421898391,
    1.927000302019));
#7401 = LINE('',#7402,#7403);
#7402 = CARTESIAN_POINT('',(-4.639017199985,-5.098421898391,
    1.927000302019));
#7403 = VECTOR('',#7404,1.);
#7404 = DIRECTION('',(1.,1.047444401653E-14,3.491481338843E-15));
#7405 = ORIENTED_EDGE('',*,*,#7406,.T.);
#7406 = EDGE_CURVE('',#7399,#5614,#7407,.T.);
#7407 = LINE('',#7408,#7409);
#7408 = CARTESIAN_POINT('',(-4.639017199985,-5.098421898391,
    1.927000302019));
#7409 = VECTOR('',#7410,1.);
#7410 = DIRECTION('',(-1.047444401653E-14,1.,0.));
#7411 = ORIENTED_EDGE('',*,*,#5613,.T.);
#7412 = ORIENTED_EDGE('',*,*,#7413,.T.);
#7413 = EDGE_CURVE('',#5606,#7414,#7416,.T.);
#7414 = VERTEX_POINT('',#7415);
#7415 = CARTESIAN_POINT('',(-4.619017200324,3.962704581863,
    1.927000302019));
#7416 = LINE('',#7417,#7418);
#7417 = CARTESIAN_POINT('',(-4.619017200324,-5.098421898391,
    1.927000302019));
#7418 = VECTOR('',#7419,1.);
#7419 = DIRECTION('',(1.047444401653E-14,-1.,0.));
#7420 = ORIENTED_EDGE('',*,*,#7421,.T.);
#7421 = EDGE_CURVE('',#7414,#7345,#7422,.T.);
#7422 = B_SPLINE_CURVE_WITH_KNOTS('',3,(#7423,#7424,#7425,#7426),
  .UNSPECIFIED.,.F.,.F.,(4,4),(3.627562967914E-03,4.760972637343E-03),
  .PIECEWISE_BEZIER_KNOTS.);
#7423 = CARTESIAN_POINT('',(-4.619017200324,3.962704581863,
    1.927000302019));
#7424 = CARTESIAN_POINT('',(-4.285612250953,4.140402131677,
    1.927000302019));
#7425 = CARTESIAN_POINT('',(-3.952249669587,4.318179222261,
    1.927000302019));
#7426 = CARTESIAN_POINT('',(-3.61901721725,4.496200614243,1.927000302019
    ));
#7427 = PLANE('',#7428);
#7428 = AXIS2_PLACEMENT_3D('',#7429,#7430,#7431);
#7429 = CARTESIAN_POINT('',(-4.639017199985,-5.098421898391,
    1.927000302019));
#7430 = DIRECTION('',(3.491481338843E-15,3.657132581847E-29,-1.));
#7431 = DIRECTION('',(1.,1.047444401653E-14,3.491481338843E-15));
#7432 = ADVANCED_FACE('',(#7433),#7460,.T.);
#7433 = FACE_BOUND('',#7434,.T.);
#7434 = EDGE_LOOP('',(#7435,#7444,#7452,#7459));
#7435 = ORIENTED_EDGE('',*,*,#7436,.T.);
#7436 = EDGE_CURVE('',#7357,#7437,#7439,.T.);
#7437 = VERTEX_POINT('',#7438);
#7438 = CARTESIAN_POINT('',(-0.219017274799,2.000030016495,
    1.700000305861));
#7439 = CIRCLE('',#7440,1.399999976303);
#7440 = AXIS2_PLACEMENT_3D('',#7441,#7442,#7443);
#7441 = CARTESIAN_POINT('',(-0.219017274799,0.600030040191,
    1.700000305861));
#7442 = DIRECTION('',(-1.,-1.047444401653E-14,-3.491481338843E-15));
#7443 = DIRECTION('',(1.047444401653E-14,-1.,-2.018273798319E-31));
#7444 = ORIENTED_EDGE('',*,*,#7445,.T.);
#7445 = EDGE_CURVE('',#7437,#7446,#7448,.T.);
#7446 = VERTEX_POINT('',#7447);
#7447 = CARTESIAN_POINT('',(-4.619017200324,2.415952466644,
    1.700000305861));
#7448 = LINE('',#7449,#7450);
#7449 = CARTESIAN_POINT('',(-0.219017274799,2.000030016495,
    1.700000305861));
#7450 = VECTOR('',#7451,1.);
#7451 = DIRECTION('',(-0.995561964603,9.410831331851E-02,
    -3.464461076606E-15));
#7452 = ORIENTED_EDGE('',*,*,#7453,.F.);
#7453 = EDGE_CURVE('',#7365,#7446,#7454,.T.);
#7454 = CIRCLE('',#7455,1.815922426452);
#7455 = AXIS2_PLACEMENT_3D('',#7456,#7457,#7458);
#7456 = CARTESIAN_POINT('',(-4.619017200324,0.600030040191,
    1.700000305861));
#7457 = DIRECTION('',(-1.,-1.047444401653E-14,-3.491481338843E-15));
#7458 = DIRECTION('',(1.047444401653E-14,-1.,-1.176312594807E-31));
#7459 = ORIENTED_EDGE('',*,*,#7364,.F.);
#7460 = CONICAL_SURFACE('',#7461,1.399999976303,9.424777960769E-02);
#7461 = AXIS2_PLACEMENT_3D('',#7462,#7463,#7464);
#7462 = CARTESIAN_POINT('',(-0.219017274799,0.600030040191,
    1.700000305861));
#7463 = DIRECTION('',(-1.,-1.047444401653E-14,-3.491481338843E-15));
#7464 = DIRECTION('',(1.047444401653E-14,-1.,-2.018273798319E-31));
#7465 = ADVANCED_FACE('',(#7466),#7562,.T.);
#7466 = FACE_BOUND('',#7467,.T.);
#7467 = EDGE_LOOP('',(#7468,#7469,#7478,#7486,#7495,#7555));
#7468 = ORIENTED_EDGE('',*,*,#7445,.F.);
#7469 = ORIENTED_EDGE('',*,*,#7470,.T.);
#7470 = EDGE_CURVE('',#7437,#7471,#7473,.T.);
#7471 = VERTEX_POINT('',#7472);
#7472 = CARTESIAN_POINT('',(-0.219017274799,-0.799969936112,
    1.700000305861));
#7473 = CIRCLE('',#7474,1.399999976303);
#7474 = AXIS2_PLACEMENT_3D('',#7475,#7476,#7477);
#7475 = CARTESIAN_POINT('',(-0.219017274799,0.600030040191,
    1.700000305861));
#7476 = DIRECTION('',(-1.,-1.047444401653E-14,-3.491481338843E-15));
#7477 = DIRECTION('',(1.047444401653E-14,-1.,-2.018273798319E-31));
#7478 = ORIENTED_EDGE('',*,*,#7479,.T.);
#7479 = EDGE_CURVE('',#7471,#7480,#7482,.T.);
#7480 = VERTEX_POINT('',#7481);
#7481 = CARTESIAN_POINT('',(-4.619017200324,-1.215892386261,
    1.700000305861));
#7482 = LINE('',#7483,#7484);
#7483 = CARTESIAN_POINT('',(-0.219017274799,-0.799969936112,
    1.700000305861));
#7484 = VECTOR('',#7485,1.);
#7485 = DIRECTION('',(-0.995561964603,-9.410831331853E-02,
    -3.475986021074E-15));
#7486 = ORIENTED_EDGE('',*,*,#7487,.F.);
#7487 = EDGE_CURVE('',#7488,#7480,#7490,.T.);
#7488 = VERTEX_POINT('',#7489);
#7489 = CARTESIAN_POINT('',(-4.619017200324,-3.838546457452E-02,
    3.346354970901E-07));
#7490 = CIRCLE('',#7491,1.815922426452);
#7491 = AXIS2_PLACEMENT_3D('',#7492,#7493,#7494);
#7492 = CARTESIAN_POINT('',(-4.619017200324,0.600030040191,
    1.700000305861));
#7493 = DIRECTION('',(-1.,-1.047444401653E-14,-3.491481338843E-15));
#7494 = DIRECTION('',(1.047444401653E-14,-1.,-1.176312594807E-31));
#7495 = ORIENTED_EDGE('',*,*,#7496,.F.);
#7496 = EDGE_CURVE('',#7497,#7488,#7499,.T.);
#7497 = VERTEX_POINT('',#7498);
#7498 = CARTESIAN_POINT('',(-4.619017200324,1.238445544957,
    3.346354970901E-07));
#7499 = B_SPLINE_CURVE_WITH_KNOTS('',3,(#7500,#7501,#7502,#7503,#7504,
    #7505,#7506,#7507,#7508,#7509,#7510,#7511,#7512,#7513,#7514,#7515,
    #7516,#7517,#7518,#7519,#7520,#7521,#7522,#7523,#7524,#7525,#7526,
    #7527,#7528,#7529,#7530,#7531,#7532,#7533,#7534,#7535,#7536,#7537,
    #7538,#7539,#7540,#7541,#7542,#7543,#7544,#7545,#7546,#7547,#7548,
    #7549,#7550,#7551,#7552,#7553,#7554),.UNSPECIFIED.,.F.,.F.,(4,1,1,1,
    1,1,2,2,1,1,1,1,2,2,1,1,2,2,2,2,2,2,2,1,2,2,1,2,2,1,1,1,1,2,2,4),(0.
    ,0.125,0.1875,0.21875,0.234375,0.2421875,0.24609375,0.25,0.3125,
    0.34375,0.359375,0.3671875,0.37109375,0.375,0.40625,0.421875,
    0.4296875,0.4375,0.453125,0.46875,0.5,0.53125,0.546875,0.5625,
    0.578125,0.59375,0.625,0.640625,0.65625,0.6875,0.71875,0.734375,
    0.7421875,0.74609375,0.75,1.),.UNSPECIFIED.);
#7500 = CARTESIAN_POINT('',(-4.619017200324,1.238445544957,
    3.346354970901E-07));
#7501 = CARTESIAN_POINT('',(-4.480279289587,1.201142119797,
    3.346354975342E-07));
#7502 = CARTESIAN_POINT('',(-4.29048826042,1.145847919835,
    3.346354984224E-07));
#7503 = CARTESIAN_POINT('',(-4.101118107701,1.082494660989,
    3.346354984224E-07));
#7504 = CARTESIAN_POINT('',(-4.014446210001,1.051107191843,
    3.346354993106E-07));
#7505 = CARTESIAN_POINT('',(-3.973113555817,1.03548574734,
    3.346354993106E-07));
#7506 = CARTESIAN_POINT('',(-3.952948052391,1.027693097606,
    3.346354997547E-07));
#7507 = CARTESIAN_POINT('',(-3.944413013137,1.024357263259,
    3.346355001987E-07));
#7508 = CARTESIAN_POINT('',(-3.938746835713,1.022134234291,
    3.346355001987E-07));
#7509 = CARTESIAN_POINT('',(-3.937085063836,1.021481524526,
    3.346355001987E-07));
#7510 = CARTESIAN_POINT('',(-3.869618312586,0.994808043261,
    3.346354988665E-07));
#7511 = CARTESIAN_POINT('',(-3.781412194712,0.95651036852,
    3.346355006428E-07));
#7512 = CARTESIAN_POINT('',(-3.690826912821,0.910708006202,
    3.346355006428E-07));
#7513 = CARTESIAN_POINT('',(-3.648614735783,0.887526389596,
    3.346355006428E-07));
#7514 = CARTESIAN_POINT('',(-3.628278763241,0.875865472431,
    3.346355006428E-07));
#7515 = CARTESIAN_POINT('',(-3.619728371289,0.870852913176,
    3.346355010869E-07));
#7516 = CARTESIAN_POINT('',(-3.614064782177,0.867507868488,
    3.346355006428E-07));
#7517 = CARTESIAN_POINT('',(-3.612281432747,0.866451295431,
    3.346355010869E-07));
#7518 = CARTESIAN_POINT('',(-3.577854350166,0.84580998078,
    3.346355006428E-07));
#7519 = CARTESIAN_POINT('',(-3.537176080288,0.81832438257,
    3.34635501531E-07));
#7520 = CARTESIAN_POINT('',(-3.498860985833,0.786321121975,
    3.346355010869E-07));
#7521 = CARTESIAN_POINT('',(-3.484399421153,0.77261899686,
    3.346355024192E-07));
#7522 = CARTESIAN_POINT('',(-3.475193753607,0.763487259671,
    3.346355010869E-07));
#7523 = CARTESIAN_POINT('',(-3.472269815901,0.760522741411,
    3.34635501531E-07));
#7524 = CARTESIAN_POINT('',(-3.45538381647,0.742034642623,
    3.346355019751E-07));
#7525 = CARTESIAN_POINT('',(-3.44532947788,0.729555079277,
    3.346355019751E-07));
#7526 = CARTESIAN_POINT('',(-3.427626789427,0.704287624278,
    3.346355010869E-07));
#7527 = CARTESIAN_POINT('',(-3.420782679722,0.693114619656,
    3.346355010869E-07));
#7528 = CARTESIAN_POINT('',(-3.399033892747,0.649443791139,
    3.34635501531E-07));
#7529 = CARTESIAN_POINT('',(-3.392148671736,0.620135288404,
    3.346355010869E-07));
#7530 = CARTESIAN_POINT('',(-3.393420079275,0.568662869569,
    3.346355024192E-07));
#7531 = CARTESIAN_POINT('',(-3.401461922187,0.541720482216,
    3.346355010869E-07));
#7532 = CARTESIAN_POINT('',(-3.424633895269,0.499497634284,
    3.34635501531E-07));
#7533 = CARTESIAN_POINT('',(-3.434172331904,0.485441643036,
    3.346355024192E-07));
#7534 = CARTESIAN_POINT('',(-3.451693355913,0.462523917033,
    3.346355001987E-07));
#7535 = CARTESIAN_POINT('',(-3.471151547495,0.439914883093,
    3.346355010869E-07));
#7536 = CARTESIAN_POINT('',(-3.494484074224,0.417923233277,
    3.34635501531E-07));
#7537 = CARTESIAN_POINT('',(-3.519753768525,0.396240275522,
    3.346355033074E-07));
#7538 = CARTESIAN_POINT('',(-3.52782025779,0.39001702788,
    3.34635501531E-07));
#7539 = CARTESIAN_POINT('',(-3.5587329639,0.367139096462,
    3.346355024192E-07));
#7540 = CARTESIAN_POINT('',(-3.595043488121,0.343165635196,
    3.346355010869E-07));
#7541 = CARTESIAN_POINT('',(-3.639450739509,0.317548879156,
    3.346355006428E-07));
#7542 = CARTESIAN_POINT('',(-3.670854846472,0.30010586518,
    3.346355010869E-07));
#7543 = CARTESIAN_POINT('',(-3.680021649457,0.295224337171,
    3.346355010869E-07));
#7544 = CARTESIAN_POINT('',(-3.715858475657,0.276446423932,
    3.34635501531E-07));
#7545 = CARTESIAN_POINT('',(-3.766135720791,0.251474603568,
    3.346354997547E-07));
#7546 = CARTESIAN_POINT('',(-3.835219302714,0.220423321329,
    3.346354993106E-07));
#7547 = CARTESIAN_POINT('',(-3.886852248451,0.198773257701,
    3.346355001987E-07));
#7548 = CARTESIAN_POINT('',(-3.913487330917,0.187969684372,
    3.346354997547E-07));
#7549 = CARTESIAN_POINT('',(-3.925077782601,0.183344179764,
    3.346355006428E-07));
#7550 = CARTESIAN_POINT('',(-3.932843731801,0.180261531857,
    3.346354993106E-07));
#7551 = CARTESIAN_POINT('',(-3.937878283261,0.17827610529,
    3.346354993106E-07));
#7552 = CARTESIAN_POINT('',(-4.119219823727,0.107056346912,
    3.346354988665E-07));
#7553 = CARTESIAN_POINT('',(-4.345336172797,3.520105315419E-02,
    3.346354979783E-07));
#7554 = CARTESIAN_POINT('',(-4.619017200324,-3.838546457452E-02,
    3.346354970901E-07));
#7555 = ORIENTED_EDGE('',*,*,#7556,.F.);
#7556 = EDGE_CURVE('',#7446,#7497,#7557,.T.);
#7557 = CIRCLE('',#7558,1.815922426452);
#7558 = AXIS2_PLACEMENT_3D('',#7559,#7560,#7561);
#7559 = CARTESIAN_POINT('',(-4.619017200324,0.600030040191,
    1.700000305861));
#7560 = DIRECTION('',(-1.,-1.047444401653E-14,-3.491481338843E-15));
#7561 = DIRECTION('',(1.047444401653E-14,-1.,-1.176312594807E-31));
#7562 = CONICAL_SURFACE('',#7563,1.399999976303,9.424777960769E-02);
#7563 = AXIS2_PLACEMENT_3D('',#7564,#7565,#7566);
#7564 = CARTESIAN_POINT('',(-0.219017274799,0.600030040191,
    1.700000305861));
#7565 = DIRECTION('',(-1.,-1.047444401653E-14,-3.491481338843E-15));
#7566 = DIRECTION('',(1.047444401653E-14,-1.,-2.018273798319E-31));
#7567 = ADVANCED_FACE('',(#7568),#7586,.T.);
#7568 = FACE_BOUND('',#7569,.T.);
#7569 = EDGE_LOOP('',(#7570,#7571,#7578,#7579));
#7570 = ORIENTED_EDGE('',*,*,#7479,.F.);
#7571 = ORIENTED_EDGE('',*,*,#7572,.T.);
#7572 = EDGE_CURVE('',#7471,#7382,#7573,.T.);
#7573 = CIRCLE('',#7574,1.399999976303);
#7574 = AXIS2_PLACEMENT_3D('',#7575,#7576,#7577);
#7575 = CARTESIAN_POINT('',(-0.219017274799,0.600030040191,
    1.700000305861));
#7576 = DIRECTION('',(-1.,-1.047444401653E-14,-3.491481338843E-15));
#7577 = DIRECTION('',(1.047444401653E-14,-1.,-2.018273798319E-31));
#7578 = ORIENTED_EDGE('',*,*,#7381,.F.);
#7579 = ORIENTED_EDGE('',*,*,#7580,.F.);
#7580 = EDGE_CURVE('',#7480,#7374,#7581,.T.);
#7581 = CIRCLE('',#7582,1.815922426452);
#7582 = AXIS2_PLACEMENT_3D('',#7583,#7584,#7585);
#7583 = CARTESIAN_POINT('',(-4.619017200324,0.600030040191,
    1.700000305861));
#7584 = DIRECTION('',(-1.,-1.047444401653E-14,-3.491481338843E-15));
#7585 = DIRECTION('',(1.047444401653E-14,-1.,-1.176312594807E-31));
#7586 = CONICAL_SURFACE('',#7587,1.399999976303,9.424777960769E-02);
#7587 = AXIS2_PLACEMENT_3D('',#7588,#7589,#7590);
#7588 = CARTESIAN_POINT('',(-0.219017274799,0.600030040191,
    1.700000305861));
#7589 = DIRECTION('',(-1.,-1.047444401653E-14,-3.491481338843E-15));
#7590 = DIRECTION('',(1.047444401653E-14,-1.,-2.018273798319E-31));
#7591 = ADVANCED_FACE('',(#7592),#7605,.F.);
#7592 = FACE_BOUND('',#7593,.T.);
#7593 = EDGE_LOOP('',(#7594,#7600,#7601,#7602,#7603,#7604));
#7594 = ORIENTED_EDGE('',*,*,#7595,.F.);
#7595 = EDGE_CURVE('',#7488,#7497,#7596,.T.);
#7596 = LINE('',#7597,#7598);
#7597 = CARTESIAN_POINT('',(-4.619017200324,0.600030040191,
    3.346354970901E-07));
#7598 = VECTOR('',#7599,1.);
#7599 = DIRECTION('',(-1.047444401653E-14,1.,0.));
#7600 = ORIENTED_EDGE('',*,*,#7487,.T.);
#7601 = ORIENTED_EDGE('',*,*,#7580,.T.);
#7602 = ORIENTED_EDGE('',*,*,#7373,.F.);
#7603 = ORIENTED_EDGE('',*,*,#7453,.T.);
#7604 = ORIENTED_EDGE('',*,*,#7556,.T.);
#7605 = PLANE('',#7606);
#7606 = AXIS2_PLACEMENT_3D('',#7607,#7608,#7609);
#7607 = CARTESIAN_POINT('',(-4.619017200324,0.600030040191,
    -0.115922120591));
#7608 = DIRECTION('',(1.,1.047444401653E-14,3.491481338843E-15));
#7609 = DIRECTION('',(3.491481338843E-15,3.657132581847E-29,-1.));
#7610 = ADVANCED_FACE('',(#7611),#7630,.F.);
#7611 = FACE_BOUND('',#7612,.T.);
#7612 = EDGE_LOOP('',(#7613,#7619,#7620,#7627,#7628,#7629));
#7613 = ORIENTED_EDGE('',*,*,#7614,.F.);
#7614 = EDGE_CURVE('',#7252,#7261,#7615,.T.);
#7615 = LINE('',#7616,#7617);
#7616 = CARTESIAN_POINT('',(-4.619017200324,5.800029952175,
    3.346354970901E-07));
#7617 = VECTOR('',#7618,1.);
#7618 = DIRECTION('',(-1.047444401653E-14,1.,0.));
#7619 = ORIENTED_EDGE('',*,*,#7251,.T.);
#7620 = ORIENTED_EDGE('',*,*,#7621,.T.);
#7621 = EDGE_CURVE('',#7244,#7414,#7622,.T.);
#7622 = CIRCLE('',#7623,1.841709400488);
#7623 = AXIS2_PLACEMENT_3D('',#7624,#7625,#7626);
#7624 = CARTESIAN_POINT('',(-4.619017200324,5.800029952175,
    1.800000304168));
#7625 = DIRECTION('',(-1.,-1.047444401653E-14,-3.491481338843E-15));
#7626 = DIRECTION('',(1.047444401653E-14,-1.,3.960747482815E-31));
#7627 = ORIENTED_EDGE('',*,*,#7413,.F.);
#7628 = ORIENTED_EDGE('',*,*,#5605,.F.);
#7629 = ORIENTED_EDGE('',*,*,#7269,.T.);
#7630 = PLANE('',#7631);
#7631 = AXIS2_PLACEMENT_3D('',#7632,#7633,#7634);
#7632 = CARTESIAN_POINT('',(-4.619017200324,5.800029952175,
    -4.170909632E-02));
#7633 = DIRECTION('',(1.,1.047444401653E-14,3.491481338843E-15));
#7634 = DIRECTION('',(3.491481338843E-15,3.657132581847E-29,-1.));
#7635 = ADVANCED_FACE('',(#7636),#7648,.T.);
#7636 = FACE_BOUND('',#7637,.T.);
#7637 = EDGE_LOOP('',(#7638,#7639,#7640,#7641));
#7638 = ORIENTED_EDGE('',*,*,#7218,.F.);
#7639 = ORIENTED_EDGE('',*,*,#7149,.F.);
#7640 = ORIENTED_EDGE('',*,*,#7344,.F.);
#7641 = ORIENTED_EDGE('',*,*,#7642,.F.);
#7642 = EDGE_CURVE('',#7219,#7345,#7643,.T.);
#7643 = CIRCLE('',#7644,1.309999977827);
#7644 = AXIS2_PLACEMENT_3D('',#7645,#7646,#7647);
#7645 = CARTESIAN_POINT('',(-3.61901721725,5.800029952175,1.800000304168
    ));
#7646 = DIRECTION('',(-1.,-1.047444401653E-14,-3.491481338843E-15));
#7647 = DIRECTION('',(1.047444401653E-14,-1.,-4.1648880398E-31));
#7648 = CYLINDRICAL_SURFACE('',#7649,1.309999977827);
#7649 = AXIS2_PLACEMENT_3D('',#7650,#7651,#7652);
#7650 = CARTESIAN_POINT('',(-4.619017200324,5.800029952175,
    1.800000304168));
#7651 = DIRECTION('',(-1.,-1.047444401653E-14,-3.491481338843E-15));
#7652 = DIRECTION('',(1.047444401653E-14,-1.,-4.1648880398E-31));
#7653 = ADVANCED_FACE('',(#7654),#7660,.T.);
#7654 = FACE_BOUND('',#7655,.T.);
#7655 = EDGE_LOOP('',(#7656,#7657,#7658,#7659));
#7656 = ORIENTED_EDGE('',*,*,#7243,.F.);
#7657 = ORIENTED_EDGE('',*,*,#7642,.T.);
#7658 = ORIENTED_EDGE('',*,*,#7421,.F.);
#7659 = ORIENTED_EDGE('',*,*,#7621,.F.);
#7660 = CONICAL_SURFACE('',#7661,1.309999977827,0.488692190558);
#7661 = AXIS2_PLACEMENT_3D('',#7662,#7663,#7664);
#7662 = CARTESIAN_POINT('',(-3.61901721725,5.800029952175,1.800000304168
    ));
#7663 = DIRECTION('',(-1.,-1.047444401653E-14,-3.491481338843E-15));
#7664 = DIRECTION('',(1.047444401653E-14,-1.,-4.1648880398E-31));
#7665 = ADVANCED_FACE('',(#7666),#7700,.F.);
#7666 = FACE_BOUND('',#7667,.T.);
#7667 = EDGE_LOOP('',(#7668,#7678,#7686,#7694));
#7668 = ORIENTED_EDGE('',*,*,#7669,.F.);
#7669 = EDGE_CURVE('',#7670,#7672,#7674,.T.);
#7670 = VERTEX_POINT('',#7671);
#7671 = CARTESIAN_POINT('',(-7.019017159701,4.500029974179,
    -3.99999959766));
#7672 = VERTEX_POINT('',#7673);
#7673 = CARTESIAN_POINT('',(-8.019017142775,4.500029974179,
    -3.99999959766));
#7674 = LINE('',#7675,#7676);
#7675 = CARTESIAN_POINT('',(-7.019017159701,4.500029974179,
    -3.99999959766));
#7676 = VECTOR('',#7677,1.);
#7677 = DIRECTION('',(-1.,-1.047444401653E-14,-3.491481338843E-15));
#7678 = ORIENTED_EDGE('',*,*,#7679,.F.);
#7679 = EDGE_CURVE('',#7680,#7670,#7682,.T.);
#7680 = VERTEX_POINT('',#7681);
#7681 = CARTESIAN_POINT('',(-7.019017159701,3.70002998772,-3.99999959766
    ));
#7682 = LINE('',#7683,#7684);
#7683 = CARTESIAN_POINT('',(-7.019017159701,3.70002998772,-3.99999959766
    ));
#7684 = VECTOR('',#7685,1.);
#7685 = DIRECTION('',(-1.047444401653E-14,1.,0.));
#7686 = ORIENTED_EDGE('',*,*,#7687,.F.);
#7687 = EDGE_CURVE('',#7688,#7680,#7690,.T.);
#7688 = VERTEX_POINT('',#7689);
#7689 = CARTESIAN_POINT('',(-8.019017142775,3.70002998772,-3.99999959766
    ));
#7690 = LINE('',#7691,#7692);
#7691 = CARTESIAN_POINT('',(-8.019017142775,3.70002998772,-3.99999959766
    ));
#7692 = VECTOR('',#7693,1.);
#7693 = DIRECTION('',(1.,1.047444401653E-14,3.491481338843E-15));
#7694 = ORIENTED_EDGE('',*,*,#7695,.F.);
#7695 = EDGE_CURVE('',#7672,#7688,#7696,.T.);
#7696 = LINE('',#7697,#7698);
#7697 = CARTESIAN_POINT('',(-8.019017142775,4.500029974179,
    -3.99999959766));
#7698 = VECTOR('',#7699,1.);
#7699 = DIRECTION('',(1.047444401653E-14,-1.,0.));
#7700 = PLANE('',#7701);
#7701 = AXIS2_PLACEMENT_3D('',#7702,#7703,#7704);
#7702 = CARTESIAN_POINT('',(-5.219017190168,4.10002998095,-3.99999959766
    ));
#7703 = DIRECTION('',(-3.491481338843E-15,-3.657132581847E-29,1.));
#7704 = DIRECTION('',(1.047444401653E-14,-1.,2.129973665774E-43));
#7705 = ADVANCED_FACE('',(#7706),#7731,.F.);
#7706 = FACE_BOUND('',#7707,.T.);
#7707 = EDGE_LOOP('',(#7708,#7718,#7724,#7725));
#7708 = ORIENTED_EDGE('',*,*,#7709,.F.);
#7709 = EDGE_CURVE('',#7710,#7712,#7714,.T.);
#7710 = VERTEX_POINT('',#7711);
#7711 = CARTESIAN_POINT('',(-8.019017142775,3.70002998772,1.927000302019
    ));
#7712 = VERTEX_POINT('',#7713);
#7713 = CARTESIAN_POINT('',(-7.019017159701,3.70002998772,1.927000302019
    ));
#7714 = LINE('',#7715,#7716);
#7715 = CARTESIAN_POINT('',(-9.639017115355,3.70002998772,1.927000302019
    ));
#7716 = VECTOR('',#7717,1.);
#7717 = DIRECTION('',(1.,1.047444401653E-14,3.491481338843E-15));
#7718 = ORIENTED_EDGE('',*,*,#7719,.T.);
#7719 = EDGE_CURVE('',#7710,#7688,#7720,.T.);
#7720 = LINE('',#7721,#7722);
#7721 = CARTESIAN_POINT('',(-8.019017142775,3.70002998772,4.000000266931
    ));
#7722 = VECTOR('',#7723,1.);
#7723 = DIRECTION('',(3.491481338843E-15,3.657132581847E-29,-1.));
#7724 = ORIENTED_EDGE('',*,*,#7687,.T.);
#7725 = ORIENTED_EDGE('',*,*,#7726,.F.);
#7726 = EDGE_CURVE('',#7712,#7680,#7727,.T.);
#7727 = LINE('',#7728,#7729);
#7728 = CARTESIAN_POINT('',(-7.019017159701,3.70002998772,4.000000266931
    ));
#7729 = VECTOR('',#7730,1.);
#7730 = DIRECTION('',(3.491481338843E-15,3.657132581847E-29,-1.));
#7731 = PLANE('',#7732);
#7732 = AXIS2_PLACEMENT_3D('',#7733,#7734,#7735);
#7733 = CARTESIAN_POINT('',(-8.019017142775,3.70002998772,4.000000266931
    ));
#7734 = DIRECTION('',(-1.047444401653E-14,1.,0.));
#7735 = DIRECTION('',(-1.,-1.047444401653E-14,-3.491481338843E-15));
#7736 = ADVANCED_FACE('',(#7737),#7773,.F.);
#7737 = FACE_BOUND('',#7738,.T.);
#7738 = EDGE_LOOP('',(#7739,#7747,#7748,#7749,#7757,#7766));
#7739 = ORIENTED_EDGE('',*,*,#7740,.F.);
#7740 = EDGE_CURVE('',#7712,#7741,#7743,.T.);
#7741 = VERTEX_POINT('',#7742);
#7742 = CARTESIAN_POINT('',(-7.019017159701,4.496200614243,
    1.927000302019));
#7743 = LINE('',#7744,#7745);
#7744 = CARTESIAN_POINT('',(-7.019017159701,-5.098421898391,
    1.927000302019));
#7745 = VECTOR('',#7746,1.);
#7746 = DIRECTION('',(-1.047444401653E-14,1.,0.));
#7747 = ORIENTED_EDGE('',*,*,#7726,.T.);
#7748 = ORIENTED_EDGE('',*,*,#7679,.T.);
#7749 = ORIENTED_EDGE('',*,*,#7750,.F.);
#7750 = EDGE_CURVE('',#7751,#7670,#7753,.T.);
#7751 = VERTEX_POINT('',#7752);
#7752 = CARTESIAN_POINT('',(-7.019017159701,4.500029974179,
    1.638445362689));
#7753 = LINE('',#7754,#7755);
#7754 = CARTESIAN_POINT('',(-7.019017159701,4.500029974179,
    4.000000266931));
#7755 = VECTOR('',#7756,1.);
#7756 = DIRECTION('',(3.491481338843E-15,3.657132581847E-29,-1.));
#7757 = ORIENTED_EDGE('',*,*,#7758,.T.);
#7758 = EDGE_CURVE('',#7751,#7759,#7761,.T.);
#7759 = VERTEX_POINT('',#7760);
#7760 = CARTESIAN_POINT('',(-7.019017159701,4.490029974349,
    1.800000304168));
#7761 = CIRCLE('',#7762,1.309999977827);
#7762 = AXIS2_PLACEMENT_3D('',#7763,#7764,#7765);
#7763 = CARTESIAN_POINT('',(-7.019017159701,5.800029952175,
    1.800000304168));
#7764 = DIRECTION('',(-1.,-1.047444401653E-14,-3.491481338843E-15));
#7765 = DIRECTION('',(1.047444401653E-14,-1.,-4.1648880398E-31));
#7766 = ORIENTED_EDGE('',*,*,#7767,.T.);
#7767 = EDGE_CURVE('',#7759,#7741,#7768,.T.);
#7768 = CIRCLE('',#7769,1.309999977827);
#7769 = AXIS2_PLACEMENT_3D('',#7770,#7771,#7772);
#7770 = CARTESIAN_POINT('',(-7.019017159701,5.800029952175,
    1.800000304168));
#7771 = DIRECTION('',(-1.,-1.047444401653E-14,-3.491481338843E-15));
#7772 = DIRECTION('',(1.047444401653E-14,-1.,-4.1648880398E-31));
#7773 = PLANE('',#7774);
#7774 = AXIS2_PLACEMENT_3D('',#7775,#7776,#7777);
#7775 = CARTESIAN_POINT('',(-7.019017159701,3.70002998772,4.000000266931
    ));
#7776 = DIRECTION('',(-1.,-1.047444401653E-14,-3.491481338843E-15));
#7777 = DIRECTION('',(1.047444401653E-14,-1.,0.));
#7778 = ADVANCED_FACE('',(#7779),#7815,.F.);
#7779 = FACE_BOUND('',#7780,.T.);
#7780 = EDGE_LOOP('',(#7781,#7789,#7798,#7807,#7813,#7814));
#7781 = ORIENTED_EDGE('',*,*,#7782,.F.);
#7782 = EDGE_CURVE('',#7783,#7710,#7785,.T.);
#7783 = VERTEX_POINT('',#7784);
#7784 = CARTESIAN_POINT('',(-8.019017142775,4.496200614243,
    1.927000302019));
#7785 = LINE('',#7786,#7787);
#7786 = CARTESIAN_POINT('',(-8.019017142775,-5.098421898391,
    1.927000302019));
#7787 = VECTOR('',#7788,1.);
#7788 = DIRECTION('',(1.047444401653E-14,-1.,0.));
#7789 = ORIENTED_EDGE('',*,*,#7790,.T.);
#7790 = EDGE_CURVE('',#7783,#7791,#7793,.T.);
#7791 = VERTEX_POINT('',#7792);
#7792 = CARTESIAN_POINT('',(-8.019017142775,4.490029974349,
    1.800000304168));
#7793 = CIRCLE('',#7794,1.309999977827);
#7794 = AXIS2_PLACEMENT_3D('',#7795,#7796,#7797);
#7795 = CARTESIAN_POINT('',(-8.019017142775,5.800029952175,
    1.800000304168));
#7796 = DIRECTION('',(1.,1.047444401653E-14,3.491481338843E-15));
#7797 = DIRECTION('',(-1.047444401653E-14,1.,4.164888039801E-31));
#7798 = ORIENTED_EDGE('',*,*,#7799,.T.);
#7799 = EDGE_CURVE('',#7791,#7800,#7802,.T.);
#7800 = VERTEX_POINT('',#7801);
#7801 = CARTESIAN_POINT('',(-8.019017142775,4.500029974179,
    1.638445362689));
#7802 = CIRCLE('',#7803,1.309999977827);
#7803 = AXIS2_PLACEMENT_3D('',#7804,#7805,#7806);
#7804 = CARTESIAN_POINT('',(-8.019017142775,5.800029952175,
    1.800000304168));
#7805 = DIRECTION('',(1.,1.047444401653E-14,3.491481338843E-15));
#7806 = DIRECTION('',(-1.047444401653E-14,1.,4.164888039801E-31));
#7807 = ORIENTED_EDGE('',*,*,#7808,.T.);
#7808 = EDGE_CURVE('',#7800,#7672,#7809,.T.);
#7809 = LINE('',#7810,#7811);
#7810 = CARTESIAN_POINT('',(-8.019017142775,4.500029974179,
    4.000000266931));
#7811 = VECTOR('',#7812,1.);
#7812 = DIRECTION('',(3.491481338843E-15,3.657132581847E-29,-1.));
#7813 = ORIENTED_EDGE('',*,*,#7695,.T.);
#7814 = ORIENTED_EDGE('',*,*,#7719,.F.);
#7815 = PLANE('',#7816);
#7816 = AXIS2_PLACEMENT_3D('',#7817,#7818,#7819);
#7817 = CARTESIAN_POINT('',(-8.019017142775,4.500029974179,
    4.000000266931));
#7818 = DIRECTION('',(1.,1.047444401653E-14,3.491481338843E-15));
#7819 = DIRECTION('',(3.491481338843E-15,3.657132581847E-29,-1.));
#7820 = ADVANCED_FACE('',(#7821),#7832,.F.);
#7821 = FACE_BOUND('',#7822,.T.);
#7822 = EDGE_LOOP('',(#7823,#7824,#7830,#7831));
#7823 = ORIENTED_EDGE('',*,*,#7808,.F.);
#7824 = ORIENTED_EDGE('',*,*,#7825,.T.);
#7825 = EDGE_CURVE('',#7800,#7751,#7826,.T.);
#7826 = LINE('',#7827,#7828);
#7827 = CARTESIAN_POINT('',(-9.619017115693,4.500029974179,
    1.638445362689));
#7828 = VECTOR('',#7829,1.);
#7829 = DIRECTION('',(1.,1.047444401653E-14,3.491481338843E-15));
#7830 = ORIENTED_EDGE('',*,*,#7750,.T.);
#7831 = ORIENTED_EDGE('',*,*,#7669,.T.);
#7832 = PLANE('',#7833);
#7833 = AXIS2_PLACEMENT_3D('',#7834,#7835,#7836);
#7834 = CARTESIAN_POINT('',(-7.019017159701,4.500029974179,
    4.000000266931));
#7835 = DIRECTION('',(1.047444401653E-14,-1.,0.));
#7836 = DIRECTION('',(-3.491481338843E-15,-3.657132581847E-29,1.));
#7837 = ADVANCED_FACE('',(#7838),#7874,.T.);
#7838 = FACE_BOUND('',#7839,.T.);
#7839 = EDGE_LOOP('',(#7840,#7849,#7855,#7856,#7857,#7858,#7866,#7873));
#7840 = ORIENTED_EDGE('',*,*,#7841,.F.);
#7841 = EDGE_CURVE('',#7842,#5638,#7844,.T.);
#7842 = VERTEX_POINT('',#7843);
#7843 = CARTESIAN_POINT('',(-5.219017190168,4.490029974349,
    1.800000304168));
#7844 = CIRCLE('',#7845,1.309999977827);
#7845 = AXIS2_PLACEMENT_3D('',#7846,#7847,#7848);
#7846 = CARTESIAN_POINT('',(-5.219017190168,5.800029952175,
    1.800000304168));
#7847 = DIRECTION('',(1.,1.047444401653E-14,3.491481338843E-15));
#7848 = DIRECTION('',(1.047444401653E-14,-1.,-4.1648880398E-31));
#7849 = ORIENTED_EDGE('',*,*,#7850,.T.);
#7850 = EDGE_CURVE('',#7842,#7759,#7851,.T.);
#7851 = LINE('',#7852,#7853);
#7852 = CARTESIAN_POINT('',(-9.619017115693,4.490029974349,
    1.800000304168));
#7853 = VECTOR('',#7854,1.);
#7854 = DIRECTION('',(-1.,-1.047444401653E-14,-3.491481338843E-15));
#7855 = ORIENTED_EDGE('',*,*,#7758,.F.);
#7856 = ORIENTED_EDGE('',*,*,#7825,.F.);
#7857 = ORIENTED_EDGE('',*,*,#7799,.F.);
#7858 = ORIENTED_EDGE('',*,*,#7859,.T.);
#7859 = EDGE_CURVE('',#7791,#7860,#7862,.T.);
#7860 = VERTEX_POINT('',#7861);
#7861 = CARTESIAN_POINT('',(-8.619017132619,4.490029974349,
    1.800000304168));
#7862 = LINE('',#7863,#7864);
#7863 = CARTESIAN_POINT('',(-9.619017115693,4.490029974349,
    1.800000304168));
#7864 = VECTOR('',#7865,1.);
#7865 = DIRECTION('',(-1.,-1.047444401653E-14,-3.491481338843E-15));
#7866 = ORIENTED_EDGE('',*,*,#7867,.F.);
#7867 = EDGE_CURVE('',#5646,#7860,#7868,.T.);
#7868 = CIRCLE('',#7869,1.309999977827);
#7869 = AXIS2_PLACEMENT_3D('',#7870,#7871,#7872);
#7870 = CARTESIAN_POINT('',(-8.619017132619,5.800029952175,
    1.800000304168));
#7871 = DIRECTION('',(-1.,-1.047444401653E-14,-3.491481338843E-15));
#7872 = DIRECTION('',(1.047444401653E-14,-1.,-4.1648880398E-31));
#7873 = ORIENTED_EDGE('',*,*,#5645,.F.);
#7874 = CYLINDRICAL_SURFACE('',#7875,1.309999977827);
#7875 = AXIS2_PLACEMENT_3D('',#7876,#7877,#7878);
#7876 = CARTESIAN_POINT('',(-9.619017115693,5.800029952175,
    1.800000304168));
#7877 = DIRECTION('',(-1.,-1.047444401653E-14,-3.491481338843E-15));
#7878 = DIRECTION('',(1.047444401653E-14,-1.,-4.1648880398E-31));
#7879 = ADVANCED_FACE('',(#7880),#7917,.T.);
#7880 = FACE_BOUND('',#7881,.T.);
#7881 = EDGE_LOOP('',(#7882,#7883,#7891,#7900,#7909,#7916));
#7882 = ORIENTED_EDGE('',*,*,#7867,.T.);
#7883 = ORIENTED_EDGE('',*,*,#7884,.T.);
#7884 = EDGE_CURVE('',#7860,#7885,#7887,.T.);
#7885 = VERTEX_POINT('',#7886);
#7886 = CARTESIAN_POINT('',(-9.619017115693,3.958320551687,
    1.800000304168));
#7887 = LINE('',#7888,#7889);
#7888 = CARTESIAN_POINT('',(-8.619017132619,4.490029974349,
    1.800000304168));
#7889 = VECTOR('',#7890,1.);
#7890 = DIRECTION('',(-0.882947592859,-0.469471562786,
    -3.082795043643E-15));
#7891 = ORIENTED_EDGE('',*,*,#7892,.F.);
#7892 = EDGE_CURVE('',#7893,#7885,#7895,.T.);
#7893 = VERTEX_POINT('',#7894);
#7894 = CARTESIAN_POINT('',(-9.619017115693,5.41029462464,
    3.346354797706E-07));
#7895 = CIRCLE('',#7896,1.841709400488);
#7896 = AXIS2_PLACEMENT_3D('',#7897,#7898,#7899);
#7897 = CARTESIAN_POINT('',(-9.619017115693,5.800029952175,
    1.800000304168));
#7898 = DIRECTION('',(-1.,-1.047444401653E-14,-3.491481338843E-15));
#7899 = DIRECTION('',(1.047444401653E-14,-1.,3.960747482815E-31));
#7900 = ORIENTED_EDGE('',*,*,#7901,.F.);
#7901 = EDGE_CURVE('',#7902,#7893,#7904,.T.);
#7902 = VERTEX_POINT('',#7903);
#7903 = CARTESIAN_POINT('',(-9.619017115693,6.18976527971,
    3.346354797706E-07));
#7904 = B_SPLINE_CURVE_WITH_KNOTS('',3,(#7905,#7906,#7907,#7908),
  .UNSPECIFIED.,.F.,.F.,(4,4),(0.,1.),.PIECEWISE_BEZIER_KNOTS.);
#7905 = CARTESIAN_POINT('',(-9.619017115693,6.18976527971,
    3.346354797706E-07));
#7906 = CARTESIAN_POINT('',(-9.515609429561,5.92994172802,
    3.346354802147E-07));
#7907 = CARTESIAN_POINT('',(-9.515609429561,5.67011817633,
    3.346354802147E-07));
#7908 = CARTESIAN_POINT('',(-9.619017115693,5.41029462464,
    3.346354797706E-07));
#7909 = ORIENTED_EDGE('',*,*,#7910,.F.);
#7910 = EDGE_CURVE('',#5654,#7902,#7911,.T.);
#7911 = CIRCLE('',#7912,1.841709400488);
#7912 = AXIS2_PLACEMENT_3D('',#7913,#7914,#7915);
#7913 = CARTESIAN_POINT('',(-9.619017115693,5.800029952175,
    1.800000304168));
#7914 = DIRECTION('',(-1.,-1.047444401653E-14,-3.491481338843E-15));
#7915 = DIRECTION('',(1.047444401653E-14,-1.,3.960747482815E-31));
#7916 = ORIENTED_EDGE('',*,*,#5653,.F.);
#7917 = CONICAL_SURFACE('',#7918,1.309999977827,0.488692190558);
#7918 = AXIS2_PLACEMENT_3D('',#7919,#7920,#7921);
#7919 = CARTESIAN_POINT('',(-8.619017132619,5.800029952175,
    1.800000304168));
#7920 = DIRECTION('',(-1.,-1.047444401653E-14,-3.491481338843E-15));
#7921 = DIRECTION('',(1.047444401653E-14,-1.,-4.1648880398E-31));
#7922 = ADVANCED_FACE('',(#7923),#7942,.T.);
#7923 = FACE_BOUND('',#7924,.T.);
#7924 = EDGE_LOOP('',(#7925,#7926,#7935,#7941));
#7925 = ORIENTED_EDGE('',*,*,#7850,.F.);
#7926 = ORIENTED_EDGE('',*,*,#7927,.F.);
#7927 = EDGE_CURVE('',#7928,#7842,#7930,.T.);
#7928 = VERTEX_POINT('',#7929);
#7929 = CARTESIAN_POINT('',(-5.219017190168,4.496200614243,
    1.927000302019));
#7930 = CIRCLE('',#7931,1.309999977827);
#7931 = AXIS2_PLACEMENT_3D('',#7932,#7933,#7934);
#7932 = CARTESIAN_POINT('',(-5.219017190168,5.800029952175,
    1.800000304168));
#7933 = DIRECTION('',(1.,1.047444401653E-14,3.491481338843E-15));
#7934 = DIRECTION('',(1.047444401653E-14,-1.,-4.1648880398E-31));
#7935 = ORIENTED_EDGE('',*,*,#7936,.F.);
#7936 = EDGE_CURVE('',#7741,#7928,#7937,.T.);
#7937 = LINE('',#7938,#7939);
#7938 = CARTESIAN_POINT('',(-9.619017115693,4.496200614243,
    1.927000302019));
#7939 = VECTOR('',#7940,1.);
#7940 = DIRECTION('',(1.,1.047444401653E-14,3.491481338843E-15));
#7941 = ORIENTED_EDGE('',*,*,#7767,.F.);
#7942 = CYLINDRICAL_SURFACE('',#7943,1.309999977827);
#7943 = AXIS2_PLACEMENT_3D('',#7944,#7945,#7946);
#7944 = CARTESIAN_POINT('',(-9.619017115693,5.800029952175,
    1.800000304168));
#7945 = DIRECTION('',(-1.,-1.047444401653E-14,-3.491481338843E-15));
#7946 = DIRECTION('',(1.047444401653E-14,-1.,-4.1648880398E-31));
#7947 = ADVANCED_FACE('',(#7948,#7982),#8068,.T.);
#7948 = FACE_BOUND('',#7949,.T.);
#7949 = EDGE_LOOP('',(#7950,#7960,#7968,#7976));
#7950 = ORIENTED_EDGE('',*,*,#7951,.T.);
#7951 = EDGE_CURVE('',#7952,#7954,#7956,.T.);
#7952 = VERTEX_POINT('',#7953);
#7953 = CARTESIAN_POINT('',(-7.019017159701,-4.499969873485,
    1.927000302019));
#7954 = VERTEX_POINT('',#7955);
#7955 = CARTESIAN_POINT('',(-7.019017159701,-3.699969887026,
    1.927000302019));
#7956 = LINE('',#7957,#7958);
#7957 = CARTESIAN_POINT('',(-7.019017159701,-5.098421898391,
    1.927000302019));
#7958 = VECTOR('',#7959,1.);
#7959 = DIRECTION('',(-1.047444401653E-14,1.,0.));
#7960 = ORIENTED_EDGE('',*,*,#7961,.T.);
#7961 = EDGE_CURVE('',#7954,#7962,#7964,.T.);
#7962 = VERTEX_POINT('',#7963);
#7963 = CARTESIAN_POINT('',(-8.019017142775,-3.699969887026,
    1.927000302019));
#7964 = LINE('',#7965,#7966);
#7965 = CARTESIAN_POINT('',(-9.639017115355,-3.699969887026,
    1.927000302019));
#7966 = VECTOR('',#7967,1.);
#7967 = DIRECTION('',(-1.,-1.047444401653E-14,-3.491481338843E-15));
#7968 = ORIENTED_EDGE('',*,*,#7969,.T.);
#7969 = EDGE_CURVE('',#7962,#7970,#7972,.T.);
#7970 = VERTEX_POINT('',#7971);
#7971 = CARTESIAN_POINT('',(-8.019017142775,-4.499969873485,
    1.927000302019));
#7972 = LINE('',#7973,#7974);
#7973 = CARTESIAN_POINT('',(-8.019017142775,-5.098421898391,
    1.927000302019));
#7974 = VECTOR('',#7975,1.);
#7975 = DIRECTION('',(1.047444401653E-14,-1.,0.));
#7976 = ORIENTED_EDGE('',*,*,#7977,.T.);
#7977 = EDGE_CURVE('',#7970,#7952,#7978,.T.);
#7978 = LINE('',#7979,#7980);
#7979 = CARTESIAN_POINT('',(-9.639017115355,-4.499969873485,
    1.927000302019));
#7980 = VECTOR('',#7981,1.);
#7981 = DIRECTION('',(1.,1.047444401653E-14,3.491481338843E-15));
#7982 = FACE_BOUND('',#7983,.T.);
#7983 = EDGE_LOOP('',(#7984,#7992,#7993,#7994,#7995,#7996,#8004,#8013,
    #8021,#8030,#8038,#8046,#8052,#8053,#8061));
#7984 = ORIENTED_EDGE('',*,*,#7985,.T.);
#7985 = EDGE_CURVE('',#7986,#7783,#7988,.T.);
#7986 = VERTEX_POINT('',#7987);
#7987 = CARTESIAN_POINT('',(-8.619017132619,4.496200614243,
    1.927000302019));
#7988 = LINE('',#7989,#7990);
#7989 = CARTESIAN_POINT('',(-9.619017115693,4.496200614243,
    1.927000302019));
#7990 = VECTOR('',#7991,1.);
#7991 = DIRECTION('',(1.,1.047444401653E-14,3.491481338843E-15));
#7992 = ORIENTED_EDGE('',*,*,#7782,.T.);
#7993 = ORIENTED_EDGE('',*,*,#7709,.T.);
#7994 = ORIENTED_EDGE('',*,*,#7740,.T.);
#7995 = ORIENTED_EDGE('',*,*,#7936,.T.);
#7996 = ORIENTED_EDGE('',*,*,#7997,.F.);
#7997 = EDGE_CURVE('',#7998,#7928,#8000,.T.);
#7998 = VERTEX_POINT('',#7999);
#7999 = CARTESIAN_POINT('',(-5.219017190168,1.98150422938,1.927000302019
    ));
#8000 = LINE('',#8001,#8002);
#8001 = CARTESIAN_POINT('',(-5.219017190168,-5.098421898391,
    1.927000302019));
#8002 = VECTOR('',#8003,1.);
#8003 = DIRECTION('',(-1.047444401653E-14,1.,0.));
#8004 = ORIENTED_EDGE('',*,*,#8005,.T.);
#8005 = EDGE_CURVE('',#7998,#8006,#8008,.T.);
#8006 = VERTEX_POINT('',#8007);
#8007 = CARTESIAN_POINT('',(-9.619017115693,2.401708496697,
    1.927000302019));
#8008 = B_SPLINE_CURVE_WITH_KNOTS('',3,(#8009,#8010,#8011,#8012),
  .UNSPECIFIED.,.F.,.F.,(4,4),(5.732059724703E-03,1.01520801358E-02),
  .PIECEWISE_BEZIER_KNOTS.);
#8009 = CARTESIAN_POINT('',(-5.219017190168,1.98150422938,1.927000302019
    ));
#8010 = CARTESIAN_POINT('',(-6.685642790211,2.122000309732,
    1.927000302019));
#8011 = CARTESIAN_POINT('',(-8.152319146831,2.261968608686,
    1.927000302019));
#8012 = CARTESIAN_POINT('',(-9.619017115693,2.401708496697,
    1.927000302019));
#8013 = ORIENTED_EDGE('',*,*,#8014,.T.);
#8014 = EDGE_CURVE('',#8006,#8015,#8017,.T.);
#8015 = VERTEX_POINT('',#8016);
#8016 = CARTESIAN_POINT('',(-9.619017115693,-1.201648416314,
    1.927000302019));
#8017 = LINE('',#8018,#8019);
#8018 = CARTESIAN_POINT('',(-9.619017115693,-5.098421898391,
    1.927000302019));
#8019 = VECTOR('',#8020,1.);
#8020 = DIRECTION('',(1.047444401653E-14,-1.,0.));
#8021 = ORIENTED_EDGE('',*,*,#8022,.T.);
#8022 = EDGE_CURVE('',#8015,#8023,#8025,.T.);
#8023 = VERTEX_POINT('',#8024);
#8024 = CARTESIAN_POINT('',(-5.219017190168,-0.781444148997,
    1.927000302019));
#8025 = B_SPLINE_CURVE_WITH_KNOTS('',3,(#8026,#8027,#8028,#8029),
  .UNSPECIFIED.,.F.,.F.,(4,4),(5.731230427209E-03,1.015125078337E-02),
  .PIECEWISE_BEZIER_KNOTS.);
#8026 = CARTESIAN_POINT('',(-9.619017115693,-1.201648416314,
    1.927000302019));
#8027 = CARTESIAN_POINT('',(-8.152318961092,-1.061908510608,
    1.927000302019));
#8028 = CARTESIAN_POINT('',(-6.68564273602,-0.921940224158,
    1.927000302019));
#8029 = CARTESIAN_POINT('',(-5.219017190168,-0.781444148997,
    1.927000302019));
#8030 = ORIENTED_EDGE('',*,*,#8031,.F.);
#8031 = EDGE_CURVE('',#8032,#8023,#8034,.T.);
#8032 = VERTEX_POINT('',#8033);
#8033 = CARTESIAN_POINT('',(-5.219017190168,-5.098421898391,
    1.927000302019));
#8034 = LINE('',#8035,#8036);
#8035 = CARTESIAN_POINT('',(-5.219017190168,-5.098421898391,
    1.927000302019));
#8036 = VECTOR('',#8037,1.);
#8037 = DIRECTION('',(-1.047444401653E-14,1.,0.));
#8038 = ORIENTED_EDGE('',*,*,#8039,.F.);
#8039 = EDGE_CURVE('',#8040,#8032,#8042,.T.);
#8040 = VERTEX_POINT('',#8041);
#8041 = CARTESIAN_POINT('',(-9.639017115355,-5.098421898391,
    1.927000302019));
#8042 = LINE('',#8043,#8044);
#8043 = CARTESIAN_POINT('',(-9.639017115355,-5.098421898391,
    1.927000302019));
#8044 = VECTOR('',#8045,1.);
#8045 = DIRECTION('',(1.,1.047444401653E-14,3.491481338843E-15));
#8046 = ORIENTED_EDGE('',*,*,#8047,.T.);
#8047 = EDGE_CURVE('',#8040,#5671,#8048,.T.);
#8048 = LINE('',#8049,#8050);
#8049 = CARTESIAN_POINT('',(-9.639017115355,-5.098421898391,
    1.927000302019));
#8050 = VECTOR('',#8051,1.);
#8051 = DIRECTION('',(-1.047444401653E-14,1.,0.));
#8052 = ORIENTED_EDGE('',*,*,#5670,.T.);
#8053 = ORIENTED_EDGE('',*,*,#8054,.T.);
#8054 = EDGE_CURVE('',#5663,#8055,#8057,.T.);
#8055 = VERTEX_POINT('',#8056);
#8056 = CARTESIAN_POINT('',(-9.619017115693,3.962704581863,
    1.927000302019));
#8057 = LINE('',#8058,#8059);
#8058 = CARTESIAN_POINT('',(-9.619017115693,-5.098421898391,
    1.927000302019));
#8059 = VECTOR('',#8060,1.);
#8060 = DIRECTION('',(1.047444401653E-14,-1.,0.));
#8061 = ORIENTED_EDGE('',*,*,#8062,.T.);
#8062 = EDGE_CURVE('',#8055,#7986,#8063,.T.);
#8063 = B_SPLINE_CURVE_WITH_KNOTS('',3,(#8064,#8065,#8066,#8067),
  .UNSPECIFIED.,.F.,.F.,(4,4),(3.627562967914E-03,4.760972637343E-03),
  .PIECEWISE_BEZIER_KNOTS.);
#8064 = CARTESIAN_POINT('',(-9.619017115693,3.962704581863,
    1.927000302019));
#8065 = CARTESIAN_POINT('',(-9.285612166322,4.140402131677,
    1.927000302019));
#8066 = CARTESIAN_POINT('',(-8.952249584957,4.318179222261,
    1.927000302019));
#8067 = CARTESIAN_POINT('',(-8.619017132619,4.496200614243,
    1.927000302019));
#8068 = PLANE('',#8069);
#8069 = AXIS2_PLACEMENT_3D('',#8070,#8071,#8072);
#8070 = CARTESIAN_POINT('',(-9.639017115355,-5.098421898391,
    1.927000302019));
#8071 = DIRECTION('',(3.491481338843E-15,3.657132581847E-29,-1.));
#8072 = DIRECTION('',(1.,1.047444401653E-14,3.491481338843E-15));
#8073 = ADVANCED_FACE('',(#8074),#8101,.T.);
#8074 = FACE_BOUND('',#8075,.T.);
#8075 = EDGE_LOOP('',(#8076,#8085,#8093,#8100));
#8076 = ORIENTED_EDGE('',*,*,#8077,.T.);
#8077 = EDGE_CURVE('',#7998,#8078,#8080,.T.);
#8078 = VERTEX_POINT('',#8079);
#8079 = CARTESIAN_POINT('',(-5.219017190168,2.000030016495,
    1.700000305861));
#8080 = CIRCLE('',#8081,1.399999976303);
#8081 = AXIS2_PLACEMENT_3D('',#8082,#8083,#8084);
#8082 = CARTESIAN_POINT('',(-5.219017190168,0.600030040191,
    1.700000305861));
#8083 = DIRECTION('',(-1.,-1.047444401653E-14,-3.491481338843E-15));
#8084 = DIRECTION('',(1.047444401653E-14,-1.,-2.018273798319E-31));
#8085 = ORIENTED_EDGE('',*,*,#8086,.T.);
#8086 = EDGE_CURVE('',#8078,#8087,#8089,.T.);
#8087 = VERTEX_POINT('',#8088);
#8088 = CARTESIAN_POINT('',(-9.619017115693,2.415952466644,
    1.700000305861));
#8089 = LINE('',#8090,#8091);
#8090 = CARTESIAN_POINT('',(-5.219017190168,2.000030016495,
    1.700000305861));
#8091 = VECTOR('',#8092,1.);
#8092 = DIRECTION('',(-0.995561964603,9.410831331851E-02,
    -3.464461076606E-15));
#8093 = ORIENTED_EDGE('',*,*,#8094,.F.);
#8094 = EDGE_CURVE('',#8006,#8087,#8095,.T.);
#8095 = CIRCLE('',#8096,1.815922426452);
#8096 = AXIS2_PLACEMENT_3D('',#8097,#8098,#8099);
#8097 = CARTESIAN_POINT('',(-9.619017115693,0.600030040191,
    1.700000305861));
#8098 = DIRECTION('',(-1.,-1.047444401653E-14,-3.491481338843E-15));
#8099 = DIRECTION('',(1.047444401653E-14,-1.,-1.176312594807E-31));
#8100 = ORIENTED_EDGE('',*,*,#8005,.F.);
#8101 = CONICAL_SURFACE('',#8102,1.399999976303,9.424777960769E-02);
#8102 = AXIS2_PLACEMENT_3D('',#8103,#8104,#8105);
#8103 = CARTESIAN_POINT('',(-5.219017190168,0.600030040191,
    1.700000305861));
#8104 = DIRECTION('',(-1.,-1.047444401653E-14,-3.491481338843E-15));
#8105 = DIRECTION('',(1.047444401653E-14,-1.,-2.018273798319E-31));
#8106 = ADVANCED_FACE('',(#8107),#8203,.T.);
#8107 = FACE_BOUND('',#8108,.T.);
#8108 = EDGE_LOOP('',(#8109,#8110,#8119,#8127,#8136,#8196));
#8109 = ORIENTED_EDGE('',*,*,#8086,.F.);
#8110 = ORIENTED_EDGE('',*,*,#8111,.T.);
#8111 = EDGE_CURVE('',#8078,#8112,#8114,.T.);
#8112 = VERTEX_POINT('',#8113);
#8113 = CARTESIAN_POINT('',(-5.219017190168,-0.799969936112,
    1.700000305861));
#8114 = CIRCLE('',#8115,1.399999976303);
#8115 = AXIS2_PLACEMENT_3D('',#8116,#8117,#8118);
#8116 = CARTESIAN_POINT('',(-5.219017190168,0.600030040191,
    1.700000305861));
#8117 = DIRECTION('',(-1.,-1.047444401653E-14,-3.491481338843E-15));
#8118 = DIRECTION('',(1.047444401653E-14,-1.,-2.018273798319E-31));
#8119 = ORIENTED_EDGE('',*,*,#8120,.T.);
#8120 = EDGE_CURVE('',#8112,#8121,#8123,.T.);
#8121 = VERTEX_POINT('',#8122);
#8122 = CARTESIAN_POINT('',(-9.619017115693,-1.215892386261,
    1.700000305861));
#8123 = LINE('',#8124,#8125);
#8124 = CARTESIAN_POINT('',(-5.219017190168,-0.799969936112,
    1.700000305861));
#8125 = VECTOR('',#8126,1.);
#8126 = DIRECTION('',(-0.995561964603,-9.410831331853E-02,
    -3.475986021074E-15));
#8127 = ORIENTED_EDGE('',*,*,#8128,.F.);
#8128 = EDGE_CURVE('',#8129,#8121,#8131,.T.);
#8129 = VERTEX_POINT('',#8130);
#8130 = CARTESIAN_POINT('',(-9.619017115693,-3.838546457457E-02,
    3.346354797706E-07));
#8131 = CIRCLE('',#8132,1.815922426452);
#8132 = AXIS2_PLACEMENT_3D('',#8133,#8134,#8135);
#8133 = CARTESIAN_POINT('',(-9.619017115693,0.600030040191,
    1.700000305861));
#8134 = DIRECTION('',(-1.,-1.047444401653E-14,-3.491481338843E-15));
#8135 = DIRECTION('',(1.047444401653E-14,-1.,-1.176312594807E-31));
#8136 = ORIENTED_EDGE('',*,*,#8137,.F.);
#8137 = EDGE_CURVE('',#8138,#8129,#8140,.T.);
#8138 = VERTEX_POINT('',#8139);
#8139 = CARTESIAN_POINT('',(-9.619017115693,1.238445544957,
    3.346354797706E-07));
#8140 = B_SPLINE_CURVE_WITH_KNOTS('',3,(#8141,#8142,#8143,#8144,#8145,
    #8146,#8147,#8148,#8149,#8150,#8151,#8152,#8153,#8154,#8155,#8156,
    #8157,#8158,#8159,#8160,#8161,#8162,#8163,#8164,#8165,#8166,#8167,
    #8168,#8169,#8170,#8171,#8172,#8173,#8174,#8175,#8176,#8177,#8178,
    #8179,#8180,#8181,#8182,#8183,#8184,#8185,#8186,#8187,#8188,#8189,
    #8190,#8191,#8192,#8193,#8194,#8195),.UNSPECIFIED.,.F.,.F.,(4,1,1,1,
    1,1,2,2,1,1,1,1,2,2,1,1,2,2,2,2,2,2,2,1,2,2,1,2,2,1,1,1,1,2,2,4),(0.
    ,0.125,0.1875,0.21875,0.234375,0.2421875,0.24609375,0.25,0.3125,
    0.34375,0.359375,0.3671875,0.37109375,0.375,0.40625,0.421875,
    0.4296875,0.4375,0.453125,0.46875,0.5,0.53125,0.546875,0.5625,
    0.578125,0.59375,0.625,0.640625,0.65625,0.6875,0.71875,0.734375,
    0.7421875,0.74609375,0.75,1.),.UNSPECIFIED.);
#8141 = CARTESIAN_POINT('',(-9.619017115693,1.238445544957,
    3.346354797706E-07));
#8142 = CARTESIAN_POINT('',(-9.480279204955,1.201142119797,
    3.346354811029E-07));
#8143 = CARTESIAN_POINT('',(-9.290488175787,1.145847919834,
    3.346354806588E-07));
#8144 = CARTESIAN_POINT('',(-9.101118023068,1.082494660988,
    3.346354811029E-07));
#8145 = CARTESIAN_POINT('',(-9.01444612537,1.051107191843,
    3.346354828793E-07));
#8146 = CARTESIAN_POINT('',(-8.973113471186,1.03548574734,
    3.346354824352E-07));
#8147 = CARTESIAN_POINT('',(-8.95294796776,1.027693097606,
    3.346354819911E-07));
#8148 = CARTESIAN_POINT('',(-8.944412928506,1.024357263259,
    3.346354824352E-07));
#8149 = CARTESIAN_POINT('',(-8.938746751083,1.022134234291,
    3.346354824352E-07));
#8150 = CARTESIAN_POINT('',(-8.937084979205,1.021481524526,
    3.346354824352E-07));
#8151 = CARTESIAN_POINT('',(-8.869618227955,0.99480804326,
    3.346354824352E-07));
#8152 = CARTESIAN_POINT('',(-8.78141211008,0.956510368519,
    3.346354837674E-07));
#8153 = CARTESIAN_POINT('',(-8.690826828189,0.910708006201,
    3.346354828793E-07));
#8154 = CARTESIAN_POINT('',(-8.648614651151,0.887526389595,
    3.346354846556E-07));
#8155 = CARTESIAN_POINT('',(-8.628278678609,0.875865472431,
    3.346354833234E-07));
#8156 = CARTESIAN_POINT('',(-8.619728286658,0.870852913175,
    3.346354837674E-07));
#8157 = CARTESIAN_POINT('',(-8.614064697546,0.867507868488,
    3.346354828793E-07));
#8158 = CARTESIAN_POINT('',(-8.612281348117,0.86645129543,
    3.346354828793E-07));
#8159 = CARTESIAN_POINT('',(-8.577854265535,0.84580998078,
    3.346354833234E-07));
#8160 = CARTESIAN_POINT('',(-8.537175995657,0.818324382569,
    3.346354837674E-07));
#8161 = CARTESIAN_POINT('',(-8.498860901202,0.786321121975,
    3.346354828793E-07));
#8162 = CARTESIAN_POINT('',(-8.484399336522,0.77261899686,
    3.346354846556E-07));
#8163 = CARTESIAN_POINT('',(-8.475193668977,0.763487259671,
    3.346354842115E-07));
#8164 = CARTESIAN_POINT('',(-8.47226973127,0.760522741411,
    3.346354842115E-07));
#8165 = CARTESIAN_POINT('',(-8.45538373184,0.742034642623,
    3.346354833234E-07));
#8166 = CARTESIAN_POINT('',(-8.44532939325,0.729555079277,
    3.346354837674E-07));
#8167 = CARTESIAN_POINT('',(-8.427626704796,0.704287624278,
    3.346354837674E-07));
#8168 = CARTESIAN_POINT('',(-8.420782595091,0.693114619656,
    3.346354837674E-07));
#8169 = CARTESIAN_POINT('',(-8.399033808117,0.649443791139,
    3.346354855438E-07));
#8170 = CARTESIAN_POINT('',(-8.392148587106,0.620135288404,
    3.346354850997E-07));
#8171 = CARTESIAN_POINT('',(-8.393419994644,0.568662869569,
    3.346354833234E-07));
#8172 = CARTESIAN_POINT('',(-8.401461837556,0.541720482216,
    3.346354833234E-07));
#8173 = CARTESIAN_POINT('',(-8.424633810638,0.499497634284,
    3.346354846556E-07));
#8174 = CARTESIAN_POINT('',(-8.434172247273,0.485441643036,
    3.346354837674E-07));
#8175 = CARTESIAN_POINT('',(-8.451693271282,0.462523917033,
    3.346354828793E-07));
#8176 = CARTESIAN_POINT('',(-8.471151462864,0.439914883093,
    3.346354833234E-07));
#8177 = CARTESIAN_POINT('',(-8.494483989593,0.417923233276,
    3.346354846556E-07));
#8178 = CARTESIAN_POINT('',(-8.519753683895,0.396240275522,
    3.346354842115E-07));
#8179 = CARTESIAN_POINT('',(-8.52782017316,0.39001702788,
    3.346354837674E-07));
#8180 = CARTESIAN_POINT('',(-8.558732879269,0.367139096462,
    3.346354846556E-07));
#8181 = CARTESIAN_POINT('',(-8.59504340349,0.343165635195,
    3.346354828793E-07));
#8182 = CARTESIAN_POINT('',(-8.639450654878,0.317548879156,
    3.346354833234E-07));
#8183 = CARTESIAN_POINT('',(-8.670854761841,0.30010586518,
    3.346354828793E-07));
#8184 = CARTESIAN_POINT('',(-8.680021564827,0.295224337171,
    3.346354833234E-07));
#8185 = CARTESIAN_POINT('',(-8.715858391027,0.276446423932,
    3.346354824352E-07));
#8186 = CARTESIAN_POINT('',(-8.766135636161,0.251474603567,
    3.346354842115E-07));
#8187 = CARTESIAN_POINT('',(-8.835219218084,0.220423321329,
    3.346354819911E-07));
#8188 = CARTESIAN_POINT('',(-8.886852163821,0.198773257701,
    3.346354828793E-07));
#8189 = CARTESIAN_POINT('',(-8.913487246286,0.187969684372,
    3.346354806588E-07));
#8190 = CARTESIAN_POINT('',(-8.925077697971,0.183344179764,
    3.346354819911E-07));
#8191 = CARTESIAN_POINT('',(-8.93284364717,0.180261531857,
    3.346354833234E-07));
#8192 = CARTESIAN_POINT('',(-8.93787819863,0.17827610529,
    3.346354833234E-07));
#8193 = CARTESIAN_POINT('',(-9.119219739095,0.107056346913,
    3.34635481547E-07));
#8194 = CARTESIAN_POINT('',(-9.345336088165,3.520105315448E-02,
    3.346354806588E-07));
#8195 = CARTESIAN_POINT('',(-9.619017115693,-3.838546457457E-02,
    3.346354797706E-07));
#8196 = ORIENTED_EDGE('',*,*,#8197,.F.);
#8197 = EDGE_CURVE('',#8087,#8138,#8198,.T.);
#8198 = CIRCLE('',#8199,1.815922426452);
#8199 = AXIS2_PLACEMENT_3D('',#8200,#8201,#8202);
#8200 = CARTESIAN_POINT('',(-9.619017115693,0.600030040191,
    1.700000305861));
#8201 = DIRECTION('',(-1.,-1.047444401653E-14,-3.491481338843E-15));
#8202 = DIRECTION('',(1.047444401653E-14,-1.,-1.176312594807E-31));
#8203 = CONICAL_SURFACE('',#8204,1.399999976303,9.424777960769E-02);
#8204 = AXIS2_PLACEMENT_3D('',#8205,#8206,#8207);
#8205 = CARTESIAN_POINT('',(-5.219017190168,0.600030040191,
    1.700000305861));
#8206 = DIRECTION('',(-1.,-1.047444401653E-14,-3.491481338843E-15));
#8207 = DIRECTION('',(1.047444401653E-14,-1.,-2.018273798319E-31));
#8208 = ADVANCED_FACE('',(#8209),#8227,.T.);
#8209 = FACE_BOUND('',#8210,.T.);
#8210 = EDGE_LOOP('',(#8211,#8212,#8219,#8220));
#8211 = ORIENTED_EDGE('',*,*,#8120,.F.);
#8212 = ORIENTED_EDGE('',*,*,#8213,.T.);
#8213 = EDGE_CURVE('',#8112,#8023,#8214,.T.);
#8214 = CIRCLE('',#8215,1.399999976303);
#8215 = AXIS2_PLACEMENT_3D('',#8216,#8217,#8218);
#8216 = CARTESIAN_POINT('',(-5.219017190168,0.600030040191,
    1.700000305861));
#8217 = DIRECTION('',(-1.,-1.047444401653E-14,-3.491481338843E-15));
#8218 = DIRECTION('',(1.047444401653E-14,-1.,-2.018273798319E-31));
#8219 = ORIENTED_EDGE('',*,*,#8022,.F.);
#8220 = ORIENTED_EDGE('',*,*,#8221,.F.);
#8221 = EDGE_CURVE('',#8121,#8015,#8222,.T.);
#8222 = CIRCLE('',#8223,1.815922426452);
#8223 = AXIS2_PLACEMENT_3D('',#8224,#8225,#8226);
#8224 = CARTESIAN_POINT('',(-9.619017115693,0.600030040191,
    1.700000305861));
#8225 = DIRECTION('',(-1.,-1.047444401653E-14,-3.491481338843E-15));
#8226 = DIRECTION('',(1.047444401653E-14,-1.,-1.176312594807E-31));
#8227 = CONICAL_SURFACE('',#8228,1.399999976303,9.424777960769E-02);
#8228 = AXIS2_PLACEMENT_3D('',#8229,#8230,#8231);
#8229 = CARTESIAN_POINT('',(-5.219017190168,0.600030040191,
    1.700000305861));
#8230 = DIRECTION('',(-1.,-1.047444401653E-14,-3.491481338843E-15));
#8231 = DIRECTION('',(1.047444401653E-14,-1.,-2.018273798319E-31));
#8232 = ADVANCED_FACE('',(#8233),#8246,.F.);
#8233 = FACE_BOUND('',#8234,.T.);
#8234 = EDGE_LOOP('',(#8235,#8241,#8242,#8243,#8244,#8245));
#8235 = ORIENTED_EDGE('',*,*,#8236,.F.);
#8236 = EDGE_CURVE('',#8129,#8138,#8237,.T.);
#8237 = LINE('',#8238,#8239);
#8238 = CARTESIAN_POINT('',(-9.619017115693,0.600030040191,
    3.346354797706E-07));
#8239 = VECTOR('',#8240,1.);
#8240 = DIRECTION('',(-1.047444401653E-14,1.,0.));
#8241 = ORIENTED_EDGE('',*,*,#8128,.T.);
#8242 = ORIENTED_EDGE('',*,*,#8221,.T.);
#8243 = ORIENTED_EDGE('',*,*,#8014,.F.);
#8244 = ORIENTED_EDGE('',*,*,#8094,.T.);
#8245 = ORIENTED_EDGE('',*,*,#8197,.T.);
#8246 = PLANE('',#8247);
#8247 = AXIS2_PLACEMENT_3D('',#8248,#8249,#8250);
#8248 = CARTESIAN_POINT('',(-9.619017115693,0.600030040191,
    -0.115922120591));
#8249 = DIRECTION('',(1.,1.047444401653E-14,3.491481338843E-15));
#8250 = DIRECTION('',(3.491481338843E-15,3.657132581847E-29,-1.));
#8251 = ADVANCED_FACE('',(#8252),#8271,.F.);
#8252 = FACE_BOUND('',#8253,.T.);
#8253 = EDGE_LOOP('',(#8254,#8260,#8261,#8268,#8269,#8270));
#8254 = ORIENTED_EDGE('',*,*,#8255,.F.);
#8255 = EDGE_CURVE('',#7893,#7902,#8256,.T.);
#8256 = LINE('',#8257,#8258);
#8257 = CARTESIAN_POINT('',(-9.619017115693,5.800029952175,
    3.346354797706E-07));
#8258 = VECTOR('',#8259,1.);
#8259 = DIRECTION('',(-1.047444401653E-14,1.,0.));
#8260 = ORIENTED_EDGE('',*,*,#7892,.T.);
#8261 = ORIENTED_EDGE('',*,*,#8262,.T.);
#8262 = EDGE_CURVE('',#7885,#8055,#8263,.T.);
#8263 = CIRCLE('',#8264,1.841709400488);
#8264 = AXIS2_PLACEMENT_3D('',#8265,#8266,#8267);
#8265 = CARTESIAN_POINT('',(-9.619017115693,5.800029952175,
    1.800000304168));
#8266 = DIRECTION('',(-1.,-1.047444401653E-14,-3.491481338843E-15));
#8267 = DIRECTION('',(1.047444401653E-14,-1.,3.960747482815E-31));
#8268 = ORIENTED_EDGE('',*,*,#8054,.F.);
#8269 = ORIENTED_EDGE('',*,*,#5662,.F.);
#8270 = ORIENTED_EDGE('',*,*,#7910,.T.);
#8271 = PLANE('',#8272);
#8272 = AXIS2_PLACEMENT_3D('',#8273,#8274,#8275);
#8273 = CARTESIAN_POINT('',(-9.619017115693,5.800029952175,
    -4.170909632002E-02));
#8274 = DIRECTION('',(1.,1.047444401653E-14,3.491481338843E-15));
#8275 = DIRECTION('',(3.491481338843E-15,3.657132581847E-29,-1.));
#8276 = ADVANCED_FACE('',(#8277),#8289,.T.);
#8277 = FACE_BOUND('',#8278,.T.);
#8278 = EDGE_LOOP('',(#8279,#8280,#8281,#8282));
#8279 = ORIENTED_EDGE('',*,*,#7859,.F.);
#8280 = ORIENTED_EDGE('',*,*,#7790,.F.);
#8281 = ORIENTED_EDGE('',*,*,#7985,.F.);
#8282 = ORIENTED_EDGE('',*,*,#8283,.F.);
#8283 = EDGE_CURVE('',#7860,#7986,#8284,.T.);
#8284 = CIRCLE('',#8285,1.309999977827);
#8285 = AXIS2_PLACEMENT_3D('',#8286,#8287,#8288);
#8286 = CARTESIAN_POINT('',(-8.619017132619,5.800029952175,
    1.800000304168));
#8287 = DIRECTION('',(-1.,-1.047444401653E-14,-3.491481338843E-15));
#8288 = DIRECTION('',(1.047444401653E-14,-1.,-4.1648880398E-31));
#8289 = CYLINDRICAL_SURFACE('',#8290,1.309999977827);
#8290 = AXIS2_PLACEMENT_3D('',#8291,#8292,#8293);
#8291 = CARTESIAN_POINT('',(-9.619017115693,5.800029952175,
    1.800000304168));
#8292 = DIRECTION('',(-1.,-1.047444401653E-14,-3.491481338843E-15));
#8293 = DIRECTION('',(1.047444401653E-14,-1.,-4.1648880398E-31));
#8294 = ADVANCED_FACE('',(#8295),#8301,.T.);
#8295 = FACE_BOUND('',#8296,.T.);
#8296 = EDGE_LOOP('',(#8297,#8298,#8299,#8300));
#8297 = ORIENTED_EDGE('',*,*,#7884,.F.);
#8298 = ORIENTED_EDGE('',*,*,#8283,.T.);
#8299 = ORIENTED_EDGE('',*,*,#8062,.F.);
#8300 = ORIENTED_EDGE('',*,*,#8262,.F.);
#8301 = CONICAL_SURFACE('',#8302,1.309999977827,0.488692190558);
#8302 = AXIS2_PLACEMENT_3D('',#8303,#8304,#8305);
#8303 = CARTESIAN_POINT('',(-8.619017132619,5.800029952175,
    1.800000304168));
#8304 = DIRECTION('',(-1.,-1.047444401653E-14,-3.491481338843E-15));
#8305 = DIRECTION('',(1.047444401653E-14,-1.,-4.1648880398E-31));
#8306 = ADVANCED_FACE('',(#8307),#8341,.T.);
#8307 = FACE_BOUND('',#8308,.T.);
#8308 = EDGE_LOOP('',(#8309,#8319,#8327,#8335));
#8309 = ORIENTED_EDGE('',*,*,#8310,.T.);
#8310 = EDGE_CURVE('',#8311,#8313,#8315,.T.);
#8311 = VERTEX_POINT('',#8312);
#8312 = CARTESIAN_POINT('',(-1.223147133298,-1.44996992511,
    3.175968972822));
#8313 = VERTEX_POINT('',#8314);
#8314 = CARTESIAN_POINT('',(-1.223147133298,-1.44996992511,
    7.547553209755));
#8315 = LINE('',#8316,#8317);
#8316 = CARTESIAN_POINT('',(-1.223147133298,-1.44996992511,
    3.346355090805E-07));
#8317 = VECTOR('',#8318,1.);
#8318 = DIRECTION('',(-3.491481338843E-15,-3.657132581847E-29,1.));
#8319 = ORIENTED_EDGE('',*,*,#8320,.T.);
#8320 = EDGE_CURVE('',#8313,#8321,#8323,.T.);
#8321 = VERTEX_POINT('',#8322);
#8322 = CARTESIAN_POINT('',(-3.834779016811,-1.44996992511,
    7.547553209755));
#8323 = LINE('',#8324,#8325);
#8324 = CARTESIAN_POINT('',(-0.219017274799,-1.44996992511,
    7.547553209755));
#8325 = VECTOR('',#8326,1.);
#8326 = DIRECTION('',(-1.,-1.047444401653E-14,-3.491481338843E-15));
#8327 = ORIENTED_EDGE('',*,*,#8328,.T.);
#8328 = EDGE_CURVE('',#8321,#8329,#8331,.T.);
#8329 = VERTEX_POINT('',#8330);
#8330 = CARTESIAN_POINT('',(-3.834779016811,-1.44996992511,
    3.175968972822));
#8331 = LINE('',#8332,#8333);
#8332 = CARTESIAN_POINT('',(-3.834779016811,-1.44996992511,
    3.346354997547E-07));
#8333 = VECTOR('',#8334,1.);
#8334 = DIRECTION('',(3.491481338843E-15,3.657132581847E-29,-1.));
#8335 = ORIENTED_EDGE('',*,*,#8336,.T.);
#8336 = EDGE_CURVE('',#8329,#8311,#8337,.T.);
#8337 = LINE('',#8338,#8339);
#8338 = CARTESIAN_POINT('',(-0.219017274799,-1.44996992511,
    3.175968972822));
#8339 = VECTOR('',#8340,1.);
#8340 = DIRECTION('',(1.,1.047444401653E-14,3.491481338843E-15));
#8341 = PLANE('',#8342);
#8342 = AXIS2_PLACEMENT_3D('',#8343,#8344,#8345);
#8343 = CARTESIAN_POINT('',(-0.219017274799,-1.44996992511,
    3.346355126332E-07));
#8344 = DIRECTION('',(1.047444401653E-14,-1.,0.));
#8345 = DIRECTION('',(1.,1.047444401653E-14,3.491481338843E-15));
#8346 = ADVANCED_FACE('',(#8347),#8372,.F.);
#8347 = FACE_BOUND('',#8348,.T.);
#8348 = EDGE_LOOP('',(#8349,#8359,#8365,#8366));
#8349 = ORIENTED_EDGE('',*,*,#8350,.T.);
#8350 = EDGE_CURVE('',#8351,#8353,#8355,.T.);
#8351 = VERTEX_POINT('',#8352);
#8352 = CARTESIAN_POINT('',(-0.785703823073,-6.449969840479,
    7.98499651998));
#8353 = VERTEX_POINT('',#8354);
#8354 = CARTESIAN_POINT('',(-4.272222327036,-6.449969840479,
    7.98499651998));
#8355 = LINE('',#8356,#8357);
#8356 = CARTESIAN_POINT('',(-4.272222327036,-6.449969840479,
    7.98499651998));
#8357 = VECTOR('',#8358,1.);
#8358 = DIRECTION('',(-1.,-1.047444401653E-14,-3.491481338843E-15));
#8359 = ORIENTED_EDGE('',*,*,#8360,.F.);
#8360 = EDGE_CURVE('',#8321,#8353,#8361,.T.);
#8361 = LINE('',#8362,#8363);
#8362 = CARTESIAN_POINT('',(-4.272222327036,-6.449969840479,
    7.98499651998));
#8363 = VECTOR('',#8364,1.);
#8364 = DIRECTION('',(-8.682659386424E-02,-0.992432509139,
    8.682659386425E-02));
#8365 = ORIENTED_EDGE('',*,*,#8320,.F.);
#8366 = ORIENTED_EDGE('',*,*,#8367,.T.);
#8367 = EDGE_CURVE('',#8313,#8351,#8368,.T.);
#8368 = LINE('',#8369,#8370);
#8369 = CARTESIAN_POINT('',(-0.785703823073,-6.449969840479,
    7.98499651998));
#8370 = VECTOR('',#8371,1.);
#8371 = DIRECTION('',(8.682659386426E-02,-0.992432509139,
    8.682659386425E-02));
#8372 = PLANE('',#8373);
#8373 = AXIS2_PLACEMENT_3D('',#8374,#8375,#8376);
#8374 = CARTESIAN_POINT('',(-4.272222327036,-6.449969840479,
    7.98499651998));
#8375 = DIRECTION('',(-4.39110314637E-15,8.715574274764E-02,
    0.996194698092));
#8376 = DIRECTION('',(-1.013028294535E-14,0.996194698092,
    -8.715574274764E-02));
#8377 = ADVANCED_FACE('',(#8378),#8396,.F.);
#8378 = FACE_BOUND('',#8379,.T.);
#8379 = EDGE_LOOP('',(#8380,#8388,#8394,#8395));
#8380 = ORIENTED_EDGE('',*,*,#8381,.T.);
#8381 = EDGE_CURVE('',#8353,#8382,#8384,.T.);
#8382 = VERTEX_POINT('',#8383);
#8383 = CARTESIAN_POINT('',(-4.272222327036,-6.449969840479,
    2.738525662596));
#8384 = LINE('',#8385,#8386);
#8385 = CARTESIAN_POINT('',(-4.272222327036,-6.449969840479,
    7.98499651998));
#8386 = VECTOR('',#8387,1.);
#8387 = DIRECTION('',(3.491481338843E-15,3.657132581847E-29,-1.));
#8388 = ORIENTED_EDGE('',*,*,#8389,.F.);
#8389 = EDGE_CURVE('',#8329,#8382,#8390,.T.);
#8390 = LINE('',#8391,#8392);
#8391 = CARTESIAN_POINT('',(-4.232669931378,-5.99788388941,
    2.778078058254));
#8392 = VECTOR('',#8393,1.);
#8393 = DIRECTION('',(-8.682659386424E-02,-0.992432509139,
    -8.682659386425E-02));
#8394 = ORIENTED_EDGE('',*,*,#8328,.F.);
#8395 = ORIENTED_EDGE('',*,*,#8360,.T.);
#8396 = PLANE('',#8397);
#8397 = AXIS2_PLACEMENT_3D('',#8398,#8399,#8400);
#8398 = CARTESIAN_POINT('',(-4.272222327036,-6.449969840479,
    7.98499651998));
#8399 = DIRECTION('',(-0.996194698092,8.715574274763E-02,
    -3.478195198241E-15));
#8400 = DIRECTION('',(-8.715574274763E-02,-0.996194698092,
    -3.043026493764E-16));
#8401 = ADVANCED_FACE('',(#8402),#8420,.F.);
#8402 = FACE_BOUND('',#8403,.T.);
#8403 = EDGE_LOOP('',(#8404,#8412,#8418,#8419));
#8404 = ORIENTED_EDGE('',*,*,#8405,.T.);
#8405 = EDGE_CURVE('',#8382,#8406,#8408,.T.);
#8406 = VERTEX_POINT('',#8407);
#8407 = CARTESIAN_POINT('',(-0.785703823073,-6.449969840479,
    2.738525662596));
#8408 = LINE('',#8409,#8410);
#8409 = CARTESIAN_POINT('',(-4.272222327036,-6.449969840479,
    2.738525662596));
#8410 = VECTOR('',#8411,1.);
#8411 = DIRECTION('',(1.,1.047444401653E-14,3.491481338843E-15));
#8412 = ORIENTED_EDGE('',*,*,#8413,.F.);
#8413 = EDGE_CURVE('',#8311,#8406,#8414,.T.);
#8414 = LINE('',#8415,#8416);
#8415 = CARTESIAN_POINT('',(-0.811988188904,-6.149538164286,
    2.764810028427));
#8416 = VECTOR('',#8417,1.);
#8417 = DIRECTION('',(8.682659386426E-02,-0.992432509139,
    -8.682659386425E-02));
#8418 = ORIENTED_EDGE('',*,*,#8336,.F.);
#8419 = ORIENTED_EDGE('',*,*,#8389,.T.);
#8420 = PLANE('',#8421);
#8421 = AXIS2_PLACEMENT_3D('',#8422,#8423,#8424);
#8422 = CARTESIAN_POINT('',(-4.272222327036,-6.449969840479,
    2.738525662596));
#8423 = DIRECTION('',(2.565287250111E-15,8.715574274764E-02,
    -0.996194698092));
#8424 = DIRECTION('',(1.07388882441E-14,-0.996194698092,
    -8.715574274764E-02));
#8425 = ADVANCED_FACE('',(#8426),#8437,.F.);
#8426 = FACE_BOUND('',#8427,.T.);
#8427 = EDGE_LOOP('',(#8428,#8434,#8435,#8436));
#8428 = ORIENTED_EDGE('',*,*,#8429,.T.);
#8429 = EDGE_CURVE('',#8406,#8351,#8430,.T.);
#8430 = LINE('',#8431,#8432);
#8431 = CARTESIAN_POINT('',(-0.785703823073,-6.449969840479,
    7.98499651998));
#8432 = VECTOR('',#8433,1.);
#8433 = DIRECTION('',(-3.491481338843E-15,-3.657132581847E-29,1.));
#8434 = ORIENTED_EDGE('',*,*,#8367,.F.);
#8435 = ORIENTED_EDGE('',*,*,#8310,.F.);
#8436 = ORIENTED_EDGE('',*,*,#8413,.T.);
#8437 = PLANE('',#8438);
#8438 = AXIS2_PLACEMENT_3D('',#8439,#8440,#8441);
#8439 = CARTESIAN_POINT('',(-0.785703823073,-6.449969840479,
    7.98499651998));
#8440 = DIRECTION('',(0.996194698092,8.715574274765E-02,
    3.478195198241E-15));
#8441 = DIRECTION('',(-8.715574274765E-02,0.996194698092,
    -3.043026493764E-16));
#8442 = ADVANCED_FACE('',(#8443,#8449),#8612,.T.);
#8443 = FACE_BOUND('',#8444,.T.);
#8444 = EDGE_LOOP('',(#8445,#8446,#8447,#8448));
#8445 = ORIENTED_EDGE('',*,*,#8429,.F.);
#8446 = ORIENTED_EDGE('',*,*,#8405,.F.);
#8447 = ORIENTED_EDGE('',*,*,#8381,.F.);
#8448 = ORIENTED_EDGE('',*,*,#8350,.F.);
#8449 = FACE_BOUND('',#8450,.T.);
#8450 = EDGE_LOOP('',(#8451,#8462,#8470,#8479,#8487,#8496,#8504,#8512,
    #8520,#8529,#8537,#8546,#8554,#8563,#8571,#8580,#8588,#8597,#8606));
#8451 = ORIENTED_EDGE('',*,*,#8452,.T.);
#8452 = EDGE_CURVE('',#8453,#8455,#8457,.T.);
#8453 = VERTEX_POINT('',#8454);
#8454 = CARTESIAN_POINT('',(-4.55202990335,-6.449969840479,
    7.722538864744));
#8455 = VERTEX_POINT('',#8456);
#8456 = CARTESIAN_POINT('',(-4.619017200324,-6.449969840479,
    7.472538868975));
#8457 = CIRCLE('',#8458,0.499999991537);
#8458 = AXIS2_PLACEMENT_3D('',#8459,#8460,#8461);
#8459 = CARTESIAN_POINT('',(-4.119017208787,-6.449969840479,
    7.472538868975));
#8460 = DIRECTION('',(1.047444401653E-14,-1.,0.));
#8461 = DIRECTION('',(1.,1.047444401653E-14,3.469446951954E-15));
#8462 = ORIENTED_EDGE('',*,*,#8463,.T.);
#8463 = EDGE_CURVE('',#8455,#8464,#8466,.T.);
#8464 = VERTEX_POINT('',#8465);
#8465 = CARTESIAN_POINT('',(-4.619017200324,-6.449969840479,
    3.000000283857));
#8466 = LINE('',#8467,#8468);
#8467 = CARTESIAN_POINT('',(-4.619017200324,-6.449969840479,
    7.472538868975));
#8468 = VECTOR('',#8469,1.);
#8469 = DIRECTION('',(3.491481338843E-15,3.657132581847E-29,-1.));
#8470 = ORIENTED_EDGE('',*,*,#8471,.T.);
#8471 = EDGE_CURVE('',#8464,#8472,#8474,.T.);
#8472 = VERTEX_POINT('',#8473);
#8473 = CARTESIAN_POINT('',(-4.119017208787,-6.449969840479,
    2.50000029232));
#8474 = CIRCLE('',#8475,0.499999991537);
#8475 = AXIS2_PLACEMENT_3D('',#8476,#8477,#8478);
#8476 = CARTESIAN_POINT('',(-4.119017208787,-6.449969840479,
    3.000000283857));
#8477 = DIRECTION('',(1.047444401653E-14,-1.,0.));
#8478 = DIRECTION('',(1.,1.047444401653E-14,3.469446951954E-15));
#8479 = ORIENTED_EDGE('',*,*,#8480,.T.);
#8480 = EDGE_CURVE('',#8472,#8481,#8483,.T.);
#8481 = VERTEX_POINT('',#8482);
#8482 = CARTESIAN_POINT('',(-0.94957261238,-6.449969840479,2.50000029232
    ));
#8483 = LINE('',#8484,#8485);
#8484 = CARTESIAN_POINT('',(-4.119017208787,-6.449969840479,
    2.50000029232));
#8485 = VECTOR('',#8486,1.);
#8486 = DIRECTION('',(1.,1.047444401653E-14,3.491481338843E-15));
#8487 = ORIENTED_EDGE('',*,*,#8488,.T.);
#8488 = EDGE_CURVE('',#8481,#8489,#8491,.T.);
#8489 = VERTEX_POINT('',#8490);
#8490 = CARTESIAN_POINT('',(-0.516559917817,-6.449969840479,
    2.750000288089));
#8491 = CIRCLE('',#8492,0.499999991537);
#8492 = AXIS2_PLACEMENT_3D('',#8493,#8494,#8495);
#8493 = CARTESIAN_POINT('',(-0.94957261238,-6.449969840479,
    3.000000283857));
#8494 = DIRECTION('',(1.047444401653E-14,-1.,0.));
#8495 = DIRECTION('',(1.,1.047444401653E-14,3.469446951954E-15));
#8496 = ORIENTED_EDGE('',*,*,#8497,.T.);
#8497 = EDGE_CURVE('',#8489,#8498,#8500,.T.);
#8498 = VERTEX_POINT('',#8499);
#8499 = CARTESIAN_POINT('',(-0.219017274799,-6.449969840479,
    3.265359263214));
#8500 = LINE('',#8501,#8502);
#8501 = CARTESIAN_POINT('',(-0.516559917817,-6.449969840479,
    2.750000288089));
#8502 = VECTOR('',#8503,1.);
#8503 = DIRECTION('',(0.5,5.237222008267E-15,0.866025403784));
#8504 = ORIENTED_EDGE('',*,*,#8505,.T.);
#8505 = EDGE_CURVE('',#8498,#8506,#8508,.T.);
#8506 = VERTEX_POINT('',#8507);
#8507 = CARTESIAN_POINT('',(-0.219017274799,-6.449969840479,
    7.467949400663));
#8508 = LINE('',#8509,#8510);
#8509 = CARTESIAN_POINT('',(-0.219017274799,-6.449969840479,
    3.265359263214));
#8510 = VECTOR('',#8511,1.);
#8511 = DIRECTION('',(-3.498085736188E-15,-3.664050320872E-29,1.));
#8512 = ORIENTED_EDGE('',*,*,#8513,.T.);
#8513 = EDGE_CURVE('',#8506,#8514,#8516,.T.);
#8514 = VERTEX_POINT('',#8515);
#8515 = CARTESIAN_POINT('',(-0.78600456331,-6.449969840479,8.45000019161
    ));
#8516 = LINE('',#8517,#8518);
#8517 = CARTESIAN_POINT('',(-0.219017274799,-6.449969840479,
    7.467949400663));
#8518 = VECTOR('',#8519,1.);
#8519 = DIRECTION('',(-0.5,-5.237222008267E-15,0.866025403784));
#8520 = ORIENTED_EDGE('',*,*,#8521,.T.);
#8521 = EDGE_CURVE('',#8514,#8522,#8524,.T.);
#8522 = VERTEX_POINT('',#8523);
#8523 = CARTESIAN_POINT('',(-1.219017257873,-6.449969840479,
    8.700000187378));
#8524 = CIRCLE('',#8525,0.499999991537);
#8525 = AXIS2_PLACEMENT_3D('',#8526,#8527,#8528);
#8526 = CARTESIAN_POINT('',(-1.219017257873,-6.449969840479,
    8.200000195841));
#8527 = DIRECTION('',(1.047444401653E-14,-1.,0.));
#8528 = DIRECTION('',(1.,1.047444401653E-14,3.469446951954E-15));
#8529 = ORIENTED_EDGE('',*,*,#8530,.T.);
#8530 = EDGE_CURVE('',#8522,#8531,#8533,.T.);
#8531 = VERTEX_POINT('',#8532);
#8532 = CARTESIAN_POINT('',(-1.259017257196,-6.449969840479,
    8.700000187378));
#8533 = LINE('',#8534,#8535);
#8534 = CARTESIAN_POINT('',(-1.219017257873,-6.449969840479,
    8.700000187378));
#8535 = VECTOR('',#8536,1.);
#8536 = DIRECTION('',(-1.,-1.047444401653E-14,-3.491481338843E-15));
#8537 = ORIENTED_EDGE('',*,*,#8538,.F.);
#8538 = EDGE_CURVE('',#8539,#8531,#8541,.T.);
#8539 = VERTEX_POINT('',#8540);
#8540 = CARTESIAN_POINT('',(-1.469017253641,-6.449969840479,
    8.910000183823));
#8541 = CIRCLE('',#8542,0.209999996446);
#8542 = AXIS2_PLACEMENT_3D('',#8543,#8544,#8545);
#8543 = CARTESIAN_POINT('',(-1.259017257196,-6.449969840479,
    8.910000183823));
#8544 = DIRECTION('',(1.047444401653E-14,-1.,0.));
#8545 = DIRECTION('',(1.,1.047444401653E-14,0.));
#8546 = ORIENTED_EDGE('',*,*,#8547,.T.);
#8547 = EDGE_CURVE('',#8539,#8548,#8550,.T.);
#8548 = VERTEX_POINT('',#8549);
#8549 = CARTESIAN_POINT('',(-1.469017253641,-6.449969840479,
    10.400000158604));
#8550 = LINE('',#8551,#8552);
#8551 = CARTESIAN_POINT('',(-1.469017253641,-6.449969840479,
    8.910000183823));
#8552 = VECTOR('',#8553,1.);
#8553 = DIRECTION('',(-3.491481338843E-15,-3.657132581847E-29,1.));
#8554 = ORIENTED_EDGE('',*,*,#8555,.T.);
#8555 = EDGE_CURVE('',#8548,#8556,#8558,.T.);
#8556 = VERTEX_POINT('',#8557);
#8557 = CARTESIAN_POINT('',(-1.769017248563,-6.449969840479,
    10.700000153526));
#8558 = CIRCLE('',#8559,0.299999994922);
#8559 = AXIS2_PLACEMENT_3D('',#8560,#8561,#8562);
#8560 = CARTESIAN_POINT('',(-1.769017248563,-6.449969840479,
    10.400000158604));
#8561 = DIRECTION('',(1.047444401653E-14,-1.,0.));
#8562 = DIRECTION('',(1.,1.047444401653E-14,5.782411586589E-15));
#8563 = ORIENTED_EDGE('',*,*,#8564,.T.);
#8564 = EDGE_CURVE('',#8556,#8565,#8567,.T.);
#8565 = VERTEX_POINT('',#8566);
#8566 = CARTESIAN_POINT('',(-3.269017223174,-6.449969840479,
    10.700000153526));
#8567 = LINE('',#8568,#8569);
#8568 = CARTESIAN_POINT('',(-1.769017248563,-6.449969840479,
    10.700000153526));
#8569 = VECTOR('',#8570,1.);
#8570 = DIRECTION('',(-1.,-1.047444401653E-14,-3.491481338843E-15));
#8571 = ORIENTED_EDGE('',*,*,#8572,.T.);
#8572 = EDGE_CURVE('',#8565,#8573,#8575,.T.);
#8573 = VERTEX_POINT('',#8574);
#8574 = CARTESIAN_POINT('',(-3.569017218096,-6.449969840479,
    10.400000158604));
#8575 = CIRCLE('',#8576,0.299999994922);
#8576 = AXIS2_PLACEMENT_3D('',#8577,#8578,#8579);
#8577 = CARTESIAN_POINT('',(-3.269017223174,-6.449969840479,
    10.400000158604));
#8578 = DIRECTION('',(1.047444401653E-14,-1.,0.));
#8579 = DIRECTION('',(1.,1.047444401653E-14,5.782411586589E-15));
#8580 = ORIENTED_EDGE('',*,*,#8581,.T.);
#8581 = EDGE_CURVE('',#8573,#8582,#8584,.T.);
#8582 = VERTEX_POINT('',#8583);
#8583 = CARTESIAN_POINT('',(-3.569017218096,-6.449969840479,
    8.905478744878));
#8584 = LINE('',#8585,#8586);
#8585 = CARTESIAN_POINT('',(-3.569017218096,-6.449969840479,
    10.400000158604));
#8586 = VECTOR('',#8587,1.);
#8587 = DIRECTION('',(3.491481338843E-15,3.657132581847E-29,-1.));
#8588 = ORIENTED_EDGE('',*,*,#8589,.F.);
#8589 = EDGE_CURVE('',#8590,#8582,#8592,.T.);
#8590 = VERTEX_POINT('',#8591);
#8591 = CARTESIAN_POINT('',(-3.755355243111,-6.449969840479,
    8.696816075445));
#8592 = CIRCLE('',#8593,0.209999996446);
#8593 = AXIS2_PLACEMENT_3D('',#8594,#8595,#8596);
#8594 = CARTESIAN_POINT('',(-3.779017214542,-6.449969840479,
    8.905478744878));
#8595 = DIRECTION('',(1.047444401653E-14,-1.,0.));
#8596 = DIRECTION('',(1.,1.047444401653E-14,0.));
#8597 = ORIENTED_EDGE('',*,*,#8598,.T.);
#8598 = EDGE_CURVE('',#8590,#8599,#8601,.T.);
#8599 = VERTEX_POINT('',#8600);
#8600 = CARTESIAN_POINT('',(-4.132029910459,-6.449969840479,
    8.45000019161));
#8601 = CIRCLE('',#8602,0.499999991537);
#8602 = AXIS2_PLACEMENT_3D('',#8603,#8604,#8605);
#8603 = CARTESIAN_POINT('',(-3.699017215896,-6.449969840479,
    8.200000195841));
#8604 = DIRECTION('',(1.047444401653E-14,-1.,0.));
#8605 = DIRECTION('',(1.,1.047444401653E-14,3.469446951953E-15));
#8606 = ORIENTED_EDGE('',*,*,#8607,.T.);
#8607 = EDGE_CURVE('',#8599,#8453,#8608,.T.);
#8608 = LINE('',#8609,#8610);
#8609 = CARTESIAN_POINT('',(-4.132029910459,-6.449969840479,
    8.45000019161));
#8610 = VECTOR('',#8611,1.);
#8611 = DIRECTION('',(-0.5,-5.237222008267E-15,-0.866025403784));
#8612 = PLANE('',#8613);
#8613 = AXIS2_PLACEMENT_3D('',#8614,#8615,#8616);
#8614 = CARTESIAN_POINT('',(-4.119017208787,-6.449969840479,
    7.472538868975));
#8615 = DIRECTION('',(1.047444401653E-14,-1.,0.));
#8616 = DIRECTION('',(-3.491481338843E-15,-3.657132581847E-29,1.));
#8617 = ADVANCED_FACE('',(#8618),#8644,.F.);
#8618 = FACE_BOUND('',#8619,.F.);
#8619 = EDGE_LOOP('',(#8620,#8621,#8629,#8638));
#8620 = ORIENTED_EDGE('',*,*,#8452,.T.);
#8621 = ORIENTED_EDGE('',*,*,#8622,.F.);
#8622 = EDGE_CURVE('',#8623,#8455,#8625,.T.);
#8623 = VERTEX_POINT('',#8624);
#8624 = CARTESIAN_POINT('',(-4.619017200324,-8.949969798164,
    7.472538868975));
#8625 = LINE('',#8626,#8627);
#8626 = CARTESIAN_POINT('',(-4.619017200324,-11.44996975584,
    7.472538868975));
#8627 = VECTOR('',#8628,1.);
#8628 = DIRECTION('',(-1.047444401653E-14,1.,0.));
#8629 = ORIENTED_EDGE('',*,*,#8630,.F.);
#8630 = EDGE_CURVE('',#8631,#8623,#8633,.T.);
#8631 = VERTEX_POINT('',#8632);
#8632 = CARTESIAN_POINT('',(-4.55202990335,-8.949969798164,
    7.722538864744));
#8633 = CIRCLE('',#8634,0.499999991537);
#8634 = AXIS2_PLACEMENT_3D('',#8635,#8636,#8637);
#8635 = CARTESIAN_POINT('',(-4.119017208787,-8.949969798164,
    7.472538868975));
#8636 = DIRECTION('',(1.047444401653E-14,-1.,0.));
#8637 = DIRECTION('',(1.,1.047444401653E-14,3.469446951954E-15));
#8638 = ORIENTED_EDGE('',*,*,#8639,.T.);
#8639 = EDGE_CURVE('',#8631,#8453,#8640,.T.);
#8640 = LINE('',#8641,#8642);
#8641 = CARTESIAN_POINT('',(-4.55202990335,-11.44996975584,
    7.722538864744));
#8642 = VECTOR('',#8643,1.);
#8643 = DIRECTION('',(-1.047444401653E-14,1.,0.));
#8644 = CYLINDRICAL_SURFACE('',#8645,0.499999991537);
#8645 = AXIS2_PLACEMENT_3D('',#8646,#8647,#8648);
#8646 = CARTESIAN_POINT('',(-4.119017208787,-11.44996975584,
    7.472538868975));
#8647 = DIRECTION('',(-1.047444401653E-14,1.,0.));
#8648 = DIRECTION('',(-1.,-1.047444401653E-14,-3.469446951954E-15));
#8649 = ADVANCED_FACE('',(#8650),#8668,.T.);
#8650 = FACE_BOUND('',#8651,.T.);
#8651 = EDGE_LOOP('',(#8652,#8653,#8661,#8667));
#8652 = ORIENTED_EDGE('',*,*,#8622,.F.);
#8653 = ORIENTED_EDGE('',*,*,#8654,.T.);
#8654 = EDGE_CURVE('',#8623,#8655,#8657,.T.);
#8655 = VERTEX_POINT('',#8656);
#8656 = CARTESIAN_POINT('',(-4.619017200324,-8.949969798164,
    3.000000283857));
#8657 = LINE('',#8658,#8659);
#8658 = CARTESIAN_POINT('',(-4.619017200324,-8.949969798164,
    7.472538868975));
#8659 = VECTOR('',#8660,1.);
#8660 = DIRECTION('',(3.491481338843E-15,3.657132581847E-29,-1.));
#8661 = ORIENTED_EDGE('',*,*,#8662,.T.);
#8662 = EDGE_CURVE('',#8655,#8464,#8663,.T.);
#8663 = LINE('',#8664,#8665);
#8664 = CARTESIAN_POINT('',(-4.619017200324,-11.44996975584,
    3.000000283857));
#8665 = VECTOR('',#8666,1.);
#8666 = DIRECTION('',(-1.047444401653E-14,1.,0.));
#8667 = ORIENTED_EDGE('',*,*,#8463,.F.);
#8668 = PLANE('',#8669);
#8669 = AXIS2_PLACEMENT_3D('',#8670,#8671,#8672);
#8670 = CARTESIAN_POINT('',(-4.619017200324,-11.44996975584,
    7.472538868975));
#8671 = DIRECTION('',(1.,1.047444401653E-14,3.491481338843E-15));
#8672 = DIRECTION('',(3.491481338843E-15,3.657132581847E-29,-1.));
#8673 = ADVANCED_FACE('',(#8674),#8693,.F.);
#8674 = FACE_BOUND('',#8675,.F.);
#8675 = EDGE_LOOP('',(#8676,#8677,#8685,#8692));
#8676 = ORIENTED_EDGE('',*,*,#8471,.T.);
#8677 = ORIENTED_EDGE('',*,*,#8678,.F.);
#8678 = EDGE_CURVE('',#8679,#8472,#8681,.T.);
#8679 = VERTEX_POINT('',#8680);
#8680 = CARTESIAN_POINT('',(-4.119017208787,-8.949969798164,
    2.50000029232));
#8681 = LINE('',#8682,#8683);
#8682 = CARTESIAN_POINT('',(-4.119017208787,-11.44996975584,
    2.50000029232));
#8683 = VECTOR('',#8684,1.);
#8684 = DIRECTION('',(-1.047444401653E-14,1.,0.));
#8685 = ORIENTED_EDGE('',*,*,#8686,.F.);
#8686 = EDGE_CURVE('',#8655,#8679,#8687,.T.);
#8687 = CIRCLE('',#8688,0.499999991537);
#8688 = AXIS2_PLACEMENT_3D('',#8689,#8690,#8691);
#8689 = CARTESIAN_POINT('',(-4.119017208787,-8.949969798164,
    3.000000283857));
#8690 = DIRECTION('',(1.047444401653E-14,-1.,0.));
#8691 = DIRECTION('',(1.,1.047444401653E-14,3.469446951954E-15));
#8692 = ORIENTED_EDGE('',*,*,#8662,.T.);
#8693 = CYLINDRICAL_SURFACE('',#8694,0.499999991537);
#8694 = AXIS2_PLACEMENT_3D('',#8695,#8696,#8697);
#8695 = CARTESIAN_POINT('',(-4.119017208787,-11.44996975584,
    3.000000283857));
#8696 = DIRECTION('',(-1.047444401653E-14,1.,0.));
#8697 = DIRECTION('',(-1.,-1.047444401653E-14,-3.469446951954E-15));
#8698 = ADVANCED_FACE('',(#8699),#8717,.T.);
#8699 = FACE_BOUND('',#8700,.T.);
#8700 = EDGE_LOOP('',(#8701,#8702,#8710,#8716));
#8701 = ORIENTED_EDGE('',*,*,#8678,.F.);
#8702 = ORIENTED_EDGE('',*,*,#8703,.T.);
#8703 = EDGE_CURVE('',#8679,#8704,#8706,.T.);
#8704 = VERTEX_POINT('',#8705);
#8705 = CARTESIAN_POINT('',(-0.94957261238,-8.949969798164,2.50000029232
    ));
#8706 = LINE('',#8707,#8708);
#8707 = CARTESIAN_POINT('',(-4.119017208787,-8.949969798164,
    2.50000029232));
#8708 = VECTOR('',#8709,1.);
#8709 = DIRECTION('',(1.,1.047444401653E-14,3.491481338843E-15));
#8710 = ORIENTED_EDGE('',*,*,#8711,.T.);
#8711 = EDGE_CURVE('',#8704,#8481,#8712,.T.);
#8712 = LINE('',#8713,#8714);
#8713 = CARTESIAN_POINT('',(-0.94957261238,-11.44996975584,2.50000029232
    ));
#8714 = VECTOR('',#8715,1.);
#8715 = DIRECTION('',(-1.047444401653E-14,1.,0.));
#8716 = ORIENTED_EDGE('',*,*,#8480,.F.);
#8717 = PLANE('',#8718);
#8718 = AXIS2_PLACEMENT_3D('',#8719,#8720,#8721);
#8719 = CARTESIAN_POINT('',(-4.119017208787,-11.44996975584,
    2.50000029232));
#8720 = DIRECTION('',(-3.491481338843E-15,-3.657132581847E-29,1.));
#8721 = DIRECTION('',(1.047444401653E-14,-1.,2.129973665774E-43));
#8722 = ADVANCED_FACE('',(#8723),#8742,.F.);
#8723 = FACE_BOUND('',#8724,.F.);
#8724 = EDGE_LOOP('',(#8725,#8726,#8734,#8741));
#8725 = ORIENTED_EDGE('',*,*,#8488,.T.);
#8726 = ORIENTED_EDGE('',*,*,#8727,.F.);
#8727 = EDGE_CURVE('',#8728,#8489,#8730,.T.);
#8728 = VERTEX_POINT('',#8729);
#8729 = CARTESIAN_POINT('',(-0.516559917817,-8.949969798164,
    2.750000288089));
#8730 = LINE('',#8731,#8732);
#8731 = CARTESIAN_POINT('',(-0.516559917817,-11.44996975584,
    2.750000288089));
#8732 = VECTOR('',#8733,1.);
#8733 = DIRECTION('',(-1.047444401653E-14,1.,0.));
#8734 = ORIENTED_EDGE('',*,*,#8735,.F.);
#8735 = EDGE_CURVE('',#8704,#8728,#8736,.T.);
#8736 = CIRCLE('',#8737,0.499999991537);
#8737 = AXIS2_PLACEMENT_3D('',#8738,#8739,#8740);
#8738 = CARTESIAN_POINT('',(-0.94957261238,-8.949969798164,
    3.000000283857));
#8739 = DIRECTION('',(1.047444401653E-14,-1.,0.));
#8740 = DIRECTION('',(1.,1.047444401653E-14,3.469446951954E-15));
#8741 = ORIENTED_EDGE('',*,*,#8711,.T.);
#8742 = CYLINDRICAL_SURFACE('',#8743,0.499999991537);
#8743 = AXIS2_PLACEMENT_3D('',#8744,#8745,#8746);
#8744 = CARTESIAN_POINT('',(-0.94957261238,-11.44996975584,
    3.000000283857));
#8745 = DIRECTION('',(-1.047444401653E-14,1.,0.));
#8746 = DIRECTION('',(-1.,-1.047444401653E-14,-3.469446951954E-15));
#8747 = ADVANCED_FACE('',(#8748),#8766,.T.);
#8748 = FACE_BOUND('',#8749,.T.);
#8749 = EDGE_LOOP('',(#8750,#8751,#8759,#8765));
#8750 = ORIENTED_EDGE('',*,*,#8727,.F.);
#8751 = ORIENTED_EDGE('',*,*,#8752,.T.);
#8752 = EDGE_CURVE('',#8728,#8753,#8755,.T.);
#8753 = VERTEX_POINT('',#8754);
#8754 = CARTESIAN_POINT('',(-0.219017274799,-8.949969798164,
    3.265359263214));
#8755 = LINE('',#8756,#8757);
#8756 = CARTESIAN_POINT('',(-0.516559917817,-8.949969798164,
    2.750000288089));
#8757 = VECTOR('',#8758,1.);
#8758 = DIRECTION('',(0.5,5.237222008267E-15,0.866025403784));
#8759 = ORIENTED_EDGE('',*,*,#8760,.T.);
#8760 = EDGE_CURVE('',#8753,#8498,#8761,.T.);
#8761 = LINE('',#8762,#8763);
#8762 = CARTESIAN_POINT('',(-0.219017274799,-11.44996975584,
    3.265359263214));
#8763 = VECTOR('',#8764,1.);
#8764 = DIRECTION('',(-1.047444401653E-14,1.,0.));
#8765 = ORIENTED_EDGE('',*,*,#8497,.F.);
#8766 = PLANE('',#8767);
#8767 = AXIS2_PLACEMENT_3D('',#8768,#8769,#8770);
#8768 = CARTESIAN_POINT('',(-0.516559917817,-11.44996975584,
    2.750000288089));
#8769 = DIRECTION('',(-0.866025403784,-9.071134608835E-15,0.5));
#8770 = DIRECTION('',(1.047444401653E-14,-1.,-1.851456544554E-27));
#8771 = ADVANCED_FACE('',(#8772),#8790,.T.);
#8772 = FACE_BOUND('',#8773,.T.);
#8773 = EDGE_LOOP('',(#8774,#8775,#8783,#8789));
#8774 = ORIENTED_EDGE('',*,*,#8760,.F.);
#8775 = ORIENTED_EDGE('',*,*,#8776,.T.);
#8776 = EDGE_CURVE('',#8753,#8777,#8779,.T.);
#8777 = VERTEX_POINT('',#8778);
#8778 = CARTESIAN_POINT('',(-0.219017274799,-8.949969798164,
    7.467949400663));
#8779 = LINE('',#8780,#8781);
#8780 = CARTESIAN_POINT('',(-0.219017274799,-8.949969798164,
    3.265359263214));
#8781 = VECTOR('',#8782,1.);
#8782 = DIRECTION('',(-3.498085736188E-15,-3.664050320872E-29,1.));
#8783 = ORIENTED_EDGE('',*,*,#8784,.T.);
#8784 = EDGE_CURVE('',#8777,#8506,#8785,.T.);
#8785 = LINE('',#8786,#8787);
#8786 = CARTESIAN_POINT('',(-0.219017274799,-11.44996975584,
    7.467949400663));
#8787 = VECTOR('',#8788,1.);
#8788 = DIRECTION('',(-1.047444401653E-14,1.,0.));
#8789 = ORIENTED_EDGE('',*,*,#8505,.F.);
#8790 = PLANE('',#8791);
#8791 = AXIS2_PLACEMENT_3D('',#8792,#8793,#8794);
#8792 = CARTESIAN_POINT('',(-0.219017274799,-11.44996975584,
    3.265359263214));
#8793 = DIRECTION('',(-1.,-1.047444401653E-14,-3.498085736188E-15));
#8794 = DIRECTION('',(3.498085736188E-15,3.664050320872E-29,-1.));
#8795 = ADVANCED_FACE('',(#8796),#8814,.T.);
#8796 = FACE_BOUND('',#8797,.T.);
#8797 = EDGE_LOOP('',(#8798,#8799,#8807,#8813));
#8798 = ORIENTED_EDGE('',*,*,#8784,.F.);
#8799 = ORIENTED_EDGE('',*,*,#8800,.T.);
#8800 = EDGE_CURVE('',#8777,#8801,#8803,.T.);
#8801 = VERTEX_POINT('',#8802);
#8802 = CARTESIAN_POINT('',(-0.78600456331,-8.949969798164,8.45000019161
    ));
#8803 = LINE('',#8804,#8805);
#8804 = CARTESIAN_POINT('',(-0.219017274799,-8.949969798164,
    7.467949400663));
#8805 = VECTOR('',#8806,1.);
#8806 = DIRECTION('',(-0.5,-5.237222008267E-15,0.866025403784));
#8807 = ORIENTED_EDGE('',*,*,#8808,.T.);
#8808 = EDGE_CURVE('',#8801,#8514,#8809,.T.);
#8809 = LINE('',#8810,#8811);
#8810 = CARTESIAN_POINT('',(-0.78600456331,-11.44996975584,8.45000019161
    ));
#8811 = VECTOR('',#8812,1.);
#8812 = DIRECTION('',(-1.047444401653E-14,1.,0.));
#8813 = ORIENTED_EDGE('',*,*,#8513,.F.);
#8814 = PLANE('',#8815);
#8815 = AXIS2_PLACEMENT_3D('',#8816,#8817,#8818);
#8816 = CARTESIAN_POINT('',(-0.219017274799,-11.44996975584,
    7.467949400663));
#8817 = DIRECTION('',(-0.866025403784,-9.071134608835E-15,-0.5));
#8818 = DIRECTION('',(-1.047444401653E-14,1.,-1.851456544554E-27));
#8819 = ADVANCED_FACE('',(#8820),#8839,.F.);
#8820 = FACE_BOUND('',#8821,.F.);
#8821 = EDGE_LOOP('',(#8822,#8823,#8831,#8838));
#8822 = ORIENTED_EDGE('',*,*,#8521,.T.);
#8823 = ORIENTED_EDGE('',*,*,#8824,.F.);
#8824 = EDGE_CURVE('',#8825,#8522,#8827,.T.);
#8825 = VERTEX_POINT('',#8826);
#8826 = CARTESIAN_POINT('',(-1.219017257873,-8.949969798164,
    8.700000187378));
#8827 = LINE('',#8828,#8829);
#8828 = CARTESIAN_POINT('',(-1.219017257873,-11.44996975584,
    8.700000187378));
#8829 = VECTOR('',#8830,1.);
#8830 = DIRECTION('',(-1.047444401653E-14,1.,0.));
#8831 = ORIENTED_EDGE('',*,*,#8832,.F.);
#8832 = EDGE_CURVE('',#8801,#8825,#8833,.T.);
#8833 = CIRCLE('',#8834,0.499999991537);
#8834 = AXIS2_PLACEMENT_3D('',#8835,#8836,#8837);
#8835 = CARTESIAN_POINT('',(-1.219017257873,-8.949969798164,
    8.200000195841));
#8836 = DIRECTION('',(1.047444401653E-14,-1.,0.));
#8837 = DIRECTION('',(1.,1.047444401653E-14,3.469446951954E-15));
#8838 = ORIENTED_EDGE('',*,*,#8808,.T.);
#8839 = CYLINDRICAL_SURFACE('',#8840,0.499999991537);
#8840 = AXIS2_PLACEMENT_3D('',#8841,#8842,#8843);
#8841 = CARTESIAN_POINT('',(-1.219017257873,-11.44996975584,
    8.200000195841));
#8842 = DIRECTION('',(-1.047444401653E-14,1.,0.));
#8843 = DIRECTION('',(-1.,-1.047444401653E-14,-3.469446951954E-15));
#8844 = ADVANCED_FACE('',(#8845),#8863,.T.);
#8845 = FACE_BOUND('',#8846,.T.);
#8846 = EDGE_LOOP('',(#8847,#8848,#8856,#8862));
#8847 = ORIENTED_EDGE('',*,*,#8824,.F.);
#8848 = ORIENTED_EDGE('',*,*,#8849,.T.);
#8849 = EDGE_CURVE('',#8825,#8850,#8852,.T.);
#8850 = VERTEX_POINT('',#8851);
#8851 = CARTESIAN_POINT('',(-1.259017257196,-8.949969798164,
    8.700000187378));
#8852 = LINE('',#8853,#8854);
#8853 = CARTESIAN_POINT('',(-1.219017257873,-8.949969798164,
    8.700000187378));
#8854 = VECTOR('',#8855,1.);
#8855 = DIRECTION('',(-1.,-1.047444401653E-14,-3.491481338843E-15));
#8856 = ORIENTED_EDGE('',*,*,#8857,.T.);
#8857 = EDGE_CURVE('',#8850,#8531,#8858,.T.);
#8858 = LINE('',#8859,#8860);
#8859 = CARTESIAN_POINT('',(-1.259017257196,-11.44996975584,
    8.700000187378));
#8860 = VECTOR('',#8861,1.);
#8861 = DIRECTION('',(-1.047444401653E-14,1.,0.));
#8862 = ORIENTED_EDGE('',*,*,#8530,.F.);
#8863 = PLANE('',#8864);
#8864 = AXIS2_PLACEMENT_3D('',#8865,#8866,#8867);
#8865 = CARTESIAN_POINT('',(-1.219017257873,-11.44996975584,
    8.700000187378));
#8866 = DIRECTION('',(3.491481338843E-15,3.657132581847E-29,-1.));
#8867 = DIRECTION('',(1.,1.047444401653E-14,3.491481338843E-15));
#8868 = ADVANCED_FACE('',(#8869),#8888,.T.);
#8869 = FACE_BOUND('',#8870,.T.);
#8870 = EDGE_LOOP('',(#8871,#8880,#8886,#8887));
#8871 = ORIENTED_EDGE('',*,*,#8872,.F.);
#8872 = EDGE_CURVE('',#8873,#8850,#8875,.T.);
#8873 = VERTEX_POINT('',#8874);
#8874 = CARTESIAN_POINT('',(-1.469017253641,-8.949969798164,
    8.910000183823));
#8875 = CIRCLE('',#8876,0.209999996446);
#8876 = AXIS2_PLACEMENT_3D('',#8877,#8878,#8879);
#8877 = CARTESIAN_POINT('',(-1.259017257196,-8.949969798164,
    8.910000183823));
#8878 = DIRECTION('',(1.047444401653E-14,-1.,0.));
#8879 = DIRECTION('',(1.,1.047444401653E-14,0.));
#8880 = ORIENTED_EDGE('',*,*,#8881,.T.);
#8881 = EDGE_CURVE('',#8873,#8539,#8882,.T.);
#8882 = LINE('',#8883,#8884);
#8883 = CARTESIAN_POINT('',(-1.469017253641,-11.44996975584,
    8.910000183823));
#8884 = VECTOR('',#8885,1.);
#8885 = DIRECTION('',(-1.047444401653E-14,1.,0.));
#8886 = ORIENTED_EDGE('',*,*,#8538,.T.);
#8887 = ORIENTED_EDGE('',*,*,#8857,.F.);
#8888 = CYLINDRICAL_SURFACE('',#8889,0.209999996446);
#8889 = AXIS2_PLACEMENT_3D('',#8890,#8891,#8892);
#8890 = CARTESIAN_POINT('',(-1.259017257196,-11.44996975584,
    8.910000183823));
#8891 = DIRECTION('',(-1.047444401653E-14,1.,0.));
#8892 = DIRECTION('',(-1.,-1.047444401653E-14,0.));
#8893 = ADVANCED_FACE('',(#8894),#8912,.T.);
#8894 = FACE_BOUND('',#8895,.T.);
#8895 = EDGE_LOOP('',(#8896,#8897,#8905,#8911));
#8896 = ORIENTED_EDGE('',*,*,#8881,.F.);
#8897 = ORIENTED_EDGE('',*,*,#8898,.T.);
#8898 = EDGE_CURVE('',#8873,#8899,#8901,.T.);
#8899 = VERTEX_POINT('',#8900);
#8900 = CARTESIAN_POINT('',(-1.469017253641,-8.949969798164,
    10.400000158604));
#8901 = LINE('',#8902,#8903);
#8902 = CARTESIAN_POINT('',(-1.469017253641,-8.949969798164,
    8.910000183823));
#8903 = VECTOR('',#8904,1.);
#8904 = DIRECTION('',(-3.491481338843E-15,-3.657132581847E-29,1.));
#8905 = ORIENTED_EDGE('',*,*,#8906,.T.);
#8906 = EDGE_CURVE('',#8899,#8548,#8907,.T.);
#8907 = LINE('',#8908,#8909);
#8908 = CARTESIAN_POINT('',(-1.469017253641,-11.44996975584,
    10.400000158604));
#8909 = VECTOR('',#8910,1.);
#8910 = DIRECTION('',(-1.047444401653E-14,1.,0.));
#8911 = ORIENTED_EDGE('',*,*,#8547,.F.);
#8912 = PLANE('',#8913);
#8913 = AXIS2_PLACEMENT_3D('',#8914,#8915,#8916);
#8914 = CARTESIAN_POINT('',(-1.469017253641,-11.44996975584,
    8.910000183823));
#8915 = DIRECTION('',(-1.,-1.047444401653E-14,-3.491481338843E-15));
#8916 = DIRECTION('',(1.047444401653E-14,-1.,0.));
#8917 = ADVANCED_FACE('',(#8918),#8937,.F.);
#8918 = FACE_BOUND('',#8919,.F.);
#8919 = EDGE_LOOP('',(#8920,#8921,#8929,#8936));
#8920 = ORIENTED_EDGE('',*,*,#8555,.T.);
#8921 = ORIENTED_EDGE('',*,*,#8922,.F.);
#8922 = EDGE_CURVE('',#8923,#8556,#8925,.T.);
#8923 = VERTEX_POINT('',#8924);
#8924 = CARTESIAN_POINT('',(-1.769017248563,-8.949969798164,
    10.700000153526));
#8925 = LINE('',#8926,#8927);
#8926 = CARTESIAN_POINT('',(-1.769017248563,-11.44996975584,
    10.700000153526));
#8927 = VECTOR('',#8928,1.);
#8928 = DIRECTION('',(-1.047444401653E-14,1.,0.));
#8929 = ORIENTED_EDGE('',*,*,#8930,.F.);
#8930 = EDGE_CURVE('',#8899,#8923,#8931,.T.);
#8931 = CIRCLE('',#8932,0.299999994922);
#8932 = AXIS2_PLACEMENT_3D('',#8933,#8934,#8935);
#8933 = CARTESIAN_POINT('',(-1.769017248563,-8.949969798164,
    10.400000158604));
#8934 = DIRECTION('',(1.047444401653E-14,-1.,0.));
#8935 = DIRECTION('',(1.,1.047444401653E-14,5.782411586589E-15));
#8936 = ORIENTED_EDGE('',*,*,#8906,.T.);
#8937 = CYLINDRICAL_SURFACE('',#8938,0.299999994922);
#8938 = AXIS2_PLACEMENT_3D('',#8939,#8940,#8941);
#8939 = CARTESIAN_POINT('',(-1.769017248563,-11.44996975584,
    10.400000158604));
#8940 = DIRECTION('',(-1.047444401653E-14,1.,0.));
#8941 = DIRECTION('',(-1.,-1.047444401653E-14,-5.782411586589E-15));
#8942 = ADVANCED_FACE('',(#8943),#8961,.T.);
#8943 = FACE_BOUND('',#8944,.T.);
#8944 = EDGE_LOOP('',(#8945,#8946,#8954,#8960));
#8945 = ORIENTED_EDGE('',*,*,#8922,.F.);
#8946 = ORIENTED_EDGE('',*,*,#8947,.T.);
#8947 = EDGE_CURVE('',#8923,#8948,#8950,.T.);
#8948 = VERTEX_POINT('',#8949);
#8949 = CARTESIAN_POINT('',(-3.269017223174,-8.949969798164,
    10.700000153526));
#8950 = LINE('',#8951,#8952);
#8951 = CARTESIAN_POINT('',(-1.769017248563,-8.949969798164,
    10.700000153526));
#8952 = VECTOR('',#8953,1.);
#8953 = DIRECTION('',(-1.,-1.047444401653E-14,-3.491481338843E-15));
#8954 = ORIENTED_EDGE('',*,*,#8955,.T.);
#8955 = EDGE_CURVE('',#8948,#8565,#8956,.T.);
#8956 = LINE('',#8957,#8958);
#8957 = CARTESIAN_POINT('',(-3.269017223174,-11.44996975584,
    10.700000153526));
#8958 = VECTOR('',#8959,1.);
#8959 = DIRECTION('',(-1.047444401653E-14,1.,0.));
#8960 = ORIENTED_EDGE('',*,*,#8564,.F.);
#8961 = PLANE('',#8962);
#8962 = AXIS2_PLACEMENT_3D('',#8963,#8964,#8965);
#8963 = CARTESIAN_POINT('',(-1.769017248563,-11.44996975584,
    10.700000153526));
#8964 = DIRECTION('',(3.491481338843E-15,3.657132581847E-29,-1.));
#8965 = DIRECTION('',(1.,1.047444401653E-14,3.491481338843E-15));
#8966 = ADVANCED_FACE('',(#8967),#8986,.F.);
#8967 = FACE_BOUND('',#8968,.F.);
#8968 = EDGE_LOOP('',(#8969,#8970,#8978,#8985));
#8969 = ORIENTED_EDGE('',*,*,#8572,.T.);
#8970 = ORIENTED_EDGE('',*,*,#8971,.F.);
#8971 = EDGE_CURVE('',#8972,#8573,#8974,.T.);
#8972 = VERTEX_POINT('',#8973);
#8973 = CARTESIAN_POINT('',(-3.569017218096,-8.949969798164,
    10.400000158604));
#8974 = LINE('',#8975,#8976);
#8975 = CARTESIAN_POINT('',(-3.569017218096,-11.44996975584,
    10.400000158604));
#8976 = VECTOR('',#8977,1.);
#8977 = DIRECTION('',(-1.047444401653E-14,1.,0.));
#8978 = ORIENTED_EDGE('',*,*,#8979,.F.);
#8979 = EDGE_CURVE('',#8948,#8972,#8980,.T.);
#8980 = CIRCLE('',#8981,0.299999994922);
#8981 = AXIS2_PLACEMENT_3D('',#8982,#8983,#8984);
#8982 = CARTESIAN_POINT('',(-3.269017223174,-8.949969798164,
    10.400000158604));
#8983 = DIRECTION('',(1.047444401653E-14,-1.,0.));
#8984 = DIRECTION('',(1.,1.047444401653E-14,5.782411586589E-15));
#8985 = ORIENTED_EDGE('',*,*,#8955,.T.);
#8986 = CYLINDRICAL_SURFACE('',#8987,0.299999994922);
#8987 = AXIS2_PLACEMENT_3D('',#8988,#8989,#8990);
#8988 = CARTESIAN_POINT('',(-3.269017223174,-11.44996975584,
    10.400000158604));
#8989 = DIRECTION('',(-1.047444401653E-14,1.,0.));
#8990 = DIRECTION('',(-1.,-1.047444401653E-14,-5.782411586589E-15));
#8991 = ADVANCED_FACE('',(#8992),#9010,.T.);
#8992 = FACE_BOUND('',#8993,.T.);
#8993 = EDGE_LOOP('',(#8994,#8995,#9003,#9009));
#8994 = ORIENTED_EDGE('',*,*,#8971,.F.);
#8995 = ORIENTED_EDGE('',*,*,#8996,.T.);
#8996 = EDGE_CURVE('',#8972,#8997,#8999,.T.);
#8997 = VERTEX_POINT('',#8998);
#8998 = CARTESIAN_POINT('',(-3.569017218096,-8.949969798164,
    8.905478744878));
#8999 = LINE('',#9000,#9001);
#9000 = CARTESIAN_POINT('',(-3.569017218096,-8.949969798164,
    10.400000158604));
#9001 = VECTOR('',#9002,1.);
#9002 = DIRECTION('',(3.491481338843E-15,3.657132581847E-29,-1.));
#9003 = ORIENTED_EDGE('',*,*,#9004,.T.);
#9004 = EDGE_CURVE('',#8997,#8582,#9005,.T.);
#9005 = LINE('',#9006,#9007);
#9006 = CARTESIAN_POINT('',(-3.569017218096,-11.44996975584,
    8.905478744878));
#9007 = VECTOR('',#9008,1.);
#9008 = DIRECTION('',(-1.047444401653E-14,1.,0.));
#9009 = ORIENTED_EDGE('',*,*,#8581,.F.);
#9010 = PLANE('',#9011);
#9011 = AXIS2_PLACEMENT_3D('',#9012,#9013,#9014);
#9012 = CARTESIAN_POINT('',(-3.569017218096,-11.44996975584,
    10.400000158604));
#9013 = DIRECTION('',(1.,1.047444401653E-14,3.491481338843E-15));
#9014 = DIRECTION('',(3.491481338843E-15,3.657132581847E-29,-1.));
#9015 = ADVANCED_FACE('',(#9016),#9035,.T.);
#9016 = FACE_BOUND('',#9017,.T.);
#9017 = EDGE_LOOP('',(#9018,#9027,#9033,#9034));
#9018 = ORIENTED_EDGE('',*,*,#9019,.F.);
#9019 = EDGE_CURVE('',#9020,#8997,#9022,.T.);
#9020 = VERTEX_POINT('',#9021);
#9021 = CARTESIAN_POINT('',(-3.755355243111,-8.949969798164,
    8.696816075445));
#9022 = CIRCLE('',#9023,0.209999996446);
#9023 = AXIS2_PLACEMENT_3D('',#9024,#9025,#9026);
#9024 = CARTESIAN_POINT('',(-3.779017214542,-8.949969798164,
    8.905478744878));
#9025 = DIRECTION('',(1.047444401653E-14,-1.,0.));
#9026 = DIRECTION('',(1.,1.047444401653E-14,0.));
#9027 = ORIENTED_EDGE('',*,*,#9028,.T.);
#9028 = EDGE_CURVE('',#9020,#8590,#9029,.T.);
#9029 = LINE('',#9030,#9031);
#9030 = CARTESIAN_POINT('',(-3.755355243111,-11.44996975584,
    8.696816075445));
#9031 = VECTOR('',#9032,1.);
#9032 = DIRECTION('',(-1.047444401653E-14,1.,0.));
#9033 = ORIENTED_EDGE('',*,*,#8589,.T.);
#9034 = ORIENTED_EDGE('',*,*,#9004,.F.);
#9035 = CYLINDRICAL_SURFACE('',#9036,0.209999996446);
#9036 = AXIS2_PLACEMENT_3D('',#9037,#9038,#9039);
#9037 = CARTESIAN_POINT('',(-3.779017214542,-11.44996975584,
    8.905478744878));
#9038 = DIRECTION('',(-1.047444401653E-14,1.,0.));
#9039 = DIRECTION('',(-1.,-1.047444401653E-14,0.));
#9040 = ADVANCED_FACE('',(#9041),#9060,.F.);
#9041 = FACE_BOUND('',#9042,.F.);
#9042 = EDGE_LOOP('',(#9043,#9044,#9052,#9059));
#9043 = ORIENTED_EDGE('',*,*,#8598,.T.);
#9044 = ORIENTED_EDGE('',*,*,#9045,.F.);
#9045 = EDGE_CURVE('',#9046,#8599,#9048,.T.);
#9046 = VERTEX_POINT('',#9047);
#9047 = CARTESIAN_POINT('',(-4.132029910459,-8.949969798164,
    8.45000019161));
#9048 = LINE('',#9049,#9050);
#9049 = CARTESIAN_POINT('',(-4.132029910459,-11.44996975584,
    8.45000019161));
#9050 = VECTOR('',#9051,1.);
#9051 = DIRECTION('',(-1.047444401653E-14,1.,0.));
#9052 = ORIENTED_EDGE('',*,*,#9053,.F.);
#9053 = EDGE_CURVE('',#9020,#9046,#9054,.T.);
#9054 = CIRCLE('',#9055,0.499999991537);
#9055 = AXIS2_PLACEMENT_3D('',#9056,#9057,#9058);
#9056 = CARTESIAN_POINT('',(-3.699017215896,-8.949969798164,
    8.200000195841));
#9057 = DIRECTION('',(1.047444401653E-14,-1.,0.));
#9058 = DIRECTION('',(1.,1.047444401653E-14,3.469446951954E-15));
#9059 = ORIENTED_EDGE('',*,*,#9028,.T.);
#9060 = CYLINDRICAL_SURFACE('',#9061,0.499999991537);
#9061 = AXIS2_PLACEMENT_3D('',#9062,#9063,#9064);
#9062 = CARTESIAN_POINT('',(-3.699017215896,-11.44996975584,
    8.200000195841));
#9063 = DIRECTION('',(-1.047444401653E-14,1.,0.));
#9064 = DIRECTION('',(-1.,-1.047444401653E-14,-3.469446951953E-15));
#9065 = ADVANCED_FACE('',(#9066),#9077,.T.);
#9066 = FACE_BOUND('',#9067,.T.);
#9067 = EDGE_LOOP('',(#9068,#9069,#9075,#9076));
#9068 = ORIENTED_EDGE('',*,*,#9045,.F.);
#9069 = ORIENTED_EDGE('',*,*,#9070,.T.);
#9070 = EDGE_CURVE('',#9046,#8631,#9071,.T.);
#9071 = LINE('',#9072,#9073);
#9072 = CARTESIAN_POINT('',(-4.132029910459,-8.949969798164,
    8.45000019161));
#9073 = VECTOR('',#9074,1.);
#9074 = DIRECTION('',(-0.5,-5.237222008267E-15,-0.866025403784));
#9075 = ORIENTED_EDGE('',*,*,#8639,.T.);
#9076 = ORIENTED_EDGE('',*,*,#8607,.F.);
#9077 = PLANE('',#9078);
#9078 = AXIS2_PLACEMENT_3D('',#9079,#9080,#9081);
#9079 = CARTESIAN_POINT('',(-4.132029910459,-11.44996975584,
    8.45000019161));
#9080 = DIRECTION('',(0.866025403784,9.071134608835E-15,-0.5));
#9081 = DIRECTION('',(-0.5,-5.237222008267E-15,-0.866025403784));
#9082 = ADVANCED_FACE('',(#9083),#9108,.T.);
#9083 = FACE_BOUND('',#9084,.T.);
#9084 = EDGE_LOOP('',(#9085,#9086,#9094,#9102));
#9085 = ORIENTED_EDGE('',*,*,#9070,.F.);
#9086 = ORIENTED_EDGE('',*,*,#9087,.F.);
#9087 = EDGE_CURVE('',#9088,#9046,#9090,.T.);
#9088 = VERTEX_POINT('',#9089);
#9089 = CARTESIAN_POINT('',(-4.300045909652,-9.29996979224,
    8.547004273972));
#9090 = LINE('',#9091,#9092);
#9091 = CARTESIAN_POINT('',(-4.132029910459,-8.949969798164,
    8.45000019161));
#9092 = VECTOR('',#9093,1.);
#9093 = DIRECTION('',(0.419857447132,0.874619707139,-0.242404810123));
#9094 = ORIENTED_EDGE('',*,*,#9095,.T.);
#9095 = EDGE_CURVE('',#9088,#9096,#9098,.T.);
#9096 = VERTEX_POINT('',#9097);
#9097 = CARTESIAN_POINT('',(-4.720045902543,-9.29996979224,
    7.819542947106));
#9098 = LINE('',#9099,#9100);
#9099 = CARTESIAN_POINT('',(-4.300045909652,-9.29996979224,
    8.547004273972));
#9100 = VECTOR('',#9101,1.);
#9101 = DIRECTION('',(-0.5,-5.237222008267E-15,-0.866025403784));
#9102 = ORIENTED_EDGE('',*,*,#9103,.T.);
#9103 = EDGE_CURVE('',#9096,#8631,#9104,.T.);
#9104 = LINE('',#9105,#9106);
#9105 = CARTESIAN_POINT('',(-4.55202990335,-8.949969798164,
    7.722538864744));
#9106 = VECTOR('',#9107,1.);
#9107 = DIRECTION('',(0.419857447132,0.874619707139,-0.242404810123));
#9108 = PLANE('',#9109);
#9109 = AXIS2_PLACEMENT_3D('',#9110,#9111,#9112);
#9110 = CARTESIAN_POINT('',(-4.132029910459,-8.949969798164,
    8.45000019161));
#9111 = DIRECTION('',(0.757442885033,-0.484809620246,-0.43730985357));
#9112 = DIRECTION('',(-0.5,8.384959393481E-14,-0.866025403784));
#9113 = ADVANCED_FACE('',(#9114),#9133,.F.);
#9114 = FACE_BOUND('',#9115,.F.);
#9115 = EDGE_LOOP('',(#9116,#9117,#9126,#9132));
#9116 = ORIENTED_EDGE('',*,*,#9087,.F.);
#9117 = ORIENTED_EDGE('',*,*,#9118,.F.);
#9118 = EDGE_CURVE('',#9119,#9088,#9121,.T.);
#9119 = VERTEX_POINT('',#9120);
#9120 = CARTESIAN_POINT('',(-3.77721531801,-9.29996979224,8.889588752724
    ));
#9121 = CIRCLE('',#9122,0.694008156262);
#9122 = AXIS2_PLACEMENT_3D('',#9123,#9124,#9125);
#9123 = CARTESIAN_POINT('',(-3.699017215896,-9.29996979224,
    8.200000195841));
#9124 = DIRECTION('',(1.047444401653E-14,-1.,0.));
#9125 = DIRECTION('',(1.,1.047444401653E-14,2.499572131773E-15));
#9126 = ORIENTED_EDGE('',*,*,#9127,.T.);
#9127 = EDGE_CURVE('',#9119,#9020,#9128,.T.);
#9128 = LINE('',#9129,#9130);
#9129 = CARTESIAN_POINT('',(-3.755355243111,-8.949969798164,
    8.696816075445));
#9130 = VECTOR('',#9131,1.);
#9131 = DIRECTION('',(5.46264360841E-02,0.874619707139,-0.481722244));
#9132 = ORIENTED_EDGE('',*,*,#9053,.T.);
#9133 = CONICAL_SURFACE('',#9134,0.499999991537,0.506145483078);
#9134 = AXIS2_PLACEMENT_3D('',#9135,#9136,#9137);
#9135 = CARTESIAN_POINT('',(-3.699017215896,-8.949969798164,
    8.200000195841));
#9136 = DIRECTION('',(1.047444401653E-14,-1.,0.));
#9137 = DIRECTION('',(1.,1.047444401653E-14,3.469446951954E-15));
#9138 = ADVANCED_FACE('',(#9139),#9158,.T.);
#9139 = FACE_BOUND('',#9140,.T.);
#9140 = EDGE_LOOP('',(#9141,#9142,#9150,#9157));
#9141 = ORIENTED_EDGE('',*,*,#9019,.T.);
#9142 = ORIENTED_EDGE('',*,*,#9143,.F.);
#9143 = EDGE_CURVE('',#9144,#8997,#9146,.T.);
#9144 = VERTEX_POINT('',#9145);
#9145 = CARTESIAN_POINT('',(-3.763025382821,-9.29996979224,
    8.905478744878));
#9146 = LINE('',#9147,#9148);
#9147 = CARTESIAN_POINT('',(-3.569017218096,-8.949969798164,
    8.905478744878));
#9148 = VECTOR('',#9149,1.);
#9149 = DIRECTION('',(0.484809620246,0.874619707139,1.692703741983E-15)
  );
#9150 = ORIENTED_EDGE('',*,*,#9151,.F.);
#9151 = EDGE_CURVE('',#9119,#9144,#9152,.T.);
#9152 = CIRCLE('',#9153,1.599183172085E-02);
#9153 = AXIS2_PLACEMENT_3D('',#9154,#9155,#9156);
#9154 = CARTESIAN_POINT('',(-3.779017214542,-9.29996979224,
    8.905478744878));
#9155 = DIRECTION('',(1.047444401653E-14,-1.,0.));
#9156 = DIRECTION('',(1.,1.047444401653E-14,0.));
#9157 = ORIENTED_EDGE('',*,*,#9127,.T.);
#9158 = CONICAL_SURFACE('',#9159,0.209999996446,0.506145483078);
#9159 = AXIS2_PLACEMENT_3D('',#9160,#9161,#9162);
#9160 = CARTESIAN_POINT('',(-3.779017214542,-8.949969798164,
    8.905478744878));
#9161 = DIRECTION('',(-1.047444401653E-14,1.,0.));
#9162 = DIRECTION('',(1.,1.047444401653E-14,0.));
#9163 = ADVANCED_FACE('',(#9164),#9182,.T.);
#9164 = FACE_BOUND('',#9165,.T.);
#9165 = EDGE_LOOP('',(#9166,#9167,#9175,#9181));
#9166 = ORIENTED_EDGE('',*,*,#8996,.F.);
#9167 = ORIENTED_EDGE('',*,*,#9168,.F.);
#9168 = EDGE_CURVE('',#9169,#8972,#9171,.T.);
#9169 = VERTEX_POINT('',#9170);
#9170 = CARTESIAN_POINT('',(-3.763025382821,-9.29996979224,
    10.400000158604));
#9171 = LINE('',#9172,#9173);
#9172 = CARTESIAN_POINT('',(-3.569017218096,-8.949969798164,
    10.400000158604));
#9173 = VECTOR('',#9174,1.);
#9174 = DIRECTION('',(0.484809620246,0.874619707139,1.692703741983E-15)
  );
#9175 = ORIENTED_EDGE('',*,*,#9176,.T.);
#9176 = EDGE_CURVE('',#9169,#9144,#9177,.T.);
#9177 = LINE('',#9178,#9179);
#9178 = CARTESIAN_POINT('',(-3.763025382821,-9.29996979224,
    10.400000158604));
#9179 = VECTOR('',#9180,1.);
#9180 = DIRECTION('',(3.491481338843E-15,3.657132581847E-29,-1.));
#9181 = ORIENTED_EDGE('',*,*,#9143,.T.);
#9182 = PLANE('',#9183);
#9183 = AXIS2_PLACEMENT_3D('',#9184,#9185,#9186);
#9184 = CARTESIAN_POINT('',(-3.569017218096,-8.949969798164,
    10.400000158604));
#9185 = DIRECTION('',(0.874619707139,-0.484809620246,3.053718386064E-15)
  );
#9186 = DIRECTION('',(3.491481338845E-15,-8.697191480062E-28,-1.));
#9187 = ADVANCED_FACE('',(#9188),#9207,.F.);
#9188 = FACE_BOUND('',#9189,.F.);
#9189 = EDGE_LOOP('',(#9190,#9191,#9200,#9206));
#9190 = ORIENTED_EDGE('',*,*,#9168,.F.);
#9191 = ORIENTED_EDGE('',*,*,#9192,.F.);
#9192 = EDGE_CURVE('',#9193,#9169,#9195,.T.);
#9193 = VERTEX_POINT('',#9194);
#9194 = CARTESIAN_POINT('',(-3.269017223174,-9.29996979224,
    10.89400831825));
#9195 = CIRCLE('',#9196,0.494008159647);
#9196 = AXIS2_PLACEMENT_3D('',#9197,#9198,#9199);
#9197 = CARTESIAN_POINT('',(-3.269017223174,-9.29996979224,
    10.400000158604));
#9198 = DIRECTION('',(1.047444401653E-14,-1.,0.));
#9199 = DIRECTION('',(1.,1.047444401653E-14,3.511527922646E-15));
#9200 = ORIENTED_EDGE('',*,*,#9201,.T.);
#9201 = EDGE_CURVE('',#9193,#8948,#9202,.T.);
#9202 = LINE('',#9203,#9204);
#9203 = CARTESIAN_POINT('',(-3.269017223174,-8.949969798164,
    10.700000153526));
#9204 = VECTOR('',#9205,1.);
#9205 = DIRECTION('',(-3.964240459452E-15,0.874619707139,-0.484809620246
    ));
#9206 = ORIENTED_EDGE('',*,*,#8979,.T.);
#9207 = CONICAL_SURFACE('',#9208,0.299999994922,0.506145483078);
#9208 = AXIS2_PLACEMENT_3D('',#9209,#9210,#9211);
#9209 = CARTESIAN_POINT('',(-3.269017223174,-8.949969798164,
    10.400000158604));
#9210 = DIRECTION('',(1.047444401653E-14,-1.,0.));
#9211 = DIRECTION('',(1.,1.047444401653E-14,5.782411586589E-15));
#9212 = ADVANCED_FACE('',(#9213),#9231,.T.);
#9213 = FACE_BOUND('',#9214,.T.);
#9214 = EDGE_LOOP('',(#9215,#9216,#9224,#9230));
#9215 = ORIENTED_EDGE('',*,*,#8947,.F.);
#9216 = ORIENTED_EDGE('',*,*,#9217,.F.);
#9217 = EDGE_CURVE('',#9218,#8923,#9220,.T.);
#9218 = VERTEX_POINT('',#9219);
#9219 = CARTESIAN_POINT('',(-1.769017248563,-9.29996979224,
    10.89400831825));
#9220 = LINE('',#9221,#9222);
#9221 = CARTESIAN_POINT('',(-1.769017248563,-8.949969798164,
    10.700000153526));
#9222 = VECTOR('',#9223,1.);
#9223 = DIRECTION('',(-7.468451416207E-15,0.874619707139,-0.484809620246
    ));
#9224 = ORIENTED_EDGE('',*,*,#9225,.T.);
#9225 = EDGE_CURVE('',#9218,#9193,#9226,.T.);
#9226 = LINE('',#9227,#9228);
#9227 = CARTESIAN_POINT('',(-1.769017248563,-9.29996979224,
    10.89400831825));
#9228 = VECTOR('',#9229,1.);
#9229 = DIRECTION('',(-1.,-1.047444401653E-14,-3.491481338843E-15));
#9230 = ORIENTED_EDGE('',*,*,#9201,.T.);
#9231 = PLANE('',#9232);
#9232 = AXIS2_PLACEMENT_3D('',#9233,#9234,#9235);
#9233 = CARTESIAN_POINT('',(-1.769017248563,-8.949969798164,
    10.700000153526));
#9234 = DIRECTION('',(8.131829612011E-15,-0.484809620246,-0.874619707139
    ));
#9235 = DIRECTION('',(1.,1.047444401653E-14,3.491481338847E-15));
#9236 = ADVANCED_FACE('',(#9237),#9256,.F.);
#9237 = FACE_BOUND('',#9238,.F.);
#9238 = EDGE_LOOP('',(#9239,#9240,#9249,#9255));
#9239 = ORIENTED_EDGE('',*,*,#9217,.F.);
#9240 = ORIENTED_EDGE('',*,*,#9241,.F.);
#9241 = EDGE_CURVE('',#9242,#9218,#9244,.T.);
#9242 = VERTEX_POINT('',#9243);
#9243 = CARTESIAN_POINT('',(-1.275009088917,-9.29996979224,
    10.400000158604));
#9244 = CIRCLE('',#9245,0.494008159647);
#9245 = AXIS2_PLACEMENT_3D('',#9246,#9247,#9248);
#9246 = CARTESIAN_POINT('',(-1.769017248563,-9.29996979224,
    10.400000158604));
#9247 = DIRECTION('',(1.047444401653E-14,-1.,0.));
#9248 = DIRECTION('',(1.,1.047444401653E-14,3.511527922646E-15));
#9249 = ORIENTED_EDGE('',*,*,#9250,.T.);
#9250 = EDGE_CURVE('',#9242,#8899,#9251,.T.);
#9251 = LINE('',#9252,#9253);
#9252 = CARTESIAN_POINT('',(-1.469017253641,-8.949969798164,
    10.400000158604));
#9253 = VECTOR('',#9254,1.);
#9254 = DIRECTION('',(-0.484809620246,0.874619707139,-4.496072507386E-15
    ));
#9255 = ORIENTED_EDGE('',*,*,#8930,.T.);
#9256 = CONICAL_SURFACE('',#9257,0.299999994922,0.506145483078);
#9257 = AXIS2_PLACEMENT_3D('',#9258,#9259,#9260);
#9258 = CARTESIAN_POINT('',(-1.769017248563,-8.949969798164,
    10.400000158604));
#9259 = DIRECTION('',(1.047444401653E-14,-1.,0.));
#9260 = DIRECTION('',(1.,1.047444401653E-14,5.782411586589E-15));
#9261 = ADVANCED_FACE('',(#9262),#9280,.T.);
#9262 = FACE_BOUND('',#9263,.T.);
#9263 = EDGE_LOOP('',(#9264,#9265,#9273,#9279));
#9264 = ORIENTED_EDGE('',*,*,#8898,.F.);
#9265 = ORIENTED_EDGE('',*,*,#9266,.F.);
#9266 = EDGE_CURVE('',#9267,#8873,#9269,.T.);
#9267 = VERTEX_POINT('',#9268);
#9268 = CARTESIAN_POINT('',(-1.275009088917,-9.29996979224,
    8.910000183823));
#9269 = LINE('',#9270,#9271);
#9270 = CARTESIAN_POINT('',(-1.469017253641,-8.949969798164,
    8.910000183823));
#9271 = VECTOR('',#9272,1.);
#9272 = DIRECTION('',(-0.484809620246,0.874619707139,-1.692703741983E-15
    ));
#9273 = ORIENTED_EDGE('',*,*,#9274,.T.);
#9274 = EDGE_CURVE('',#9267,#9242,#9275,.T.);
#9275 = LINE('',#9276,#9277);
#9276 = CARTESIAN_POINT('',(-1.275009088917,-9.29996979224,
    8.910000183823));
#9277 = VECTOR('',#9278,1.);
#9278 = DIRECTION('',(-3.491481338843E-15,-3.657132581847E-29,1.));
#9279 = ORIENTED_EDGE('',*,*,#9250,.T.);
#9280 = PLANE('',#9281);
#9281 = AXIS2_PLACEMENT_3D('',#9282,#9283,#9284);
#9282 = CARTESIAN_POINT('',(-1.469017253641,-8.949969798164,
    8.910000183823));
#9283 = DIRECTION('',(-0.874619707139,-0.484809620246,
    -3.053718386064E-15));
#9284 = DIRECTION('',(3.491481338845E-15,9.255310570506E-28,-1.));
#9285 = ADVANCED_FACE('',(#9286),#9305,.T.);
#9286 = FACE_BOUND('',#9287,.T.);
#9287 = EDGE_LOOP('',(#9288,#9289,#9297,#9304));
#9288 = ORIENTED_EDGE('',*,*,#8872,.T.);
#9289 = ORIENTED_EDGE('',*,*,#9290,.F.);
#9290 = EDGE_CURVE('',#9291,#8850,#9293,.T.);
#9291 = VERTEX_POINT('',#9292);
#9292 = CARTESIAN_POINT('',(-1.259017257196,-9.29996979224,
    8.894008352103));
#9293 = LINE('',#9294,#9295);
#9294 = CARTESIAN_POINT('',(-1.259017257196,-8.949969798164,
    8.700000187378));
#9295 = VECTOR('',#9296,1.);
#9296 = DIRECTION('',(-8.97025611196E-15,0.874619707139,-0.484809620246)
  );
#9297 = ORIENTED_EDGE('',*,*,#9298,.F.);
#9298 = EDGE_CURVE('',#9267,#9291,#9299,.T.);
#9299 = CIRCLE('',#9300,1.599183172085E-02);
#9300 = AXIS2_PLACEMENT_3D('',#9301,#9302,#9303);
#9301 = CARTESIAN_POINT('',(-1.259017257196,-9.29996979224,
    8.910000183823));
#9302 = DIRECTION('',(1.047444401653E-14,-1.,0.));
#9303 = DIRECTION('',(1.,1.047444401653E-14,0.));
#9304 = ORIENTED_EDGE('',*,*,#9266,.T.);
#9305 = CONICAL_SURFACE('',#9306,0.209999996446,0.506145483078);
#9306 = AXIS2_PLACEMENT_3D('',#9307,#9308,#9309);
#9307 = CARTESIAN_POINT('',(-1.259017257196,-8.949969798164,
    8.910000183823));
#9308 = DIRECTION('',(-1.047444401653E-14,1.,0.));
#9309 = DIRECTION('',(1.,1.047444401653E-14,0.));
#9310 = ADVANCED_FACE('',(#9311),#9329,.T.);
#9311 = FACE_BOUND('',#9312,.T.);
#9312 = EDGE_LOOP('',(#9313,#9314,#9322,#9328));
#9313 = ORIENTED_EDGE('',*,*,#8849,.F.);
#9314 = ORIENTED_EDGE('',*,*,#9315,.F.);
#9315 = EDGE_CURVE('',#9316,#8825,#9318,.T.);
#9316 = VERTEX_POINT('',#9317);
#9317 = CARTESIAN_POINT('',(-1.219017257873,-9.29996979224,
    8.894008352103));
#9318 = LINE('',#9319,#9320);
#9319 = CARTESIAN_POINT('',(-1.219017257873,-8.949969798164,
    8.700000187378));
#9320 = VECTOR('',#9321,1.);
#9321 = DIRECTION('',(-7.468451416207E-15,0.874619707139,-0.484809620246
    ));
#9322 = ORIENTED_EDGE('',*,*,#9323,.T.);
#9323 = EDGE_CURVE('',#9316,#9291,#9324,.T.);
#9324 = LINE('',#9325,#9326);
#9325 = CARTESIAN_POINT('',(-1.219017257873,-9.29996979224,
    8.894008352103));
#9326 = VECTOR('',#9327,1.);
#9327 = DIRECTION('',(-1.,-1.047444401653E-14,-3.491481338843E-15));
#9328 = ORIENTED_EDGE('',*,*,#9290,.T.);
#9329 = PLANE('',#9330);
#9330 = AXIS2_PLACEMENT_3D('',#9331,#9332,#9333);
#9331 = CARTESIAN_POINT('',(-1.219017257873,-8.949969798164,
    8.700000187378));
#9332 = DIRECTION('',(8.131829612011E-15,-0.484809620246,-0.874619707139
    ));
#9333 = DIRECTION('',(1.,1.047444401653E-14,3.491481338847E-15));
#9334 = ADVANCED_FACE('',(#9335),#9354,.F.);
#9335 = FACE_BOUND('',#9336,.F.);
#9336 = EDGE_LOOP('',(#9337,#9338,#9347,#9353));
#9337 = ORIENTED_EDGE('',*,*,#9315,.F.);
#9338 = ORIENTED_EDGE('',*,*,#9339,.F.);
#9339 = EDGE_CURVE('',#9340,#9316,#9342,.T.);
#9340 = VERTEX_POINT('',#9341);
#9341 = CARTESIAN_POINT('',(-0.617988564117,-9.29996979224,
    8.547004273972));
#9342 = CIRCLE('',#9343,0.694008156262);
#9343 = AXIS2_PLACEMENT_3D('',#9344,#9345,#9346);
#9344 = CARTESIAN_POINT('',(-1.219017257873,-9.29996979224,
    8.200000195841));
#9345 = DIRECTION('',(1.047444401653E-14,-1.,0.));
#9346 = DIRECTION('',(1.,1.047444401653E-14,2.499572131773E-15));
#9347 = ORIENTED_EDGE('',*,*,#9348,.T.);
#9348 = EDGE_CURVE('',#9340,#8801,#9349,.T.);
#9349 = LINE('',#9350,#9351);
#9350 = CARTESIAN_POINT('',(-0.78600456331,-8.949969798164,8.45000019161
    ));
#9351 = VECTOR('',#9352,1.);
#9352 = DIRECTION('',(-0.419857447132,0.874619707139,-0.242404810123));
#9353 = ORIENTED_EDGE('',*,*,#8832,.T.);
#9354 = CONICAL_SURFACE('',#9355,0.499999991537,0.506145483078);
#9355 = AXIS2_PLACEMENT_3D('',#9356,#9357,#9358);
#9356 = CARTESIAN_POINT('',(-1.219017257873,-8.949969798164,
    8.200000195841));
#9357 = DIRECTION('',(1.047444401653E-14,-1.,0.));
#9358 = DIRECTION('',(1.,1.047444401653E-14,3.469446951954E-15));
#9359 = ADVANCED_FACE('',(#9360),#9378,.T.);
#9360 = FACE_BOUND('',#9361,.T.);
#9361 = EDGE_LOOP('',(#9362,#9363,#9371,#9377));
#9362 = ORIENTED_EDGE('',*,*,#8800,.F.);
#9363 = ORIENTED_EDGE('',*,*,#9364,.F.);
#9364 = EDGE_CURVE('',#9365,#8777,#9367,.T.);
#9365 = VERTEX_POINT('',#9366);
#9366 = CARTESIAN_POINT('',(-2.500911007423E-02,-9.29996979224,
    7.519933731726));
#9367 = LINE('',#9368,#9369);
#9368 = CARTESIAN_POINT('',(-0.219017274799,-8.949969798164,
    7.467949400663));
#9369 = VECTOR('',#9370,1.);
#9370 = DIRECTION('',(-0.480770060148,0.867332147812,-0.128821949362));
#9371 = ORIENTED_EDGE('',*,*,#9372,.T.);
#9372 = EDGE_CURVE('',#9365,#9340,#9373,.T.);
#9373 = LINE('',#9374,#9375);
#9374 = CARTESIAN_POINT('',(-5.100127560575E-02,-9.29996979224,
    7.564953483025));
#9375 = VECTOR('',#9376,1.);
#9376 = DIRECTION('',(-0.5,-5.237222008267E-15,0.866025403784));
#9377 = ORIENTED_EDGE('',*,*,#9348,.T.);
#9378 = PLANE('',#9379);
#9379 = AXIS2_PLACEMENT_3D('',#9380,#9381,#9382);
#9380 = CARTESIAN_POINT('',(-0.219017274799,-8.949969798164,
    7.467949400663));
#9381 = DIRECTION('',(-0.757442885033,-0.484809620246,-0.43730985357));
#9382 = DIRECTION('',(2.633449014411E-13,0.669794603267,-0.74254642241)
  );
#9383 = ADVANCED_FACE('',(#9384),#9402,.T.);
#9384 = FACE_BOUND('',#9385,.T.);
#9385 = EDGE_LOOP('',(#9386,#9387,#9395,#9401));
#9386 = ORIENTED_EDGE('',*,*,#8776,.F.);
#9387 = ORIENTED_EDGE('',*,*,#9388,.F.);
#9388 = EDGE_CURVE('',#9389,#8753,#9391,.T.);
#9389 = VERTEX_POINT('',#9390);
#9390 = CARTESIAN_POINT('',(-2.500911007422E-02,-9.29996979224,
    3.213374932151));
#9391 = LINE('',#9392,#9393);
#9392 = CARTESIAN_POINT('',(-0.219017274799,-8.949969798164,
    3.265359263214));
#9393 = VECTOR('',#9394,1.);
#9394 = DIRECTION('',(-0.480770060148,0.867332147812,0.128821949362));
#9395 = ORIENTED_EDGE('',*,*,#9396,.T.);
#9396 = EDGE_CURVE('',#9389,#9365,#9397,.T.);
#9397 = LINE('',#9398,#9399);
#9398 = CARTESIAN_POINT('',(-2.500911007422E-02,-9.29996979224,
    3.265359263214));
#9399 = VECTOR('',#9400,1.);
#9400 = DIRECTION('',(-3.498085736188E-15,-3.664050320872E-29,1.));
#9401 = ORIENTED_EDGE('',*,*,#9364,.T.);
#9402 = PLANE('',#9403);
#9403 = AXIS2_PLACEMENT_3D('',#9404,#9405,#9406);
#9404 = CARTESIAN_POINT('',(-0.219017274799,-8.949969798164,
    3.265359263214));
#9405 = DIRECTION('',(-0.874619707139,-0.484809620246,
    -3.059494722135E-15));
#9406 = DIRECTION('',(3.491481338844E-15,1.191464820573E-17,-1.));
#9407 = ADVANCED_FACE('',(#9408),#9426,.T.);
#9408 = FACE_BOUND('',#9409,.T.);
#9409 = EDGE_LOOP('',(#9410,#9411,#9419,#9425));
#9410 = ORIENTED_EDGE('',*,*,#8752,.F.);
#9411 = ORIENTED_EDGE('',*,*,#9412,.F.);
#9412 = EDGE_CURVE('',#9413,#8728,#9415,.T.);
#9413 = VERTEX_POINT('',#9414);
#9414 = CARTESIAN_POINT('',(-0.348543918624,-9.29996979224,
    2.652996205726));
#9415 = LINE('',#9416,#9417);
#9416 = CARTESIAN_POINT('',(-0.516559917817,-8.949969798164,
    2.750000288089));
#9417 = VECTOR('',#9418,1.);
#9418 = DIRECTION('',(-0.419857447132,0.874619707139,0.242404810123));
#9419 = ORIENTED_EDGE('',*,*,#9420,.T.);
#9420 = EDGE_CURVE('',#9413,#9389,#9421,.T.);
#9421 = LINE('',#9422,#9423);
#9422 = CARTESIAN_POINT('',(-0.348543918624,-9.29996979224,
    2.652996205726));
#9423 = VECTOR('',#9424,1.);
#9424 = DIRECTION('',(0.5,5.237222008267E-15,0.866025403784));
#9425 = ORIENTED_EDGE('',*,*,#9388,.T.);
#9426 = PLANE('',#9427);
#9427 = AXIS2_PLACEMENT_3D('',#9428,#9429,#9430);
#9428 = CARTESIAN_POINT('',(-0.516559917817,-8.949969798164,
    2.750000288089));
#9429 = DIRECTION('',(-0.757442885033,-0.484809620246,0.43730985357));
#9430 = DIRECTION('',(-2.610134330894E-13,-0.669794603267,-0.74254642241
    ));
#9431 = ADVANCED_FACE('',(#9432),#9451,.F.);
#9432 = FACE_BOUND('',#9433,.F.);
#9433 = EDGE_LOOP('',(#9434,#9435,#9444,#9450));
#9434 = ORIENTED_EDGE('',*,*,#9412,.F.);
#9435 = ORIENTED_EDGE('',*,*,#9436,.F.);
#9436 = EDGE_CURVE('',#9437,#9413,#9439,.T.);
#9437 = VERTEX_POINT('',#9438);
#9438 = CARTESIAN_POINT('',(-0.94957261238,-9.29996979224,2.305992127595
    ));
#9439 = CIRCLE('',#9440,0.694008156262);
#9440 = AXIS2_PLACEMENT_3D('',#9441,#9442,#9443);
#9441 = CARTESIAN_POINT('',(-0.94957261238,-9.29996979224,3.000000283857
    ));
#9442 = DIRECTION('',(1.047444401653E-14,-1.,0.));
#9443 = DIRECTION('',(1.,1.047444401653E-14,3.74935819766E-15));
#9444 = ORIENTED_EDGE('',*,*,#9445,.T.);
#9445 = EDGE_CURVE('',#9437,#8704,#9446,.T.);
#9446 = LINE('',#9447,#9448);
#9447 = CARTESIAN_POINT('',(-0.94957261238,-8.949969798164,2.50000029232
    ));
#9448 = VECTOR('',#9449,1.);
#9449 = DIRECTION('',(-1.074873257147E-14,0.874619707139,0.484809620246)
  );
#9450 = ORIENTED_EDGE('',*,*,#8735,.T.);
#9451 = CONICAL_SURFACE('',#9452,0.499999991537,0.506145483078);
#9452 = AXIS2_PLACEMENT_3D('',#9453,#9454,#9455);
#9453 = CARTESIAN_POINT('',(-0.94957261238,-8.949969798164,
    3.000000283857));
#9454 = DIRECTION('',(1.047444401653E-14,-1.,0.));
#9455 = DIRECTION('',(1.,1.047444401653E-14,3.469446951954E-15));
#9456 = ADVANCED_FACE('',(#9457),#9475,.T.);
#9457 = FACE_BOUND('',#9458,.T.);
#9458 = EDGE_LOOP('',(#9459,#9460,#9468,#9474));
#9459 = ORIENTED_EDGE('',*,*,#8703,.F.);
#9460 = ORIENTED_EDGE('',*,*,#9461,.F.);
#9461 = EDGE_CURVE('',#9462,#8679,#9464,.T.);
#9462 = VERTEX_POINT('',#9463);
#9463 = CARTESIAN_POINT('',(-4.119017208787,-9.29996979224,
    2.305992127595));
#9464 = LINE('',#9465,#9466);
#9465 = CARTESIAN_POINT('',(-4.119017208787,-8.949969798164,
    2.50000029232));
#9466 = VECTOR('',#9467,1.);
#9467 = DIRECTION('',(-1.085385890018E-14,0.874619707139,0.484809620246)
  );
#9468 = ORIENTED_EDGE('',*,*,#9469,.T.);
#9469 = EDGE_CURVE('',#9462,#9437,#9470,.T.);
#9470 = LINE('',#9471,#9472);
#9471 = CARTESIAN_POINT('',(-4.119017208787,-9.29996979224,
    2.305992127595));
#9472 = VECTOR('',#9473,1.);
#9473 = DIRECTION('',(1.,1.047444401653E-14,3.491481338843E-15));
#9474 = ORIENTED_EDGE('',*,*,#9445,.T.);
#9475 = PLANE('',#9476);
#9476 = AXIS2_PLACEMENT_3D('',#9477,#9478,#9479);
#9477 = CARTESIAN_POINT('',(-4.119017208787,-8.949969798164,
    2.50000029232));
#9478 = DIRECTION('',(2.024392839884E-15,-0.484809620246,0.874619707139)
  );
#9479 = DIRECTION('',(1.,1.047444401653E-14,3.491481338842E-15));
#9480 = ADVANCED_FACE('',(#9481),#9500,.F.);
#9481 = FACE_BOUND('',#9482,.F.);
#9482 = EDGE_LOOP('',(#9483,#9484,#9493,#9499));
#9483 = ORIENTED_EDGE('',*,*,#9461,.F.);
#9484 = ORIENTED_EDGE('',*,*,#9485,.F.);
#9485 = EDGE_CURVE('',#9486,#9462,#9488,.T.);
#9486 = VERTEX_POINT('',#9487);
#9487 = CARTESIAN_POINT('',(-4.813025365048,-9.29996979224,
    3.000000283857));
#9488 = CIRCLE('',#9489,0.694008156262);
#9489 = AXIS2_PLACEMENT_3D('',#9490,#9491,#9492);
#9490 = CARTESIAN_POINT('',(-4.119017208787,-9.29996979224,
    3.000000283857));
#9491 = DIRECTION('',(1.047444401653E-14,-1.,0.));
#9492 = DIRECTION('',(1.,1.047444401653E-14,3.74935819766E-15));
#9493 = ORIENTED_EDGE('',*,*,#9494,.T.);
#9494 = EDGE_CURVE('',#9486,#8655,#9495,.T.);
#9495 = LINE('',#9496,#9497);
#9496 = CARTESIAN_POINT('',(-4.619017200324,-8.949969798164,
    3.000000283857));
#9497 = VECTOR('',#9498,1.);
#9498 = DIRECTION('',(0.484809620246,0.874619707139,3.795230316036E-15)
  );
#9499 = ORIENTED_EDGE('',*,*,#8686,.T.);
#9500 = CONICAL_SURFACE('',#9501,0.499999991537,0.506145483078);
#9501 = AXIS2_PLACEMENT_3D('',#9502,#9503,#9504);
#9502 = CARTESIAN_POINT('',(-4.119017208787,-8.949969798164,
    3.000000283857));
#9503 = DIRECTION('',(1.047444401653E-14,-1.,0.));
#9504 = DIRECTION('',(1.,1.047444401653E-14,3.469446951954E-15));
#9505 = ADVANCED_FACE('',(#9506),#9524,.T.);
#9506 = FACE_BOUND('',#9507,.T.);
#9507 = EDGE_LOOP('',(#9508,#9509,#9517,#9523));
#9508 = ORIENTED_EDGE('',*,*,#8654,.F.);
#9509 = ORIENTED_EDGE('',*,*,#9510,.F.);
#9510 = EDGE_CURVE('',#9511,#8623,#9513,.T.);
#9511 = VERTEX_POINT('',#9512);
#9512 = CARTESIAN_POINT('',(-4.813025365049,-9.29996979224,
    7.472538868975));
#9513 = LINE('',#9514,#9515);
#9514 = CARTESIAN_POINT('',(-4.619017200324,-8.949969798164,
    7.472538868975));
#9515 = VECTOR('',#9516,1.);
#9516 = DIRECTION('',(0.484809620246,0.874619707139,1.692703741983E-15)
  );
#9517 = ORIENTED_EDGE('',*,*,#9518,.T.);
#9518 = EDGE_CURVE('',#9511,#9486,#9519,.T.);
#9519 = LINE('',#9520,#9521);
#9520 = CARTESIAN_POINT('',(-4.813025365049,-9.29996979224,
    7.472538868975));
#9521 = VECTOR('',#9522,1.);
#9522 = DIRECTION('',(3.491481338843E-15,3.657132581847E-29,-1.));
#9523 = ORIENTED_EDGE('',*,*,#9494,.T.);
#9524 = PLANE('',#9525);
#9525 = AXIS2_PLACEMENT_3D('',#9526,#9527,#9528);
#9526 = CARTESIAN_POINT('',(-4.619017200324,-8.949969798164,
    7.472538868975));
#9527 = DIRECTION('',(0.874619707139,-0.484809620246,3.053718386064E-15)
  );
#9528 = DIRECTION('',(3.491481338845E-15,-8.697191480062E-28,-1.));
#9529 = ADVANCED_FACE('',(#9530),#9542,.F.);
#9530 = FACE_BOUND('',#9531,.F.);
#9531 = EDGE_LOOP('',(#9532,#9533,#9540,#9541));
#9532 = ORIENTED_EDGE('',*,*,#9510,.F.);
#9533 = ORIENTED_EDGE('',*,*,#9534,.F.);
#9534 = EDGE_CURVE('',#9096,#9511,#9535,.T.);
#9535 = CIRCLE('',#9536,0.694008156262);
#9536 = AXIS2_PLACEMENT_3D('',#9537,#9538,#9539);
#9537 = CARTESIAN_POINT('',(-4.119017208787,-9.29996979224,
    7.472538868975));
#9538 = DIRECTION('',(1.047444401653E-14,-1.,0.));
#9539 = DIRECTION('',(1.,1.047444401653E-14,2.499572131773E-15));
#9540 = ORIENTED_EDGE('',*,*,#9103,.T.);
#9541 = ORIENTED_EDGE('',*,*,#8630,.T.);
#9542 = CONICAL_SURFACE('',#9543,0.499999991537,0.506145483078);
#9543 = AXIS2_PLACEMENT_3D('',#9544,#9545,#9546);
#9544 = CARTESIAN_POINT('',(-4.119017208787,-8.949969798164,
    7.472538868975));
#9545 = DIRECTION('',(1.047444401653E-14,-1.,0.));
#9546 = DIRECTION('',(1.,1.047444401653E-14,3.469446951954E-15));
#9547 = ADVANCED_FACE('',(#9548,#9569,#9732,#9766,#9929),#10092,.F.);
#9548 = FACE_BOUND('',#9549,.T.);
#9549 = EDGE_LOOP('',(#9550,#9551,#9552,#9553,#9554,#9555,#9556,#9557,
    #9558,#9559,#9560,#9561,#9562,#9563,#9564,#9565,#9566,#9567,#9568));
#9550 = ORIENTED_EDGE('',*,*,#9534,.F.);
#9551 = ORIENTED_EDGE('',*,*,#9095,.F.);
#9552 = ORIENTED_EDGE('',*,*,#9118,.F.);
#9553 = ORIENTED_EDGE('',*,*,#9151,.T.);
#9554 = ORIENTED_EDGE('',*,*,#9176,.F.);
#9555 = ORIENTED_EDGE('',*,*,#9192,.F.);
#9556 = ORIENTED_EDGE('',*,*,#9225,.F.);
#9557 = ORIENTED_EDGE('',*,*,#9241,.F.);
#9558 = ORIENTED_EDGE('',*,*,#9274,.F.);
#9559 = ORIENTED_EDGE('',*,*,#9298,.T.);
#9560 = ORIENTED_EDGE('',*,*,#9323,.F.);
#9561 = ORIENTED_EDGE('',*,*,#9339,.F.);
#9562 = ORIENTED_EDGE('',*,*,#9372,.F.);
#9563 = ORIENTED_EDGE('',*,*,#9396,.F.);
#9564 = ORIENTED_EDGE('',*,*,#9420,.F.);
#9565 = ORIENTED_EDGE('',*,*,#9436,.F.);
#9566 = ORIENTED_EDGE('',*,*,#9469,.F.);
#9567 = ORIENTED_EDGE('',*,*,#9485,.F.);
#9568 = ORIENTED_EDGE('',*,*,#9518,.F.);
#9569 = FACE_BOUND('',#9570,.T.);
#9570 = EDGE_LOOP('',(#9571,#9582,#9590,#9599,#9608,#9616,#9625,#9633,
    #9642,#9650,#9659,#9667,#9676,#9684,#9692,#9700,#9709,#9717,#9726));
#9571 = ORIENTED_EDGE('',*,*,#9572,.F.);
#9572 = EDGE_CURVE('',#9573,#9575,#9577,.T.);
#9573 = VERTEX_POINT('',#9574);
#9574 = CARTESIAN_POINT('',(5.279953928195,-9.29996979224,7.819542947106
    ));
#9575 = VERTEX_POINT('',#9576);
#9576 = CARTESIAN_POINT('',(5.18697446569,-9.29996979224,7.472538868975)
  );
#9577 = CIRCLE('',#9578,0.694008156262);
#9578 = AXIS2_PLACEMENT_3D('',#9579,#9580,#9581);
#9579 = CARTESIAN_POINT('',(5.880982621952,-9.29996979224,7.472538868975
    ));
#9580 = DIRECTION('',(1.047444401653E-14,-1.,0.));
#9581 = DIRECTION('',(1.,1.047444401653E-14,2.499572131773E-15));
#9582 = ORIENTED_EDGE('',*,*,#9583,.F.);
#9583 = EDGE_CURVE('',#9584,#9573,#9586,.T.);
#9584 = VERTEX_POINT('',#9585);
#9585 = CARTESIAN_POINT('',(5.699953921086,-9.29996979224,8.547004273972
    ));
#9586 = LINE('',#9587,#9588);
#9587 = CARTESIAN_POINT('',(5.699953921086,-9.29996979224,8.547004273972
    ));
#9588 = VECTOR('',#9589,1.);
#9589 = DIRECTION('',(-0.5,-5.237222008267E-15,-0.866025403784));
#9590 = ORIENTED_EDGE('',*,*,#9591,.F.);
#9591 = EDGE_CURVE('',#9592,#9584,#9594,.T.);
#9592 = VERTEX_POINT('',#9593);
#9593 = CARTESIAN_POINT('',(6.222784512729,-9.29996979224,8.889588752724
    ));
#9594 = CIRCLE('',#9595,0.694008156262);
#9595 = AXIS2_PLACEMENT_3D('',#9596,#9597,#9598);
#9596 = CARTESIAN_POINT('',(6.300982614843,-9.29996979224,8.200000195841
    ));
#9597 = DIRECTION('',(1.047444401653E-14,-1.,0.));
#9598 = DIRECTION('',(1.,1.047444401653E-14,2.499572131773E-15));
#9599 = ORIENTED_EDGE('',*,*,#9600,.T.);
#9600 = EDGE_CURVE('',#9592,#9601,#9603,.T.);
#9601 = VERTEX_POINT('',#9602);
#9602 = CARTESIAN_POINT('',(6.236974447918,-9.29996979224,8.905478744878
    ));
#9603 = CIRCLE('',#9604,1.599183172085E-02);
#9604 = AXIS2_PLACEMENT_3D('',#9605,#9606,#9607);
#9605 = CARTESIAN_POINT('',(6.220982616197,-9.29996979224,8.905478744878
    ));
#9606 = DIRECTION('',(1.047444401653E-14,-1.,0.));
#9607 = DIRECTION('',(1.,1.047444401653E-14,0.));
#9608 = ORIENTED_EDGE('',*,*,#9609,.F.);
#9609 = EDGE_CURVE('',#9610,#9601,#9612,.T.);
#9610 = VERTEX_POINT('',#9611);
#9611 = CARTESIAN_POINT('',(6.236974447918,-9.29996979224,
    10.400000158604));
#9612 = LINE('',#9613,#9614);
#9613 = CARTESIAN_POINT('',(6.236974447918,-9.29996979224,
    10.400000158604));
#9614 = VECTOR('',#9615,1.);
#9615 = DIRECTION('',(3.491481338843E-15,3.657132581847E-29,-1.));
#9616 = ORIENTED_EDGE('',*,*,#9617,.F.);
#9617 = EDGE_CURVE('',#9618,#9610,#9620,.T.);
#9618 = VERTEX_POINT('',#9619);
#9619 = CARTESIAN_POINT('',(6.730982607564,-9.29996979224,10.89400831825
    ));
#9620 = CIRCLE('',#9621,0.494008159647);
#9621 = AXIS2_PLACEMENT_3D('',#9622,#9623,#9624);
#9622 = CARTESIAN_POINT('',(6.730982607564,-9.29996979224,
    10.400000158604));
#9623 = DIRECTION('',(1.047444401653E-14,-1.,0.));
#9624 = DIRECTION('',(1.,1.047444401653E-14,3.511527922646E-15));
#9625 = ORIENTED_EDGE('',*,*,#9626,.F.);
#9626 = EDGE_CURVE('',#9627,#9618,#9629,.T.);
#9627 = VERTEX_POINT('',#9628);
#9628 = CARTESIAN_POINT('',(8.230982582175,-9.29996979224,10.89400831825
    ));
#9629 = LINE('',#9630,#9631);
#9630 = CARTESIAN_POINT('',(8.230982582175,-9.29996979224,10.89400831825
    ));
#9631 = VECTOR('',#9632,1.);
#9632 = DIRECTION('',(-1.,-1.047444401653E-14,-3.491481338843E-15));
#9633 = ORIENTED_EDGE('',*,*,#9634,.F.);
#9634 = EDGE_CURVE('',#9635,#9627,#9637,.T.);
#9635 = VERTEX_POINT('',#9636);
#9636 = CARTESIAN_POINT('',(8.724990741822,-9.29996979224,
    10.400000158604));
#9637 = CIRCLE('',#9638,0.494008159647);
#9638 = AXIS2_PLACEMENT_3D('',#9639,#9640,#9641);
#9639 = CARTESIAN_POINT('',(8.230982582175,-9.29996979224,
    10.400000158604));
#9640 = DIRECTION('',(1.047444401653E-14,-1.,0.));
#9641 = DIRECTION('',(1.,1.047444401653E-14,3.511527922646E-15));
#9642 = ORIENTED_EDGE('',*,*,#9643,.F.);
#9643 = EDGE_CURVE('',#9644,#9635,#9646,.T.);
#9644 = VERTEX_POINT('',#9645);
#9645 = CARTESIAN_POINT('',(8.724990741822,-9.29996979224,8.910000183824
    ));
#9646 = LINE('',#9647,#9648);
#9647 = CARTESIAN_POINT('',(8.724990741822,-9.29996979224,8.910000183824
    ));
#9648 = VECTOR('',#9649,1.);
#9649 = DIRECTION('',(-3.491481338843E-15,-3.657132581847E-29,1.));
#9650 = ORIENTED_EDGE('',*,*,#9651,.T.);
#9651 = EDGE_CURVE('',#9644,#9652,#9654,.T.);
#9652 = VERTEX_POINT('',#9653);
#9653 = CARTESIAN_POINT('',(8.740982573543,-9.29996979224,8.894008352103
    ));
#9654 = CIRCLE('',#9655,1.599183172085E-02);
#9655 = AXIS2_PLACEMENT_3D('',#9656,#9657,#9658);
#9656 = CARTESIAN_POINT('',(8.740982573543,-9.29996979224,8.910000183824
    ));
#9657 = DIRECTION('',(1.047444401653E-14,-1.,0.));
#9658 = DIRECTION('',(1.,1.047444401653E-14,0.));
#9659 = ORIENTED_EDGE('',*,*,#9660,.F.);
#9660 = EDGE_CURVE('',#9661,#9652,#9663,.T.);
#9661 = VERTEX_POINT('',#9662);
#9662 = CARTESIAN_POINT('',(8.780982572866,-9.29996979224,8.894008352103
    ));
#9663 = LINE('',#9664,#9665);
#9664 = CARTESIAN_POINT('',(8.780982572866,-9.29996979224,8.894008352103
    ));
#9665 = VECTOR('',#9666,1.);
#9666 = DIRECTION('',(-1.,-1.047444401653E-14,-3.491481338843E-15));
#9667 = ORIENTED_EDGE('',*,*,#9668,.F.);
#9668 = EDGE_CURVE('',#9669,#9661,#9671,.T.);
#9669 = VERTEX_POINT('',#9670);
#9670 = CARTESIAN_POINT('',(9.382011266622,-9.29996979224,8.547004273972
    ));
#9671 = CIRCLE('',#9672,0.694008156262);
#9672 = AXIS2_PLACEMENT_3D('',#9673,#9674,#9675);
#9673 = CARTESIAN_POINT('',(8.780982572866,-9.29996979224,8.200000195841
    ));
#9674 = DIRECTION('',(1.047444401653E-14,-1.,0.));
#9675 = DIRECTION('',(1.,1.047444401653E-14,2.499572131773E-15));
#9676 = ORIENTED_EDGE('',*,*,#9677,.F.);
#9677 = EDGE_CURVE('',#9678,#9669,#9680,.T.);
#9678 = VERTEX_POINT('',#9679);
#9679 = CARTESIAN_POINT('',(9.974990720664,-9.29996979224,7.519933731726
    ));
#9680 = LINE('',#9681,#9682);
#9681 = CARTESIAN_POINT('',(9.948998555133,-9.29996979224,7.564953483025
    ));
#9682 = VECTOR('',#9683,1.);
#9683 = DIRECTION('',(-0.5,-5.237222008267E-15,0.866025403784));
#9684 = ORIENTED_EDGE('',*,*,#9685,.F.);
#9685 = EDGE_CURVE('',#9686,#9678,#9688,.T.);
#9686 = VERTEX_POINT('',#9687);
#9687 = CARTESIAN_POINT('',(9.974990720664,-9.29996979224,3.213374932151
    ));
#9688 = LINE('',#9689,#9690);
#9689 = CARTESIAN_POINT('',(9.974990720664,-9.29996979224,3.265359263214
    ));
#9690 = VECTOR('',#9691,1.);
#9691 = DIRECTION('',(-3.498085736188E-15,-3.664050320872E-29,1.));
#9692 = ORIENTED_EDGE('',*,*,#9693,.F.);
#9693 = EDGE_CURVE('',#9694,#9686,#9696,.T.);
#9694 = VERTEX_POINT('',#9695);
#9695 = CARTESIAN_POINT('',(9.651455912115,-9.29996979224,2.652996205726
    ));
#9696 = LINE('',#9697,#9698);
#9697 = CARTESIAN_POINT('',(9.651455912115,-9.29996979224,2.652996205726
    ));
#9698 = VECTOR('',#9699,1.);
#9699 = DIRECTION('',(0.5,5.237222008267E-15,0.866025403784));
#9700 = ORIENTED_EDGE('',*,*,#9701,.F.);
#9701 = EDGE_CURVE('',#9702,#9694,#9704,.T.);
#9702 = VERTEX_POINT('',#9703);
#9703 = CARTESIAN_POINT('',(9.050427218359,-9.29996979224,2.305992127596
    ));
#9704 = CIRCLE('',#9705,0.694008156262);
#9705 = AXIS2_PLACEMENT_3D('',#9706,#9707,#9708);
#9706 = CARTESIAN_POINT('',(9.050427218359,-9.29996979224,3.000000283857
    ));
#9707 = DIRECTION('',(1.047444401653E-14,-1.,0.));
#9708 = DIRECTION('',(1.,1.047444401653E-14,3.74935819766E-15));
#9709 = ORIENTED_EDGE('',*,*,#9710,.F.);
#9710 = EDGE_CURVE('',#9711,#9702,#9713,.T.);
#9711 = VERTEX_POINT('',#9712);
#9712 = CARTESIAN_POINT('',(5.880982621952,-9.29996979224,2.305992127595
    ));
#9713 = LINE('',#9714,#9715);
#9714 = CARTESIAN_POINT('',(5.880982621952,-9.29996979224,2.305992127595
    ));
#9715 = VECTOR('',#9716,1.);
#9716 = DIRECTION('',(1.,1.047444401653E-14,3.491481338843E-15));
#9717 = ORIENTED_EDGE('',*,*,#9718,.F.);
#9718 = EDGE_CURVE('',#9719,#9711,#9721,.T.);
#9719 = VERTEX_POINT('',#9720);
#9720 = CARTESIAN_POINT('',(5.18697446569,-9.29996979224,3.000000283857)
  );
#9721 = CIRCLE('',#9722,0.694008156262);
#9722 = AXIS2_PLACEMENT_3D('',#9723,#9724,#9725);
#9723 = CARTESIAN_POINT('',(5.880982621952,-9.29996979224,3.000000283857
    ));
#9724 = DIRECTION('',(1.047444401653E-14,-1.,0.));
#9725 = DIRECTION('',(1.,1.047444401653E-14,3.74935819766E-15));
#9726 = ORIENTED_EDGE('',*,*,#9727,.F.);
#9727 = EDGE_CURVE('',#9575,#9719,#9728,.T.);
#9728 = LINE('',#9729,#9730);
#9729 = CARTESIAN_POINT('',(5.18697446569,-9.29996979224,7.472538868975)
  );
#9730 = VECTOR('',#9731,1.);
#9731 = DIRECTION('',(3.491481338843E-15,3.657132581847E-29,-1.));
#9732 = FACE_BOUND('',#9733,.T.);
#9733 = EDGE_LOOP('',(#9734,#9744,#9752,#9760));
#9734 = ORIENTED_EDGE('',*,*,#9735,.T.);
#9735 = EDGE_CURVE('',#9736,#9738,#9740,.T.);
#9736 = VERTEX_POINT('',#9737);
#9737 = CARTESIAN_POINT('',(-10.21901710553,-9.29996979224,
    0.300000329558));
#9738 = VERTEX_POINT('',#9739);
#9739 = CARTESIAN_POINT('',(11.28098253055,-9.29996979224,0.300000329558
    ));
#9740 = LINE('',#9741,#9742);
#9741 = CARTESIAN_POINT('',(-10.21901710553,-9.29996979224,
    0.300000329558));
#9742 = VECTOR('',#9743,1.);
#9743 = DIRECTION('',(1.,1.047444401653E-14,3.491481338843E-15));
#9744 = ORIENTED_EDGE('',*,*,#9745,.T.);
#9745 = EDGE_CURVE('',#9738,#9746,#9748,.T.);
#9746 = VERTEX_POINT('',#9747);
#9747 = CARTESIAN_POINT('',(11.28098253055,-9.29996979224,
    13.060107816132));
#9748 = LINE('',#9749,#9750);
#9749 = CARTESIAN_POINT('',(11.28098253055,-9.29996979224,0.300000329558
    ));
#9750 = VECTOR('',#9751,1.);
#9751 = DIRECTION('',(-3.491481338843E-15,-3.657132581847E-29,1.));
#9752 = ORIENTED_EDGE('',*,*,#9753,.F.);
#9753 = EDGE_CURVE('',#9754,#9746,#9756,.T.);
#9754 = VERTEX_POINT('',#9755);
#9755 = CARTESIAN_POINT('',(-10.21901710553,-9.29996979224,
    13.060107816132));
#9756 = LINE('',#9757,#9758);
#9757 = CARTESIAN_POINT('',(-10.21901710553,-9.29996979224,
    13.060107816132));
#9758 = VECTOR('',#9759,1.);
#9759 = DIRECTION('',(1.,1.047444401653E-14,3.491481338843E-15));
#9760 = ORIENTED_EDGE('',*,*,#9761,.F.);
#9761 = EDGE_CURVE('',#9736,#9754,#9762,.T.);
#9762 = LINE('',#9763,#9764);
#9763 = CARTESIAN_POINT('',(-10.21901710553,-9.29996979224,
    0.300000329558));
#9764 = VECTOR('',#9765,1.);
#9765 = DIRECTION('',(-3.491481338843E-15,-3.657132581847E-29,1.));
#9766 = FACE_BOUND('',#9767,.T.);
#9767 = EDGE_LOOP('',(#9768,#9779,#9787,#9796,#9805,#9813,#9822,#9830,
    #9839,#9847,#9856,#9864,#9873,#9881,#9889,#9897,#9906,#9914,#9923));
#9768 = ORIENTED_EDGE('',*,*,#9769,.F.);
#9769 = EDGE_CURVE('',#9770,#9772,#9774,.T.);
#9770 = VERTEX_POINT('',#9771);
#9771 = CARTESIAN_POINT('',(-9.720045817912,-9.29996979224,
    7.819542947106));
#9772 = VERTEX_POINT('',#9773);
#9773 = CARTESIAN_POINT('',(-9.813025280418,-9.29996979224,
    7.472538868975));
#9774 = CIRCLE('',#9775,0.694008156262);
#9775 = AXIS2_PLACEMENT_3D('',#9776,#9777,#9778);
#9776 = CARTESIAN_POINT('',(-9.119017124156,-9.29996979224,
    7.472538868975));
#9777 = DIRECTION('',(1.047444401653E-14,-1.,0.));
#9778 = DIRECTION('',(1.,1.047444401653E-14,2.499572131773E-15));
#9779 = ORIENTED_EDGE('',*,*,#9780,.F.);
#9780 = EDGE_CURVE('',#9781,#9770,#9783,.T.);
#9781 = VERTEX_POINT('',#9782);
#9782 = CARTESIAN_POINT('',(-9.300045825021,-9.29996979224,
    8.547004273972));
#9783 = LINE('',#9784,#9785);
#9784 = CARTESIAN_POINT('',(-9.300045825021,-9.29996979224,
    8.547004273972));
#9785 = VECTOR('',#9786,1.);
#9786 = DIRECTION('',(-0.5,-5.237222008267E-15,-0.866025403784));
#9787 = ORIENTED_EDGE('',*,*,#9788,.F.);
#9788 = EDGE_CURVE('',#9789,#9781,#9791,.T.);
#9789 = VERTEX_POINT('',#9790);
#9790 = CARTESIAN_POINT('',(-8.777215233379,-9.29996979224,
    8.889588752724));
#9791 = CIRCLE('',#9792,0.694008156262);
#9792 = AXIS2_PLACEMENT_3D('',#9793,#9794,#9795);
#9793 = CARTESIAN_POINT('',(-8.699017131265,-9.29996979224,
    8.200000195841));
#9794 = DIRECTION('',(1.047444401653E-14,-1.,0.));
#9795 = DIRECTION('',(1.,1.047444401653E-14,2.499572131773E-15));
#9796 = ORIENTED_EDGE('',*,*,#9797,.T.);
#9797 = EDGE_CURVE('',#9789,#9798,#9800,.T.);
#9798 = VERTEX_POINT('',#9799);
#9799 = CARTESIAN_POINT('',(-8.76302529819,-9.29996979224,8.905478744878
    ));
#9800 = CIRCLE('',#9801,1.599183172085E-02);
#9801 = AXIS2_PLACEMENT_3D('',#9802,#9803,#9804);
#9802 = CARTESIAN_POINT('',(-8.779017129911,-9.29996979224,
    8.905478744878));
#9803 = DIRECTION('',(1.047444401653E-14,-1.,0.));
#9804 = DIRECTION('',(1.,1.047444401653E-14,0.));
#9805 = ORIENTED_EDGE('',*,*,#9806,.F.);
#9806 = EDGE_CURVE('',#9807,#9798,#9809,.T.);
#9807 = VERTEX_POINT('',#9808);
#9808 = CARTESIAN_POINT('',(-8.76302529819,-9.29996979224,
    10.400000158604));
#9809 = LINE('',#9810,#9811);
#9810 = CARTESIAN_POINT('',(-8.76302529819,-9.29996979224,
    10.400000158604));
#9811 = VECTOR('',#9812,1.);
#9812 = DIRECTION('',(3.491481338843E-15,3.657132581847E-29,-1.));
#9813 = ORIENTED_EDGE('',*,*,#9814,.F.);
#9814 = EDGE_CURVE('',#9815,#9807,#9817,.T.);
#9815 = VERTEX_POINT('',#9816);
#9816 = CARTESIAN_POINT('',(-8.269017138543,-9.29996979224,
    10.89400831825));
#9817 = CIRCLE('',#9818,0.494008159647);
#9818 = AXIS2_PLACEMENT_3D('',#9819,#9820,#9821);
#9819 = CARTESIAN_POINT('',(-8.269017138543,-9.29996979224,
    10.400000158604));
#9820 = DIRECTION('',(1.047444401653E-14,-1.,0.));
#9821 = DIRECTION('',(1.,1.047444401653E-14,3.511527922646E-15));
#9822 = ORIENTED_EDGE('',*,*,#9823,.F.);
#9823 = EDGE_CURVE('',#9824,#9815,#9826,.T.);
#9824 = VERTEX_POINT('',#9825);
#9825 = CARTESIAN_POINT('',(-6.769017163933,-9.29996979224,
    10.89400831825));
#9826 = LINE('',#9827,#9828);
#9827 = CARTESIAN_POINT('',(-6.769017163933,-9.29996979224,
    10.89400831825));
#9828 = VECTOR('',#9829,1.);
#9829 = DIRECTION('',(-1.,-1.047444401653E-14,-3.491481338843E-15));
#9830 = ORIENTED_EDGE('',*,*,#9831,.F.);
#9831 = EDGE_CURVE('',#9832,#9824,#9834,.T.);
#9832 = VERTEX_POINT('',#9833);
#9833 = CARTESIAN_POINT('',(-6.275009004286,-9.29996979224,
    10.400000158604));
#9834 = CIRCLE('',#9835,0.494008159647);
#9835 = AXIS2_PLACEMENT_3D('',#9836,#9837,#9838);
#9836 = CARTESIAN_POINT('',(-6.769017163933,-9.29996979224,
    10.400000158604));
#9837 = DIRECTION('',(1.047444401653E-14,-1.,0.));
#9838 = DIRECTION('',(1.,1.047444401653E-14,3.511527922646E-15));
#9839 = ORIENTED_EDGE('',*,*,#9840,.F.);
#9840 = EDGE_CURVE('',#9841,#9832,#9843,.T.);
#9841 = VERTEX_POINT('',#9842);
#9842 = CARTESIAN_POINT('',(-6.275009004286,-9.29996979224,
    8.910000183823));
#9843 = LINE('',#9844,#9845);
#9844 = CARTESIAN_POINT('',(-6.275009004286,-9.29996979224,
    8.910000183823));
#9845 = VECTOR('',#9846,1.);
#9846 = DIRECTION('',(-3.491481338843E-15,-3.657132581847E-29,1.));
#9847 = ORIENTED_EDGE('',*,*,#9848,.T.);
#9848 = EDGE_CURVE('',#9841,#9849,#9851,.T.);
#9849 = VERTEX_POINT('',#9850);
#9850 = CARTESIAN_POINT('',(-6.259017172565,-9.29996979224,
    8.894008352103));
#9851 = CIRCLE('',#9852,1.599183172085E-02);
#9852 = AXIS2_PLACEMENT_3D('',#9853,#9854,#9855);
#9853 = CARTESIAN_POINT('',(-6.259017172565,-9.29996979224,
    8.910000183823));
#9854 = DIRECTION('',(1.047444401653E-14,-1.,0.));
#9855 = DIRECTION('',(1.,1.047444401653E-14,0.));
#9856 = ORIENTED_EDGE('',*,*,#9857,.F.);
#9857 = EDGE_CURVE('',#9858,#9849,#9860,.T.);
#9858 = VERTEX_POINT('',#9859);
#9859 = CARTESIAN_POINT('',(-6.219017173242,-9.29996979224,
    8.894008352103));
#9860 = LINE('',#9861,#9862);
#9861 = CARTESIAN_POINT('',(-6.219017173242,-9.29996979224,
    8.894008352103));
#9862 = VECTOR('',#9863,1.);
#9863 = DIRECTION('',(-1.,-1.047444401653E-14,-3.491481338843E-15));
#9864 = ORIENTED_EDGE('',*,*,#9865,.F.);
#9865 = EDGE_CURVE('',#9866,#9858,#9868,.T.);
#9866 = VERTEX_POINT('',#9867);
#9867 = CARTESIAN_POINT('',(-5.617988479486,-9.29996979224,
    8.547004273972));
#9868 = CIRCLE('',#9869,0.694008156262);
#9869 = AXIS2_PLACEMENT_3D('',#9870,#9871,#9872);
#9870 = CARTESIAN_POINT('',(-6.219017173242,-9.29996979224,
    8.200000195841));
#9871 = DIRECTION('',(1.047444401653E-14,-1.,0.));
#9872 = DIRECTION('',(1.,1.047444401653E-14,2.499572131773E-15));
#9873 = ORIENTED_EDGE('',*,*,#9874,.F.);
#9874 = EDGE_CURVE('',#9875,#9866,#9877,.T.);
#9875 = VERTEX_POINT('',#9876);
#9876 = CARTESIAN_POINT('',(-5.025009025443,-9.29996979224,
    7.519933731726));
#9877 = LINE('',#9878,#9879);
#9878 = CARTESIAN_POINT('',(-5.051001190975,-9.29996979224,
    7.564953483025));
#9879 = VECTOR('',#9880,1.);
#9880 = DIRECTION('',(-0.5,-5.237222008267E-15,0.866025403784));
#9881 = ORIENTED_EDGE('',*,*,#9882,.F.);
#9882 = EDGE_CURVE('',#9883,#9875,#9885,.T.);
#9883 = VERTEX_POINT('',#9884);
#9884 = CARTESIAN_POINT('',(-5.025009025443,-9.29996979224,
    3.213374932151));
#9885 = LINE('',#9886,#9887);
#9886 = CARTESIAN_POINT('',(-5.025009025443,-9.29996979224,
    3.265359263214));
#9887 = VECTOR('',#9888,1.);
#9888 = DIRECTION('',(-3.498085736188E-15,-3.664050320872E-29,1.));
#9889 = ORIENTED_EDGE('',*,*,#9890,.F.);
#9890 = EDGE_CURVE('',#9891,#9883,#9893,.T.);
#9891 = VERTEX_POINT('',#9892);
#9892 = CARTESIAN_POINT('',(-5.348543833993,-9.29996979224,
    2.652996205726));
#9893 = LINE('',#9894,#9895);
#9894 = CARTESIAN_POINT('',(-5.348543833993,-9.29996979224,
    2.652996205726));
#9895 = VECTOR('',#9896,1.);
#9896 = DIRECTION('',(0.5,5.237222008267E-15,0.866025403784));
#9897 = ORIENTED_EDGE('',*,*,#9898,.F.);
#9898 = EDGE_CURVE('',#9899,#9891,#9901,.T.);
#9899 = VERTEX_POINT('',#9900);
#9900 = CARTESIAN_POINT('',(-5.949572527749,-9.29996979224,
    2.305992127595));
#9901 = CIRCLE('',#9902,0.694008156262);
#9902 = AXIS2_PLACEMENT_3D('',#9903,#9904,#9905);
#9903 = CARTESIAN_POINT('',(-5.949572527749,-9.29996979224,
    3.000000283857));
#9904 = DIRECTION('',(1.047444401653E-14,-1.,0.));
#9905 = DIRECTION('',(1.,1.047444401653E-14,3.74935819766E-15));
#9906 = ORIENTED_EDGE('',*,*,#9907,.F.);
#9907 = EDGE_CURVE('',#9908,#9899,#9910,.T.);
#9908 = VERTEX_POINT('',#9909);
#9909 = CARTESIAN_POINT('',(-9.119017124156,-9.29996979224,
    2.305992127595));
#9910 = LINE('',#9911,#9912);
#9911 = CARTESIAN_POINT('',(-9.119017124156,-9.29996979224,
    2.305992127595));
#9912 = VECTOR('',#9913,1.);
#9913 = DIRECTION('',(1.,1.047444401653E-14,3.491481338843E-15));
#9914 = ORIENTED_EDGE('',*,*,#9915,.F.);
#9915 = EDGE_CURVE('',#9916,#9908,#9918,.T.);
#9916 = VERTEX_POINT('',#9917);
#9917 = CARTESIAN_POINT('',(-9.813025280418,-9.29996979224,
    3.000000283857));
#9918 = CIRCLE('',#9919,0.694008156262);
#9919 = AXIS2_PLACEMENT_3D('',#9920,#9921,#9922);
#9920 = CARTESIAN_POINT('',(-9.119017124156,-9.29996979224,
    3.000000283857));
#9921 = DIRECTION('',(1.047444401653E-14,-1.,0.));
#9922 = DIRECTION('',(1.,1.047444401653E-14,3.74935819766E-15));
#9923 = ORIENTED_EDGE('',*,*,#9924,.F.);
#9924 = EDGE_CURVE('',#9772,#9916,#9925,.T.);
#9925 = LINE('',#9926,#9927);
#9926 = CARTESIAN_POINT('',(-9.813025280418,-9.29996979224,
    7.472538868975));
#9927 = VECTOR('',#9928,1.);
#9928 = DIRECTION('',(3.491481338843E-15,3.657132581847E-29,-1.));
#9929 = FACE_BOUND('',#9930,.T.);
#9930 = EDGE_LOOP('',(#9931,#9942,#9950,#9959,#9968,#9976,#9985,#9993,
    #10002,#10010,#10019,#10027,#10036,#10044,#10052,#10060,#10069,
    #10077,#10086));
#9931 = ORIENTED_EDGE('',*,*,#9932,.F.);
#9932 = EDGE_CURVE('',#9933,#9935,#9937,.T.);
#9933 = VERTEX_POINT('',#9934);
#9934 = CARTESIAN_POINT('',(0.279954012826,-9.29996979224,7.819542947106
    ));
#9935 = VERTEX_POINT('',#9936);
#9936 = CARTESIAN_POINT('',(0.186974550321,-9.29996979224,7.472538868975
    ));
#9937 = CIRCLE('',#9938,0.694008156262);
#9938 = AXIS2_PLACEMENT_3D('',#9939,#9940,#9941);
#9939 = CARTESIAN_POINT('',(0.880982706582,-9.29996979224,7.472538868975
    ));
#9940 = DIRECTION('',(1.047444401653E-14,-1.,0.));
#9941 = DIRECTION('',(1.,1.047444401653E-14,2.499572131773E-15));
#9942 = ORIENTED_EDGE('',*,*,#9943,.F.);
#9943 = EDGE_CURVE('',#9944,#9933,#9946,.T.);
#9944 = VERTEX_POINT('',#9945);
#9945 = CARTESIAN_POINT('',(0.699954005717,-9.29996979224,8.547004273972
    ));
#9946 = LINE('',#9947,#9948);
#9947 = CARTESIAN_POINT('',(0.699954005717,-9.29996979224,8.547004273972
    ));
#9948 = VECTOR('',#9949,1.);
#9949 = DIRECTION('',(-0.5,-5.237222008267E-15,-0.866025403784));
#9950 = ORIENTED_EDGE('',*,*,#9951,.F.);
#9951 = EDGE_CURVE('',#9952,#9944,#9954,.T.);
#9952 = VERTEX_POINT('',#9953);
#9953 = CARTESIAN_POINT('',(1.222784597359,-9.29996979224,8.889588752724
    ));
#9954 = CIRCLE('',#9955,0.694008156262);
#9955 = AXIS2_PLACEMENT_3D('',#9956,#9957,#9958);
#9956 = CARTESIAN_POINT('',(1.300982699473,-9.29996979224,8.200000195841
    ));
#9957 = DIRECTION('',(1.047444401653E-14,-1.,0.));
#9958 = DIRECTION('',(1.,1.047444401653E-14,2.499572131773E-15));
#9959 = ORIENTED_EDGE('',*,*,#9960,.T.);
#9960 = EDGE_CURVE('',#9952,#9961,#9963,.T.);
#9961 = VERTEX_POINT('',#9962);
#9962 = CARTESIAN_POINT('',(1.236974532548,-9.29996979224,8.905478744878
    ));
#9963 = CIRCLE('',#9964,1.599183172085E-02);
#9964 = AXIS2_PLACEMENT_3D('',#9965,#9966,#9967);
#9965 = CARTESIAN_POINT('',(1.220982700827,-9.29996979224,8.905478744878
    ));
#9966 = DIRECTION('',(1.047444401653E-14,-1.,0.));
#9967 = DIRECTION('',(1.,1.047444401653E-14,0.));
#9968 = ORIENTED_EDGE('',*,*,#9969,.F.);
#9969 = EDGE_CURVE('',#9970,#9961,#9972,.T.);
#9970 = VERTEX_POINT('',#9971);
#9971 = CARTESIAN_POINT('',(1.236974532548,-9.29996979224,
    10.400000158604));
#9972 = LINE('',#9973,#9974);
#9973 = CARTESIAN_POINT('',(1.236974532548,-9.29996979224,
    10.400000158604));
#9974 = VECTOR('',#9975,1.);
#9975 = DIRECTION('',(3.491481338843E-15,3.657132581847E-29,-1.));
#9976 = ORIENTED_EDGE('',*,*,#9977,.F.);
#9977 = EDGE_CURVE('',#9978,#9970,#9980,.T.);
#9978 = VERTEX_POINT('',#9979);
#9979 = CARTESIAN_POINT('',(1.730982692195,-9.29996979224,10.89400831825
    ));
#9980 = CIRCLE('',#9981,0.494008159647);
#9981 = AXIS2_PLACEMENT_3D('',#9982,#9983,#9984);
#9982 = CARTESIAN_POINT('',(1.730982692195,-9.29996979224,
    10.400000158604));
#9983 = DIRECTION('',(1.047444401653E-14,-1.,0.));
#9984 = DIRECTION('',(1.,1.047444401653E-14,3.511527922646E-15));
#9985 = ORIENTED_EDGE('',*,*,#9986,.F.);
#9986 = EDGE_CURVE('',#9987,#9978,#9989,.T.);
#9987 = VERTEX_POINT('',#9988);
#9988 = CARTESIAN_POINT('',(3.230982666806,-9.29996979224,10.89400831825
    ));
#9989 = LINE('',#9990,#9991);
#9990 = CARTESIAN_POINT('',(3.230982666806,-9.29996979224,10.89400831825
    ));
#9991 = VECTOR('',#9992,1.);
#9992 = DIRECTION('',(-1.,-1.047444401653E-14,-3.491481338843E-15));
#9993 = ORIENTED_EDGE('',*,*,#9994,.F.);
#9994 = EDGE_CURVE('',#9995,#9987,#9997,.T.);
#9995 = VERTEX_POINT('',#9996);
#9996 = CARTESIAN_POINT('',(3.724990826453,-9.29996979224,
    10.400000158604));
#9997 = CIRCLE('',#9998,0.494008159647);
#9998 = AXIS2_PLACEMENT_3D('',#9999,#10000,#10001);
#9999 = CARTESIAN_POINT('',(3.230982666806,-9.29996979224,
    10.400000158604));
#10000 = DIRECTION('',(1.047444401653E-14,-1.,0.));
#10001 = DIRECTION('',(1.,1.047444401653E-14,3.511527922646E-15));
#10002 = ORIENTED_EDGE('',*,*,#10003,.F.);
#10003 = EDGE_CURVE('',#10004,#9995,#10006,.T.);
#10004 = VERTEX_POINT('',#10005);
#10005 = CARTESIAN_POINT('',(3.724990826453,-9.29996979224,
    8.910000183824));
#10006 = LINE('',#10007,#10008);
#10007 = CARTESIAN_POINT('',(3.724990826453,-9.29996979224,
    8.910000183824));
#10008 = VECTOR('',#10009,1.);
#10009 = DIRECTION('',(-3.491481338843E-15,-3.657132581847E-29,1.));
#10010 = ORIENTED_EDGE('',*,*,#10011,.T.);
#10011 = EDGE_CURVE('',#10004,#10012,#10014,.T.);
#10012 = VERTEX_POINT('',#10013);
#10013 = CARTESIAN_POINT('',(3.740982658174,-9.29996979224,
    8.894008352103));
#10014 = CIRCLE('',#10015,1.599183172085E-02);
#10015 = AXIS2_PLACEMENT_3D('',#10016,#10017,#10018);
#10016 = CARTESIAN_POINT('',(3.740982658174,-9.29996979224,
    8.910000183824));
#10017 = DIRECTION('',(1.047444401653E-14,-1.,0.));
#10018 = DIRECTION('',(1.,1.047444401653E-14,0.));
#10019 = ORIENTED_EDGE('',*,*,#10020,.F.);
#10020 = EDGE_CURVE('',#10021,#10012,#10023,.T.);
#10021 = VERTEX_POINT('',#10022);
#10022 = CARTESIAN_POINT('',(3.780982657496,-9.29996979224,
    8.894008352103));
#10023 = LINE('',#10024,#10025);
#10024 = CARTESIAN_POINT('',(3.780982657496,-9.29996979224,
    8.894008352103));
#10025 = VECTOR('',#10026,1.);
#10026 = DIRECTION('',(-1.,-1.047444401653E-14,-3.491481338843E-15));
#10027 = ORIENTED_EDGE('',*,*,#10028,.F.);
#10028 = EDGE_CURVE('',#10029,#10021,#10031,.T.);
#10029 = VERTEX_POINT('',#10030);
#10030 = CARTESIAN_POINT('',(4.382011351253,-9.29996979224,
    8.547004273972));
#10031 = CIRCLE('',#10032,0.694008156262);
#10032 = AXIS2_PLACEMENT_3D('',#10033,#10034,#10035);
#10033 = CARTESIAN_POINT('',(3.780982657496,-9.29996979224,
    8.200000195841));
#10034 = DIRECTION('',(1.047444401653E-14,-1.,0.));
#10035 = DIRECTION('',(1.,1.047444401653E-14,2.499572131773E-15));
#10036 = ORIENTED_EDGE('',*,*,#10037,.F.);
#10037 = EDGE_CURVE('',#10038,#10029,#10040,.T.);
#10038 = VERTEX_POINT('',#10039);
#10039 = CARTESIAN_POINT('',(4.974990805295,-9.29996979224,
    7.519933731726));
#10040 = LINE('',#10041,#10042);
#10041 = CARTESIAN_POINT('',(4.948998639763,-9.29996979224,
    7.564953483025));
#10042 = VECTOR('',#10043,1.);
#10043 = DIRECTION('',(-0.5,-5.237222008267E-15,0.866025403784));
#10044 = ORIENTED_EDGE('',*,*,#10045,.F.);
#10045 = EDGE_CURVE('',#10046,#10038,#10048,.T.);
#10046 = VERTEX_POINT('',#10047);
#10047 = CARTESIAN_POINT('',(4.974990805295,-9.29996979224,
    3.213374932151));
#10048 = LINE('',#10049,#10050);
#10049 = CARTESIAN_POINT('',(4.974990805295,-9.29996979224,
    3.265359263214));
#10050 = VECTOR('',#10051,1.);
#10051 = DIRECTION('',(-3.498085736188E-15,-3.664050320872E-29,1.));
#10052 = ORIENTED_EDGE('',*,*,#10053,.F.);
#10053 = EDGE_CURVE('',#10054,#10046,#10056,.T.);
#10054 = VERTEX_POINT('',#10055);
#10055 = CARTESIAN_POINT('',(4.651455996745,-9.29996979224,
    2.652996205726));
#10056 = LINE('',#10057,#10058);
#10057 = CARTESIAN_POINT('',(4.651455996745,-9.29996979224,
    2.652996205726));
#10058 = VECTOR('',#10059,1.);
#10059 = DIRECTION('',(0.5,5.237222008267E-15,0.866025403784));
#10060 = ORIENTED_EDGE('',*,*,#10061,.F.);
#10061 = EDGE_CURVE('',#10062,#10054,#10064,.T.);
#10062 = VERTEX_POINT('',#10063);
#10063 = CARTESIAN_POINT('',(4.050427302989,-9.29996979224,
    2.305992127595));
#10064 = CIRCLE('',#10065,0.694008156262);
#10065 = AXIS2_PLACEMENT_3D('',#10066,#10067,#10068);
#10066 = CARTESIAN_POINT('',(4.050427302989,-9.29996979224,
    3.000000283857));
#10067 = DIRECTION('',(1.047444401653E-14,-1.,0.));
#10068 = DIRECTION('',(1.,1.047444401653E-14,3.74935819766E-15));
#10069 = ORIENTED_EDGE('',*,*,#10070,.F.);
#10070 = EDGE_CURVE('',#10071,#10062,#10073,.T.);
#10071 = VERTEX_POINT('',#10072);
#10072 = CARTESIAN_POINT('',(0.880982706582,-9.29996979224,
    2.305992127595));
#10073 = LINE('',#10074,#10075);
#10074 = CARTESIAN_POINT('',(0.880982706582,-9.29996979224,
    2.305992127595));
#10075 = VECTOR('',#10076,1.);
#10076 = DIRECTION('',(1.,1.047444401653E-14,3.491481338843E-15));
#10077 = ORIENTED_EDGE('',*,*,#10078,.F.);
#10078 = EDGE_CURVE('',#10079,#10071,#10081,.T.);
#10079 = VERTEX_POINT('',#10080);
#10080 = CARTESIAN_POINT('',(0.186974550321,-9.29996979224,
    3.000000283857));
#10081 = CIRCLE('',#10082,0.694008156262);
#10082 = AXIS2_PLACEMENT_3D('',#10083,#10084,#10085);
#10083 = CARTESIAN_POINT('',(0.880982706582,-9.29996979224,
    3.000000283857));
#10084 = DIRECTION('',(1.047444401653E-14,-1.,0.));
#10085 = DIRECTION('',(1.,1.047444401653E-14,3.74935819766E-15));
#10086 = ORIENTED_EDGE('',*,*,#10087,.F.);
#10087 = EDGE_CURVE('',#9935,#10079,#10088,.T.);
#10088 = LINE('',#10089,#10090);
#10089 = CARTESIAN_POINT('',(0.186974550321,-9.29996979224,
    7.472538868975));
#10090 = VECTOR('',#10091,1.);
#10091 = DIRECTION('',(3.491481338843E-15,3.657132581847E-29,-1.));
#10092 = PLANE('',#10093);
#10093 = AXIS2_PLACEMENT_3D('',#10094,#10095,#10096);
#10094 = CARTESIAN_POINT('',(-10.21901710553,-9.29996979224,
    0.300000329558));
#10095 = DIRECTION('',(-1.047444401653E-14,1.,0.));
#10096 = DIRECTION('',(-1.,-1.047444401653E-14,-3.491481338843E-15));
#10097 = ADVANCED_FACE('',(#10098),#10132,.T.);
#10098 = FACE_BOUND('',#10099,.T.);
#10099 = EDGE_LOOP('',(#10100,#10110,#10118,#10126));
#10100 = ORIENTED_EDGE('',*,*,#10101,.T.);
#10101 = EDGE_CURVE('',#10102,#10104,#10106,.T.);
#10102 = VERTEX_POINT('',#10103);
#10103 = CARTESIAN_POINT('',(8.77685269744,-1.44996992511,3.175968972822
    ));
#10104 = VERTEX_POINT('',#10105);
#10105 = CARTESIAN_POINT('',(8.77685269744,-1.44996992511,7.547553209755
    ));
#10106 = LINE('',#10107,#10108);
#10107 = CARTESIAN_POINT('',(8.77685269744,-1.44996992511,
    3.346355441636E-07));
#10108 = VECTOR('',#10109,1.);
#10109 = DIRECTION('',(-3.491481338843E-15,-3.657132581847E-29,1.));
#10110 = ORIENTED_EDGE('',*,*,#10111,.T.);
#10111 = EDGE_CURVE('',#10104,#10112,#10114,.T.);
#10112 = VERTEX_POINT('',#10113);
#10113 = CARTESIAN_POINT('',(6.165220813928,-1.44996992511,
    7.547553209755));
#10114 = LINE('',#10115,#10116);
#10115 = CARTESIAN_POINT('',(9.78098255594,-1.44996992511,7.547553209755
    ));
#10116 = VECTOR('',#10117,1.);
#10117 = DIRECTION('',(-1.,-1.047444401653E-14,-3.491481338843E-15));
#10118 = ORIENTED_EDGE('',*,*,#10119,.T.);
#10119 = EDGE_CURVE('',#10112,#10120,#10122,.T.);
#10120 = VERTEX_POINT('',#10121);
#10121 = CARTESIAN_POINT('',(6.165220813928,-1.44996992511,
    3.175968972822));
#10122 = LINE('',#10123,#10124);
#10123 = CARTESIAN_POINT('',(6.165220813928,-1.44996992511,
    3.346355348377E-07));
#10124 = VECTOR('',#10125,1.);
#10125 = DIRECTION('',(3.491481338843E-15,3.657132581847E-29,-1.));
#10126 = ORIENTED_EDGE('',*,*,#10127,.T.);
#10127 = EDGE_CURVE('',#10120,#10102,#10128,.T.);
#10128 = LINE('',#10129,#10130);
#10129 = CARTESIAN_POINT('',(9.78098255594,-1.44996992511,3.175968972822
    ));
#10130 = VECTOR('',#10131,1.);
#10131 = DIRECTION('',(1.,1.047444401653E-14,3.491481338843E-15));
#10132 = PLANE('',#10133);
#10133 = AXIS2_PLACEMENT_3D('',#10134,#10135,#10136);
#10134 = CARTESIAN_POINT('',(9.78098255594,-1.44996992511,
    3.346355477163E-07));
#10135 = DIRECTION('',(1.047444401653E-14,-1.,0.));
#10136 = DIRECTION('',(1.,1.047444401653E-14,3.491481338843E-15));
#10137 = ADVANCED_FACE('',(#10138),#10163,.F.);
#10138 = FACE_BOUND('',#10139,.T.);
#10139 = EDGE_LOOP('',(#10140,#10150,#10156,#10157));
#10140 = ORIENTED_EDGE('',*,*,#10141,.T.);
#10141 = EDGE_CURVE('',#10142,#10144,#10146,.T.);
#10142 = VERTEX_POINT('',#10143);
#10143 = CARTESIAN_POINT('',(9.214296007666,-6.449969840479,
    7.98499651998));
#10144 = VERTEX_POINT('',#10145);
#10145 = CARTESIAN_POINT('',(5.727777503703,-6.449969840479,
    7.98499651998));
#10146 = LINE('',#10147,#10148);
#10147 = CARTESIAN_POINT('',(5.727777503703,-6.449969840479,
    7.98499651998));
#10148 = VECTOR('',#10149,1.);
#10149 = DIRECTION('',(-1.,-1.047444401653E-14,-3.491481338843E-15));
#10150 = ORIENTED_EDGE('',*,*,#10151,.F.);
#10151 = EDGE_CURVE('',#10112,#10144,#10152,.T.);
#10152 = LINE('',#10153,#10154);
#10153 = CARTESIAN_POINT('',(5.727777503703,-6.449969840479,
    7.98499651998));
#10154 = VECTOR('',#10155,1.);
#10155 = DIRECTION('',(-8.682659386424E-02,-0.992432509139,
    8.682659386425E-02));
#10156 = ORIENTED_EDGE('',*,*,#10111,.F.);
#10157 = ORIENTED_EDGE('',*,*,#10158,.T.);
#10158 = EDGE_CURVE('',#10104,#10142,#10159,.T.);
#10159 = LINE('',#10160,#10161);
#10160 = CARTESIAN_POINT('',(9.214296007666,-6.449969840479,
    7.98499651998));
#10161 = VECTOR('',#10162,1.);
#10162 = DIRECTION('',(8.682659386426E-02,-0.992432509139,
    8.682659386425E-02));
#10163 = PLANE('',#10164);
#10164 = AXIS2_PLACEMENT_3D('',#10165,#10166,#10167);
#10165 = CARTESIAN_POINT('',(5.727777503703,-6.449969840479,
    7.98499651998));
#10166 = DIRECTION('',(-4.39110314637E-15,8.715574274764E-02,
    0.996194698092));
#10167 = DIRECTION('',(-1.013028294535E-14,0.996194698092,
    -8.715574274764E-02));
#10168 = ADVANCED_FACE('',(#10169),#10187,.F.);
#10169 = FACE_BOUND('',#10170,.T.);
#10170 = EDGE_LOOP('',(#10171,#10179,#10185,#10186));
#10171 = ORIENTED_EDGE('',*,*,#10172,.T.);
#10172 = EDGE_CURVE('',#10144,#10173,#10175,.T.);
#10173 = VERTEX_POINT('',#10174);
#10174 = CARTESIAN_POINT('',(5.727777503703,-6.449969840479,
    2.738525662596));
#10175 = LINE('',#10176,#10177);
#10176 = CARTESIAN_POINT('',(5.727777503703,-6.449969840479,
    7.98499651998));
#10177 = VECTOR('',#10178,1.);
#10178 = DIRECTION('',(3.491481338843E-15,3.657132581847E-29,-1.));
#10179 = ORIENTED_EDGE('',*,*,#10180,.F.);
#10180 = EDGE_CURVE('',#10120,#10173,#10181,.T.);
#10181 = LINE('',#10182,#10183);
#10182 = CARTESIAN_POINT('',(5.76732989936,-5.99788388941,2.778078058254
    ));
#10183 = VECTOR('',#10184,1.);
#10184 = DIRECTION('',(-8.682659386424E-02,-0.992432509139,
    -8.682659386425E-02));
#10185 = ORIENTED_EDGE('',*,*,#10119,.F.);
#10186 = ORIENTED_EDGE('',*,*,#10151,.T.);
#10187 = PLANE('',#10188);
#10188 = AXIS2_PLACEMENT_3D('',#10189,#10190,#10191);
#10189 = CARTESIAN_POINT('',(5.727777503703,-6.449969840479,
    7.98499651998));
#10190 = DIRECTION('',(-0.996194698092,8.715574274763E-02,
    -3.478195198241E-15));
#10191 = DIRECTION('',(-8.715574274763E-02,-0.996194698092,
    -3.043026493764E-16));
#10192 = ADVANCED_FACE('',(#10193),#10211,.F.);
#10193 = FACE_BOUND('',#10194,.T.);
#10194 = EDGE_LOOP('',(#10195,#10203,#10209,#10210));
#10195 = ORIENTED_EDGE('',*,*,#10196,.T.);
#10196 = EDGE_CURVE('',#10173,#10197,#10199,.T.);
#10197 = VERTEX_POINT('',#10198);
#10198 = CARTESIAN_POINT('',(9.214296007666,-6.449969840479,
    2.738525662596));
#10199 = LINE('',#10200,#10201);
#10200 = CARTESIAN_POINT('',(5.727777503703,-6.449969840479,
    2.738525662596));
#10201 = VECTOR('',#10202,1.);
#10202 = DIRECTION('',(1.,1.047444401653E-14,3.491481338843E-15));
#10203 = ORIENTED_EDGE('',*,*,#10204,.F.);
#10204 = EDGE_CURVE('',#10102,#10197,#10205,.T.);
#10205 = LINE('',#10206,#10207);
#10206 = CARTESIAN_POINT('',(9.188011641835,-6.149538164285,
    2.764810028427));
#10207 = VECTOR('',#10208,1.);
#10208 = DIRECTION('',(8.682659386426E-02,-0.992432509139,
    -8.682659386425E-02));
#10209 = ORIENTED_EDGE('',*,*,#10127,.F.);
#10210 = ORIENTED_EDGE('',*,*,#10180,.T.);
#10211 = PLANE('',#10212);
#10212 = AXIS2_PLACEMENT_3D('',#10213,#10214,#10215);
#10213 = CARTESIAN_POINT('',(5.727777503703,-6.449969840479,
    2.738525662596));
#10214 = DIRECTION('',(2.565287250111E-15,8.715574274764E-02,
    -0.996194698092));
#10215 = DIRECTION('',(1.07388882441E-14,-0.996194698092,
    -8.715574274764E-02));
#10216 = ADVANCED_FACE('',(#10217),#10228,.F.);
#10217 = FACE_BOUND('',#10218,.T.);
#10218 = EDGE_LOOP('',(#10219,#10225,#10226,#10227));
#10219 = ORIENTED_EDGE('',*,*,#10220,.T.);
#10220 = EDGE_CURVE('',#10197,#10142,#10221,.T.);
#10221 = LINE('',#10222,#10223);
#10222 = CARTESIAN_POINT('',(9.214296007666,-6.449969840479,
    7.98499651998));
#10223 = VECTOR('',#10224,1.);
#10224 = DIRECTION('',(-3.491481338843E-15,-3.657132581847E-29,1.));
#10225 = ORIENTED_EDGE('',*,*,#10158,.F.);
#10226 = ORIENTED_EDGE('',*,*,#10101,.F.);
#10227 = ORIENTED_EDGE('',*,*,#10204,.T.);
#10228 = PLANE('',#10229);
#10229 = AXIS2_PLACEMENT_3D('',#10230,#10231,#10232);
#10230 = CARTESIAN_POINT('',(9.214296007666,-6.449969840479,
    7.98499651998));
#10231 = DIRECTION('',(0.996194698092,8.715574274765E-02,
    3.478195198241E-15));
#10232 = DIRECTION('',(-8.715574274765E-02,0.996194698092,
    -3.043026493764E-16));
#10233 = ADVANCED_FACE('',(#10234,#10240),#10403,.T.);
#10234 = FACE_BOUND('',#10235,.T.);
#10235 = EDGE_LOOP('',(#10236,#10237,#10238,#10239));
#10236 = ORIENTED_EDGE('',*,*,#10220,.F.);
#10237 = ORIENTED_EDGE('',*,*,#10196,.F.);
#10238 = ORIENTED_EDGE('',*,*,#10172,.F.);
#10239 = ORIENTED_EDGE('',*,*,#10141,.F.);
#10240 = FACE_BOUND('',#10241,.T.);
#10241 = EDGE_LOOP('',(#10242,#10253,#10261,#10270,#10278,#10287,#10295,
    #10303,#10311,#10320,#10328,#10337,#10345,#10354,#10362,#10371,
    #10379,#10388,#10397));
#10242 = ORIENTED_EDGE('',*,*,#10243,.T.);
#10243 = EDGE_CURVE('',#10244,#10246,#10248,.T.);
#10244 = VERTEX_POINT('',#10245);
#10245 = CARTESIAN_POINT('',(5.447969927389,-6.449969840479,
    7.722538864744));
#10246 = VERTEX_POINT('',#10247);
#10247 = CARTESIAN_POINT('',(5.380982630415,-6.449969840479,
    7.472538868975));
#10248 = CIRCLE('',#10249,0.499999991537);
#10249 = AXIS2_PLACEMENT_3D('',#10250,#10251,#10252);
#10250 = CARTESIAN_POINT('',(5.880982621952,-6.449969840479,
    7.472538868975));
#10251 = DIRECTION('',(1.047444401653E-14,-1.,0.));
#10252 = DIRECTION('',(1.,1.047444401653E-14,3.469446951954E-15));
#10253 = ORIENTED_EDGE('',*,*,#10254,.T.);
#10254 = EDGE_CURVE('',#10246,#10255,#10257,.T.);
#10255 = VERTEX_POINT('',#10256);
#10256 = CARTESIAN_POINT('',(5.380982630415,-6.449969840479,
    3.000000283857));
#10257 = LINE('',#10258,#10259);
#10258 = CARTESIAN_POINT('',(5.380982630415,-6.449969840479,
    7.472538868975));
#10259 = VECTOR('',#10260,1.);
#10260 = DIRECTION('',(3.491481338843E-15,3.657132581847E-29,-1.));
#10261 = ORIENTED_EDGE('',*,*,#10262,.T.);
#10262 = EDGE_CURVE('',#10255,#10263,#10265,.T.);
#10263 = VERTEX_POINT('',#10264);
#10264 = CARTESIAN_POINT('',(5.880982621952,-6.449969840479,
    2.50000029232));
#10265 = CIRCLE('',#10266,0.499999991537);
#10266 = AXIS2_PLACEMENT_3D('',#10267,#10268,#10269);
#10267 = CARTESIAN_POINT('',(5.880982621952,-6.449969840479,
    3.000000283857));
#10268 = DIRECTION('',(1.047444401653E-14,-1.,0.));
#10269 = DIRECTION('',(1.,1.047444401653E-14,3.469446951954E-15));
#10270 = ORIENTED_EDGE('',*,*,#10271,.T.);
#10271 = EDGE_CURVE('',#10263,#10272,#10274,.T.);
#10272 = VERTEX_POINT('',#10273);
#10273 = CARTESIAN_POINT('',(9.050427218359,-6.449969840479,
    2.50000029232));
#10274 = LINE('',#10275,#10276);
#10275 = CARTESIAN_POINT('',(5.880982621952,-6.449969840479,
    2.50000029232));
#10276 = VECTOR('',#10277,1.);
#10277 = DIRECTION('',(1.,1.047444401653E-14,3.491481338843E-15));
#10278 = ORIENTED_EDGE('',*,*,#10279,.T.);
#10279 = EDGE_CURVE('',#10272,#10280,#10282,.T.);
#10280 = VERTEX_POINT('',#10281);
#10281 = CARTESIAN_POINT('',(9.483439912922,-6.449969840479,
    2.750000288089));
#10282 = CIRCLE('',#10283,0.499999991537);
#10283 = AXIS2_PLACEMENT_3D('',#10284,#10285,#10286);
#10284 = CARTESIAN_POINT('',(9.050427218359,-6.449969840479,
    3.000000283857));
#10285 = DIRECTION('',(1.047444401653E-14,-1.,0.));
#10286 = DIRECTION('',(1.,1.047444401653E-14,3.469446951954E-15));
#10287 = ORIENTED_EDGE('',*,*,#10288,.T.);
#10288 = EDGE_CURVE('',#10280,#10289,#10291,.T.);
#10289 = VERTEX_POINT('',#10290);
#10290 = CARTESIAN_POINT('',(9.78098255594,-6.449969840479,
    3.265359263214));
#10291 = LINE('',#10292,#10293);
#10292 = CARTESIAN_POINT('',(9.483439912922,-6.449969840479,
    2.750000288089));
#10293 = VECTOR('',#10294,1.);
#10294 = DIRECTION('',(0.5,5.237222008267E-15,0.866025403784));
#10295 = ORIENTED_EDGE('',*,*,#10296,.T.);
#10296 = EDGE_CURVE('',#10289,#10297,#10299,.T.);
#10297 = VERTEX_POINT('',#10298);
#10298 = CARTESIAN_POINT('',(9.78098255594,-6.449969840479,
    7.467949400663));
#10299 = LINE('',#10300,#10301);
#10300 = CARTESIAN_POINT('',(9.78098255594,-6.449969840479,
    3.265359263214));
#10301 = VECTOR('',#10302,1.);
#10302 = DIRECTION('',(-3.498085736188E-15,-3.664050320872E-29,1.));
#10303 = ORIENTED_EDGE('',*,*,#10304,.T.);
#10304 = EDGE_CURVE('',#10297,#10305,#10307,.T.);
#10305 = VERTEX_POINT('',#10306);
#10306 = CARTESIAN_POINT('',(9.213995267429,-6.449969840479,
    8.45000019161));
#10307 = LINE('',#10308,#10309);
#10308 = CARTESIAN_POINT('',(9.78098255594,-6.449969840479,
    7.467949400663));
#10309 = VECTOR('',#10310,1.);
#10310 = DIRECTION('',(-0.5,-5.237222008267E-15,0.866025403784));
#10311 = ORIENTED_EDGE('',*,*,#10312,.T.);
#10312 = EDGE_CURVE('',#10305,#10313,#10315,.T.);
#10313 = VERTEX_POINT('',#10314);
#10314 = CARTESIAN_POINT('',(8.780982572866,-6.449969840479,
    8.700000187378));
#10315 = CIRCLE('',#10316,0.499999991537);
#10316 = AXIS2_PLACEMENT_3D('',#10317,#10318,#10319);
#10317 = CARTESIAN_POINT('',(8.780982572866,-6.449969840479,
    8.200000195841));
#10318 = DIRECTION('',(1.047444401653E-14,-1.,0.));
#10319 = DIRECTION('',(1.,1.047444401653E-14,3.469446951954E-15));
#10320 = ORIENTED_EDGE('',*,*,#10321,.T.);
#10321 = EDGE_CURVE('',#10313,#10322,#10324,.T.);
#10322 = VERTEX_POINT('',#10323);
#10323 = CARTESIAN_POINT('',(8.740982573543,-6.449969840479,
    8.700000187378));
#10324 = LINE('',#10325,#10326);
#10325 = CARTESIAN_POINT('',(8.780982572866,-6.449969840479,
    8.700000187378));
#10326 = VECTOR('',#10327,1.);
#10327 = DIRECTION('',(-1.,-1.047444401653E-14,-3.491481338843E-15));
#10328 = ORIENTED_EDGE('',*,*,#10329,.F.);
#10329 = EDGE_CURVE('',#10330,#10322,#10332,.T.);
#10330 = VERTEX_POINT('',#10331);
#10331 = CARTESIAN_POINT('',(8.530982577097,-6.449969840479,
    8.910000183824));
#10332 = CIRCLE('',#10333,0.209999996446);
#10333 = AXIS2_PLACEMENT_3D('',#10334,#10335,#10336);
#10334 = CARTESIAN_POINT('',(8.740982573543,-6.449969840479,
    8.910000183824));
#10335 = DIRECTION('',(1.047444401653E-14,-1.,0.));
#10336 = DIRECTION('',(1.,1.047444401653E-14,0.));
#10337 = ORIENTED_EDGE('',*,*,#10338,.T.);
#10338 = EDGE_CURVE('',#10330,#10339,#10341,.T.);
#10339 = VERTEX_POINT('',#10340);
#10340 = CARTESIAN_POINT('',(8.530982577097,-6.449969840479,
    10.400000158604));
#10341 = LINE('',#10342,#10343);
#10342 = CARTESIAN_POINT('',(8.530982577097,-6.449969840479,
    8.910000183824));
#10343 = VECTOR('',#10344,1.);
#10344 = DIRECTION('',(-3.491481338843E-15,-3.657132581847E-29,1.));
#10345 = ORIENTED_EDGE('',*,*,#10346,.T.);
#10346 = EDGE_CURVE('',#10339,#10347,#10349,.T.);
#10347 = VERTEX_POINT('',#10348);
#10348 = CARTESIAN_POINT('',(8.230982582175,-6.449969840479,
    10.700000153526));
#10349 = CIRCLE('',#10350,0.299999994922);
#10350 = AXIS2_PLACEMENT_3D('',#10351,#10352,#10353);
#10351 = CARTESIAN_POINT('',(8.230982582175,-6.449969840479,
    10.400000158604));
#10352 = DIRECTION('',(1.047444401653E-14,-1.,0.));
#10353 = DIRECTION('',(1.,1.047444401653E-14,5.782411586589E-15));
#10354 = ORIENTED_EDGE('',*,*,#10355,.T.);
#10355 = EDGE_CURVE('',#10347,#10356,#10358,.T.);
#10356 = VERTEX_POINT('',#10357);
#10357 = CARTESIAN_POINT('',(6.730982607564,-6.449969840479,
    10.700000153526));
#10358 = LINE('',#10359,#10360);
#10359 = CARTESIAN_POINT('',(8.230982582175,-6.449969840479,
    10.700000153526));
#10360 = VECTOR('',#10361,1.);
#10361 = DIRECTION('',(-1.,-1.047444401653E-14,-3.491481338843E-15));
#10362 = ORIENTED_EDGE('',*,*,#10363,.T.);
#10363 = EDGE_CURVE('',#10356,#10364,#10366,.T.);
#10364 = VERTEX_POINT('',#10365);
#10365 = CARTESIAN_POINT('',(6.430982612642,-6.449969840479,
    10.400000158604));
#10366 = CIRCLE('',#10367,0.299999994922);
#10367 = AXIS2_PLACEMENT_3D('',#10368,#10369,#10370);
#10368 = CARTESIAN_POINT('',(6.730982607564,-6.449969840479,
    10.400000158604));
#10369 = DIRECTION('',(1.047444401653E-14,-1.,0.));
#10370 = DIRECTION('',(1.,1.047444401653E-14,5.782411586589E-15));
#10371 = ORIENTED_EDGE('',*,*,#10372,.T.);
#10372 = EDGE_CURVE('',#10364,#10373,#10375,.T.);
#10373 = VERTEX_POINT('',#10374);
#10374 = CARTESIAN_POINT('',(6.430982612642,-6.449969840479,
    8.905478744878));
#10375 = LINE('',#10376,#10377);
#10376 = CARTESIAN_POINT('',(6.430982612642,-6.449969840479,
    10.400000158604));
#10377 = VECTOR('',#10378,1.);
#10378 = DIRECTION('',(3.491481338843E-15,3.657132581847E-29,-1.));
#10379 = ORIENTED_EDGE('',*,*,#10380,.F.);
#10380 = EDGE_CURVE('',#10381,#10373,#10383,.T.);
#10381 = VERTEX_POINT('',#10382);
#10382 = CARTESIAN_POINT('',(6.244644587627,-6.449969840479,
    8.696816075445));
#10383 = CIRCLE('',#10384,0.209999996446);
#10384 = AXIS2_PLACEMENT_3D('',#10385,#10386,#10387);
#10385 = CARTESIAN_POINT('',(6.220982616197,-6.449969840479,
    8.905478744878));
#10386 = DIRECTION('',(1.047444401653E-14,-1.,0.));
#10387 = DIRECTION('',(1.,1.047444401653E-14,0.));
#10388 = ORIENTED_EDGE('',*,*,#10389,.T.);
#10389 = EDGE_CURVE('',#10381,#10390,#10392,.T.);
#10390 = VERTEX_POINT('',#10391);
#10391 = CARTESIAN_POINT('',(5.86796992028,-6.449969840479,8.45000019161
    ));
#10392 = CIRCLE('',#10393,0.499999991537);
#10393 = AXIS2_PLACEMENT_3D('',#10394,#10395,#10396);
#10394 = CARTESIAN_POINT('',(6.300982614843,-6.449969840479,
    8.200000195841));
#10395 = DIRECTION('',(1.047444401653E-14,-1.,0.));
#10396 = DIRECTION('',(1.,1.047444401653E-14,3.469446951953E-15));
#10397 = ORIENTED_EDGE('',*,*,#10398,.T.);
#10398 = EDGE_CURVE('',#10390,#10244,#10399,.T.);
#10399 = LINE('',#10400,#10401);
#10400 = CARTESIAN_POINT('',(5.86796992028,-6.449969840479,8.45000019161
    ));
#10401 = VECTOR('',#10402,1.);
#10402 = DIRECTION('',(-0.5,-5.237222008267E-15,-0.866025403784));
#10403 = PLANE('',#10404);
#10404 = AXIS2_PLACEMENT_3D('',#10405,#10406,#10407);
#10405 = CARTESIAN_POINT('',(5.880982621952,-6.449969840479,
    7.472538868975));
#10406 = DIRECTION('',(1.047444401653E-14,-1.,0.));
#10407 = DIRECTION('',(-3.491481338843E-15,-3.657132581847E-29,1.));
#10408 = ADVANCED_FACE('',(#10409),#10435,.F.);
#10409 = FACE_BOUND('',#10410,.F.);
#10410 = EDGE_LOOP('',(#10411,#10412,#10420,#10429));
#10411 = ORIENTED_EDGE('',*,*,#10243,.T.);
#10412 = ORIENTED_EDGE('',*,*,#10413,.F.);
#10413 = EDGE_CURVE('',#10414,#10246,#10416,.T.);
#10414 = VERTEX_POINT('',#10415);
#10415 = CARTESIAN_POINT('',(5.380982630415,-8.949969798164,
    7.472538868975));
#10416 = LINE('',#10417,#10418);
#10417 = CARTESIAN_POINT('',(5.380982630415,-11.44996975584,
    7.472538868975));
#10418 = VECTOR('',#10419,1.);
#10419 = DIRECTION('',(-1.047444401653E-14,1.,0.));
#10420 = ORIENTED_EDGE('',*,*,#10421,.F.);
#10421 = EDGE_CURVE('',#10422,#10414,#10424,.T.);
#10422 = VERTEX_POINT('',#10423);
#10423 = CARTESIAN_POINT('',(5.447969927389,-8.949969798164,
    7.722538864744));
#10424 = CIRCLE('',#10425,0.499999991537);
#10425 = AXIS2_PLACEMENT_3D('',#10426,#10427,#10428);
#10426 = CARTESIAN_POINT('',(5.880982621952,-8.949969798164,
    7.472538868975));
#10427 = DIRECTION('',(1.047444401653E-14,-1.,0.));
#10428 = DIRECTION('',(1.,1.047444401653E-14,3.469446951954E-15));
#10429 = ORIENTED_EDGE('',*,*,#10430,.T.);
#10430 = EDGE_CURVE('',#10422,#10244,#10431,.T.);
#10431 = LINE('',#10432,#10433);
#10432 = CARTESIAN_POINT('',(5.447969927389,-11.44996975584,
    7.722538864744));
#10433 = VECTOR('',#10434,1.);
#10434 = DIRECTION('',(-1.047444401653E-14,1.,0.));
#10435 = CYLINDRICAL_SURFACE('',#10436,0.499999991537);
#10436 = AXIS2_PLACEMENT_3D('',#10437,#10438,#10439);
#10437 = CARTESIAN_POINT('',(5.880982621952,-11.44996975584,
    7.472538868975));
#10438 = DIRECTION('',(-1.047444401653E-14,1.,0.));
#10439 = DIRECTION('',(-1.,-1.047444401653E-14,-3.469446951954E-15));
#10440 = ADVANCED_FACE('',(#10441),#10459,.T.);
#10441 = FACE_BOUND('',#10442,.T.);
#10442 = EDGE_LOOP('',(#10443,#10444,#10452,#10458));
#10443 = ORIENTED_EDGE('',*,*,#10413,.F.);
#10444 = ORIENTED_EDGE('',*,*,#10445,.T.);
#10445 = EDGE_CURVE('',#10414,#10446,#10448,.T.);
#10446 = VERTEX_POINT('',#10447);
#10447 = CARTESIAN_POINT('',(5.380982630415,-8.949969798164,
    3.000000283857));
#10448 = LINE('',#10449,#10450);
#10449 = CARTESIAN_POINT('',(5.380982630415,-8.949969798164,
    7.472538868975));
#10450 = VECTOR('',#10451,1.);
#10451 = DIRECTION('',(3.491481338843E-15,3.657132581847E-29,-1.));
#10452 = ORIENTED_EDGE('',*,*,#10453,.T.);
#10453 = EDGE_CURVE('',#10446,#10255,#10454,.T.);
#10454 = LINE('',#10455,#10456);
#10455 = CARTESIAN_POINT('',(5.380982630415,-11.44996975584,
    3.000000283857));
#10456 = VECTOR('',#10457,1.);
#10457 = DIRECTION('',(-1.047444401653E-14,1.,0.));
#10458 = ORIENTED_EDGE('',*,*,#10254,.F.);
#10459 = PLANE('',#10460);
#10460 = AXIS2_PLACEMENT_3D('',#10461,#10462,#10463);
#10461 = CARTESIAN_POINT('',(5.380982630415,-11.44996975584,
    7.472538868975));
#10462 = DIRECTION('',(1.,1.047444401653E-14,3.491481338843E-15));
#10463 = DIRECTION('',(3.491481338843E-15,3.657132581847E-29,-1.));
#10464 = ADVANCED_FACE('',(#10465),#10484,.F.);
#10465 = FACE_BOUND('',#10466,.F.);
#10466 = EDGE_LOOP('',(#10467,#10468,#10476,#10483));
#10467 = ORIENTED_EDGE('',*,*,#10262,.T.);
#10468 = ORIENTED_EDGE('',*,*,#10469,.F.);
#10469 = EDGE_CURVE('',#10470,#10263,#10472,.T.);
#10470 = VERTEX_POINT('',#10471);
#10471 = CARTESIAN_POINT('',(5.880982621952,-8.949969798164,
    2.50000029232));
#10472 = LINE('',#10473,#10474);
#10473 = CARTESIAN_POINT('',(5.880982621952,-11.44996975584,
    2.50000029232));
#10474 = VECTOR('',#10475,1.);
#10475 = DIRECTION('',(-1.047444401653E-14,1.,0.));
#10476 = ORIENTED_EDGE('',*,*,#10477,.F.);
#10477 = EDGE_CURVE('',#10446,#10470,#10478,.T.);
#10478 = CIRCLE('',#10479,0.499999991537);
#10479 = AXIS2_PLACEMENT_3D('',#10480,#10481,#10482);
#10480 = CARTESIAN_POINT('',(5.880982621952,-8.949969798164,
    3.000000283857));
#10481 = DIRECTION('',(1.047444401653E-14,-1.,0.));
#10482 = DIRECTION('',(1.,1.047444401653E-14,3.469446951954E-15));
#10483 = ORIENTED_EDGE('',*,*,#10453,.T.);
#10484 = CYLINDRICAL_SURFACE('',#10485,0.499999991537);
#10485 = AXIS2_PLACEMENT_3D('',#10486,#10487,#10488);
#10486 = CARTESIAN_POINT('',(5.880982621952,-11.44996975584,
    3.000000283857));
#10487 = DIRECTION('',(-1.047444401653E-14,1.,0.));
#10488 = DIRECTION('',(-1.,-1.047444401653E-14,-3.469446951954E-15));
#10489 = ADVANCED_FACE('',(#10490),#10508,.T.);
#10490 = FACE_BOUND('',#10491,.T.);
#10491 = EDGE_LOOP('',(#10492,#10493,#10501,#10507));
#10492 = ORIENTED_EDGE('',*,*,#10469,.F.);
#10493 = ORIENTED_EDGE('',*,*,#10494,.T.);
#10494 = EDGE_CURVE('',#10470,#10495,#10497,.T.);
#10495 = VERTEX_POINT('',#10496);
#10496 = CARTESIAN_POINT('',(9.050427218359,-8.949969798164,
    2.50000029232));
#10497 = LINE('',#10498,#10499);
#10498 = CARTESIAN_POINT('',(5.880982621952,-8.949969798164,
    2.50000029232));
#10499 = VECTOR('',#10500,1.);
#10500 = DIRECTION('',(1.,1.047444401653E-14,3.491481338843E-15));
#10501 = ORIENTED_EDGE('',*,*,#10502,.T.);
#10502 = EDGE_CURVE('',#10495,#10272,#10503,.T.);
#10503 = LINE('',#10504,#10505);
#10504 = CARTESIAN_POINT('',(9.050427218359,-11.44996975584,
    2.50000029232));
#10505 = VECTOR('',#10506,1.);
#10506 = DIRECTION('',(-1.047444401653E-14,1.,0.));
#10507 = ORIENTED_EDGE('',*,*,#10271,.F.);
#10508 = PLANE('',#10509);
#10509 = AXIS2_PLACEMENT_3D('',#10510,#10511,#10512);
#10510 = CARTESIAN_POINT('',(5.880982621952,-11.44996975584,
    2.50000029232));
#10511 = DIRECTION('',(-3.491481338843E-15,-3.657132581847E-29,1.));
#10512 = DIRECTION('',(1.047444401653E-14,-1.,2.129973665774E-43));
#10513 = ADVANCED_FACE('',(#10514),#10533,.F.);
#10514 = FACE_BOUND('',#10515,.F.);
#10515 = EDGE_LOOP('',(#10516,#10517,#10525,#10532));
#10516 = ORIENTED_EDGE('',*,*,#10279,.T.);
#10517 = ORIENTED_EDGE('',*,*,#10518,.F.);
#10518 = EDGE_CURVE('',#10519,#10280,#10521,.T.);
#10519 = VERTEX_POINT('',#10520);
#10520 = CARTESIAN_POINT('',(9.483439912922,-8.949969798164,
    2.750000288089));
#10521 = LINE('',#10522,#10523);
#10522 = CARTESIAN_POINT('',(9.483439912922,-11.44996975584,
    2.750000288089));
#10523 = VECTOR('',#10524,1.);
#10524 = DIRECTION('',(-1.047444401653E-14,1.,0.));
#10525 = ORIENTED_EDGE('',*,*,#10526,.F.);
#10526 = EDGE_CURVE('',#10495,#10519,#10527,.T.);
#10527 = CIRCLE('',#10528,0.499999991537);
#10528 = AXIS2_PLACEMENT_3D('',#10529,#10530,#10531);
#10529 = CARTESIAN_POINT('',(9.050427218359,-8.949969798164,
    3.000000283857));
#10530 = DIRECTION('',(1.047444401653E-14,-1.,0.));
#10531 = DIRECTION('',(1.,1.047444401653E-14,3.469446951954E-15));
#10532 = ORIENTED_EDGE('',*,*,#10502,.T.);
#10533 = CYLINDRICAL_SURFACE('',#10534,0.499999991537);
#10534 = AXIS2_PLACEMENT_3D('',#10535,#10536,#10537);
#10535 = CARTESIAN_POINT('',(9.050427218359,-11.44996975584,
    3.000000283857));
#10536 = DIRECTION('',(-1.047444401653E-14,1.,0.));
#10537 = DIRECTION('',(-1.,-1.047444401653E-14,-3.469446951954E-15));
#10538 = ADVANCED_FACE('',(#10539),#10557,.T.);
#10539 = FACE_BOUND('',#10540,.T.);
#10540 = EDGE_LOOP('',(#10541,#10542,#10550,#10556));
#10541 = ORIENTED_EDGE('',*,*,#10518,.F.);
#10542 = ORIENTED_EDGE('',*,*,#10543,.T.);
#10543 = EDGE_CURVE('',#10519,#10544,#10546,.T.);
#10544 = VERTEX_POINT('',#10545);
#10545 = CARTESIAN_POINT('',(9.78098255594,-8.949969798164,
    3.265359263214));
#10546 = LINE('',#10547,#10548);
#10547 = CARTESIAN_POINT('',(9.483439912922,-8.949969798164,
    2.750000288089));
#10548 = VECTOR('',#10549,1.);
#10549 = DIRECTION('',(0.5,5.237222008267E-15,0.866025403784));
#10550 = ORIENTED_EDGE('',*,*,#10551,.T.);
#10551 = EDGE_CURVE('',#10544,#10289,#10552,.T.);
#10552 = LINE('',#10553,#10554);
#10553 = CARTESIAN_POINT('',(9.78098255594,-11.44996975584,
    3.265359263214));
#10554 = VECTOR('',#10555,1.);
#10555 = DIRECTION('',(-1.047444401653E-14,1.,0.));
#10556 = ORIENTED_EDGE('',*,*,#10288,.F.);
#10557 = PLANE('',#10558);
#10558 = AXIS2_PLACEMENT_3D('',#10559,#10560,#10561);
#10559 = CARTESIAN_POINT('',(9.483439912922,-11.44996975584,
    2.750000288089));
#10560 = DIRECTION('',(-0.866025403784,-9.071134608835E-15,0.5));
#10561 = DIRECTION('',(1.047444401653E-14,-1.,-1.851456544554E-27));
#10562 = ADVANCED_FACE('',(#10563),#10581,.T.);
#10563 = FACE_BOUND('',#10564,.T.);
#10564 = EDGE_LOOP('',(#10565,#10566,#10574,#10580));
#10565 = ORIENTED_EDGE('',*,*,#10551,.F.);
#10566 = ORIENTED_EDGE('',*,*,#10567,.T.);
#10567 = EDGE_CURVE('',#10544,#10568,#10570,.T.);
#10568 = VERTEX_POINT('',#10569);
#10569 = CARTESIAN_POINT('',(9.78098255594,-8.949969798164,
    7.467949400663));
#10570 = LINE('',#10571,#10572);
#10571 = CARTESIAN_POINT('',(9.78098255594,-8.949969798164,
    3.265359263214));
#10572 = VECTOR('',#10573,1.);
#10573 = DIRECTION('',(-3.498085736188E-15,-3.664050320872E-29,1.));
#10574 = ORIENTED_EDGE('',*,*,#10575,.T.);
#10575 = EDGE_CURVE('',#10568,#10297,#10576,.T.);
#10576 = LINE('',#10577,#10578);
#10577 = CARTESIAN_POINT('',(9.78098255594,-11.44996975584,
    7.467949400663));
#10578 = VECTOR('',#10579,1.);
#10579 = DIRECTION('',(-1.047444401653E-14,1.,0.));
#10580 = ORIENTED_EDGE('',*,*,#10296,.F.);
#10581 = PLANE('',#10582);
#10582 = AXIS2_PLACEMENT_3D('',#10583,#10584,#10585);
#10583 = CARTESIAN_POINT('',(9.78098255594,-11.44996975584,
    3.265359263214));
#10584 = DIRECTION('',(-1.,-1.047444401653E-14,-3.498085736188E-15));
#10585 = DIRECTION('',(3.498085736188E-15,3.664050320872E-29,-1.));
#10586 = ADVANCED_FACE('',(#10587),#10605,.T.);
#10587 = FACE_BOUND('',#10588,.T.);
#10588 = EDGE_LOOP('',(#10589,#10590,#10598,#10604));
#10589 = ORIENTED_EDGE('',*,*,#10575,.F.);
#10590 = ORIENTED_EDGE('',*,*,#10591,.T.);
#10591 = EDGE_CURVE('',#10568,#10592,#10594,.T.);
#10592 = VERTEX_POINT('',#10593);
#10593 = CARTESIAN_POINT('',(9.213995267429,-8.949969798164,
    8.45000019161));
#10594 = LINE('',#10595,#10596);
#10595 = CARTESIAN_POINT('',(9.78098255594,-8.949969798164,
    7.467949400663));
#10596 = VECTOR('',#10597,1.);
#10597 = DIRECTION('',(-0.5,-5.237222008267E-15,0.866025403784));
#10598 = ORIENTED_EDGE('',*,*,#10599,.T.);
#10599 = EDGE_CURVE('',#10592,#10305,#10600,.T.);
#10600 = LINE('',#10601,#10602);
#10601 = CARTESIAN_POINT('',(9.213995267429,-11.44996975584,
    8.45000019161));
#10602 = VECTOR('',#10603,1.);
#10603 = DIRECTION('',(-1.047444401653E-14,1.,0.));
#10604 = ORIENTED_EDGE('',*,*,#10304,.F.);
#10605 = PLANE('',#10606);
#10606 = AXIS2_PLACEMENT_3D('',#10607,#10608,#10609);
#10607 = CARTESIAN_POINT('',(9.78098255594,-11.44996975584,
    7.467949400663));
#10608 = DIRECTION('',(-0.866025403784,-9.071134608835E-15,-0.5));
#10609 = DIRECTION('',(-1.047444401653E-14,1.,-1.851456544554E-27));
#10610 = ADVANCED_FACE('',(#10611),#10630,.F.);
#10611 = FACE_BOUND('',#10612,.F.);
#10612 = EDGE_LOOP('',(#10613,#10614,#10622,#10629));
#10613 = ORIENTED_EDGE('',*,*,#10312,.T.);
#10614 = ORIENTED_EDGE('',*,*,#10615,.F.);
#10615 = EDGE_CURVE('',#10616,#10313,#10618,.T.);
#10616 = VERTEX_POINT('',#10617);
#10617 = CARTESIAN_POINT('',(8.780982572866,-8.949969798164,
    8.700000187378));
#10618 = LINE('',#10619,#10620);
#10619 = CARTESIAN_POINT('',(8.780982572866,-11.44996975584,
    8.700000187378));
#10620 = VECTOR('',#10621,1.);
#10621 = DIRECTION('',(-1.047444401653E-14,1.,0.));
#10622 = ORIENTED_EDGE('',*,*,#10623,.F.);
#10623 = EDGE_CURVE('',#10592,#10616,#10624,.T.);
#10624 = CIRCLE('',#10625,0.499999991537);
#10625 = AXIS2_PLACEMENT_3D('',#10626,#10627,#10628);
#10626 = CARTESIAN_POINT('',(8.780982572866,-8.949969798164,
    8.200000195841));
#10627 = DIRECTION('',(1.047444401653E-14,-1.,0.));
#10628 = DIRECTION('',(1.,1.047444401653E-14,3.469446951954E-15));
#10629 = ORIENTED_EDGE('',*,*,#10599,.T.);
#10630 = CYLINDRICAL_SURFACE('',#10631,0.499999991537);
#10631 = AXIS2_PLACEMENT_3D('',#10632,#10633,#10634);
#10632 = CARTESIAN_POINT('',(8.780982572866,-11.44996975584,
    8.200000195841));
#10633 = DIRECTION('',(-1.047444401653E-14,1.,0.));
#10634 = DIRECTION('',(-1.,-1.047444401653E-14,-3.469446951954E-15));
#10635 = ADVANCED_FACE('',(#10636),#10654,.T.);
#10636 = FACE_BOUND('',#10637,.T.);
#10637 = EDGE_LOOP('',(#10638,#10639,#10647,#10653));
#10638 = ORIENTED_EDGE('',*,*,#10615,.F.);
#10639 = ORIENTED_EDGE('',*,*,#10640,.T.);
#10640 = EDGE_CURVE('',#10616,#10641,#10643,.T.);
#10641 = VERTEX_POINT('',#10642);
#10642 = CARTESIAN_POINT('',(8.740982573543,-8.949969798164,
    8.700000187378));
#10643 = LINE('',#10644,#10645);
#10644 = CARTESIAN_POINT('',(8.780982572866,-8.949969798164,
    8.700000187378));
#10645 = VECTOR('',#10646,1.);
#10646 = DIRECTION('',(-1.,-1.047444401653E-14,-3.491481338843E-15));
#10647 = ORIENTED_EDGE('',*,*,#10648,.T.);
#10648 = EDGE_CURVE('',#10641,#10322,#10649,.T.);
#10649 = LINE('',#10650,#10651);
#10650 = CARTESIAN_POINT('',(8.740982573543,-11.44996975584,
    8.700000187378));
#10651 = VECTOR('',#10652,1.);
#10652 = DIRECTION('',(-1.047444401653E-14,1.,0.));
#10653 = ORIENTED_EDGE('',*,*,#10321,.F.);
#10654 = PLANE('',#10655);
#10655 = AXIS2_PLACEMENT_3D('',#10656,#10657,#10658);
#10656 = CARTESIAN_POINT('',(8.780982572866,-11.44996975584,
    8.700000187378));
#10657 = DIRECTION('',(3.491481338843E-15,3.657132581847E-29,-1.));
#10658 = DIRECTION('',(1.,1.047444401653E-14,3.491481338843E-15));
#10659 = ADVANCED_FACE('',(#10660),#10679,.T.);
#10660 = FACE_BOUND('',#10661,.T.);
#10661 = EDGE_LOOP('',(#10662,#10671,#10677,#10678));
#10662 = ORIENTED_EDGE('',*,*,#10663,.F.);
#10663 = EDGE_CURVE('',#10664,#10641,#10666,.T.);
#10664 = VERTEX_POINT('',#10665);
#10665 = CARTESIAN_POINT('',(8.530982577097,-8.949969798164,
    8.910000183824));
#10666 = CIRCLE('',#10667,0.209999996446);
#10667 = AXIS2_PLACEMENT_3D('',#10668,#10669,#10670);
#10668 = CARTESIAN_POINT('',(8.740982573543,-8.949969798164,
    8.910000183824));
#10669 = DIRECTION('',(1.047444401653E-14,-1.,0.));
#10670 = DIRECTION('',(1.,1.047444401653E-14,0.));
#10671 = ORIENTED_EDGE('',*,*,#10672,.T.);
#10672 = EDGE_CURVE('',#10664,#10330,#10673,.T.);
#10673 = LINE('',#10674,#10675);
#10674 = CARTESIAN_POINT('',(8.530982577097,-11.44996975584,
    8.910000183824));
#10675 = VECTOR('',#10676,1.);
#10676 = DIRECTION('',(-1.047444401653E-14,1.,0.));
#10677 = ORIENTED_EDGE('',*,*,#10329,.T.);
#10678 = ORIENTED_EDGE('',*,*,#10648,.F.);
#10679 = CYLINDRICAL_SURFACE('',#10680,0.209999996446);
#10680 = AXIS2_PLACEMENT_3D('',#10681,#10682,#10683);
#10681 = CARTESIAN_POINT('',(8.740982573543,-11.44996975584,
    8.910000183824));
#10682 = DIRECTION('',(-1.047444401653E-14,1.,0.));
#10683 = DIRECTION('',(-1.,-1.047444401653E-14,0.));
#10684 = ADVANCED_FACE('',(#10685),#10703,.T.);
#10685 = FACE_BOUND('',#10686,.T.);
#10686 = EDGE_LOOP('',(#10687,#10688,#10696,#10702));
#10687 = ORIENTED_EDGE('',*,*,#10672,.F.);
#10688 = ORIENTED_EDGE('',*,*,#10689,.T.);
#10689 = EDGE_CURVE('',#10664,#10690,#10692,.T.);
#10690 = VERTEX_POINT('',#10691);
#10691 = CARTESIAN_POINT('',(8.530982577097,-8.949969798164,
    10.400000158604));
#10692 = LINE('',#10693,#10694);
#10693 = CARTESIAN_POINT('',(8.530982577097,-8.949969798164,
    8.910000183824));
#10694 = VECTOR('',#10695,1.);
#10695 = DIRECTION('',(-3.491481338843E-15,-3.657132581847E-29,1.));
#10696 = ORIENTED_EDGE('',*,*,#10697,.T.);
#10697 = EDGE_CURVE('',#10690,#10339,#10698,.T.);
#10698 = LINE('',#10699,#10700);
#10699 = CARTESIAN_POINT('',(8.530982577097,-11.44996975584,
    10.400000158604));
#10700 = VECTOR('',#10701,1.);
#10701 = DIRECTION('',(-1.047444401653E-14,1.,0.));
#10702 = ORIENTED_EDGE('',*,*,#10338,.F.);
#10703 = PLANE('',#10704);
#10704 = AXIS2_PLACEMENT_3D('',#10705,#10706,#10707);
#10705 = CARTESIAN_POINT('',(8.530982577097,-11.44996975584,
    8.910000183824));
#10706 = DIRECTION('',(-1.,-1.047444401653E-14,-3.491481338843E-15));
#10707 = DIRECTION('',(1.047444401653E-14,-1.,0.));
#10708 = ADVANCED_FACE('',(#10709),#10728,.F.);
#10709 = FACE_BOUND('',#10710,.F.);
#10710 = EDGE_LOOP('',(#10711,#10712,#10720,#10727));
#10711 = ORIENTED_EDGE('',*,*,#10346,.T.);
#10712 = ORIENTED_EDGE('',*,*,#10713,.F.);
#10713 = EDGE_CURVE('',#10714,#10347,#10716,.T.);
#10714 = VERTEX_POINT('',#10715);
#10715 = CARTESIAN_POINT('',(8.230982582175,-8.949969798164,
    10.700000153526));
#10716 = LINE('',#10717,#10718);
#10717 = CARTESIAN_POINT('',(8.230982582175,-11.44996975584,
    10.700000153526));
#10718 = VECTOR('',#10719,1.);
#10719 = DIRECTION('',(-1.047444401653E-14,1.,0.));
#10720 = ORIENTED_EDGE('',*,*,#10721,.F.);
#10721 = EDGE_CURVE('',#10690,#10714,#10722,.T.);
#10722 = CIRCLE('',#10723,0.299999994922);
#10723 = AXIS2_PLACEMENT_3D('',#10724,#10725,#10726);
#10724 = CARTESIAN_POINT('',(8.230982582175,-8.949969798164,
    10.400000158604));
#10725 = DIRECTION('',(1.047444401653E-14,-1.,0.));
#10726 = DIRECTION('',(1.,1.047444401653E-14,5.782411586589E-15));
#10727 = ORIENTED_EDGE('',*,*,#10697,.T.);
#10728 = CYLINDRICAL_SURFACE('',#10729,0.299999994922);
#10729 = AXIS2_PLACEMENT_3D('',#10730,#10731,#10732);
#10730 = CARTESIAN_POINT('',(8.230982582175,-11.44996975584,
    10.400000158604));
#10731 = DIRECTION('',(-1.047444401653E-14,1.,0.));
#10732 = DIRECTION('',(-1.,-1.047444401653E-14,-5.782411586589E-15));
#10733 = ADVANCED_FACE('',(#10734),#10752,.T.);
#10734 = FACE_BOUND('',#10735,.T.);
#10735 = EDGE_LOOP('',(#10736,#10737,#10745,#10751));
#10736 = ORIENTED_EDGE('',*,*,#10713,.F.);
#10737 = ORIENTED_EDGE('',*,*,#10738,.T.);
#10738 = EDGE_CURVE('',#10714,#10739,#10741,.T.);
#10739 = VERTEX_POINT('',#10740);
#10740 = CARTESIAN_POINT('',(6.730982607564,-8.949969798164,
    10.700000153526));
#10741 = LINE('',#10742,#10743);
#10742 = CARTESIAN_POINT('',(8.230982582175,-8.949969798164,
    10.700000153526));
#10743 = VECTOR('',#10744,1.);
#10744 = DIRECTION('',(-1.,-1.047444401653E-14,-3.491481338843E-15));
#10745 = ORIENTED_EDGE('',*,*,#10746,.T.);
#10746 = EDGE_CURVE('',#10739,#10356,#10747,.T.);
#10747 = LINE('',#10748,#10749);
#10748 = CARTESIAN_POINT('',(6.730982607564,-11.44996975584,
    10.700000153526));
#10749 = VECTOR('',#10750,1.);
#10750 = DIRECTION('',(-1.047444401653E-14,1.,0.));
#10751 = ORIENTED_EDGE('',*,*,#10355,.F.);
#10752 = PLANE('',#10753);
#10753 = AXIS2_PLACEMENT_3D('',#10754,#10755,#10756);
#10754 = CARTESIAN_POINT('',(8.230982582175,-11.44996975584,
    10.700000153526));
#10755 = DIRECTION('',(3.491481338843E-15,3.657132581847E-29,-1.));
#10756 = DIRECTION('',(1.,1.047444401653E-14,3.491481338843E-15));
#10757 = ADVANCED_FACE('',(#10758),#10777,.F.);
#10758 = FACE_BOUND('',#10759,.F.);
#10759 = EDGE_LOOP('',(#10760,#10761,#10769,#10776));
#10760 = ORIENTED_EDGE('',*,*,#10363,.T.);
#10761 = ORIENTED_EDGE('',*,*,#10762,.F.);
#10762 = EDGE_CURVE('',#10763,#10364,#10765,.T.);
#10763 = VERTEX_POINT('',#10764);
#10764 = CARTESIAN_POINT('',(6.430982612642,-8.949969798164,
    10.400000158604));
#10765 = LINE('',#10766,#10767);
#10766 = CARTESIAN_POINT('',(6.430982612642,-11.44996975584,
    10.400000158604));
#10767 = VECTOR('',#10768,1.);
#10768 = DIRECTION('',(-1.047444401653E-14,1.,0.));
#10769 = ORIENTED_EDGE('',*,*,#10770,.F.);
#10770 = EDGE_CURVE('',#10739,#10763,#10771,.T.);
#10771 = CIRCLE('',#10772,0.299999994922);
#10772 = AXIS2_PLACEMENT_3D('',#10773,#10774,#10775);
#10773 = CARTESIAN_POINT('',(6.730982607564,-8.949969798164,
    10.400000158604));
#10774 = DIRECTION('',(1.047444401653E-14,-1.,0.));
#10775 = DIRECTION('',(1.,1.047444401653E-14,5.782411586589E-15));
#10776 = ORIENTED_EDGE('',*,*,#10746,.T.);
#10777 = CYLINDRICAL_SURFACE('',#10778,0.299999994922);
#10778 = AXIS2_PLACEMENT_3D('',#10779,#10780,#10781);
#10779 = CARTESIAN_POINT('',(6.730982607564,-11.44996975584,
    10.400000158604));
#10780 = DIRECTION('',(-1.047444401653E-14,1.,0.));
#10781 = DIRECTION('',(-1.,-1.047444401653E-14,-5.782411586589E-15));
#10782 = ADVANCED_FACE('',(#10783),#10801,.T.);
#10783 = FACE_BOUND('',#10784,.T.);
#10784 = EDGE_LOOP('',(#10785,#10786,#10794,#10800));
#10785 = ORIENTED_EDGE('',*,*,#10762,.F.);
#10786 = ORIENTED_EDGE('',*,*,#10787,.T.);
#10787 = EDGE_CURVE('',#10763,#10788,#10790,.T.);
#10788 = VERTEX_POINT('',#10789);
#10789 = CARTESIAN_POINT('',(6.430982612642,-8.949969798164,
    8.905478744878));
#10790 = LINE('',#10791,#10792);
#10791 = CARTESIAN_POINT('',(6.430982612642,-8.949969798164,
    10.400000158604));
#10792 = VECTOR('',#10793,1.);
#10793 = DIRECTION('',(3.491481338843E-15,3.657132581847E-29,-1.));
#10794 = ORIENTED_EDGE('',*,*,#10795,.T.);
#10795 = EDGE_CURVE('',#10788,#10373,#10796,.T.);
#10796 = LINE('',#10797,#10798);
#10797 = CARTESIAN_POINT('',(6.430982612642,-11.44996975584,
    8.905478744878));
#10798 = VECTOR('',#10799,1.);
#10799 = DIRECTION('',(-1.047444401653E-14,1.,0.));
#10800 = ORIENTED_EDGE('',*,*,#10372,.F.);
#10801 = PLANE('',#10802);
#10802 = AXIS2_PLACEMENT_3D('',#10803,#10804,#10805);
#10803 = CARTESIAN_POINT('',(6.430982612642,-11.44996975584,
    10.400000158604));
#10804 = DIRECTION('',(1.,1.047444401653E-14,3.491481338843E-15));
#10805 = DIRECTION('',(3.491481338843E-15,3.657132581847E-29,-1.));
#10806 = ADVANCED_FACE('',(#10807),#10826,.T.);
#10807 = FACE_BOUND('',#10808,.T.);
#10808 = EDGE_LOOP('',(#10809,#10818,#10824,#10825));
#10809 = ORIENTED_EDGE('',*,*,#10810,.F.);
#10810 = EDGE_CURVE('',#10811,#10788,#10813,.T.);
#10811 = VERTEX_POINT('',#10812);
#10812 = CARTESIAN_POINT('',(6.244644587627,-8.949969798164,
    8.696816075445));
#10813 = CIRCLE('',#10814,0.209999996446);
#10814 = AXIS2_PLACEMENT_3D('',#10815,#10816,#10817);
#10815 = CARTESIAN_POINT('',(6.220982616197,-8.949969798164,
    8.905478744878));
#10816 = DIRECTION('',(1.047444401653E-14,-1.,0.));
#10817 = DIRECTION('',(1.,1.047444401653E-14,0.));
#10818 = ORIENTED_EDGE('',*,*,#10819,.T.);
#10819 = EDGE_CURVE('',#10811,#10381,#10820,.T.);
#10820 = LINE('',#10821,#10822);
#10821 = CARTESIAN_POINT('',(6.244644587627,-11.44996975584,
    8.696816075445));
#10822 = VECTOR('',#10823,1.);
#10823 = DIRECTION('',(-1.047444401653E-14,1.,0.));
#10824 = ORIENTED_EDGE('',*,*,#10380,.T.);
#10825 = ORIENTED_EDGE('',*,*,#10795,.F.);
#10826 = CYLINDRICAL_SURFACE('',#10827,0.209999996446);
#10827 = AXIS2_PLACEMENT_3D('',#10828,#10829,#10830);
#10828 = CARTESIAN_POINT('',(6.220982616197,-11.44996975584,
    8.905478744878));
#10829 = DIRECTION('',(-1.047444401653E-14,1.,0.));
#10830 = DIRECTION('',(-1.,-1.047444401653E-14,0.));
#10831 = ADVANCED_FACE('',(#10832),#10851,.F.);
#10832 = FACE_BOUND('',#10833,.F.);
#10833 = EDGE_LOOP('',(#10834,#10835,#10843,#10850));
#10834 = ORIENTED_EDGE('',*,*,#10389,.T.);
#10835 = ORIENTED_EDGE('',*,*,#10836,.F.);
#10836 = EDGE_CURVE('',#10837,#10390,#10839,.T.);
#10837 = VERTEX_POINT('',#10838);
#10838 = CARTESIAN_POINT('',(5.86796992028,-8.949969798164,8.45000019161
    ));
#10839 = LINE('',#10840,#10841);
#10840 = CARTESIAN_POINT('',(5.86796992028,-11.44996975584,8.45000019161
    ));
#10841 = VECTOR('',#10842,1.);
#10842 = DIRECTION('',(-1.047444401653E-14,1.,0.));
#10843 = ORIENTED_EDGE('',*,*,#10844,.F.);
#10844 = EDGE_CURVE('',#10811,#10837,#10845,.T.);
#10845 = CIRCLE('',#10846,0.499999991537);
#10846 = AXIS2_PLACEMENT_3D('',#10847,#10848,#10849);
#10847 = CARTESIAN_POINT('',(6.300982614843,-8.949969798164,
    8.200000195841));
#10848 = DIRECTION('',(1.047444401653E-14,-1.,0.));
#10849 = DIRECTION('',(1.,1.047444401653E-14,3.469446951954E-15));
#10850 = ORIENTED_EDGE('',*,*,#10819,.T.);
#10851 = CYLINDRICAL_SURFACE('',#10852,0.499999991537);
#10852 = AXIS2_PLACEMENT_3D('',#10853,#10854,#10855);
#10853 = CARTESIAN_POINT('',(6.300982614843,-11.44996975584,
    8.200000195841));
#10854 = DIRECTION('',(-1.047444401653E-14,1.,0.));
#10855 = DIRECTION('',(-1.,-1.047444401653E-14,-3.469446951953E-15));
#10856 = ADVANCED_FACE('',(#10857),#10868,.T.);
#10857 = FACE_BOUND('',#10858,.T.);
#10858 = EDGE_LOOP('',(#10859,#10860,#10866,#10867));
#10859 = ORIENTED_EDGE('',*,*,#10836,.F.);
#10860 = ORIENTED_EDGE('',*,*,#10861,.T.);
#10861 = EDGE_CURVE('',#10837,#10422,#10862,.T.);
#10862 = LINE('',#10863,#10864);
#10863 = CARTESIAN_POINT('',(5.86796992028,-8.949969798164,8.45000019161
    ));
#10864 = VECTOR('',#10865,1.);
#10865 = DIRECTION('',(-0.5,-5.237222008267E-15,-0.866025403784));
#10866 = ORIENTED_EDGE('',*,*,#10430,.T.);
#10867 = ORIENTED_EDGE('',*,*,#10398,.F.);
#10868 = PLANE('',#10869);
#10869 = AXIS2_PLACEMENT_3D('',#10870,#10871,#10872);
#10870 = CARTESIAN_POINT('',(5.86796992028,-11.44996975584,8.45000019161
    ));
#10871 = DIRECTION('',(0.866025403784,9.071134608835E-15,-0.5));
#10872 = DIRECTION('',(-0.5,-5.237222008267E-15,-0.866025403784));
#10873 = ADVANCED_FACE('',(#10874),#10890,.T.);
#10874 = FACE_BOUND('',#10875,.T.);
#10875 = EDGE_LOOP('',(#10876,#10877,#10883,#10884));
#10876 = ORIENTED_EDGE('',*,*,#10861,.F.);
#10877 = ORIENTED_EDGE('',*,*,#10878,.F.);
#10878 = EDGE_CURVE('',#9584,#10837,#10879,.T.);
#10879 = LINE('',#10880,#10881);
#10880 = CARTESIAN_POINT('',(5.86796992028,-8.949969798164,8.45000019161
    ));
#10881 = VECTOR('',#10882,1.);
#10882 = DIRECTION('',(0.419857447132,0.874619707139,-0.242404810123));
#10883 = ORIENTED_EDGE('',*,*,#9583,.T.);
#10884 = ORIENTED_EDGE('',*,*,#10885,.T.);
#10885 = EDGE_CURVE('',#9573,#10422,#10886,.T.);
#10886 = LINE('',#10887,#10888);
#10887 = CARTESIAN_POINT('',(5.447969927389,-8.949969798164,
    7.722538864744));
#10888 = VECTOR('',#10889,1.);
#10889 = DIRECTION('',(0.419857447132,0.874619707139,-0.242404810123));
#10890 = PLANE('',#10891);
#10891 = AXIS2_PLACEMENT_3D('',#10892,#10893,#10894);
#10892 = CARTESIAN_POINT('',(5.86796992028,-8.949969798164,8.45000019161
    ));
#10893 = DIRECTION('',(0.757442885033,-0.484809620246,-0.43730985357));
#10894 = DIRECTION('',(-0.5,8.384959393481E-14,-0.866025403784));
#10895 = ADVANCED_FACE('',(#10896),#10907,.F.);
#10896 = FACE_BOUND('',#10897,.F.);
#10897 = EDGE_LOOP('',(#10898,#10899,#10900,#10906));
#10898 = ORIENTED_EDGE('',*,*,#10878,.F.);
#10899 = ORIENTED_EDGE('',*,*,#9591,.F.);
#10900 = ORIENTED_EDGE('',*,*,#10901,.T.);
#10901 = EDGE_CURVE('',#9592,#10811,#10902,.T.);
#10902 = LINE('',#10903,#10904);
#10903 = CARTESIAN_POINT('',(6.244644587627,-8.949969798164,
    8.696816075445));
#10904 = VECTOR('',#10905,1.);
#10905 = DIRECTION('',(5.46264360841E-02,0.874619707139,-0.481722244));
#10906 = ORIENTED_EDGE('',*,*,#10844,.T.);
#10907 = CONICAL_SURFACE('',#10908,0.499999991537,0.506145483078);
#10908 = AXIS2_PLACEMENT_3D('',#10909,#10910,#10911);
#10909 = CARTESIAN_POINT('',(6.300982614843,-8.949969798164,
    8.200000195841));
#10910 = DIRECTION('',(1.047444401653E-14,-1.,0.));
#10911 = DIRECTION('',(1.,1.047444401653E-14,3.469446951954E-15));
#10912 = ADVANCED_FACE('',(#10913),#10924,.T.);
#10913 = FACE_BOUND('',#10914,.T.);
#10914 = EDGE_LOOP('',(#10915,#10916,#10922,#10923));
#10915 = ORIENTED_EDGE('',*,*,#10810,.T.);
#10916 = ORIENTED_EDGE('',*,*,#10917,.F.);
#10917 = EDGE_CURVE('',#9601,#10788,#10918,.T.);
#10918 = LINE('',#10919,#10920);
#10919 = CARTESIAN_POINT('',(6.430982612642,-8.949969798164,
    8.905478744878));
#10920 = VECTOR('',#10921,1.);
#10921 = DIRECTION('',(0.484809620246,0.874619707139,1.692703741983E-15)
  );
#10922 = ORIENTED_EDGE('',*,*,#9600,.F.);
#10923 = ORIENTED_EDGE('',*,*,#10901,.T.);
#10924 = CONICAL_SURFACE('',#10925,0.209999996446,0.506145483078);
#10925 = AXIS2_PLACEMENT_3D('',#10926,#10927,#10928);
#10926 = CARTESIAN_POINT('',(6.220982616197,-8.949969798164,
    8.905478744878));
#10927 = DIRECTION('',(-1.047444401653E-14,1.,0.));
#10928 = DIRECTION('',(1.,1.047444401653E-14,0.));
#10929 = ADVANCED_FACE('',(#10930),#10941,.T.);
#10930 = FACE_BOUND('',#10931,.T.);
#10931 = EDGE_LOOP('',(#10932,#10933,#10939,#10940));
#10932 = ORIENTED_EDGE('',*,*,#10787,.F.);
#10933 = ORIENTED_EDGE('',*,*,#10934,.F.);
#10934 = EDGE_CURVE('',#9610,#10763,#10935,.T.);
#10935 = LINE('',#10936,#10937);
#10936 = CARTESIAN_POINT('',(6.430982612642,-8.949969798164,
    10.400000158604));
#10937 = VECTOR('',#10938,1.);
#10938 = DIRECTION('',(0.484809620246,0.874619707139,1.692703741983E-15)
  );
#10939 = ORIENTED_EDGE('',*,*,#9609,.T.);
#10940 = ORIENTED_EDGE('',*,*,#10917,.T.);
#10941 = PLANE('',#10942);
#10942 = AXIS2_PLACEMENT_3D('',#10943,#10944,#10945);
#10943 = CARTESIAN_POINT('',(6.430982612642,-8.949969798164,
    10.400000158604));
#10944 = DIRECTION('',(0.874619707139,-0.484809620246,3.053718386064E-15
    ));
#10945 = DIRECTION('',(3.491481338845E-15,-8.697191480062E-28,-1.));
#10946 = ADVANCED_FACE('',(#10947),#10958,.F.);
#10947 = FACE_BOUND('',#10948,.F.);
#10948 = EDGE_LOOP('',(#10949,#10950,#10951,#10957));
#10949 = ORIENTED_EDGE('',*,*,#10934,.F.);
#10950 = ORIENTED_EDGE('',*,*,#9617,.F.);
#10951 = ORIENTED_EDGE('',*,*,#10952,.T.);
#10952 = EDGE_CURVE('',#9618,#10739,#10953,.T.);
#10953 = LINE('',#10954,#10955);
#10954 = CARTESIAN_POINT('',(6.730982607564,-8.949969798164,
    10.700000153526));
#10955 = VECTOR('',#10956,1.);
#10956 = DIRECTION('',(-3.964240459452E-15,0.874619707139,
    -0.484809620246));
#10957 = ORIENTED_EDGE('',*,*,#10770,.T.);
#10958 = CONICAL_SURFACE('',#10959,0.299999994922,0.506145483078);
#10959 = AXIS2_PLACEMENT_3D('',#10960,#10961,#10962);
#10960 = CARTESIAN_POINT('',(6.730982607564,-8.949969798164,
    10.400000158604));
#10961 = DIRECTION('',(1.047444401653E-14,-1.,0.));
#10962 = DIRECTION('',(1.,1.047444401653E-14,5.782411586589E-15));
#10963 = ADVANCED_FACE('',(#10964),#10975,.T.);
#10964 = FACE_BOUND('',#10965,.T.);
#10965 = EDGE_LOOP('',(#10966,#10967,#10973,#10974));
#10966 = ORIENTED_EDGE('',*,*,#10738,.F.);
#10967 = ORIENTED_EDGE('',*,*,#10968,.F.);
#10968 = EDGE_CURVE('',#9627,#10714,#10969,.T.);
#10969 = LINE('',#10970,#10971);
#10970 = CARTESIAN_POINT('',(8.230982582175,-8.949969798164,
    10.700000153526));
#10971 = VECTOR('',#10972,1.);
#10972 = DIRECTION('',(-7.468451416207E-15,0.874619707139,
    -0.484809620246));
#10973 = ORIENTED_EDGE('',*,*,#9626,.T.);
#10974 = ORIENTED_EDGE('',*,*,#10952,.T.);
#10975 = PLANE('',#10976);
#10976 = AXIS2_PLACEMENT_3D('',#10977,#10978,#10979);
#10977 = CARTESIAN_POINT('',(8.230982582175,-8.949969798164,
    10.700000153526));
#10978 = DIRECTION('',(8.131829612011E-15,-0.484809620246,
    -0.874619707139));
#10979 = DIRECTION('',(1.,1.047444401653E-14,3.491481338847E-15));
#10980 = ADVANCED_FACE('',(#10981),#10992,.F.);
#10981 = FACE_BOUND('',#10982,.F.);
#10982 = EDGE_LOOP('',(#10983,#10984,#10985,#10991));
#10983 = ORIENTED_EDGE('',*,*,#10968,.F.);
#10984 = ORIENTED_EDGE('',*,*,#9634,.F.);
#10985 = ORIENTED_EDGE('',*,*,#10986,.T.);
#10986 = EDGE_CURVE('',#9635,#10690,#10987,.T.);
#10987 = LINE('',#10988,#10989);
#10988 = CARTESIAN_POINT('',(8.530982577097,-8.949969798164,
    10.400000158604));
#10989 = VECTOR('',#10990,1.);
#10990 = DIRECTION('',(-0.484809620246,0.874619707139,
    -4.496072507386E-15));
#10991 = ORIENTED_EDGE('',*,*,#10721,.T.);
#10992 = CONICAL_SURFACE('',#10993,0.299999994922,0.506145483078);
#10993 = AXIS2_PLACEMENT_3D('',#10994,#10995,#10996);
#10994 = CARTESIAN_POINT('',(8.230982582175,-8.949969798164,
    10.400000158604));
#10995 = DIRECTION('',(1.047444401653E-14,-1.,0.));
#10996 = DIRECTION('',(1.,1.047444401653E-14,5.782411586589E-15));
#10997 = ADVANCED_FACE('',(#10998),#11009,.T.);
#10998 = FACE_BOUND('',#10999,.T.);
#10999 = EDGE_LOOP('',(#11000,#11001,#11007,#11008));
#11000 = ORIENTED_EDGE('',*,*,#10689,.F.);
#11001 = ORIENTED_EDGE('',*,*,#11002,.F.);
#11002 = EDGE_CURVE('',#9644,#10664,#11003,.T.);
#11003 = LINE('',#11004,#11005);
#11004 = CARTESIAN_POINT('',(8.530982577097,-8.949969798164,
    8.910000183824));
#11005 = VECTOR('',#11006,1.);
#11006 = DIRECTION('',(-0.484809620246,0.874619707139,
    -1.692703741983E-15));
#11007 = ORIENTED_EDGE('',*,*,#9643,.T.);
#11008 = ORIENTED_EDGE('',*,*,#10986,.T.);
#11009 = PLANE('',#11010);
#11010 = AXIS2_PLACEMENT_3D('',#11011,#11012,#11013);
#11011 = CARTESIAN_POINT('',(8.530982577097,-8.949969798164,
    8.910000183824));
#11012 = DIRECTION('',(-0.874619707139,-0.484809620246,
    -3.053718386064E-15));
#11013 = DIRECTION('',(3.491481338845E-15,9.255310570506E-28,-1.));
#11014 = ADVANCED_FACE('',(#11015),#11026,.T.);
#11015 = FACE_BOUND('',#11016,.T.);
#11016 = EDGE_LOOP('',(#11017,#11018,#11024,#11025));
#11017 = ORIENTED_EDGE('',*,*,#10663,.T.);
#11018 = ORIENTED_EDGE('',*,*,#11019,.F.);
#11019 = EDGE_CURVE('',#9652,#10641,#11020,.T.);
#11020 = LINE('',#11021,#11022);
#11021 = CARTESIAN_POINT('',(8.740982573543,-8.949969798164,
    8.700000187378));
#11022 = VECTOR('',#11023,1.);
#11023 = DIRECTION('',(-8.97025611196E-15,0.874619707139,-0.484809620246
    ));
#11024 = ORIENTED_EDGE('',*,*,#9651,.F.);
#11025 = ORIENTED_EDGE('',*,*,#11002,.T.);
#11026 = CONICAL_SURFACE('',#11027,0.209999996446,0.506145483078);
#11027 = AXIS2_PLACEMENT_3D('',#11028,#11029,#11030);
#11028 = CARTESIAN_POINT('',(8.740982573543,-8.949969798164,
    8.910000183824));
#11029 = DIRECTION('',(-1.047444401653E-14,1.,0.));
#11030 = DIRECTION('',(1.,1.047444401653E-14,0.));
#11031 = ADVANCED_FACE('',(#11032),#11043,.T.);
#11032 = FACE_BOUND('',#11033,.T.);
#11033 = EDGE_LOOP('',(#11034,#11035,#11041,#11042));
#11034 = ORIENTED_EDGE('',*,*,#10640,.F.);
#11035 = ORIENTED_EDGE('',*,*,#11036,.F.);
#11036 = EDGE_CURVE('',#9661,#10616,#11037,.T.);
#11037 = LINE('',#11038,#11039);
#11038 = CARTESIAN_POINT('',(8.780982572866,-8.949969798164,
    8.700000187378));
#11039 = VECTOR('',#11040,1.);
#11040 = DIRECTION('',(-7.468451416207E-15,0.874619707139,
    -0.484809620246));
#11041 = ORIENTED_EDGE('',*,*,#9660,.T.);
#11042 = ORIENTED_EDGE('',*,*,#11019,.T.);
#11043 = PLANE('',#11044);
#11044 = AXIS2_PLACEMENT_3D('',#11045,#11046,#11047);
#11045 = CARTESIAN_POINT('',(8.780982572866,-8.949969798164,
    8.700000187378));
#11046 = DIRECTION('',(8.131829612011E-15,-0.484809620246,
    -0.874619707139));
#11047 = DIRECTION('',(1.,1.047444401653E-14,3.491481338847E-15));
#11048 = ADVANCED_FACE('',(#11049),#11060,.F.);
#11049 = FACE_BOUND('',#11050,.F.);
#11050 = EDGE_LOOP('',(#11051,#11052,#11053,#11059));
#11051 = ORIENTED_EDGE('',*,*,#11036,.F.);
#11052 = ORIENTED_EDGE('',*,*,#9668,.F.);
#11053 = ORIENTED_EDGE('',*,*,#11054,.T.);
#11054 = EDGE_CURVE('',#9669,#10592,#11055,.T.);
#11055 = LINE('',#11056,#11057);
#11056 = CARTESIAN_POINT('',(9.213995267429,-8.949969798164,
    8.45000019161));
#11057 = VECTOR('',#11058,1.);
#11058 = DIRECTION('',(-0.419857447132,0.874619707139,-0.242404810123));
#11059 = ORIENTED_EDGE('',*,*,#10623,.T.);
#11060 = CONICAL_SURFACE('',#11061,0.499999991537,0.506145483078);
#11061 = AXIS2_PLACEMENT_3D('',#11062,#11063,#11064);
#11062 = CARTESIAN_POINT('',(8.780982572866,-8.949969798164,
    8.200000195841));
#11063 = DIRECTION('',(1.047444401653E-14,-1.,0.));
#11064 = DIRECTION('',(1.,1.047444401653E-14,3.469446951954E-15));
#11065 = ADVANCED_FACE('',(#11066),#11077,.T.);
#11066 = FACE_BOUND('',#11067,.T.);
#11067 = EDGE_LOOP('',(#11068,#11069,#11075,#11076));
#11068 = ORIENTED_EDGE('',*,*,#10591,.F.);
#11069 = ORIENTED_EDGE('',*,*,#11070,.F.);
#11070 = EDGE_CURVE('',#9678,#10568,#11071,.T.);
#11071 = LINE('',#11072,#11073);
#11072 = CARTESIAN_POINT('',(9.78098255594,-8.949969798164,
    7.467949400663));
#11073 = VECTOR('',#11074,1.);
#11074 = DIRECTION('',(-0.480770060148,0.867332147812,-0.128821949362));
#11075 = ORIENTED_EDGE('',*,*,#9677,.T.);
#11076 = ORIENTED_EDGE('',*,*,#11054,.T.);
#11077 = PLANE('',#11078);
#11078 = AXIS2_PLACEMENT_3D('',#11079,#11080,#11081);
#11079 = CARTESIAN_POINT('',(9.78098255594,-8.949969798164,
    7.467949400663));
#11080 = DIRECTION('',(-0.757442885033,-0.484809620246,-0.43730985357));
#11081 = DIRECTION('',(2.633449014411E-13,0.669794603267,-0.74254642241)
  );
#11082 = ADVANCED_FACE('',(#11083),#11094,.T.);
#11083 = FACE_BOUND('',#11084,.T.);
#11084 = EDGE_LOOP('',(#11085,#11086,#11092,#11093));
#11085 = ORIENTED_EDGE('',*,*,#10567,.F.);
#11086 = ORIENTED_EDGE('',*,*,#11087,.F.);
#11087 = EDGE_CURVE('',#9686,#10544,#11088,.T.);
#11088 = LINE('',#11089,#11090);
#11089 = CARTESIAN_POINT('',(9.78098255594,-8.949969798164,
    3.265359263214));
#11090 = VECTOR('',#11091,1.);
#11091 = DIRECTION('',(-0.480770060148,0.867332147812,0.128821949362));
#11092 = ORIENTED_EDGE('',*,*,#9685,.T.);
#11093 = ORIENTED_EDGE('',*,*,#11070,.T.);
#11094 = PLANE('',#11095);
#11095 = AXIS2_PLACEMENT_3D('',#11096,#11097,#11098);
#11096 = CARTESIAN_POINT('',(9.78098255594,-8.949969798164,
    3.265359263214));
#11097 = DIRECTION('',(-0.874619707139,-0.484809620246,
    -3.059494722135E-15));
#11098 = DIRECTION('',(3.491481338844E-15,1.191464820573E-17,-1.));
#11099 = ADVANCED_FACE('',(#11100),#11111,.T.);
#11100 = FACE_BOUND('',#11101,.T.);
#11101 = EDGE_LOOP('',(#11102,#11103,#11109,#11110));
#11102 = ORIENTED_EDGE('',*,*,#10543,.F.);
#11103 = ORIENTED_EDGE('',*,*,#11104,.F.);
#11104 = EDGE_CURVE('',#9694,#10519,#11105,.T.);
#11105 = LINE('',#11106,#11107);
#11106 = CARTESIAN_POINT('',(9.483439912922,-8.949969798164,
    2.750000288089));
#11107 = VECTOR('',#11108,1.);
#11108 = DIRECTION('',(-0.419857447132,0.874619707139,0.242404810123));
#11109 = ORIENTED_EDGE('',*,*,#9693,.T.);
#11110 = ORIENTED_EDGE('',*,*,#11087,.T.);
#11111 = PLANE('',#11112);
#11112 = AXIS2_PLACEMENT_3D('',#11113,#11114,#11115);
#11113 = CARTESIAN_POINT('',(9.483439912922,-8.949969798164,
    2.750000288089));
#11114 = DIRECTION('',(-0.757442885033,-0.484809620246,0.43730985357));
#11115 = DIRECTION('',(-2.610134330894E-13,-0.669794603267,
    -0.74254642241));
#11116 = ADVANCED_FACE('',(#11117),#11128,.F.);
#11117 = FACE_BOUND('',#11118,.F.);
#11118 = EDGE_LOOP('',(#11119,#11120,#11121,#11127));
#11119 = ORIENTED_EDGE('',*,*,#11104,.F.);
#11120 = ORIENTED_EDGE('',*,*,#9701,.F.);
#11121 = ORIENTED_EDGE('',*,*,#11122,.T.);
#11122 = EDGE_CURVE('',#9702,#10495,#11123,.T.);
#11123 = LINE('',#11124,#11125);
#11124 = CARTESIAN_POINT('',(9.050427218359,-8.949969798164,
    2.50000029232));
#11125 = VECTOR('',#11126,1.);
#11126 = DIRECTION('',(-1.074873257147E-14,0.874619707139,0.484809620246
    ));
#11127 = ORIENTED_EDGE('',*,*,#10526,.T.);
#11128 = CONICAL_SURFACE('',#11129,0.499999991537,0.506145483078);
#11129 = AXIS2_PLACEMENT_3D('',#11130,#11131,#11132);
#11130 = CARTESIAN_POINT('',(9.050427218359,-8.949969798164,
    3.000000283857));
#11131 = DIRECTION('',(1.047444401653E-14,-1.,0.));
#11132 = DIRECTION('',(1.,1.047444401653E-14,3.469446951954E-15));
#11133 = ADVANCED_FACE('',(#11134),#11145,.T.);
#11134 = FACE_BOUND('',#11135,.T.);
#11135 = EDGE_LOOP('',(#11136,#11137,#11143,#11144));
#11136 = ORIENTED_EDGE('',*,*,#10494,.F.);
#11137 = ORIENTED_EDGE('',*,*,#11138,.F.);
#11138 = EDGE_CURVE('',#9711,#10470,#11139,.T.);
#11139 = LINE('',#11140,#11141);
#11140 = CARTESIAN_POINT('',(5.880982621952,-8.949969798164,
    2.50000029232));
#11141 = VECTOR('',#11142,1.);
#11142 = DIRECTION('',(-1.085385890018E-14,0.874619707139,0.484809620246
    ));
#11143 = ORIENTED_EDGE('',*,*,#9710,.T.);
#11144 = ORIENTED_EDGE('',*,*,#11122,.T.);
#11145 = PLANE('',#11146);
#11146 = AXIS2_PLACEMENT_3D('',#11147,#11148,#11149);
#11147 = CARTESIAN_POINT('',(5.880982621952,-8.949969798164,
    2.50000029232));
#11148 = DIRECTION('',(2.024392839884E-15,-0.484809620246,0.874619707139
    ));
#11149 = DIRECTION('',(1.,1.047444401653E-14,3.491481338842E-15));
#11150 = ADVANCED_FACE('',(#11151),#11162,.F.);
#11151 = FACE_BOUND('',#11152,.F.);
#11152 = EDGE_LOOP('',(#11153,#11154,#11155,#11161));
#11153 = ORIENTED_EDGE('',*,*,#11138,.F.);
#11154 = ORIENTED_EDGE('',*,*,#9718,.F.);
#11155 = ORIENTED_EDGE('',*,*,#11156,.T.);
#11156 = EDGE_CURVE('',#9719,#10446,#11157,.T.);
#11157 = LINE('',#11158,#11159);
#11158 = CARTESIAN_POINT('',(5.380982630415,-8.949969798164,
    3.000000283857));
#11159 = VECTOR('',#11160,1.);
#11160 = DIRECTION('',(0.484809620246,0.874619707139,3.795230316036E-15)
  );
#11161 = ORIENTED_EDGE('',*,*,#10477,.T.);
#11162 = CONICAL_SURFACE('',#11163,0.499999991537,0.506145483078);
#11163 = AXIS2_PLACEMENT_3D('',#11164,#11165,#11166);
#11164 = CARTESIAN_POINT('',(5.880982621952,-8.949969798164,
    3.000000283857));
#11165 = DIRECTION('',(1.047444401653E-14,-1.,0.));
#11166 = DIRECTION('',(1.,1.047444401653E-14,3.469446951954E-15));
#11167 = ADVANCED_FACE('',(#11168),#11179,.T.);
#11168 = FACE_BOUND('',#11169,.T.);
#11169 = EDGE_LOOP('',(#11170,#11171,#11177,#11178));
#11170 = ORIENTED_EDGE('',*,*,#10445,.F.);
#11171 = ORIENTED_EDGE('',*,*,#11172,.F.);
#11172 = EDGE_CURVE('',#9575,#10414,#11173,.T.);
#11173 = LINE('',#11174,#11175);
#11174 = CARTESIAN_POINT('',(5.380982630415,-8.949969798164,
    7.472538868975));
#11175 = VECTOR('',#11176,1.);
#11176 = DIRECTION('',(0.484809620246,0.874619707139,1.692703741983E-15)
  );
#11177 = ORIENTED_EDGE('',*,*,#9727,.T.);
#11178 = ORIENTED_EDGE('',*,*,#11156,.T.);
#11179 = PLANE('',#11180);
#11180 = AXIS2_PLACEMENT_3D('',#11181,#11182,#11183);
#11181 = CARTESIAN_POINT('',(5.380982630415,-8.949969798164,
    7.472538868975));
#11182 = DIRECTION('',(0.874619707139,-0.484809620246,3.053718386064E-15
    ));
#11183 = DIRECTION('',(3.491481338845E-15,-8.697191480062E-28,-1.));
#11184 = ADVANCED_FACE('',(#11185),#11191,.F.);
#11185 = FACE_BOUND('',#11186,.F.);
#11186 = EDGE_LOOP('',(#11187,#11188,#11189,#11190));
#11187 = ORIENTED_EDGE('',*,*,#11172,.F.);
#11188 = ORIENTED_EDGE('',*,*,#9572,.F.);
#11189 = ORIENTED_EDGE('',*,*,#10885,.T.);
#11190 = ORIENTED_EDGE('',*,*,#10421,.T.);
#11191 = CONICAL_SURFACE('',#11192,0.499999991537,0.506145483078);
#11192 = AXIS2_PLACEMENT_3D('',#11193,#11194,#11195);
#11193 = CARTESIAN_POINT('',(5.880982621952,-8.949969798164,
    7.472538868975));
#11194 = DIRECTION('',(1.047444401653E-14,-1.,0.));
#11195 = DIRECTION('',(1.,1.047444401653E-14,3.469446951954E-15));
#11196 = ADVANCED_FACE('',(#11197),#11248,.T.);
#11197 = FACE_BOUND('',#11198,.T.);
#11198 = EDGE_LOOP('',(#11199,#11209,#11216,#11217,#11224,#11225,#11232,
    #11233,#11240,#11241));
#11199 = ORIENTED_EDGE('',*,*,#11200,.T.);
#11200 = EDGE_CURVE('',#11201,#11203,#11205,.T.);
#11201 = VERTEX_POINT('',#11202);
#11202 = CARTESIAN_POINT('',(-10.21901710553,6.700029936942,
    3.346354784384E-07));
#11203 = VERTEX_POINT('',#11204);
#11204 = CARTESIAN_POINT('',(-10.21901710553,-8.999969797318,
    3.346354775502E-07));
#11205 = LINE('',#11206,#11207);
#11206 = CARTESIAN_POINT('',(-10.21901710553,6.700029936942,
    3.346354775502E-07));
#11207 = VECTOR('',#11208,1.);
#11208 = DIRECTION('',(1.047444401653E-14,-1.,0.));
#11209 = ORIENTED_EDGE('',*,*,#11210,.T.);
#11210 = EDGE_CURVE('',#11203,#9736,#11211,.T.);
#11211 = CIRCLE('',#11212,0.299999994922);
#11212 = AXIS2_PLACEMENT_3D('',#11213,#11214,#11215);
#11213 = CARTESIAN_POINT('',(-10.21901710553,-8.999969797318,
    0.300000329558));
#11214 = DIRECTION('',(-1.,-1.047444401653E-14,-3.491481338843E-15));
#11215 = DIRECTION('',(1.047444401653E-14,-1.,-3.807038477705E-30));
#11216 = ORIENTED_EDGE('',*,*,#9761,.T.);
#11217 = ORIENTED_EDGE('',*,*,#11218,.T.);
#11218 = EDGE_CURVE('',#9754,#5260,#11219,.T.);
#11219 = CIRCLE('',#11220,0.299999994922);
#11220 = AXIS2_PLACEMENT_3D('',#11221,#11222,#11223);
#11221 = CARTESIAN_POINT('',(-10.21901710553,-8.999969797318,
    13.060107816132));
#11222 = DIRECTION('',(-1.,-1.047444401653E-14,-3.491481338843E-15));
#11223 = DIRECTION('',(1.047444401653E-14,-1.,-3.807038477703E-30));
#11224 = ORIENTED_EDGE('',*,*,#5259,.T.);
#11225 = ORIENTED_EDGE('',*,*,#11226,.T.);
#11226 = EDGE_CURVE('',#5252,#4991,#11227,.T.);
#11227 = CIRCLE('',#11228,0.299999994922);
#11228 = AXIS2_PLACEMENT_3D('',#11229,#11230,#11231);
#11229 = CARTESIAN_POINT('',(-10.21901710553,-5.01964122033,
    16.400000057047));
#11230 = DIRECTION('',(-1.,-1.047444401653E-14,-3.491481338843E-15));
#11231 = DIRECTION('',(1.047444401653E-14,-1.,-3.807038477709E-30));
#11232 = ORIENTED_EDGE('',*,*,#4990,.T.);
#11233 = ORIENTED_EDGE('',*,*,#11234,.T.);
#11234 = EDGE_CURVE('',#4983,#5695,#11235,.T.);
#11235 = CIRCLE('',#11236,0.499999991537);
#11236 = AXIS2_PLACEMENT_3D('',#11237,#11238,#11239);
#11237 = CARTESIAN_POINT('',(-10.21901710553,6.500029940327,
    16.200000060432));
#11238 = DIRECTION('',(-1.,-1.047444401653E-14,-3.491481338843E-15));
#11239 = DIRECTION('',(1.047444401653E-14,-1.,2.307979519134E-31));
#11240 = ORIENTED_EDGE('',*,*,#5694,.T.);
#11241 = ORIENTED_EDGE('',*,*,#11242,.T.);
#11242 = EDGE_CURVE('',#5687,#11201,#11243,.T.);
#11243 = CIRCLE('',#11244,0.299999994922);
#11244 = AXIS2_PLACEMENT_3D('',#11245,#11246,#11247);
#11245 = CARTESIAN_POINT('',(-10.21901710553,6.700029936942,
    0.300000329558));
#11246 = DIRECTION('',(-1.,-1.047444401653E-14,-3.491481338843E-15));
#11247 = DIRECTION('',(1.047444401653E-14,-1.,-3.807038477705E-30));
#11248 = PLANE('',#11249);
#11249 = AXIS2_PLACEMENT_3D('',#11250,#11251,#11252);
#11250 = CARTESIAN_POINT('',(-10.21901710553,-0.847212688324,
    8.005397014446));
#11251 = DIRECTION('',(-1.,-2.25659238241E-15,-5.75525327846E-15));
#11252 = DIRECTION('',(5.75525327846E-15,0.,-1.));
#11253 = ADVANCED_FACE('',(#11254),#11288,.T.);
#11254 = FACE_BOUND('',#11255,.T.);
#11255 = EDGE_LOOP('',(#11256,#11266,#11274,#11282));
#11256 = ORIENTED_EDGE('',*,*,#11257,.T.);
#11257 = EDGE_CURVE('',#11258,#11260,#11262,.T.);
#11258 = VERTEX_POINT('',#11259);
#11259 = CARTESIAN_POINT('',(-6.223147048668,-1.44996992511,
    3.175968972822));
#11260 = VERTEX_POINT('',#11261);
#11261 = CARTESIAN_POINT('',(-6.223147048668,-1.44996992511,
    7.547553209755));
#11262 = LINE('',#11263,#11264);
#11263 = CARTESIAN_POINT('',(-6.223147048668,-1.44996992511,
    3.34635491761E-07));
#11264 = VECTOR('',#11265,1.);
#11265 = DIRECTION('',(-3.491481338843E-15,-3.657132581847E-29,1.));
#11266 = ORIENTED_EDGE('',*,*,#11267,.T.);
#11267 = EDGE_CURVE('',#11260,#11268,#11270,.T.);
#11268 = VERTEX_POINT('',#11269);
#11269 = CARTESIAN_POINT('',(-8.83477893218,-1.44996992511,
    7.547553209755));
#11270 = LINE('',#11271,#11272);
#11271 = CARTESIAN_POINT('',(-5.219017190168,-1.44996992511,
    7.547553209755));
#11272 = VECTOR('',#11273,1.);
#11273 = DIRECTION('',(-1.,-1.047444401653E-14,-3.491481338843E-15));
#11274 = ORIENTED_EDGE('',*,*,#11275,.T.);
#11275 = EDGE_CURVE('',#11268,#11276,#11278,.T.);
#11276 = VERTEX_POINT('',#11277);
#11277 = CARTESIAN_POINT('',(-8.83477893218,-1.44996992511,
    3.175968972822));
#11278 = LINE('',#11279,#11280);
#11279 = CARTESIAN_POINT('',(-8.83477893218,-1.44996992511,
    3.346354824352E-07));
#11280 = VECTOR('',#11281,1.);
#11281 = DIRECTION('',(3.491481338843E-15,3.657132581847E-29,-1.));
#11282 = ORIENTED_EDGE('',*,*,#11283,.T.);
#11283 = EDGE_CURVE('',#11276,#11258,#11284,.T.);
#11284 = LINE('',#11285,#11286);
#11285 = CARTESIAN_POINT('',(-5.219017190168,-1.44996992511,
    3.175968972822));
#11286 = VECTOR('',#11287,1.);
#11287 = DIRECTION('',(1.,1.047444401653E-14,3.491481338843E-15));
#11288 = PLANE('',#11289);
#11289 = AXIS2_PLACEMENT_3D('',#11290,#11291,#11292);
#11290 = CARTESIAN_POINT('',(-5.219017190168,-1.44996992511,
    3.346354953138E-07));
#11291 = DIRECTION('',(1.047444401653E-14,-1.,0.));
#11292 = DIRECTION('',(1.,1.047444401653E-14,3.491481338843E-15));
#11293 = ADVANCED_FACE('',(#11294),#11319,.F.);
#11294 = FACE_BOUND('',#11295,.T.);
#11295 = EDGE_LOOP('',(#11296,#11306,#11312,#11313));
#11296 = ORIENTED_EDGE('',*,*,#11297,.T.);
#11297 = EDGE_CURVE('',#11298,#11300,#11302,.T.);
#11298 = VERTEX_POINT('',#11299);
#11299 = CARTESIAN_POINT('',(-5.785703738442,-6.449969840479,
    7.98499651998));
#11300 = VERTEX_POINT('',#11301);
#11301 = CARTESIAN_POINT('',(-9.272222242405,-6.449969840479,
    7.98499651998));
#11302 = LINE('',#11303,#11304);
#11303 = CARTESIAN_POINT('',(-9.272222242405,-6.449969840479,
    7.98499651998));
#11304 = VECTOR('',#11305,1.);
#11305 = DIRECTION('',(-1.,-1.047444401653E-14,-3.491481338843E-15));
#11306 = ORIENTED_EDGE('',*,*,#11307,.F.);
#11307 = EDGE_CURVE('',#11268,#11300,#11308,.T.);
#11308 = LINE('',#11309,#11310);
#11309 = CARTESIAN_POINT('',(-9.272222242405,-6.449969840479,
    7.98499651998));
#11310 = VECTOR('',#11311,1.);
#11311 = DIRECTION('',(-8.682659386424E-02,-0.992432509139,
    8.682659386425E-02));
#11312 = ORIENTED_EDGE('',*,*,#11267,.F.);
#11313 = ORIENTED_EDGE('',*,*,#11314,.T.);
#11314 = EDGE_CURVE('',#11260,#11298,#11315,.T.);
#11315 = LINE('',#11316,#11317);
#11316 = CARTESIAN_POINT('',(-5.785703738442,-6.449969840479,
    7.98499651998));
#11317 = VECTOR('',#11318,1.);
#11318 = DIRECTION('',(8.682659386426E-02,-0.992432509139,
    8.682659386425E-02));
#11319 = PLANE('',#11320);
#11320 = AXIS2_PLACEMENT_3D('',#11321,#11322,#11323);
#11321 = CARTESIAN_POINT('',(-9.272222242405,-6.449969840479,
    7.98499651998));
#11322 = DIRECTION('',(-4.39110314637E-15,8.715574274764E-02,
    0.996194698092));
#11323 = DIRECTION('',(-1.013028294535E-14,0.996194698092,
    -8.715574274764E-02));
#11324 = ADVANCED_FACE('',(#11325),#11343,.F.);
#11325 = FACE_BOUND('',#11326,.T.);
#11326 = EDGE_LOOP('',(#11327,#11335,#11341,#11342));
#11327 = ORIENTED_EDGE('',*,*,#11328,.T.);
#11328 = EDGE_CURVE('',#11300,#11329,#11331,.T.);
#11329 = VERTEX_POINT('',#11330);
#11330 = CARTESIAN_POINT('',(-9.272222242405,-6.449969840479,
    2.738525662596));
#11331 = LINE('',#11332,#11333);
#11332 = CARTESIAN_POINT('',(-9.272222242405,-6.449969840479,
    7.98499651998));
#11333 = VECTOR('',#11334,1.);
#11334 = DIRECTION('',(3.491481338843E-15,3.657132581847E-29,-1.));
#11335 = ORIENTED_EDGE('',*,*,#11336,.F.);
#11336 = EDGE_CURVE('',#11276,#11329,#11337,.T.);
#11337 = LINE('',#11338,#11339);
#11338 = CARTESIAN_POINT('',(-9.232669846747,-5.99788388941,
    2.778078058254));
#11339 = VECTOR('',#11340,1.);
#11340 = DIRECTION('',(-8.682659386424E-02,-0.992432509139,
    -8.682659386425E-02));
#11341 = ORIENTED_EDGE('',*,*,#11275,.F.);
#11342 = ORIENTED_EDGE('',*,*,#11307,.T.);
#11343 = PLANE('',#11344);
#11344 = AXIS2_PLACEMENT_3D('',#11345,#11346,#11347);
#11345 = CARTESIAN_POINT('',(-9.272222242405,-6.449969840479,
    7.98499651998));
#11346 = DIRECTION('',(-0.996194698092,8.715574274763E-02,
    -3.478195198241E-15));
#11347 = DIRECTION('',(-8.715574274763E-02,-0.996194698092,
    -3.043026493764E-16));
#11348 = ADVANCED_FACE('',(#11349),#11367,.F.);
#11349 = FACE_BOUND('',#11350,.T.);
#11350 = EDGE_LOOP('',(#11351,#11359,#11365,#11366));
#11351 = ORIENTED_EDGE('',*,*,#11352,.T.);
#11352 = EDGE_CURVE('',#11329,#11353,#11355,.T.);
#11353 = VERTEX_POINT('',#11354);
#11354 = CARTESIAN_POINT('',(-5.785703738442,-6.449969840479,
    2.738525662596));
#11355 = LINE('',#11356,#11357);
#11356 = CARTESIAN_POINT('',(-9.272222242405,-6.449969840479,
    2.738525662596));
#11357 = VECTOR('',#11358,1.);
#11358 = DIRECTION('',(1.,1.047444401653E-14,3.491481338843E-15));
#11359 = ORIENTED_EDGE('',*,*,#11360,.F.);
#11360 = EDGE_CURVE('',#11258,#11353,#11361,.T.);
#11361 = LINE('',#11362,#11363);
#11362 = CARTESIAN_POINT('',(-5.811988104273,-6.149538164286,
    2.764810028427));
#11363 = VECTOR('',#11364,1.);
#11364 = DIRECTION('',(8.682659386426E-02,-0.992432509139,
    -8.682659386425E-02));
#11365 = ORIENTED_EDGE('',*,*,#11283,.F.);
#11366 = ORIENTED_EDGE('',*,*,#11336,.T.);
#11367 = PLANE('',#11368);
#11368 = AXIS2_PLACEMENT_3D('',#11369,#11370,#11371);
#11369 = CARTESIAN_POINT('',(-9.272222242405,-6.449969840479,
    2.738525662596));
#11370 = DIRECTION('',(2.565287250111E-15,8.715574274764E-02,
    -0.996194698092));
#11371 = DIRECTION('',(1.07388882441E-14,-0.996194698092,
    -8.715574274764E-02));
#11372 = ADVANCED_FACE('',(#11373),#11384,.F.);
#11373 = FACE_BOUND('',#11374,.T.);
#11374 = EDGE_LOOP('',(#11375,#11381,#11382,#11383));
#11375 = ORIENTED_EDGE('',*,*,#11376,.T.);
#11376 = EDGE_CURVE('',#11353,#11298,#11377,.T.);
#11377 = LINE('',#11378,#11379);
#11378 = CARTESIAN_POINT('',(-5.785703738442,-6.449969840479,
    7.98499651998));
#11379 = VECTOR('',#11380,1.);
#11380 = DIRECTION('',(-3.491481338843E-15,-3.657132581847E-29,1.));
#11381 = ORIENTED_EDGE('',*,*,#11314,.F.);
#11382 = ORIENTED_EDGE('',*,*,#11257,.F.);
#11383 = ORIENTED_EDGE('',*,*,#11360,.T.);
#11384 = PLANE('',#11385);
#11385 = AXIS2_PLACEMENT_3D('',#11386,#11387,#11388);
#11386 = CARTESIAN_POINT('',(-5.785703738442,-6.449969840479,
    7.98499651998));
#11387 = DIRECTION('',(0.996194698092,8.715574274765E-02,
    3.478195198241E-15));
#11388 = DIRECTION('',(-8.715574274765E-02,0.996194698092,
    -3.043026493764E-16));
#11389 = ADVANCED_FACE('',(#11390,#11396),#11559,.T.);
#11390 = FACE_BOUND('',#11391,.T.);
#11391 = EDGE_LOOP('',(#11392,#11393,#11394,#11395));
#11392 = ORIENTED_EDGE('',*,*,#11376,.F.);
#11393 = ORIENTED_EDGE('',*,*,#11352,.F.);
#11394 = ORIENTED_EDGE('',*,*,#11328,.F.);
#11395 = ORIENTED_EDGE('',*,*,#11297,.F.);
#11396 = FACE_BOUND('',#11397,.T.);
#11397 = EDGE_LOOP('',(#11398,#11409,#11417,#11426,#11434,#11443,#11451,
    #11459,#11467,#11476,#11484,#11493,#11501,#11510,#11518,#11527,
    #11535,#11544,#11553));
#11398 = ORIENTED_EDGE('',*,*,#11399,.T.);
#11399 = EDGE_CURVE('',#11400,#11402,#11404,.T.);
#11400 = VERTEX_POINT('',#11401);
#11401 = CARTESIAN_POINT('',(-9.552029818719,-6.449969840479,
    7.722538864744));
#11402 = VERTEX_POINT('',#11403);
#11403 = CARTESIAN_POINT('',(-9.619017115693,-6.449969840479,
    7.472538868975));
#11404 = CIRCLE('',#11405,0.499999991537);
#11405 = AXIS2_PLACEMENT_3D('',#11406,#11407,#11408);
#11406 = CARTESIAN_POINT('',(-9.119017124156,-6.449969840479,
    7.472538868975));
#11407 = DIRECTION('',(1.047444401653E-14,-1.,0.));
#11408 = DIRECTION('',(1.,1.047444401653E-14,3.469446951954E-15));
#11409 = ORIENTED_EDGE('',*,*,#11410,.T.);
#11410 = EDGE_CURVE('',#11402,#11411,#11413,.T.);
#11411 = VERTEX_POINT('',#11412);
#11412 = CARTESIAN_POINT('',(-9.619017115693,-6.449969840479,
    3.000000283857));
#11413 = LINE('',#11414,#11415);
#11414 = CARTESIAN_POINT('',(-9.619017115693,-6.449969840479,
    7.472538868975));
#11415 = VECTOR('',#11416,1.);
#11416 = DIRECTION('',(3.491481338843E-15,3.657132581847E-29,-1.));
#11417 = ORIENTED_EDGE('',*,*,#11418,.T.);
#11418 = EDGE_CURVE('',#11411,#11419,#11421,.T.);
#11419 = VERTEX_POINT('',#11420);
#11420 = CARTESIAN_POINT('',(-9.119017124156,-6.449969840479,
    2.50000029232));
#11421 = CIRCLE('',#11422,0.499999991537);
#11422 = AXIS2_PLACEMENT_3D('',#11423,#11424,#11425);
#11423 = CARTESIAN_POINT('',(-9.119017124156,-6.449969840479,
    3.000000283857));
#11424 = DIRECTION('',(1.047444401653E-14,-1.,0.));
#11425 = DIRECTION('',(1.,1.047444401653E-14,3.469446951954E-15));
#11426 = ORIENTED_EDGE('',*,*,#11427,.T.);
#11427 = EDGE_CURVE('',#11419,#11428,#11430,.T.);
#11428 = VERTEX_POINT('',#11429);
#11429 = CARTESIAN_POINT('',(-5.949572527749,-6.449969840479,
    2.50000029232));
#11430 = LINE('',#11431,#11432);
#11431 = CARTESIAN_POINT('',(-9.119017124156,-6.449969840479,
    2.50000029232));
#11432 = VECTOR('',#11433,1.);
#11433 = DIRECTION('',(1.,1.047444401653E-14,3.491481338843E-15));
#11434 = ORIENTED_EDGE('',*,*,#11435,.T.);
#11435 = EDGE_CURVE('',#11428,#11436,#11438,.T.);
#11436 = VERTEX_POINT('',#11437);
#11437 = CARTESIAN_POINT('',(-5.516559833186,-6.449969840479,
    2.750000288089));
#11438 = CIRCLE('',#11439,0.499999991537);
#11439 = AXIS2_PLACEMENT_3D('',#11440,#11441,#11442);
#11440 = CARTESIAN_POINT('',(-5.949572527749,-6.449969840479,
    3.000000283857));
#11441 = DIRECTION('',(1.047444401653E-14,-1.,0.));
#11442 = DIRECTION('',(1.,1.047444401653E-14,3.469446951954E-15));
#11443 = ORIENTED_EDGE('',*,*,#11444,.T.);
#11444 = EDGE_CURVE('',#11436,#11445,#11447,.T.);
#11445 = VERTEX_POINT('',#11446);
#11446 = CARTESIAN_POINT('',(-5.219017190168,-6.449969840479,
    3.265359263214));
#11447 = LINE('',#11448,#11449);
#11448 = CARTESIAN_POINT('',(-5.516559833186,-6.449969840479,
    2.750000288089));
#11449 = VECTOR('',#11450,1.);
#11450 = DIRECTION('',(0.5,5.237222008267E-15,0.866025403784));
#11451 = ORIENTED_EDGE('',*,*,#11452,.T.);
#11452 = EDGE_CURVE('',#11445,#11453,#11455,.T.);
#11453 = VERTEX_POINT('',#11454);
#11454 = CARTESIAN_POINT('',(-5.219017190168,-6.449969840479,
    7.467949400663));
#11455 = LINE('',#11456,#11457);
#11456 = CARTESIAN_POINT('',(-5.219017190168,-6.449969840479,
    3.265359263214));
#11457 = VECTOR('',#11458,1.);
#11458 = DIRECTION('',(-3.498085736188E-15,-3.664050320872E-29,1.));
#11459 = ORIENTED_EDGE('',*,*,#11460,.T.);
#11460 = EDGE_CURVE('',#11453,#11461,#11463,.T.);
#11461 = VERTEX_POINT('',#11462);
#11462 = CARTESIAN_POINT('',(-5.786004478679,-6.449969840479,
    8.45000019161));
#11463 = LINE('',#11464,#11465);
#11464 = CARTESIAN_POINT('',(-5.219017190168,-6.449969840479,
    7.467949400663));
#11465 = VECTOR('',#11466,1.);
#11466 = DIRECTION('',(-0.5,-5.237222008267E-15,0.866025403784));
#11467 = ORIENTED_EDGE('',*,*,#11468,.T.);
#11468 = EDGE_CURVE('',#11461,#11469,#11471,.T.);
#11469 = VERTEX_POINT('',#11470);
#11470 = CARTESIAN_POINT('',(-6.219017173242,-6.449969840479,
    8.700000187378));
#11471 = CIRCLE('',#11472,0.499999991537);
#11472 = AXIS2_PLACEMENT_3D('',#11473,#11474,#11475);
#11473 = CARTESIAN_POINT('',(-6.219017173242,-6.449969840479,
    8.200000195841));
#11474 = DIRECTION('',(1.047444401653E-14,-1.,0.));
#11475 = DIRECTION('',(1.,1.047444401653E-14,3.469446951954E-15));
#11476 = ORIENTED_EDGE('',*,*,#11477,.T.);
#11477 = EDGE_CURVE('',#11469,#11478,#11480,.T.);
#11478 = VERTEX_POINT('',#11479);
#11479 = CARTESIAN_POINT('',(-6.259017172565,-6.449969840479,
    8.700000187378));
#11480 = LINE('',#11481,#11482);
#11481 = CARTESIAN_POINT('',(-6.219017173242,-6.449969840479,
    8.700000187378));
#11482 = VECTOR('',#11483,1.);
#11483 = DIRECTION('',(-1.,-1.047444401653E-14,-3.491481338843E-15));
#11484 = ORIENTED_EDGE('',*,*,#11485,.F.);
#11485 = EDGE_CURVE('',#11486,#11478,#11488,.T.);
#11486 = VERTEX_POINT('',#11487);
#11487 = CARTESIAN_POINT('',(-6.46901716901,-6.449969840479,
    8.910000183823));
#11488 = CIRCLE('',#11489,0.209999996446);
#11489 = AXIS2_PLACEMENT_3D('',#11490,#11491,#11492);
#11490 = CARTESIAN_POINT('',(-6.259017172565,-6.449969840479,
    8.910000183823));
#11491 = DIRECTION('',(1.047444401653E-14,-1.,0.));
#11492 = DIRECTION('',(1.,1.047444401653E-14,0.));
#11493 = ORIENTED_EDGE('',*,*,#11494,.T.);
#11494 = EDGE_CURVE('',#11486,#11495,#11497,.T.);
#11495 = VERTEX_POINT('',#11496);
#11496 = CARTESIAN_POINT('',(-6.46901716901,-6.449969840479,
    10.400000158604));
#11497 = LINE('',#11498,#11499);
#11498 = CARTESIAN_POINT('',(-6.46901716901,-6.449969840479,
    8.910000183823));
#11499 = VECTOR('',#11500,1.);
#11500 = DIRECTION('',(-3.491481338843E-15,-3.657132581847E-29,1.));
#11501 = ORIENTED_EDGE('',*,*,#11502,.T.);
#11502 = EDGE_CURVE('',#11495,#11503,#11505,.T.);
#11503 = VERTEX_POINT('',#11504);
#11504 = CARTESIAN_POINT('',(-6.769017163933,-6.449969840479,
    10.700000153526));
#11505 = CIRCLE('',#11506,0.299999994922);
#11506 = AXIS2_PLACEMENT_3D('',#11507,#11508,#11509);
#11507 = CARTESIAN_POINT('',(-6.769017163933,-6.449969840479,
    10.400000158604));
#11508 = DIRECTION('',(1.047444401653E-14,-1.,0.));
#11509 = DIRECTION('',(1.,1.047444401653E-14,5.782411586589E-15));
#11510 = ORIENTED_EDGE('',*,*,#11511,.T.);
#11511 = EDGE_CURVE('',#11503,#11512,#11514,.T.);
#11512 = VERTEX_POINT('',#11513);
#11513 = CARTESIAN_POINT('',(-8.269017138543,-6.449969840479,
    10.700000153526));
#11514 = LINE('',#11515,#11516);
#11515 = CARTESIAN_POINT('',(-6.769017163933,-6.449969840479,
    10.700000153526));
#11516 = VECTOR('',#11517,1.);
#11517 = DIRECTION('',(-1.,-1.047444401653E-14,-3.491481338843E-15));
#11518 = ORIENTED_EDGE('',*,*,#11519,.T.);
#11519 = EDGE_CURVE('',#11512,#11520,#11522,.T.);
#11520 = VERTEX_POINT('',#11521);
#11521 = CARTESIAN_POINT('',(-8.569017133466,-6.449969840479,
    10.400000158604));
#11522 = CIRCLE('',#11523,0.299999994922);
#11523 = AXIS2_PLACEMENT_3D('',#11524,#11525,#11526);
#11524 = CARTESIAN_POINT('',(-8.269017138543,-6.449969840479,
    10.400000158604));
#11525 = DIRECTION('',(1.047444401653E-14,-1.,0.));
#11526 = DIRECTION('',(1.,1.047444401653E-14,5.782411586589E-15));
#11527 = ORIENTED_EDGE('',*,*,#11528,.T.);
#11528 = EDGE_CURVE('',#11520,#11529,#11531,.T.);
#11529 = VERTEX_POINT('',#11530);
#11530 = CARTESIAN_POINT('',(-8.569017133466,-6.449969840479,
    8.905478744878));
#11531 = LINE('',#11532,#11533);
#11532 = CARTESIAN_POINT('',(-8.569017133466,-6.449969840479,
    10.400000158604));
#11533 = VECTOR('',#11534,1.);
#11534 = DIRECTION('',(3.491481338843E-15,3.657132581847E-29,-1.));
#11535 = ORIENTED_EDGE('',*,*,#11536,.F.);
#11536 = EDGE_CURVE('',#11537,#11529,#11539,.T.);
#11537 = VERTEX_POINT('',#11538);
#11538 = CARTESIAN_POINT('',(-8.755355158481,-6.449969840479,
    8.696816075445));
#11539 = CIRCLE('',#11540,0.209999996446);
#11540 = AXIS2_PLACEMENT_3D('',#11541,#11542,#11543);
#11541 = CARTESIAN_POINT('',(-8.779017129911,-6.449969840479,
    8.905478744878));
#11542 = DIRECTION('',(1.047444401653E-14,-1.,0.));
#11543 = DIRECTION('',(1.,1.047444401653E-14,0.));
#11544 = ORIENTED_EDGE('',*,*,#11545,.T.);
#11545 = EDGE_CURVE('',#11537,#11546,#11548,.T.);
#11546 = VERTEX_POINT('',#11547);
#11547 = CARTESIAN_POINT('',(-9.132029825828,-6.449969840479,
    8.450000191609));
#11548 = CIRCLE('',#11549,0.499999991537);
#11549 = AXIS2_PLACEMENT_3D('',#11550,#11551,#11552);
#11550 = CARTESIAN_POINT('',(-8.699017131265,-6.449969840479,
    8.200000195841));
#11551 = DIRECTION('',(1.047444401653E-14,-1.,0.));
#11552 = DIRECTION('',(1.,1.047444401653E-14,3.469446951953E-15));
#11553 = ORIENTED_EDGE('',*,*,#11554,.T.);
#11554 = EDGE_CURVE('',#11546,#11400,#11555,.T.);
#11555 = LINE('',#11556,#11557);
#11556 = CARTESIAN_POINT('',(-9.132029825828,-6.449969840479,
    8.450000191609));
#11557 = VECTOR('',#11558,1.);
#11558 = DIRECTION('',(-0.5,-5.237222008267E-15,-0.866025403784));
#11559 = PLANE('',#11560);
#11560 = AXIS2_PLACEMENT_3D('',#11561,#11562,#11563);
#11561 = CARTESIAN_POINT('',(-9.119017124156,-6.449969840479,
    7.472538868975));
#11562 = DIRECTION('',(1.047444401653E-14,-1.,0.));
#11563 = DIRECTION('',(-3.491481338843E-15,-3.657132581847E-29,1.));
#11564 = ADVANCED_FACE('',(#11565),#11591,.F.);
#11565 = FACE_BOUND('',#11566,.F.);
#11566 = EDGE_LOOP('',(#11567,#11568,#11576,#11585));
#11567 = ORIENTED_EDGE('',*,*,#11399,.T.);
#11568 = ORIENTED_EDGE('',*,*,#11569,.F.);
#11569 = EDGE_CURVE('',#11570,#11402,#11572,.T.);
#11570 = VERTEX_POINT('',#11571);
#11571 = CARTESIAN_POINT('',(-9.619017115693,-8.949969798164,
    7.472538868975));
#11572 = LINE('',#11573,#11574);
#11573 = CARTESIAN_POINT('',(-9.619017115693,-11.44996975584,
    7.472538868975));
#11574 = VECTOR('',#11575,1.);
#11575 = DIRECTION('',(-1.047444401653E-14,1.,0.));
#11576 = ORIENTED_EDGE('',*,*,#11577,.F.);
#11577 = EDGE_CURVE('',#11578,#11570,#11580,.T.);
#11578 = VERTEX_POINT('',#11579);
#11579 = CARTESIAN_POINT('',(-9.552029818719,-8.949969798164,
    7.722538864744));
#11580 = CIRCLE('',#11581,0.499999991537);
#11581 = AXIS2_PLACEMENT_3D('',#11582,#11583,#11584);
#11582 = CARTESIAN_POINT('',(-9.119017124156,-8.949969798164,
    7.472538868975));
#11583 = DIRECTION('',(1.047444401653E-14,-1.,0.));
#11584 = DIRECTION('',(1.,1.047444401653E-14,3.469446951954E-15));
#11585 = ORIENTED_EDGE('',*,*,#11586,.T.);
#11586 = EDGE_CURVE('',#11578,#11400,#11587,.T.);
#11587 = LINE('',#11588,#11589);
#11588 = CARTESIAN_POINT('',(-9.552029818719,-11.44996975584,
    7.722538864744));
#11589 = VECTOR('',#11590,1.);
#11590 = DIRECTION('',(-1.047444401653E-14,1.,0.));
#11591 = CYLINDRICAL_SURFACE('',#11592,0.499999991537);
#11592 = AXIS2_PLACEMENT_3D('',#11593,#11594,#11595);
#11593 = CARTESIAN_POINT('',(-9.119017124156,-11.44996975584,
    7.472538868975));
#11594 = DIRECTION('',(-1.047444401653E-14,1.,0.));
#11595 = DIRECTION('',(-1.,-1.047444401653E-14,-3.469446951954E-15));
#11596 = ADVANCED_FACE('',(#11597),#11615,.T.);
#11597 = FACE_BOUND('',#11598,.T.);
#11598 = EDGE_LOOP('',(#11599,#11600,#11608,#11614));
#11599 = ORIENTED_EDGE('',*,*,#11569,.F.);
#11600 = ORIENTED_EDGE('',*,*,#11601,.T.);
#11601 = EDGE_CURVE('',#11570,#11602,#11604,.T.);
#11602 = VERTEX_POINT('',#11603);
#11603 = CARTESIAN_POINT('',(-9.619017115693,-8.949969798164,
    3.000000283857));
#11604 = LINE('',#11605,#11606);
#11605 = CARTESIAN_POINT('',(-9.619017115693,-8.949969798164,
    7.472538868975));
#11606 = VECTOR('',#11607,1.);
#11607 = DIRECTION('',(3.491481338843E-15,3.657132581847E-29,-1.));
#11608 = ORIENTED_EDGE('',*,*,#11609,.T.);
#11609 = EDGE_CURVE('',#11602,#11411,#11610,.T.);
#11610 = LINE('',#11611,#11612);
#11611 = CARTESIAN_POINT('',(-9.619017115693,-11.44996975584,
    3.000000283857));
#11612 = VECTOR('',#11613,1.);
#11613 = DIRECTION('',(-1.047444401653E-14,1.,0.));
#11614 = ORIENTED_EDGE('',*,*,#11410,.F.);
#11615 = PLANE('',#11616);
#11616 = AXIS2_PLACEMENT_3D('',#11617,#11618,#11619);
#11617 = CARTESIAN_POINT('',(-9.619017115693,-11.44996975584,
    7.472538868975));
#11618 = DIRECTION('',(1.,1.047444401653E-14,3.491481338843E-15));
#11619 = DIRECTION('',(3.491481338843E-15,3.657132581847E-29,-1.));
#11620 = ADVANCED_FACE('',(#11621),#11640,.F.);
#11621 = FACE_BOUND('',#11622,.F.);
#11622 = EDGE_LOOP('',(#11623,#11624,#11632,#11639));
#11623 = ORIENTED_EDGE('',*,*,#11418,.T.);
#11624 = ORIENTED_EDGE('',*,*,#11625,.F.);
#11625 = EDGE_CURVE('',#11626,#11419,#11628,.T.);
#11626 = VERTEX_POINT('',#11627);
#11627 = CARTESIAN_POINT('',(-9.119017124156,-8.949969798164,
    2.50000029232));
#11628 = LINE('',#11629,#11630);
#11629 = CARTESIAN_POINT('',(-9.119017124156,-11.44996975584,
    2.50000029232));
#11630 = VECTOR('',#11631,1.);
#11631 = DIRECTION('',(-1.047444401653E-14,1.,0.));
#11632 = ORIENTED_EDGE('',*,*,#11633,.F.);
#11633 = EDGE_CURVE('',#11602,#11626,#11634,.T.);
#11634 = CIRCLE('',#11635,0.499999991537);
#11635 = AXIS2_PLACEMENT_3D('',#11636,#11637,#11638);
#11636 = CARTESIAN_POINT('',(-9.119017124156,-8.949969798164,
    3.000000283857));
#11637 = DIRECTION('',(1.047444401653E-14,-1.,0.));
#11638 = DIRECTION('',(1.,1.047444401653E-14,3.469446951954E-15));
#11639 = ORIENTED_EDGE('',*,*,#11609,.T.);
#11640 = CYLINDRICAL_SURFACE('',#11641,0.499999991537);
#11641 = AXIS2_PLACEMENT_3D('',#11642,#11643,#11644);
#11642 = CARTESIAN_POINT('',(-9.119017124156,-11.44996975584,
    3.000000283857));
#11643 = DIRECTION('',(-1.047444401653E-14,1.,0.));
#11644 = DIRECTION('',(-1.,-1.047444401653E-14,-3.469446951954E-15));
#11645 = ADVANCED_FACE('',(#11646),#11664,.T.);
#11646 = FACE_BOUND('',#11647,.T.);
#11647 = EDGE_LOOP('',(#11648,#11649,#11657,#11663));
#11648 = ORIENTED_EDGE('',*,*,#11625,.F.);
#11649 = ORIENTED_EDGE('',*,*,#11650,.T.);
#11650 = EDGE_CURVE('',#11626,#11651,#11653,.T.);
#11651 = VERTEX_POINT('',#11652);
#11652 = CARTESIAN_POINT('',(-5.949572527749,-8.949969798164,
    2.50000029232));
#11653 = LINE('',#11654,#11655);
#11654 = CARTESIAN_POINT('',(-9.119017124156,-8.949969798164,
    2.50000029232));
#11655 = VECTOR('',#11656,1.);
#11656 = DIRECTION('',(1.,1.047444401653E-14,3.491481338843E-15));
#11657 = ORIENTED_EDGE('',*,*,#11658,.T.);
#11658 = EDGE_CURVE('',#11651,#11428,#11659,.T.);
#11659 = LINE('',#11660,#11661);
#11660 = CARTESIAN_POINT('',(-5.949572527749,-11.44996975584,
    2.50000029232));
#11661 = VECTOR('',#11662,1.);
#11662 = DIRECTION('',(-1.047444401653E-14,1.,0.));
#11663 = ORIENTED_EDGE('',*,*,#11427,.F.);
#11664 = PLANE('',#11665);
#11665 = AXIS2_PLACEMENT_3D('',#11666,#11667,#11668);
#11666 = CARTESIAN_POINT('',(-9.119017124156,-11.44996975584,
    2.50000029232));
#11667 = DIRECTION('',(-3.491481338843E-15,-3.657132581847E-29,1.));
#11668 = DIRECTION('',(1.047444401653E-14,-1.,2.129973665774E-43));
#11669 = ADVANCED_FACE('',(#11670),#11689,.F.);
#11670 = FACE_BOUND('',#11671,.F.);
#11671 = EDGE_LOOP('',(#11672,#11673,#11681,#11688));
#11672 = ORIENTED_EDGE('',*,*,#11435,.T.);
#11673 = ORIENTED_EDGE('',*,*,#11674,.F.);
#11674 = EDGE_CURVE('',#11675,#11436,#11677,.T.);
#11675 = VERTEX_POINT('',#11676);
#11676 = CARTESIAN_POINT('',(-5.516559833186,-8.949969798164,
    2.750000288089));
#11677 = LINE('',#11678,#11679);
#11678 = CARTESIAN_POINT('',(-5.516559833186,-11.44996975584,
    2.750000288089));
#11679 = VECTOR('',#11680,1.);
#11680 = DIRECTION('',(-1.047444401653E-14,1.,0.));
#11681 = ORIENTED_EDGE('',*,*,#11682,.F.);
#11682 = EDGE_CURVE('',#11651,#11675,#11683,.T.);
#11683 = CIRCLE('',#11684,0.499999991537);
#11684 = AXIS2_PLACEMENT_3D('',#11685,#11686,#11687);
#11685 = CARTESIAN_POINT('',(-5.949572527749,-8.949969798164,
    3.000000283857));
#11686 = DIRECTION('',(1.047444401653E-14,-1.,0.));
#11687 = DIRECTION('',(1.,1.047444401653E-14,3.469446951954E-15));
#11688 = ORIENTED_EDGE('',*,*,#11658,.T.);
#11689 = CYLINDRICAL_SURFACE('',#11690,0.499999991537);
#11690 = AXIS2_PLACEMENT_3D('',#11691,#11692,#11693);
#11691 = CARTESIAN_POINT('',(-5.949572527749,-11.44996975584,
    3.000000283857));
#11692 = DIRECTION('',(-1.047444401653E-14,1.,0.));
#11693 = DIRECTION('',(-1.,-1.047444401653E-14,-3.469446951954E-15));
#11694 = ADVANCED_FACE('',(#11695),#11713,.T.);
#11695 = FACE_BOUND('',#11696,.T.);
#11696 = EDGE_LOOP('',(#11697,#11698,#11706,#11712));
#11697 = ORIENTED_EDGE('',*,*,#11674,.F.);
#11698 = ORIENTED_EDGE('',*,*,#11699,.T.);
#11699 = EDGE_CURVE('',#11675,#11700,#11702,.T.);
#11700 = VERTEX_POINT('',#11701);
#11701 = CARTESIAN_POINT('',(-5.219017190168,-8.949969798164,
    3.265359263214));
#11702 = LINE('',#11703,#11704);
#11703 = CARTESIAN_POINT('',(-5.516559833186,-8.949969798164,
    2.750000288089));
#11704 = VECTOR('',#11705,1.);
#11705 = DIRECTION('',(0.5,5.237222008267E-15,0.866025403784));
#11706 = ORIENTED_EDGE('',*,*,#11707,.T.);
#11707 = EDGE_CURVE('',#11700,#11445,#11708,.T.);
#11708 = LINE('',#11709,#11710);
#11709 = CARTESIAN_POINT('',(-5.219017190168,-11.44996975584,
    3.265359263214));
#11710 = VECTOR('',#11711,1.);
#11711 = DIRECTION('',(-1.047444401653E-14,1.,0.));
#11712 = ORIENTED_EDGE('',*,*,#11444,.F.);
#11713 = PLANE('',#11714);
#11714 = AXIS2_PLACEMENT_3D('',#11715,#11716,#11717);
#11715 = CARTESIAN_POINT('',(-5.516559833186,-11.44996975584,
    2.750000288089));
#11716 = DIRECTION('',(-0.866025403784,-9.071134608835E-15,0.5));
#11717 = DIRECTION('',(1.047444401653E-14,-1.,-1.851456544554E-27));
#11718 = ADVANCED_FACE('',(#11719),#11737,.T.);
#11719 = FACE_BOUND('',#11720,.T.);
#11720 = EDGE_LOOP('',(#11721,#11722,#11730,#11736));
#11721 = ORIENTED_EDGE('',*,*,#11707,.F.);
#11722 = ORIENTED_EDGE('',*,*,#11723,.T.);
#11723 = EDGE_CURVE('',#11700,#11724,#11726,.T.);
#11724 = VERTEX_POINT('',#11725);
#11725 = CARTESIAN_POINT('',(-5.219017190168,-8.949969798164,
    7.467949400663));
#11726 = LINE('',#11727,#11728);
#11727 = CARTESIAN_POINT('',(-5.219017190168,-8.949969798164,
    3.265359263214));
#11728 = VECTOR('',#11729,1.);
#11729 = DIRECTION('',(-3.498085736188E-15,-3.664050320872E-29,1.));
#11730 = ORIENTED_EDGE('',*,*,#11731,.T.);
#11731 = EDGE_CURVE('',#11724,#11453,#11732,.T.);
#11732 = LINE('',#11733,#11734);
#11733 = CARTESIAN_POINT('',(-5.219017190168,-11.44996975584,
    7.467949400663));
#11734 = VECTOR('',#11735,1.);
#11735 = DIRECTION('',(-1.047444401653E-14,1.,0.));
#11736 = ORIENTED_EDGE('',*,*,#11452,.F.);
#11737 = PLANE('',#11738);
#11738 = AXIS2_PLACEMENT_3D('',#11739,#11740,#11741);
#11739 = CARTESIAN_POINT('',(-5.219017190168,-11.44996975584,
    3.265359263214));
#11740 = DIRECTION('',(-1.,-1.047444401653E-14,-3.498085736188E-15));
#11741 = DIRECTION('',(3.498085736188E-15,3.664050320872E-29,-1.));
#11742 = ADVANCED_FACE('',(#11743),#11761,.T.);
#11743 = FACE_BOUND('',#11744,.T.);
#11744 = EDGE_LOOP('',(#11745,#11746,#11754,#11760));
#11745 = ORIENTED_EDGE('',*,*,#11731,.F.);
#11746 = ORIENTED_EDGE('',*,*,#11747,.T.);
#11747 = EDGE_CURVE('',#11724,#11748,#11750,.T.);
#11748 = VERTEX_POINT('',#11749);
#11749 = CARTESIAN_POINT('',(-5.786004478679,-8.949969798164,
    8.45000019161));
#11750 = LINE('',#11751,#11752);
#11751 = CARTESIAN_POINT('',(-5.219017190168,-8.949969798164,
    7.467949400663));
#11752 = VECTOR('',#11753,1.);
#11753 = DIRECTION('',(-0.5,-5.237222008267E-15,0.866025403784));
#11754 = ORIENTED_EDGE('',*,*,#11755,.T.);
#11755 = EDGE_CURVE('',#11748,#11461,#11756,.T.);
#11756 = LINE('',#11757,#11758);
#11757 = CARTESIAN_POINT('',(-5.786004478679,-11.44996975584,
    8.45000019161));
#11758 = VECTOR('',#11759,1.);
#11759 = DIRECTION('',(-1.047444401653E-14,1.,0.));
#11760 = ORIENTED_EDGE('',*,*,#11460,.F.);
#11761 = PLANE('',#11762);
#11762 = AXIS2_PLACEMENT_3D('',#11763,#11764,#11765);
#11763 = CARTESIAN_POINT('',(-5.219017190168,-11.44996975584,
    7.467949400663));
#11764 = DIRECTION('',(-0.866025403784,-9.071134608835E-15,-0.5));
#11765 = DIRECTION('',(-1.047444401653E-14,1.,-1.851456544554E-27));
#11766 = ADVANCED_FACE('',(#11767),#11786,.F.);
#11767 = FACE_BOUND('',#11768,.F.);
#11768 = EDGE_LOOP('',(#11769,#11770,#11778,#11785));
#11769 = ORIENTED_EDGE('',*,*,#11468,.T.);
#11770 = ORIENTED_EDGE('',*,*,#11771,.F.);
#11771 = EDGE_CURVE('',#11772,#11469,#11774,.T.);
#11772 = VERTEX_POINT('',#11773);
#11773 = CARTESIAN_POINT('',(-6.219017173242,-8.949969798164,
    8.700000187378));
#11774 = LINE('',#11775,#11776);
#11775 = CARTESIAN_POINT('',(-6.219017173242,-11.44996975584,
    8.700000187378));
#11776 = VECTOR('',#11777,1.);
#11777 = DIRECTION('',(-1.047444401653E-14,1.,0.));
#11778 = ORIENTED_EDGE('',*,*,#11779,.F.);
#11779 = EDGE_CURVE('',#11748,#11772,#11780,.T.);
#11780 = CIRCLE('',#11781,0.499999991537);
#11781 = AXIS2_PLACEMENT_3D('',#11782,#11783,#11784);
#11782 = CARTESIAN_POINT('',(-6.219017173242,-8.949969798164,
    8.200000195841));
#11783 = DIRECTION('',(1.047444401653E-14,-1.,0.));
#11784 = DIRECTION('',(1.,1.047444401653E-14,3.469446951954E-15));
#11785 = ORIENTED_EDGE('',*,*,#11755,.T.);
#11786 = CYLINDRICAL_SURFACE('',#11787,0.499999991537);
#11787 = AXIS2_PLACEMENT_3D('',#11788,#11789,#11790);
#11788 = CARTESIAN_POINT('',(-6.219017173242,-11.44996975584,
    8.200000195841));
#11789 = DIRECTION('',(-1.047444401653E-14,1.,0.));
#11790 = DIRECTION('',(-1.,-1.047444401653E-14,-3.469446951954E-15));
#11791 = ADVANCED_FACE('',(#11792),#11810,.T.);
#11792 = FACE_BOUND('',#11793,.T.);
#11793 = EDGE_LOOP('',(#11794,#11795,#11803,#11809));
#11794 = ORIENTED_EDGE('',*,*,#11771,.F.);
#11795 = ORIENTED_EDGE('',*,*,#11796,.T.);
#11796 = EDGE_CURVE('',#11772,#11797,#11799,.T.);
#11797 = VERTEX_POINT('',#11798);
#11798 = CARTESIAN_POINT('',(-6.259017172565,-8.949969798164,
    8.700000187378));
#11799 = LINE('',#11800,#11801);
#11800 = CARTESIAN_POINT('',(-6.219017173242,-8.949969798164,
    8.700000187378));
#11801 = VECTOR('',#11802,1.);
#11802 = DIRECTION('',(-1.,-1.047444401653E-14,-3.491481338843E-15));
#11803 = ORIENTED_EDGE('',*,*,#11804,.T.);
#11804 = EDGE_CURVE('',#11797,#11478,#11805,.T.);
#11805 = LINE('',#11806,#11807);
#11806 = CARTESIAN_POINT('',(-6.259017172565,-11.44996975584,
    8.700000187378));
#11807 = VECTOR('',#11808,1.);
#11808 = DIRECTION('',(-1.047444401653E-14,1.,0.));
#11809 = ORIENTED_EDGE('',*,*,#11477,.F.);
#11810 = PLANE('',#11811);
#11811 = AXIS2_PLACEMENT_3D('',#11812,#11813,#11814);
#11812 = CARTESIAN_POINT('',(-6.219017173242,-11.44996975584,
    8.700000187378));
#11813 = DIRECTION('',(3.491481338843E-15,3.657132581847E-29,-1.));
#11814 = DIRECTION('',(1.,1.047444401653E-14,3.491481338843E-15));
#11815 = ADVANCED_FACE('',(#11816),#11835,.T.);
#11816 = FACE_BOUND('',#11817,.T.);
#11817 = EDGE_LOOP('',(#11818,#11827,#11833,#11834));
#11818 = ORIENTED_EDGE('',*,*,#11819,.F.);
#11819 = EDGE_CURVE('',#11820,#11797,#11822,.T.);
#11820 = VERTEX_POINT('',#11821);
#11821 = CARTESIAN_POINT('',(-6.46901716901,-8.949969798164,
    8.910000183823));
#11822 = CIRCLE('',#11823,0.209999996446);
#11823 = AXIS2_PLACEMENT_3D('',#11824,#11825,#11826);
#11824 = CARTESIAN_POINT('',(-6.259017172565,-8.949969798164,
    8.910000183823));
#11825 = DIRECTION('',(1.047444401653E-14,-1.,0.));
#11826 = DIRECTION('',(1.,1.047444401653E-14,0.));
#11827 = ORIENTED_EDGE('',*,*,#11828,.T.);
#11828 = EDGE_CURVE('',#11820,#11486,#11829,.T.);
#11829 = LINE('',#11830,#11831);
#11830 = CARTESIAN_POINT('',(-6.46901716901,-11.44996975584,
    8.910000183823));
#11831 = VECTOR('',#11832,1.);
#11832 = DIRECTION('',(-1.047444401653E-14,1.,0.));
#11833 = ORIENTED_EDGE('',*,*,#11485,.T.);
#11834 = ORIENTED_EDGE('',*,*,#11804,.F.);
#11835 = CYLINDRICAL_SURFACE('',#11836,0.209999996446);
#11836 = AXIS2_PLACEMENT_3D('',#11837,#11838,#11839);
#11837 = CARTESIAN_POINT('',(-6.259017172565,-11.44996975584,
    8.910000183823));
#11838 = DIRECTION('',(-1.047444401653E-14,1.,0.));
#11839 = DIRECTION('',(-1.,-1.047444401653E-14,0.));
#11840 = ADVANCED_FACE('',(#11841),#11859,.T.);
#11841 = FACE_BOUND('',#11842,.T.);
#11842 = EDGE_LOOP('',(#11843,#11844,#11852,#11858));
#11843 = ORIENTED_EDGE('',*,*,#11828,.F.);
#11844 = ORIENTED_EDGE('',*,*,#11845,.T.);
#11845 = EDGE_CURVE('',#11820,#11846,#11848,.T.);
#11846 = VERTEX_POINT('',#11847);
#11847 = CARTESIAN_POINT('',(-6.46901716901,-8.949969798164,
    10.400000158604));
#11848 = LINE('',#11849,#11850);
#11849 = CARTESIAN_POINT('',(-6.46901716901,-8.949969798164,
    8.910000183823));
#11850 = VECTOR('',#11851,1.);
#11851 = DIRECTION('',(-3.491481338843E-15,-3.657132581847E-29,1.));
#11852 = ORIENTED_EDGE('',*,*,#11853,.T.);
#11853 = EDGE_CURVE('',#11846,#11495,#11854,.T.);
#11854 = LINE('',#11855,#11856);
#11855 = CARTESIAN_POINT('',(-6.46901716901,-11.44996975584,
    10.400000158604));
#11856 = VECTOR('',#11857,1.);
#11857 = DIRECTION('',(-1.047444401653E-14,1.,0.));
#11858 = ORIENTED_EDGE('',*,*,#11494,.F.);
#11859 = PLANE('',#11860);
#11860 = AXIS2_PLACEMENT_3D('',#11861,#11862,#11863);
#11861 = CARTESIAN_POINT('',(-6.46901716901,-11.44996975584,
    8.910000183823));
#11862 = DIRECTION('',(-1.,-1.047444401653E-14,-3.491481338843E-15));
#11863 = DIRECTION('',(1.047444401653E-14,-1.,0.));
#11864 = ADVANCED_FACE('',(#11865),#11884,.F.);
#11865 = FACE_BOUND('',#11866,.F.);
#11866 = EDGE_LOOP('',(#11867,#11868,#11876,#11883));
#11867 = ORIENTED_EDGE('',*,*,#11502,.T.);
#11868 = ORIENTED_EDGE('',*,*,#11869,.F.);
#11869 = EDGE_CURVE('',#11870,#11503,#11872,.T.);
#11870 = VERTEX_POINT('',#11871);
#11871 = CARTESIAN_POINT('',(-6.769017163933,-8.949969798164,
    10.700000153526));
#11872 = LINE('',#11873,#11874);
#11873 = CARTESIAN_POINT('',(-6.769017163933,-11.44996975584,
    10.700000153526));
#11874 = VECTOR('',#11875,1.);
#11875 = DIRECTION('',(-1.047444401653E-14,1.,0.));
#11876 = ORIENTED_EDGE('',*,*,#11877,.F.);
#11877 = EDGE_CURVE('',#11846,#11870,#11878,.T.);
#11878 = CIRCLE('',#11879,0.299999994922);
#11879 = AXIS2_PLACEMENT_3D('',#11880,#11881,#11882);
#11880 = CARTESIAN_POINT('',(-6.769017163933,-8.949969798164,
    10.400000158604));
#11881 = DIRECTION('',(1.047444401653E-14,-1.,0.));
#11882 = DIRECTION('',(1.,1.047444401653E-14,5.782411586589E-15));
#11883 = ORIENTED_EDGE('',*,*,#11853,.T.);
#11884 = CYLINDRICAL_SURFACE('',#11885,0.299999994922);
#11885 = AXIS2_PLACEMENT_3D('',#11886,#11887,#11888);
#11886 = CARTESIAN_POINT('',(-6.769017163933,-11.44996975584,
    10.400000158604));
#11887 = DIRECTION('',(-1.047444401653E-14,1.,0.));
#11888 = DIRECTION('',(-1.,-1.047444401653E-14,-5.782411586589E-15));
#11889 = ADVANCED_FACE('',(#11890),#11908,.T.);
#11890 = FACE_BOUND('',#11891,.T.);
#11891 = EDGE_LOOP('',(#11892,#11893,#11901,#11907));
#11892 = ORIENTED_EDGE('',*,*,#11869,.F.);
#11893 = ORIENTED_EDGE('',*,*,#11894,.T.);
#11894 = EDGE_CURVE('',#11870,#11895,#11897,.T.);
#11895 = VERTEX_POINT('',#11896);
#11896 = CARTESIAN_POINT('',(-8.269017138543,-8.949969798164,
    10.700000153526));
#11897 = LINE('',#11898,#11899);
#11898 = CARTESIAN_POINT('',(-6.769017163933,-8.949969798164,
    10.700000153526));
#11899 = VECTOR('',#11900,1.);
#11900 = DIRECTION('',(-1.,-1.047444401653E-14,-3.491481338843E-15));
#11901 = ORIENTED_EDGE('',*,*,#11902,.T.);
#11902 = EDGE_CURVE('',#11895,#11512,#11903,.T.);
#11903 = LINE('',#11904,#11905);
#11904 = CARTESIAN_POINT('',(-8.269017138543,-11.44996975584,
    10.700000153526));
#11905 = VECTOR('',#11906,1.);
#11906 = DIRECTION('',(-1.047444401653E-14,1.,0.));
#11907 = ORIENTED_EDGE('',*,*,#11511,.F.);
#11908 = PLANE('',#11909);
#11909 = AXIS2_PLACEMENT_3D('',#11910,#11911,#11912);
#11910 = CARTESIAN_POINT('',(-6.769017163933,-11.44996975584,
    10.700000153526));
#11911 = DIRECTION('',(3.491481338843E-15,3.657132581847E-29,-1.));
#11912 = DIRECTION('',(1.,1.047444401653E-14,3.491481338843E-15));
#11913 = ADVANCED_FACE('',(#11914),#11933,.F.);
#11914 = FACE_BOUND('',#11915,.F.);
#11915 = EDGE_LOOP('',(#11916,#11917,#11925,#11932));
#11916 = ORIENTED_EDGE('',*,*,#11519,.T.);
#11917 = ORIENTED_EDGE('',*,*,#11918,.F.);
#11918 = EDGE_CURVE('',#11919,#11520,#11921,.T.);
#11919 = VERTEX_POINT('',#11920);
#11920 = CARTESIAN_POINT('',(-8.569017133466,-8.949969798164,
    10.400000158604));
#11921 = LINE('',#11922,#11923);
#11922 = CARTESIAN_POINT('',(-8.569017133466,-11.44996975584,
    10.400000158604));
#11923 = VECTOR('',#11924,1.);
#11924 = DIRECTION('',(-1.047444401653E-14,1.,0.));
#11925 = ORIENTED_EDGE('',*,*,#11926,.F.);
#11926 = EDGE_CURVE('',#11895,#11919,#11927,.T.);
#11927 = CIRCLE('',#11928,0.299999994922);
#11928 = AXIS2_PLACEMENT_3D('',#11929,#11930,#11931);
#11929 = CARTESIAN_POINT('',(-8.269017138543,-8.949969798164,
    10.400000158604));
#11930 = DIRECTION('',(1.047444401653E-14,-1.,0.));
#11931 = DIRECTION('',(1.,1.047444401653E-14,5.782411586589E-15));
#11932 = ORIENTED_EDGE('',*,*,#11902,.T.);
#11933 = CYLINDRICAL_SURFACE('',#11934,0.299999994922);
#11934 = AXIS2_PLACEMENT_3D('',#11935,#11936,#11937);
#11935 = CARTESIAN_POINT('',(-8.269017138543,-11.44996975584,
    10.400000158604));
#11936 = DIRECTION('',(-1.047444401653E-14,1.,0.));
#11937 = DIRECTION('',(-1.,-1.047444401653E-14,-5.782411586589E-15));
#11938 = ADVANCED_FACE('',(#11939),#11957,.T.);
#11939 = FACE_BOUND('',#11940,.T.);
#11940 = EDGE_LOOP('',(#11941,#11942,#11950,#11956));
#11941 = ORIENTED_EDGE('',*,*,#11918,.F.);
#11942 = ORIENTED_EDGE('',*,*,#11943,.T.);
#11943 = EDGE_CURVE('',#11919,#11944,#11946,.T.);
#11944 = VERTEX_POINT('',#11945);
#11945 = CARTESIAN_POINT('',(-8.569017133466,-8.949969798164,
    8.905478744878));
#11946 = LINE('',#11947,#11948);
#11947 = CARTESIAN_POINT('',(-8.569017133466,-8.949969798164,
    10.400000158604));
#11948 = VECTOR('',#11949,1.);
#11949 = DIRECTION('',(3.491481338843E-15,3.657132581847E-29,-1.));
#11950 = ORIENTED_EDGE('',*,*,#11951,.T.);
#11951 = EDGE_CURVE('',#11944,#11529,#11952,.T.);
#11952 = LINE('',#11953,#11954);
#11953 = CARTESIAN_POINT('',(-8.569017133466,-11.44996975584,
    8.905478744878));
#11954 = VECTOR('',#11955,1.);
#11955 = DIRECTION('',(-1.047444401653E-14,1.,0.));
#11956 = ORIENTED_EDGE('',*,*,#11528,.F.);
#11957 = PLANE('',#11958);
#11958 = AXIS2_PLACEMENT_3D('',#11959,#11960,#11961);
#11959 = CARTESIAN_POINT('',(-8.569017133466,-11.44996975584,
    10.400000158604));
#11960 = DIRECTION('',(1.,1.047444401653E-14,3.491481338843E-15));
#11961 = DIRECTION('',(3.491481338843E-15,3.657132581847E-29,-1.));
#11962 = ADVANCED_FACE('',(#11963),#11982,.T.);
#11963 = FACE_BOUND('',#11964,.T.);
#11964 = EDGE_LOOP('',(#11965,#11974,#11980,#11981));
#11965 = ORIENTED_EDGE('',*,*,#11966,.F.);
#11966 = EDGE_CURVE('',#11967,#11944,#11969,.T.);
#11967 = VERTEX_POINT('',#11968);
#11968 = CARTESIAN_POINT('',(-8.755355158481,-8.949969798164,
    8.696816075445));
#11969 = CIRCLE('',#11970,0.209999996446);
#11970 = AXIS2_PLACEMENT_3D('',#11971,#11972,#11973);
#11971 = CARTESIAN_POINT('',(-8.779017129911,-8.949969798164,
    8.905478744878));
#11972 = DIRECTION('',(1.047444401653E-14,-1.,0.));
#11973 = DIRECTION('',(1.,1.047444401653E-14,0.));
#11974 = ORIENTED_EDGE('',*,*,#11975,.T.);
#11975 = EDGE_CURVE('',#11967,#11537,#11976,.T.);
#11976 = LINE('',#11977,#11978);
#11977 = CARTESIAN_POINT('',(-8.755355158481,-11.44996975584,
    8.696816075445));
#11978 = VECTOR('',#11979,1.);
#11979 = DIRECTION('',(-1.047444401653E-14,1.,0.));
#11980 = ORIENTED_EDGE('',*,*,#11536,.T.);
#11981 = ORIENTED_EDGE('',*,*,#11951,.F.);
#11982 = CYLINDRICAL_SURFACE('',#11983,0.209999996446);
#11983 = AXIS2_PLACEMENT_3D('',#11984,#11985,#11986);
#11984 = CARTESIAN_POINT('',(-8.779017129911,-11.44996975584,
    8.905478744878));
#11985 = DIRECTION('',(-1.047444401653E-14,1.,0.));
#11986 = DIRECTION('',(-1.,-1.047444401653E-14,0.));
#11987 = ADVANCED_FACE('',(#11988),#12007,.F.);
#11988 = FACE_BOUND('',#11989,.F.);
#11989 = EDGE_LOOP('',(#11990,#11991,#11999,#12006));
#11990 = ORIENTED_EDGE('',*,*,#11545,.T.);
#11991 = ORIENTED_EDGE('',*,*,#11992,.F.);
#11992 = EDGE_CURVE('',#11993,#11546,#11995,.T.);
#11993 = VERTEX_POINT('',#11994);
#11994 = CARTESIAN_POINT('',(-9.132029825828,-8.949969798164,
    8.450000191609));
#11995 = LINE('',#11996,#11997);
#11996 = CARTESIAN_POINT('',(-9.132029825828,-11.44996975584,
    8.450000191609));
#11997 = VECTOR('',#11998,1.);
#11998 = DIRECTION('',(-1.047444401653E-14,1.,0.));
#11999 = ORIENTED_EDGE('',*,*,#12000,.F.);
#12000 = EDGE_CURVE('',#11967,#11993,#12001,.T.);
#12001 = CIRCLE('',#12002,0.499999991537);
#12002 = AXIS2_PLACEMENT_3D('',#12003,#12004,#12005);
#12003 = CARTESIAN_POINT('',(-8.699017131265,-8.949969798164,
    8.200000195841));
#12004 = DIRECTION('',(1.047444401653E-14,-1.,0.));
#12005 = DIRECTION('',(1.,1.047444401653E-14,3.469446951954E-15));
#12006 = ORIENTED_EDGE('',*,*,#11975,.T.);
#12007 = CYLINDRICAL_SURFACE('',#12008,0.499999991537);
#12008 = AXIS2_PLACEMENT_3D('',#12009,#12010,#12011);
#12009 = CARTESIAN_POINT('',(-8.699017131265,-11.44996975584,
    8.200000195841));
#12010 = DIRECTION('',(-1.047444401653E-14,1.,0.));
#12011 = DIRECTION('',(-1.,-1.047444401653E-14,-3.469446951953E-15));
#12012 = ADVANCED_FACE('',(#12013),#12024,.T.);
#12013 = FACE_BOUND('',#12014,.T.);
#12014 = EDGE_LOOP('',(#12015,#12016,#12022,#12023));
#12015 = ORIENTED_EDGE('',*,*,#11992,.F.);
#12016 = ORIENTED_EDGE('',*,*,#12017,.T.);
#12017 = EDGE_CURVE('',#11993,#11578,#12018,.T.);
#12018 = LINE('',#12019,#12020);
#12019 = CARTESIAN_POINT('',(-9.132029825828,-8.949969798164,
    8.450000191609));
#12020 = VECTOR('',#12021,1.);
#12021 = DIRECTION('',(-0.5,-5.237222008267E-15,-0.866025403784));
#12022 = ORIENTED_EDGE('',*,*,#11586,.T.);
#12023 = ORIENTED_EDGE('',*,*,#11554,.F.);
#12024 = PLANE('',#12025);
#12025 = AXIS2_PLACEMENT_3D('',#12026,#12027,#12028);
#12026 = CARTESIAN_POINT('',(-9.132029825828,-11.44996975584,
    8.450000191609));
#12027 = DIRECTION('',(0.866025403784,9.071134608835E-15,-0.5));
#12028 = DIRECTION('',(-0.5,-5.237222008267E-15,-0.866025403784));
#12029 = ADVANCED_FACE('',(#12030),#12046,.T.);
#12030 = FACE_BOUND('',#12031,.T.);
#12031 = EDGE_LOOP('',(#12032,#12033,#12039,#12040));
#12032 = ORIENTED_EDGE('',*,*,#12017,.F.);
#12033 = ORIENTED_EDGE('',*,*,#12034,.F.);
#12034 = EDGE_CURVE('',#9781,#11993,#12035,.T.);
#12035 = LINE('',#12036,#12037);
#12036 = CARTESIAN_POINT('',(-9.132029825828,-8.949969798164,
    8.450000191609));
#12037 = VECTOR('',#12038,1.);
#12038 = DIRECTION('',(0.419857447132,0.874619707139,-0.242404810123));
#12039 = ORIENTED_EDGE('',*,*,#9780,.T.);
#12040 = ORIENTED_EDGE('',*,*,#12041,.T.);
#12041 = EDGE_CURVE('',#9770,#11578,#12042,.T.);
#12042 = LINE('',#12043,#12044);
#12043 = CARTESIAN_POINT('',(-9.552029818719,-8.949969798164,
    7.722538864744));
#12044 = VECTOR('',#12045,1.);
#12045 = DIRECTION('',(0.419857447132,0.874619707139,-0.242404810123));
#12046 = PLANE('',#12047);
#12047 = AXIS2_PLACEMENT_3D('',#12048,#12049,#12050);
#12048 = CARTESIAN_POINT('',(-9.132029825828,-8.949969798164,
    8.450000191609));
#12049 = DIRECTION('',(0.757442885033,-0.484809620246,-0.43730985357));
#12050 = DIRECTION('',(-0.5,8.384959393481E-14,-0.866025403784));
#12051 = ADVANCED_FACE('',(#12052),#12063,.F.);
#12052 = FACE_BOUND('',#12053,.F.);
#12053 = EDGE_LOOP('',(#12054,#12055,#12056,#12062));
#12054 = ORIENTED_EDGE('',*,*,#12034,.F.);
#12055 = ORIENTED_EDGE('',*,*,#9788,.F.);
#12056 = ORIENTED_EDGE('',*,*,#12057,.T.);
#12057 = EDGE_CURVE('',#9789,#11967,#12058,.T.);
#12058 = LINE('',#12059,#12060);
#12059 = CARTESIAN_POINT('',(-8.755355158481,-8.949969798164,
    8.696816075445));
#12060 = VECTOR('',#12061,1.);
#12061 = DIRECTION('',(5.46264360841E-02,0.874619707139,-0.481722244));
#12062 = ORIENTED_EDGE('',*,*,#12000,.T.);
#12063 = CONICAL_SURFACE('',#12064,0.499999991537,0.506145483078);
#12064 = AXIS2_PLACEMENT_3D('',#12065,#12066,#12067);
#12065 = CARTESIAN_POINT('',(-8.699017131265,-8.949969798164,
    8.200000195841));
#12066 = DIRECTION('',(1.047444401653E-14,-1.,0.));
#12067 = DIRECTION('',(1.,1.047444401653E-14,3.469446951954E-15));
#12068 = ADVANCED_FACE('',(#12069),#12080,.T.);
#12069 = FACE_BOUND('',#12070,.T.);
#12070 = EDGE_LOOP('',(#12071,#12072,#12078,#12079));
#12071 = ORIENTED_EDGE('',*,*,#11966,.T.);
#12072 = ORIENTED_EDGE('',*,*,#12073,.F.);
#12073 = EDGE_CURVE('',#9798,#11944,#12074,.T.);
#12074 = LINE('',#12075,#12076);
#12075 = CARTESIAN_POINT('',(-8.569017133466,-8.949969798164,
    8.905478744878));
#12076 = VECTOR('',#12077,1.);
#12077 = DIRECTION('',(0.484809620246,0.874619707139,1.692703741983E-15)
  );
#12078 = ORIENTED_EDGE('',*,*,#9797,.F.);
#12079 = ORIENTED_EDGE('',*,*,#12057,.T.);
#12080 = CONICAL_SURFACE('',#12081,0.209999996446,0.506145483078);
#12081 = AXIS2_PLACEMENT_3D('',#12082,#12083,#12084);
#12082 = CARTESIAN_POINT('',(-8.779017129911,-8.949969798164,
    8.905478744878));
#12083 = DIRECTION('',(-1.047444401653E-14,1.,0.));
#12084 = DIRECTION('',(1.,1.047444401653E-14,0.));
#12085 = ADVANCED_FACE('',(#12086),#12097,.T.);
#12086 = FACE_BOUND('',#12087,.T.);
#12087 = EDGE_LOOP('',(#12088,#12089,#12095,#12096));
#12088 = ORIENTED_EDGE('',*,*,#11943,.F.);
#12089 = ORIENTED_EDGE('',*,*,#12090,.F.);
#12090 = EDGE_CURVE('',#9807,#11919,#12091,.T.);
#12091 = LINE('',#12092,#12093);
#12092 = CARTESIAN_POINT('',(-8.569017133466,-8.949969798164,
    10.400000158604));
#12093 = VECTOR('',#12094,1.);
#12094 = DIRECTION('',(0.484809620246,0.874619707139,1.692703741983E-15)
  );
#12095 = ORIENTED_EDGE('',*,*,#9806,.T.);
#12096 = ORIENTED_EDGE('',*,*,#12073,.T.);
#12097 = PLANE('',#12098);
#12098 = AXIS2_PLACEMENT_3D('',#12099,#12100,#12101);
#12099 = CARTESIAN_POINT('',(-8.569017133466,-8.949969798164,
    10.400000158604));
#12100 = DIRECTION('',(0.874619707139,-0.484809620246,3.053718386064E-15
    ));
#12101 = DIRECTION('',(3.491481338845E-15,-8.697191480062E-28,-1.));
#12102 = ADVANCED_FACE('',(#12103),#12114,.F.);
#12103 = FACE_BOUND('',#12104,.F.);
#12104 = EDGE_LOOP('',(#12105,#12106,#12107,#12113));
#12105 = ORIENTED_EDGE('',*,*,#12090,.F.);
#12106 = ORIENTED_EDGE('',*,*,#9814,.F.);
#12107 = ORIENTED_EDGE('',*,*,#12108,.T.);
#12108 = EDGE_CURVE('',#9815,#11895,#12109,.T.);
#12109 = LINE('',#12110,#12111);
#12110 = CARTESIAN_POINT('',(-8.269017138543,-8.949969798164,
    10.700000153526));
#12111 = VECTOR('',#12112,1.);
#12112 = DIRECTION('',(-3.964240459452E-15,0.874619707139,
    -0.484809620246));
#12113 = ORIENTED_EDGE('',*,*,#11926,.T.);
#12114 = CONICAL_SURFACE('',#12115,0.299999994922,0.506145483078);
#12115 = AXIS2_PLACEMENT_3D('',#12116,#12117,#12118);
#12116 = CARTESIAN_POINT('',(-8.269017138543,-8.949969798164,
    10.400000158604));
#12117 = DIRECTION('',(1.047444401653E-14,-1.,0.));
#12118 = DIRECTION('',(1.,1.047444401653E-14,5.782411586589E-15));
#12119 = ADVANCED_FACE('',(#12120),#12131,.T.);
#12120 = FACE_BOUND('',#12121,.T.);
#12121 = EDGE_LOOP('',(#12122,#12123,#12129,#12130));
#12122 = ORIENTED_EDGE('',*,*,#11894,.F.);
#12123 = ORIENTED_EDGE('',*,*,#12124,.F.);
#12124 = EDGE_CURVE('',#9824,#11870,#12125,.T.);
#12125 = LINE('',#12126,#12127);
#12126 = CARTESIAN_POINT('',(-6.769017163933,-8.949969798164,
    10.700000153526));
#12127 = VECTOR('',#12128,1.);
#12128 = DIRECTION('',(-7.468451416207E-15,0.874619707139,
    -0.484809620246));
#12129 = ORIENTED_EDGE('',*,*,#9823,.T.);
#12130 = ORIENTED_EDGE('',*,*,#12108,.T.);
#12131 = PLANE('',#12132);
#12132 = AXIS2_PLACEMENT_3D('',#12133,#12134,#12135);
#12133 = CARTESIAN_POINT('',(-6.769017163933,-8.949969798164,
    10.700000153526));
#12134 = DIRECTION('',(8.131829612011E-15,-0.484809620246,
    -0.874619707139));
#12135 = DIRECTION('',(1.,1.047444401653E-14,3.491481338847E-15));
#12136 = ADVANCED_FACE('',(#12137),#12148,.F.);
#12137 = FACE_BOUND('',#12138,.F.);
#12138 = EDGE_LOOP('',(#12139,#12140,#12141,#12147));
#12139 = ORIENTED_EDGE('',*,*,#12124,.F.);
#12140 = ORIENTED_EDGE('',*,*,#9831,.F.);
#12141 = ORIENTED_EDGE('',*,*,#12142,.T.);
#12142 = EDGE_CURVE('',#9832,#11846,#12143,.T.);
#12143 = LINE('',#12144,#12145);
#12144 = CARTESIAN_POINT('',(-6.46901716901,-8.949969798164,
    10.400000158604));
#12145 = VECTOR('',#12146,1.);
#12146 = DIRECTION('',(-0.484809620246,0.874619707139,
    -4.496072507386E-15));
#12147 = ORIENTED_EDGE('',*,*,#11877,.T.);
#12148 = CONICAL_SURFACE('',#12149,0.299999994922,0.506145483078);
#12149 = AXIS2_PLACEMENT_3D('',#12150,#12151,#12152);
#12150 = CARTESIAN_POINT('',(-6.769017163933,-8.949969798164,
    10.400000158604));
#12151 = DIRECTION('',(1.047444401653E-14,-1.,0.));
#12152 = DIRECTION('',(1.,1.047444401653E-14,5.782411586589E-15));
#12153 = ADVANCED_FACE('',(#12154),#12165,.T.);
#12154 = FACE_BOUND('',#12155,.T.);
#12155 = EDGE_LOOP('',(#12156,#12157,#12163,#12164));
#12156 = ORIENTED_EDGE('',*,*,#11845,.F.);
#12157 = ORIENTED_EDGE('',*,*,#12158,.F.);
#12158 = EDGE_CURVE('',#9841,#11820,#12159,.T.);
#12159 = LINE('',#12160,#12161);
#12160 = CARTESIAN_POINT('',(-6.46901716901,-8.949969798164,
    8.910000183823));
#12161 = VECTOR('',#12162,1.);
#12162 = DIRECTION('',(-0.484809620246,0.874619707139,
    -1.692703741983E-15));
#12163 = ORIENTED_EDGE('',*,*,#9840,.T.);
#12164 = ORIENTED_EDGE('',*,*,#12142,.T.);
#12165 = PLANE('',#12166);
#12166 = AXIS2_PLACEMENT_3D('',#12167,#12168,#12169);
#12167 = CARTESIAN_POINT('',(-6.46901716901,-8.949969798164,
    8.910000183823));
#12168 = DIRECTION('',(-0.874619707139,-0.484809620246,
    -3.053718386064E-15));
#12169 = DIRECTION('',(3.491481338845E-15,9.255310570506E-28,-1.));
#12170 = ADVANCED_FACE('',(#12171),#12182,.T.);
#12171 = FACE_BOUND('',#12172,.T.);
#12172 = EDGE_LOOP('',(#12173,#12174,#12180,#12181));
#12173 = ORIENTED_EDGE('',*,*,#11819,.T.);
#12174 = ORIENTED_EDGE('',*,*,#12175,.F.);
#12175 = EDGE_CURVE('',#9849,#11797,#12176,.T.);
#12176 = LINE('',#12177,#12178);
#12177 = CARTESIAN_POINT('',(-6.259017172565,-8.949969798164,
    8.700000187378));
#12178 = VECTOR('',#12179,1.);
#12179 = DIRECTION('',(-8.97025611196E-15,0.874619707139,-0.484809620246
    ));
#12180 = ORIENTED_EDGE('',*,*,#9848,.F.);
#12181 = ORIENTED_EDGE('',*,*,#12158,.T.);
#12182 = CONICAL_SURFACE('',#12183,0.209999996446,0.506145483078);
#12183 = AXIS2_PLACEMENT_3D('',#12184,#12185,#12186);
#12184 = CARTESIAN_POINT('',(-6.259017172565,-8.949969798164,
    8.910000183823));
#12185 = DIRECTION('',(-1.047444401653E-14,1.,0.));
#12186 = DIRECTION('',(1.,1.047444401653E-14,0.));
#12187 = ADVANCED_FACE('',(#12188),#12199,.T.);
#12188 = FACE_BOUND('',#12189,.T.);
#12189 = EDGE_LOOP('',(#12190,#12191,#12197,#12198));
#12190 = ORIENTED_EDGE('',*,*,#11796,.F.);
#12191 = ORIENTED_EDGE('',*,*,#12192,.F.);
#12192 = EDGE_CURVE('',#9858,#11772,#12193,.T.);
#12193 = LINE('',#12194,#12195);
#12194 = CARTESIAN_POINT('',(-6.219017173242,-8.949969798164,
    8.700000187378));
#12195 = VECTOR('',#12196,1.);
#12196 = DIRECTION('',(-7.468451416207E-15,0.874619707139,
    -0.484809620246));
#12197 = ORIENTED_EDGE('',*,*,#9857,.T.);
#12198 = ORIENTED_EDGE('',*,*,#12175,.T.);
#12199 = PLANE('',#12200);
#12200 = AXIS2_PLACEMENT_3D('',#12201,#12202,#12203);
#12201 = CARTESIAN_POINT('',(-6.219017173242,-8.949969798164,
    8.700000187378));
#12202 = DIRECTION('',(8.131829612011E-15,-0.484809620246,
    -0.874619707139));
#12203 = DIRECTION('',(1.,1.047444401653E-14,3.491481338847E-15));
#12204 = ADVANCED_FACE('',(#12205),#12216,.F.);
#12205 = FACE_BOUND('',#12206,.F.);
#12206 = EDGE_LOOP('',(#12207,#12208,#12209,#12215));
#12207 = ORIENTED_EDGE('',*,*,#12192,.F.);
#12208 = ORIENTED_EDGE('',*,*,#9865,.F.);
#12209 = ORIENTED_EDGE('',*,*,#12210,.T.);
#12210 = EDGE_CURVE('',#9866,#11748,#12211,.T.);
#12211 = LINE('',#12212,#12213);
#12212 = CARTESIAN_POINT('',(-5.786004478679,-8.949969798164,
    8.45000019161));
#12213 = VECTOR('',#12214,1.);
#12214 = DIRECTION('',(-0.419857447132,0.874619707139,-0.242404810123));
#12215 = ORIENTED_EDGE('',*,*,#11779,.T.);
#12216 = CONICAL_SURFACE('',#12217,0.499999991537,0.506145483078);
#12217 = AXIS2_PLACEMENT_3D('',#12218,#12219,#12220);
#12218 = CARTESIAN_POINT('',(-6.219017173242,-8.949969798164,
    8.200000195841));
#12219 = DIRECTION('',(1.047444401653E-14,-1.,0.));
#12220 = DIRECTION('',(1.,1.047444401653E-14,3.469446951954E-15));
#12221 = ADVANCED_FACE('',(#12222),#12233,.T.);
#12222 = FACE_BOUND('',#12223,.T.);
#12223 = EDGE_LOOP('',(#12224,#12225,#12231,#12232));
#12224 = ORIENTED_EDGE('',*,*,#11747,.F.);
#12225 = ORIENTED_EDGE('',*,*,#12226,.F.);
#12226 = EDGE_CURVE('',#9875,#11724,#12227,.T.);
#12227 = LINE('',#12228,#12229);
#12228 = CARTESIAN_POINT('',(-5.219017190168,-8.949969798164,
    7.467949400663));
#12229 = VECTOR('',#12230,1.);
#12230 = DIRECTION('',(-0.480770060148,0.867332147812,-0.128821949362));
#12231 = ORIENTED_EDGE('',*,*,#9874,.T.);
#12232 = ORIENTED_EDGE('',*,*,#12210,.T.);
#12233 = PLANE('',#12234);
#12234 = AXIS2_PLACEMENT_3D('',#12235,#12236,#12237);
#12235 = CARTESIAN_POINT('',(-5.219017190168,-8.949969798164,
    7.467949400663));
#12236 = DIRECTION('',(-0.757442885033,-0.484809620246,-0.43730985357));
#12237 = DIRECTION('',(2.633449014411E-13,0.669794603267,-0.74254642241)
  );
#12238 = ADVANCED_FACE('',(#12239),#12250,.T.);
#12239 = FACE_BOUND('',#12240,.T.);
#12240 = EDGE_LOOP('',(#12241,#12242,#12248,#12249));
#12241 = ORIENTED_EDGE('',*,*,#11723,.F.);
#12242 = ORIENTED_EDGE('',*,*,#12243,.F.);
#12243 = EDGE_CURVE('',#9883,#11700,#12244,.T.);
#12244 = LINE('',#12245,#12246);
#12245 = CARTESIAN_POINT('',(-5.219017190168,-8.949969798164,
    3.265359263214));
#12246 = VECTOR('',#12247,1.);
#12247 = DIRECTION('',(-0.480770060148,0.867332147812,0.128821949362));
#12248 = ORIENTED_EDGE('',*,*,#9882,.T.);
#12249 = ORIENTED_EDGE('',*,*,#12226,.T.);
#12250 = PLANE('',#12251);
#12251 = AXIS2_PLACEMENT_3D('',#12252,#12253,#12254);
#12252 = CARTESIAN_POINT('',(-5.219017190168,-8.949969798164,
    3.265359263214));
#12253 = DIRECTION('',(-0.874619707139,-0.484809620246,
    -3.059494722135E-15));
#12254 = DIRECTION('',(3.491481338844E-15,1.191464820573E-17,-1.));
#12255 = ADVANCED_FACE('',(#12256),#12267,.T.);
#12256 = FACE_BOUND('',#12257,.T.);
#12257 = EDGE_LOOP('',(#12258,#12259,#12265,#12266));
#12258 = ORIENTED_EDGE('',*,*,#11699,.F.);
#12259 = ORIENTED_EDGE('',*,*,#12260,.F.);
#12260 = EDGE_CURVE('',#9891,#11675,#12261,.T.);
#12261 = LINE('',#12262,#12263);
#12262 = CARTESIAN_POINT('',(-5.516559833186,-8.949969798164,
    2.750000288089));
#12263 = VECTOR('',#12264,1.);
#12264 = DIRECTION('',(-0.419857447132,0.874619707139,0.242404810123));
#12265 = ORIENTED_EDGE('',*,*,#9890,.T.);
#12266 = ORIENTED_EDGE('',*,*,#12243,.T.);
#12267 = PLANE('',#12268);
#12268 = AXIS2_PLACEMENT_3D('',#12269,#12270,#12271);
#12269 = CARTESIAN_POINT('',(-5.516559833186,-8.949969798164,
    2.750000288089));
#12270 = DIRECTION('',(-0.757442885033,-0.484809620246,0.43730985357));
#12271 = DIRECTION('',(-2.610134330894E-13,-0.669794603267,
    -0.74254642241));
#12272 = ADVANCED_FACE('',(#12273),#12284,.F.);
#12273 = FACE_BOUND('',#12274,.F.);
#12274 = EDGE_LOOP('',(#12275,#12276,#12277,#12283));
#12275 = ORIENTED_EDGE('',*,*,#12260,.F.);
#12276 = ORIENTED_EDGE('',*,*,#9898,.F.);
#12277 = ORIENTED_EDGE('',*,*,#12278,.T.);
#12278 = EDGE_CURVE('',#9899,#11651,#12279,.T.);
#12279 = LINE('',#12280,#12281);
#12280 = CARTESIAN_POINT('',(-5.949572527749,-8.949969798164,
    2.50000029232));
#12281 = VECTOR('',#12282,1.);
#12282 = DIRECTION('',(-1.074873257147E-14,0.874619707139,0.484809620246
    ));
#12283 = ORIENTED_EDGE('',*,*,#11682,.T.);
#12284 = CONICAL_SURFACE('',#12285,0.499999991537,0.506145483078);
#12285 = AXIS2_PLACEMENT_3D('',#12286,#12287,#12288);
#12286 = CARTESIAN_POINT('',(-5.949572527749,-8.949969798164,
    3.000000283857));
#12287 = DIRECTION('',(1.047444401653E-14,-1.,0.));
#12288 = DIRECTION('',(1.,1.047444401653E-14,3.469446951954E-15));
#12289 = ADVANCED_FACE('',(#12290),#12301,.T.);
#12290 = FACE_BOUND('',#12291,.T.);
#12291 = EDGE_LOOP('',(#12292,#12293,#12299,#12300));
#12292 = ORIENTED_EDGE('',*,*,#11650,.F.);
#12293 = ORIENTED_EDGE('',*,*,#12294,.F.);
#12294 = EDGE_CURVE('',#9908,#11626,#12295,.T.);
#12295 = LINE('',#12296,#12297);
#12296 = CARTESIAN_POINT('',(-9.119017124156,-8.949969798164,
    2.50000029232));
#12297 = VECTOR('',#12298,1.);
#12298 = DIRECTION('',(-1.085385890018E-14,0.874619707139,0.484809620246
    ));
#12299 = ORIENTED_EDGE('',*,*,#9907,.T.);
#12300 = ORIENTED_EDGE('',*,*,#12278,.T.);
#12301 = PLANE('',#12302);
#12302 = AXIS2_PLACEMENT_3D('',#12303,#12304,#12305);
#12303 = CARTESIAN_POINT('',(-9.119017124156,-8.949969798164,
    2.50000029232));
#12304 = DIRECTION('',(2.024392839884E-15,-0.484809620246,0.874619707139
    ));
#12305 = DIRECTION('',(1.,1.047444401653E-14,3.491481338842E-15));
#12306 = ADVANCED_FACE('',(#12307),#12318,.F.);
#12307 = FACE_BOUND('',#12308,.F.);
#12308 = EDGE_LOOP('',(#12309,#12310,#12311,#12317));
#12309 = ORIENTED_EDGE('',*,*,#12294,.F.);
#12310 = ORIENTED_EDGE('',*,*,#9915,.F.);
#12311 = ORIENTED_EDGE('',*,*,#12312,.T.);
#12312 = EDGE_CURVE('',#9916,#11602,#12313,.T.);
#12313 = LINE('',#12314,#12315);
#12314 = CARTESIAN_POINT('',(-9.619017115693,-8.949969798164,
    3.000000283857));
#12315 = VECTOR('',#12316,1.);
#12316 = DIRECTION('',(0.484809620246,0.874619707139,3.795230316036E-15)
  );
#12317 = ORIENTED_EDGE('',*,*,#11633,.T.);
#12318 = CONICAL_SURFACE('',#12319,0.499999991537,0.506145483078);
#12319 = AXIS2_PLACEMENT_3D('',#12320,#12321,#12322);
#12320 = CARTESIAN_POINT('',(-9.119017124156,-8.949969798164,
    3.000000283857));
#12321 = DIRECTION('',(1.047444401653E-14,-1.,0.));
#12322 = DIRECTION('',(1.,1.047444401653E-14,3.469446951954E-15));
#12323 = ADVANCED_FACE('',(#12324),#12335,.T.);
#12324 = FACE_BOUND('',#12325,.T.);
#12325 = EDGE_LOOP('',(#12326,#12327,#12333,#12334));
#12326 = ORIENTED_EDGE('',*,*,#11601,.F.);
#12327 = ORIENTED_EDGE('',*,*,#12328,.F.);
#12328 = EDGE_CURVE('',#9772,#11570,#12329,.T.);
#12329 = LINE('',#12330,#12331);
#12330 = CARTESIAN_POINT('',(-9.619017115693,-8.949969798164,
    7.472538868975));
#12331 = VECTOR('',#12332,1.);
#12332 = DIRECTION('',(0.484809620246,0.874619707139,1.692703741983E-15)
  );
#12333 = ORIENTED_EDGE('',*,*,#9924,.T.);
#12334 = ORIENTED_EDGE('',*,*,#12312,.T.);
#12335 = PLANE('',#12336);
#12336 = AXIS2_PLACEMENT_3D('',#12337,#12338,#12339);
#12337 = CARTESIAN_POINT('',(-9.619017115693,-8.949969798164,
    7.472538868975));
#12338 = DIRECTION('',(0.874619707139,-0.484809620246,3.053718386064E-15
    ));
#12339 = DIRECTION('',(3.491481338845E-15,-8.697191480062E-28,-1.));
#12340 = ADVANCED_FACE('',(#12341),#12347,.F.);
#12341 = FACE_BOUND('',#12342,.F.);
#12342 = EDGE_LOOP('',(#12343,#12344,#12345,#12346));
#12343 = ORIENTED_EDGE('',*,*,#12328,.F.);
#12344 = ORIENTED_EDGE('',*,*,#9769,.F.);
#12345 = ORIENTED_EDGE('',*,*,#12041,.T.);
#12346 = ORIENTED_EDGE('',*,*,#11577,.T.);
#12347 = CONICAL_SURFACE('',#12348,0.499999991537,0.506145483078);
#12348 = AXIS2_PLACEMENT_3D('',#12349,#12350,#12351);
#12349 = CARTESIAN_POINT('',(-9.119017124156,-8.949969798164,
    7.472538868975));
#12350 = DIRECTION('',(1.047444401653E-14,-1.,0.));
#12351 = DIRECTION('',(1.,1.047444401653E-14,3.469446951954E-15));
#12352 = ADVANCED_FACE('',(#12353),#12387,.T.);
#12353 = FACE_BOUND('',#12354,.T.);
#12354 = EDGE_LOOP('',(#12355,#12365,#12373,#12381));
#12355 = ORIENTED_EDGE('',*,*,#12356,.T.);
#12356 = EDGE_CURVE('',#12357,#12359,#12361,.T.);
#12357 = VERTEX_POINT('',#12358);
#12358 = CARTESIAN_POINT('',(3.776852782071,-1.44996992511,
    3.175968972822));
#12359 = VERTEX_POINT('',#12360);
#12360 = CARTESIAN_POINT('',(3.776852782071,-1.44996992511,
    7.547553209755));
#12361 = LINE('',#12362,#12363);
#12362 = CARTESIAN_POINT('',(3.776852782071,-1.44996992511,
    3.346355268441E-07));
#12363 = VECTOR('',#12364,1.);
#12364 = DIRECTION('',(-3.491481338843E-15,-3.657132581847E-29,1.));
#12365 = ORIENTED_EDGE('',*,*,#12366,.T.);
#12366 = EDGE_CURVE('',#12359,#12367,#12369,.T.);
#12367 = VERTEX_POINT('',#12368);
#12368 = CARTESIAN_POINT('',(1.165220898559,-1.44996992511,
    7.547553209755));
#12369 = LINE('',#12370,#12371);
#12370 = CARTESIAN_POINT('',(4.78098264057,-1.44996992511,7.547553209755
    ));
#12371 = VECTOR('',#12372,1.);
#12372 = DIRECTION('',(-1.,-1.047444401653E-14,-3.491481338843E-15));
#12373 = ORIENTED_EDGE('',*,*,#12374,.T.);
#12374 = EDGE_CURVE('',#12367,#12375,#12377,.T.);
#12375 = VERTEX_POINT('',#12376);
#12376 = CARTESIAN_POINT('',(1.165220898559,-1.44996992511,
    3.175968972822));
#12377 = LINE('',#12378,#12379);
#12378 = CARTESIAN_POINT('',(1.165220898559,-1.44996992511,
    3.346355175182E-07));
#12379 = VECTOR('',#12380,1.);
#12380 = DIRECTION('',(3.491481338843E-15,3.657132581847E-29,-1.));
#12381 = ORIENTED_EDGE('',*,*,#12382,.T.);
#12382 = EDGE_CURVE('',#12375,#12357,#12383,.T.);
#12383 = LINE('',#12384,#12385);
#12384 = CARTESIAN_POINT('',(4.78098264057,-1.44996992511,3.175968972822
    ));
#12385 = VECTOR('',#12386,1.);
#12386 = DIRECTION('',(1.,1.047444401653E-14,3.491481338843E-15));
#12387 = PLANE('',#12388);
#12388 = AXIS2_PLACEMENT_3D('',#12389,#12390,#12391);
#12389 = CARTESIAN_POINT('',(4.78098264057,-1.44996992511,
    3.346355303968E-07));
#12390 = DIRECTION('',(1.047444401653E-14,-1.,0.));
#12391 = DIRECTION('',(1.,1.047444401653E-14,3.491481338843E-15));
#12392 = ADVANCED_FACE('',(#12393),#12418,.F.);
#12393 = FACE_BOUND('',#12394,.T.);
#12394 = EDGE_LOOP('',(#12395,#12405,#12411,#12412));
#12395 = ORIENTED_EDGE('',*,*,#12396,.T.);
#12396 = EDGE_CURVE('',#12397,#12399,#12401,.T.);
#12397 = VERTEX_POINT('',#12398);
#12398 = CARTESIAN_POINT('',(4.214296092296,-6.449969840479,
    7.98499651998));
#12399 = VERTEX_POINT('',#12400);
#12400 = CARTESIAN_POINT('',(0.727777588333,-6.449969840479,
    7.98499651998));
#12401 = LINE('',#12402,#12403);
#12402 = CARTESIAN_POINT('',(0.727777588333,-6.449969840479,
    7.98499651998));
#12403 = VECTOR('',#12404,1.);
#12404 = DIRECTION('',(-1.,-1.047444401653E-14,-3.491481338843E-15));
#12405 = ORIENTED_EDGE('',*,*,#12406,.F.);
#12406 = EDGE_CURVE('',#12367,#12399,#12407,.T.);
#12407 = LINE('',#12408,#12409);
#12408 = CARTESIAN_POINT('',(0.727777588333,-6.449969840479,
    7.98499651998));
#12409 = VECTOR('',#12410,1.);
#12410 = DIRECTION('',(-8.682659386424E-02,-0.992432509139,
    8.682659386425E-02));
#12411 = ORIENTED_EDGE('',*,*,#12366,.F.);
#12412 = ORIENTED_EDGE('',*,*,#12413,.T.);
#12413 = EDGE_CURVE('',#12359,#12397,#12414,.T.);
#12414 = LINE('',#12415,#12416);
#12415 = CARTESIAN_POINT('',(4.214296092296,-6.449969840479,
    7.98499651998));
#12416 = VECTOR('',#12417,1.);
#12417 = DIRECTION('',(8.682659386426E-02,-0.992432509139,
    8.682659386425E-02));
#12418 = PLANE('',#12419);
#12419 = AXIS2_PLACEMENT_3D('',#12420,#12421,#12422);
#12420 = CARTESIAN_POINT('',(0.727777588333,-6.449969840479,
    7.98499651998));
#12421 = DIRECTION('',(-4.39110314637E-15,8.715574274764E-02,
    0.996194698092));
#12422 = DIRECTION('',(-1.013028294535E-14,0.996194698092,
    -8.715574274764E-02));
#12423 = ADVANCED_FACE('',(#12424),#12442,.F.);
#12424 = FACE_BOUND('',#12425,.T.);
#12425 = EDGE_LOOP('',(#12426,#12434,#12440,#12441));
#12426 = ORIENTED_EDGE('',*,*,#12427,.T.);
#12427 = EDGE_CURVE('',#12399,#12428,#12430,.T.);
#12428 = VERTEX_POINT('',#12429);
#12429 = CARTESIAN_POINT('',(0.727777588333,-6.449969840479,
    2.738525662596));
#12430 = LINE('',#12431,#12432);
#12431 = CARTESIAN_POINT('',(0.727777588333,-6.449969840479,
    7.98499651998));
#12432 = VECTOR('',#12433,1.);
#12433 = DIRECTION('',(3.491481338843E-15,3.657132581847E-29,-1.));
#12434 = ORIENTED_EDGE('',*,*,#12435,.F.);
#12435 = EDGE_CURVE('',#12375,#12428,#12436,.T.);
#12436 = LINE('',#12437,#12438);
#12437 = CARTESIAN_POINT('',(0.767329983991,-5.99788388941,
    2.778078058254));
#12438 = VECTOR('',#12439,1.);
#12439 = DIRECTION('',(-8.682659386424E-02,-0.992432509139,
    -8.682659386425E-02));
#12440 = ORIENTED_EDGE('',*,*,#12374,.F.);
#12441 = ORIENTED_EDGE('',*,*,#12406,.T.);
#12442 = PLANE('',#12443);
#12443 = AXIS2_PLACEMENT_3D('',#12444,#12445,#12446);
#12444 = CARTESIAN_POINT('',(0.727777588333,-6.449969840479,
    7.98499651998));
#12445 = DIRECTION('',(-0.996194698092,8.715574274763E-02,
    -3.478195198241E-15));
#12446 = DIRECTION('',(-8.715574274763E-02,-0.996194698092,
    -3.043026493764E-16));
#12447 = ADVANCED_FACE('',(#12448),#12466,.F.);
#12448 = FACE_BOUND('',#12449,.T.);
#12449 = EDGE_LOOP('',(#12450,#12458,#12464,#12465));
#12450 = ORIENTED_EDGE('',*,*,#12451,.T.);
#12451 = EDGE_CURVE('',#12428,#12452,#12454,.T.);
#12452 = VERTEX_POINT('',#12453);
#12453 = CARTESIAN_POINT('',(4.214296092296,-6.449969840479,
    2.738525662596));
#12454 = LINE('',#12455,#12456);
#12455 = CARTESIAN_POINT('',(0.727777588333,-6.449969840479,
    2.738525662596));
#12456 = VECTOR('',#12457,1.);
#12457 = DIRECTION('',(1.,1.047444401653E-14,3.491481338843E-15));
#12458 = ORIENTED_EDGE('',*,*,#12459,.F.);
#12459 = EDGE_CURVE('',#12357,#12452,#12460,.T.);
#12460 = LINE('',#12461,#12462);
#12461 = CARTESIAN_POINT('',(4.188011726465,-6.149538164285,
    2.764810028427));
#12462 = VECTOR('',#12463,1.);
#12463 = DIRECTION('',(8.682659386426E-02,-0.992432509139,
    -8.682659386425E-02));
#12464 = ORIENTED_EDGE('',*,*,#12382,.F.);
#12465 = ORIENTED_EDGE('',*,*,#12435,.T.);
#12466 = PLANE('',#12467);
#12467 = AXIS2_PLACEMENT_3D('',#12468,#12469,#12470);
#12468 = CARTESIAN_POINT('',(0.727777588333,-6.449969840479,
    2.738525662596));
#12469 = DIRECTION('',(2.565287250111E-15,8.715574274764E-02,
    -0.996194698092));
#12470 = DIRECTION('',(1.07388882441E-14,-0.996194698092,
    -8.715574274764E-02));
#12471 = ADVANCED_FACE('',(#12472),#12483,.F.);
#12472 = FACE_BOUND('',#12473,.T.);
#12473 = EDGE_LOOP('',(#12474,#12480,#12481,#12482));
#12474 = ORIENTED_EDGE('',*,*,#12475,.T.);
#12475 = EDGE_CURVE('',#12452,#12397,#12476,.T.);
#12476 = LINE('',#12477,#12478);
#12477 = CARTESIAN_POINT('',(4.214296092296,-6.449969840479,
    7.98499651998));
#12478 = VECTOR('',#12479,1.);
#12479 = DIRECTION('',(-3.491481338843E-15,-3.657132581847E-29,1.));
#12480 = ORIENTED_EDGE('',*,*,#12413,.F.);
#12481 = ORIENTED_EDGE('',*,*,#12356,.F.);
#12482 = ORIENTED_EDGE('',*,*,#12459,.T.);
#12483 = PLANE('',#12484);
#12484 = AXIS2_PLACEMENT_3D('',#12485,#12486,#12487);
#12485 = CARTESIAN_POINT('',(4.214296092296,-6.449969840479,
    7.98499651998));
#12486 = DIRECTION('',(0.996194698092,8.715574274765E-02,
    3.478195198241E-15));
#12487 = DIRECTION('',(-8.715574274765E-02,0.996194698092,
    -3.043026493764E-16));
#12488 = ADVANCED_FACE('',(#12489,#12495),#12658,.T.);
#12489 = FACE_BOUND('',#12490,.T.);
#12490 = EDGE_LOOP('',(#12491,#12492,#12493,#12494));
#12491 = ORIENTED_EDGE('',*,*,#12475,.F.);
#12492 = ORIENTED_EDGE('',*,*,#12451,.F.);
#12493 = ORIENTED_EDGE('',*,*,#12427,.F.);
#12494 = ORIENTED_EDGE('',*,*,#12396,.F.);
#12495 = FACE_BOUND('',#12496,.T.);
#12496 = EDGE_LOOP('',(#12497,#12508,#12516,#12525,#12533,#12542,#12550,
    #12558,#12566,#12575,#12583,#12592,#12600,#12609,#12617,#12626,
    #12634,#12643,#12652));
#12497 = ORIENTED_EDGE('',*,*,#12498,.T.);
#12498 = EDGE_CURVE('',#12499,#12501,#12503,.T.);
#12499 = VERTEX_POINT('',#12500);
#12500 = CARTESIAN_POINT('',(0.447970012019,-6.449969840479,
    7.722538864744));
#12501 = VERTEX_POINT('',#12502);
#12502 = CARTESIAN_POINT('',(0.380982715045,-6.449969840479,
    7.472538868975));
#12503 = CIRCLE('',#12504,0.499999991537);
#12504 = AXIS2_PLACEMENT_3D('',#12505,#12506,#12507);
#12505 = CARTESIAN_POINT('',(0.880982706582,-6.449969840479,
    7.472538868975));
#12506 = DIRECTION('',(1.047444401653E-14,-1.,0.));
#12507 = DIRECTION('',(1.,1.047444401653E-14,3.469446951954E-15));
#12508 = ORIENTED_EDGE('',*,*,#12509,.T.);
#12509 = EDGE_CURVE('',#12501,#12510,#12512,.T.);
#12510 = VERTEX_POINT('',#12511);
#12511 = CARTESIAN_POINT('',(0.380982715045,-6.449969840479,
    3.000000283857));
#12512 = LINE('',#12513,#12514);
#12513 = CARTESIAN_POINT('',(0.380982715045,-6.449969840479,
    7.472538868975));
#12514 = VECTOR('',#12515,1.);
#12515 = DIRECTION('',(3.491481338843E-15,3.657132581847E-29,-1.));
#12516 = ORIENTED_EDGE('',*,*,#12517,.T.);
#12517 = EDGE_CURVE('',#12510,#12518,#12520,.T.);
#12518 = VERTEX_POINT('',#12519);
#12519 = CARTESIAN_POINT('',(0.880982706582,-6.449969840479,
    2.50000029232));
#12520 = CIRCLE('',#12521,0.499999991537);
#12521 = AXIS2_PLACEMENT_3D('',#12522,#12523,#12524);
#12522 = CARTESIAN_POINT('',(0.880982706582,-6.449969840479,
    3.000000283857));
#12523 = DIRECTION('',(1.047444401653E-14,-1.,0.));
#12524 = DIRECTION('',(1.,1.047444401653E-14,3.469446951954E-15));
#12525 = ORIENTED_EDGE('',*,*,#12526,.T.);
#12526 = EDGE_CURVE('',#12518,#12527,#12529,.T.);
#12527 = VERTEX_POINT('',#12528);
#12528 = CARTESIAN_POINT('',(4.050427302989,-6.449969840479,
    2.50000029232));
#12529 = LINE('',#12530,#12531);
#12530 = CARTESIAN_POINT('',(0.880982706582,-6.449969840479,
    2.50000029232));
#12531 = VECTOR('',#12532,1.);
#12532 = DIRECTION('',(1.,1.047444401653E-14,3.491481338843E-15));
#12533 = ORIENTED_EDGE('',*,*,#12534,.T.);
#12534 = EDGE_CURVE('',#12527,#12535,#12537,.T.);
#12535 = VERTEX_POINT('',#12536);
#12536 = CARTESIAN_POINT('',(4.483439997552,-6.449969840479,
    2.750000288089));
#12537 = CIRCLE('',#12538,0.499999991537);
#12538 = AXIS2_PLACEMENT_3D('',#12539,#12540,#12541);
#12539 = CARTESIAN_POINT('',(4.050427302989,-6.449969840479,
    3.000000283857));
#12540 = DIRECTION('',(1.047444401653E-14,-1.,0.));
#12541 = DIRECTION('',(1.,1.047444401653E-14,3.469446951954E-15));
#12542 = ORIENTED_EDGE('',*,*,#12543,.T.);
#12543 = EDGE_CURVE('',#12535,#12544,#12546,.T.);
#12544 = VERTEX_POINT('',#12545);
#12545 = CARTESIAN_POINT('',(4.78098264057,-6.449969840479,
    3.265359263214));
#12546 = LINE('',#12547,#12548);
#12547 = CARTESIAN_POINT('',(4.483439997552,-6.449969840479,
    2.750000288089));
#12548 = VECTOR('',#12549,1.);
#12549 = DIRECTION('',(0.5,5.237222008267E-15,0.866025403784));
#12550 = ORIENTED_EDGE('',*,*,#12551,.T.);
#12551 = EDGE_CURVE('',#12544,#12552,#12554,.T.);
#12552 = VERTEX_POINT('',#12553);
#12553 = CARTESIAN_POINT('',(4.78098264057,-6.449969840479,
    7.467949400663));
#12554 = LINE('',#12555,#12556);
#12555 = CARTESIAN_POINT('',(4.78098264057,-6.449969840479,
    3.265359263214));
#12556 = VECTOR('',#12557,1.);
#12557 = DIRECTION('',(-3.498085736188E-15,-3.664050320872E-29,1.));
#12558 = ORIENTED_EDGE('',*,*,#12559,.T.);
#12559 = EDGE_CURVE('',#12552,#12560,#12562,.T.);
#12560 = VERTEX_POINT('',#12561);
#12561 = CARTESIAN_POINT('',(4.213995352059,-6.449969840479,
    8.45000019161));
#12562 = LINE('',#12563,#12564);
#12563 = CARTESIAN_POINT('',(4.78098264057,-6.449969840479,
    7.467949400663));
#12564 = VECTOR('',#12565,1.);
#12565 = DIRECTION('',(-0.5,-5.237222008267E-15,0.866025403784));
#12566 = ORIENTED_EDGE('',*,*,#12567,.T.);
#12567 = EDGE_CURVE('',#12560,#12568,#12570,.T.);
#12568 = VERTEX_POINT('',#12569);
#12569 = CARTESIAN_POINT('',(3.780982657496,-6.449969840479,
    8.700000187378));
#12570 = CIRCLE('',#12571,0.499999991537);
#12571 = AXIS2_PLACEMENT_3D('',#12572,#12573,#12574);
#12572 = CARTESIAN_POINT('',(3.780982657496,-6.449969840479,
    8.200000195841));
#12573 = DIRECTION('',(1.047444401653E-14,-1.,0.));
#12574 = DIRECTION('',(1.,1.047444401653E-14,3.469446951954E-15));
#12575 = ORIENTED_EDGE('',*,*,#12576,.T.);
#12576 = EDGE_CURVE('',#12568,#12577,#12579,.T.);
#12577 = VERTEX_POINT('',#12578);
#12578 = CARTESIAN_POINT('',(3.740982658174,-6.449969840479,
    8.700000187378));
#12579 = LINE('',#12580,#12581);
#12580 = CARTESIAN_POINT('',(3.780982657496,-6.449969840479,
    8.700000187378));
#12581 = VECTOR('',#12582,1.);
#12582 = DIRECTION('',(-1.,-1.047444401653E-14,-3.491481338843E-15));
#12583 = ORIENTED_EDGE('',*,*,#12584,.F.);
#12584 = EDGE_CURVE('',#12585,#12577,#12587,.T.);
#12585 = VERTEX_POINT('',#12586);
#12586 = CARTESIAN_POINT('',(3.530982661728,-6.449969840479,
    8.910000183824));
#12587 = CIRCLE('',#12588,0.209999996446);
#12588 = AXIS2_PLACEMENT_3D('',#12589,#12590,#12591);
#12589 = CARTESIAN_POINT('',(3.740982658174,-6.449969840479,
    8.910000183824));
#12590 = DIRECTION('',(1.047444401653E-14,-1.,0.));
#12591 = DIRECTION('',(1.,1.047444401653E-14,0.));
#12592 = ORIENTED_EDGE('',*,*,#12593,.T.);
#12593 = EDGE_CURVE('',#12585,#12594,#12596,.T.);
#12594 = VERTEX_POINT('',#12595);
#12595 = CARTESIAN_POINT('',(3.530982661728,-6.449969840479,
    10.400000158604));
#12596 = LINE('',#12597,#12598);
#12597 = CARTESIAN_POINT('',(3.530982661728,-6.449969840479,
    8.910000183824));
#12598 = VECTOR('',#12599,1.);
#12599 = DIRECTION('',(-3.491481338843E-15,-3.657132581847E-29,1.));
#12600 = ORIENTED_EDGE('',*,*,#12601,.T.);
#12601 = EDGE_CURVE('',#12594,#12602,#12604,.T.);
#12602 = VERTEX_POINT('',#12603);
#12603 = CARTESIAN_POINT('',(3.230982666806,-6.449969840479,
    10.700000153526));
#12604 = CIRCLE('',#12605,0.299999994922);
#12605 = AXIS2_PLACEMENT_3D('',#12606,#12607,#12608);
#12606 = CARTESIAN_POINT('',(3.230982666806,-6.449969840479,
    10.400000158604));
#12607 = DIRECTION('',(1.047444401653E-14,-1.,0.));
#12608 = DIRECTION('',(1.,1.047444401653E-14,5.782411586589E-15));
#12609 = ORIENTED_EDGE('',*,*,#12610,.T.);
#12610 = EDGE_CURVE('',#12602,#12611,#12613,.T.);
#12611 = VERTEX_POINT('',#12612);
#12612 = CARTESIAN_POINT('',(1.730982692195,-6.449969840479,
    10.700000153526));
#12613 = LINE('',#12614,#12615);
#12614 = CARTESIAN_POINT('',(3.230982666806,-6.449969840479,
    10.700000153526));
#12615 = VECTOR('',#12616,1.);
#12616 = DIRECTION('',(-1.,-1.047444401653E-14,-3.491481338843E-15));
#12617 = ORIENTED_EDGE('',*,*,#12618,.T.);
#12618 = EDGE_CURVE('',#12611,#12619,#12621,.T.);
#12619 = VERTEX_POINT('',#12620);
#12620 = CARTESIAN_POINT('',(1.430982697273,-6.449969840479,
    10.400000158604));
#12621 = CIRCLE('',#12622,0.299999994922);
#12622 = AXIS2_PLACEMENT_3D('',#12623,#12624,#12625);
#12623 = CARTESIAN_POINT('',(1.730982692195,-6.449969840479,
    10.400000158604));
#12624 = DIRECTION('',(1.047444401653E-14,-1.,0.));
#12625 = DIRECTION('',(1.,1.047444401653E-14,5.782411586589E-15));
#12626 = ORIENTED_EDGE('',*,*,#12627,.T.);
#12627 = EDGE_CURVE('',#12619,#12628,#12630,.T.);
#12628 = VERTEX_POINT('',#12629);
#12629 = CARTESIAN_POINT('',(1.430982697273,-6.449969840479,
    8.905478744878));
#12630 = LINE('',#12631,#12632);
#12631 = CARTESIAN_POINT('',(1.430982697273,-6.449969840479,
    10.400000158604));
#12632 = VECTOR('',#12633,1.);
#12633 = DIRECTION('',(3.491481338843E-15,3.657132581847E-29,-1.));
#12634 = ORIENTED_EDGE('',*,*,#12635,.F.);
#12635 = EDGE_CURVE('',#12636,#12628,#12638,.T.);
#12636 = VERTEX_POINT('',#12637);
#12637 = CARTESIAN_POINT('',(1.244644672258,-6.449969840479,
    8.696816075445));
#12638 = CIRCLE('',#12639,0.209999996446);
#12639 = AXIS2_PLACEMENT_3D('',#12640,#12641,#12642);
#12640 = CARTESIAN_POINT('',(1.220982700827,-6.449969840479,
    8.905478744878));
#12641 = DIRECTION('',(1.047444401653E-14,-1.,0.));
#12642 = DIRECTION('',(1.,1.047444401653E-14,0.));
#12643 = ORIENTED_EDGE('',*,*,#12644,.T.);
#12644 = EDGE_CURVE('',#12636,#12645,#12647,.T.);
#12645 = VERTEX_POINT('',#12646);
#12646 = CARTESIAN_POINT('',(0.86797000491,-6.449969840479,8.45000019161
    ));
#12647 = CIRCLE('',#12648,0.499999991537);
#12648 = AXIS2_PLACEMENT_3D('',#12649,#12650,#12651);
#12649 = CARTESIAN_POINT('',(1.300982699473,-6.449969840479,
    8.200000195841));
#12650 = DIRECTION('',(1.047444401653E-14,-1.,0.));
#12651 = DIRECTION('',(1.,1.047444401653E-14,3.469446951953E-15));
#12652 = ORIENTED_EDGE('',*,*,#12653,.T.);
#12653 = EDGE_CURVE('',#12645,#12499,#12654,.T.);
#12654 = LINE('',#12655,#12656);
#12655 = CARTESIAN_POINT('',(0.86797000491,-6.449969840479,8.45000019161
    ));
#12656 = VECTOR('',#12657,1.);
#12657 = DIRECTION('',(-0.5,-5.237222008267E-15,-0.866025403784));
#12658 = PLANE('',#12659);
#12659 = AXIS2_PLACEMENT_3D('',#12660,#12661,#12662);
#12660 = CARTESIAN_POINT('',(0.880982706582,-6.449969840479,
    7.472538868975));
#12661 = DIRECTION('',(1.047444401653E-14,-1.,0.));
#12662 = DIRECTION('',(-3.491481338843E-15,-3.657132581847E-29,1.));
#12663 = ADVANCED_FACE('',(#12664),#12690,.F.);
#12664 = FACE_BOUND('',#12665,.F.);
#12665 = EDGE_LOOP('',(#12666,#12667,#12675,#12684));
#12666 = ORIENTED_EDGE('',*,*,#12498,.T.);
#12667 = ORIENTED_EDGE('',*,*,#12668,.F.);
#12668 = EDGE_CURVE('',#12669,#12501,#12671,.T.);
#12669 = VERTEX_POINT('',#12670);
#12670 = CARTESIAN_POINT('',(0.380982715045,-8.949969798164,
    7.472538868975));
#12671 = LINE('',#12672,#12673);
#12672 = CARTESIAN_POINT('',(0.380982715045,-11.44996975584,
    7.472538868975));
#12673 = VECTOR('',#12674,1.);
#12674 = DIRECTION('',(-1.047444401653E-14,1.,0.));
#12675 = ORIENTED_EDGE('',*,*,#12676,.F.);
#12676 = EDGE_CURVE('',#12677,#12669,#12679,.T.);
#12677 = VERTEX_POINT('',#12678);
#12678 = CARTESIAN_POINT('',(0.447970012019,-8.949969798164,
    7.722538864744));
#12679 = CIRCLE('',#12680,0.499999991537);
#12680 = AXIS2_PLACEMENT_3D('',#12681,#12682,#12683);
#12681 = CARTESIAN_POINT('',(0.880982706582,-8.949969798164,
    7.472538868975));
#12682 = DIRECTION('',(1.047444401653E-14,-1.,0.));
#12683 = DIRECTION('',(1.,1.047444401653E-14,3.469446951954E-15));
#12684 = ORIENTED_EDGE('',*,*,#12685,.T.);
#12685 = EDGE_CURVE('',#12677,#12499,#12686,.T.);
#12686 = LINE('',#12687,#12688);
#12687 = CARTESIAN_POINT('',(0.447970012019,-11.44996975584,
    7.722538864744));
#12688 = VECTOR('',#12689,1.);
#12689 = DIRECTION('',(-1.047444401653E-14,1.,0.));
#12690 = CYLINDRICAL_SURFACE('',#12691,0.499999991537);
#12691 = AXIS2_PLACEMENT_3D('',#12692,#12693,#12694);
#12692 = CARTESIAN_POINT('',(0.880982706582,-11.44996975584,
    7.472538868975));
#12693 = DIRECTION('',(-1.047444401653E-14,1.,0.));
#12694 = DIRECTION('',(-1.,-1.047444401653E-14,-3.469446951954E-15));
#12695 = ADVANCED_FACE('',(#12696),#12714,.T.);
#12696 = FACE_BOUND('',#12697,.T.);
#12697 = EDGE_LOOP('',(#12698,#12699,#12707,#12713));
#12698 = ORIENTED_EDGE('',*,*,#12668,.F.);
#12699 = ORIENTED_EDGE('',*,*,#12700,.T.);
#12700 = EDGE_CURVE('',#12669,#12701,#12703,.T.);
#12701 = VERTEX_POINT('',#12702);
#12702 = CARTESIAN_POINT('',(0.380982715045,-8.949969798164,
    3.000000283857));
#12703 = LINE('',#12704,#12705);
#12704 = CARTESIAN_POINT('',(0.380982715045,-8.949969798164,
    7.472538868975));
#12705 = VECTOR('',#12706,1.);
#12706 = DIRECTION('',(3.491481338843E-15,3.657132581847E-29,-1.));
#12707 = ORIENTED_EDGE('',*,*,#12708,.T.);
#12708 = EDGE_CURVE('',#12701,#12510,#12709,.T.);
#12709 = LINE('',#12710,#12711);
#12710 = CARTESIAN_POINT('',(0.380982715045,-11.44996975584,
    3.000000283857));
#12711 = VECTOR('',#12712,1.);
#12712 = DIRECTION('',(-1.047444401653E-14,1.,0.));
#12713 = ORIENTED_EDGE('',*,*,#12509,.F.);
#12714 = PLANE('',#12715);
#12715 = AXIS2_PLACEMENT_3D('',#12716,#12717,#12718);
#12716 = CARTESIAN_POINT('',(0.380982715045,-11.44996975584,
    7.472538868975));
#12717 = DIRECTION('',(1.,1.047444401653E-14,3.491481338843E-15));
#12718 = DIRECTION('',(3.491481338843E-15,3.657132581847E-29,-1.));
#12719 = ADVANCED_FACE('',(#12720),#12739,.F.);
#12720 = FACE_BOUND('',#12721,.F.);
#12721 = EDGE_LOOP('',(#12722,#12723,#12731,#12738));
#12722 = ORIENTED_EDGE('',*,*,#12517,.T.);
#12723 = ORIENTED_EDGE('',*,*,#12724,.F.);
#12724 = EDGE_CURVE('',#12725,#12518,#12727,.T.);
#12725 = VERTEX_POINT('',#12726);
#12726 = CARTESIAN_POINT('',(0.880982706582,-8.949969798164,
    2.50000029232));
#12727 = LINE('',#12728,#12729);
#12728 = CARTESIAN_POINT('',(0.880982706582,-11.44996975584,
    2.50000029232));
#12729 = VECTOR('',#12730,1.);
#12730 = DIRECTION('',(-1.047444401653E-14,1.,0.));
#12731 = ORIENTED_EDGE('',*,*,#12732,.F.);
#12732 = EDGE_CURVE('',#12701,#12725,#12733,.T.);
#12733 = CIRCLE('',#12734,0.499999991537);
#12734 = AXIS2_PLACEMENT_3D('',#12735,#12736,#12737);
#12735 = CARTESIAN_POINT('',(0.880982706582,-8.949969798164,
    3.000000283857));
#12736 = DIRECTION('',(1.047444401653E-14,-1.,0.));
#12737 = DIRECTION('',(1.,1.047444401653E-14,3.469446951954E-15));
#12738 = ORIENTED_EDGE('',*,*,#12708,.T.);
#12739 = CYLINDRICAL_SURFACE('',#12740,0.499999991537);
#12740 = AXIS2_PLACEMENT_3D('',#12741,#12742,#12743);
#12741 = CARTESIAN_POINT('',(0.880982706582,-11.44996975584,
    3.000000283857));
#12742 = DIRECTION('',(-1.047444401653E-14,1.,0.));
#12743 = DIRECTION('',(-1.,-1.047444401653E-14,-3.469446951954E-15));
#12744 = ADVANCED_FACE('',(#12745),#12763,.T.);
#12745 = FACE_BOUND('',#12746,.T.);
#12746 = EDGE_LOOP('',(#12747,#12748,#12756,#12762));
#12747 = ORIENTED_EDGE('',*,*,#12724,.F.);
#12748 = ORIENTED_EDGE('',*,*,#12749,.T.);
#12749 = EDGE_CURVE('',#12725,#12750,#12752,.T.);
#12750 = VERTEX_POINT('',#12751);
#12751 = CARTESIAN_POINT('',(4.050427302989,-8.949969798164,
    2.50000029232));
#12752 = LINE('',#12753,#12754);
#12753 = CARTESIAN_POINT('',(0.880982706582,-8.949969798164,
    2.50000029232));
#12754 = VECTOR('',#12755,1.);
#12755 = DIRECTION('',(1.,1.047444401653E-14,3.491481338843E-15));
#12756 = ORIENTED_EDGE('',*,*,#12757,.T.);
#12757 = EDGE_CURVE('',#12750,#12527,#12758,.T.);
#12758 = LINE('',#12759,#12760);
#12759 = CARTESIAN_POINT('',(4.050427302989,-11.44996975584,
    2.50000029232));
#12760 = VECTOR('',#12761,1.);
#12761 = DIRECTION('',(-1.047444401653E-14,1.,0.));
#12762 = ORIENTED_EDGE('',*,*,#12526,.F.);
#12763 = PLANE('',#12764);
#12764 = AXIS2_PLACEMENT_3D('',#12765,#12766,#12767);
#12765 = CARTESIAN_POINT('',(0.880982706582,-11.44996975584,
    2.50000029232));
#12766 = DIRECTION('',(-3.491481338843E-15,-3.657132581847E-29,1.));
#12767 = DIRECTION('',(1.047444401653E-14,-1.,2.129973665774E-43));
#12768 = ADVANCED_FACE('',(#12769),#12788,.F.);
#12769 = FACE_BOUND('',#12770,.F.);
#12770 = EDGE_LOOP('',(#12771,#12772,#12780,#12787));
#12771 = ORIENTED_EDGE('',*,*,#12534,.T.);
#12772 = ORIENTED_EDGE('',*,*,#12773,.F.);
#12773 = EDGE_CURVE('',#12774,#12535,#12776,.T.);
#12774 = VERTEX_POINT('',#12775);
#12775 = CARTESIAN_POINT('',(4.483439997552,-8.949969798164,
    2.750000288089));
#12776 = LINE('',#12777,#12778);
#12777 = CARTESIAN_POINT('',(4.483439997552,-11.44996975584,
    2.750000288089));
#12778 = VECTOR('',#12779,1.);
#12779 = DIRECTION('',(-1.047444401653E-14,1.,0.));
#12780 = ORIENTED_EDGE('',*,*,#12781,.F.);
#12781 = EDGE_CURVE('',#12750,#12774,#12782,.T.);
#12782 = CIRCLE('',#12783,0.499999991537);
#12783 = AXIS2_PLACEMENT_3D('',#12784,#12785,#12786);
#12784 = CARTESIAN_POINT('',(4.050427302989,-8.949969798164,
    3.000000283857));
#12785 = DIRECTION('',(1.047444401653E-14,-1.,0.));
#12786 = DIRECTION('',(1.,1.047444401653E-14,3.469446951954E-15));
#12787 = ORIENTED_EDGE('',*,*,#12757,.T.);
#12788 = CYLINDRICAL_SURFACE('',#12789,0.499999991537);
#12789 = AXIS2_PLACEMENT_3D('',#12790,#12791,#12792);
#12790 = CARTESIAN_POINT('',(4.050427302989,-11.44996975584,
    3.000000283857));
#12791 = DIRECTION('',(-1.047444401653E-14,1.,0.));
#12792 = DIRECTION('',(-1.,-1.047444401653E-14,-3.469446951954E-15));
#12793 = ADVANCED_FACE('',(#12794),#12812,.T.);
#12794 = FACE_BOUND('',#12795,.T.);
#12795 = EDGE_LOOP('',(#12796,#12797,#12805,#12811));
#12796 = ORIENTED_EDGE('',*,*,#12773,.F.);
#12797 = ORIENTED_EDGE('',*,*,#12798,.T.);
#12798 = EDGE_CURVE('',#12774,#12799,#12801,.T.);
#12799 = VERTEX_POINT('',#12800);
#12800 = CARTESIAN_POINT('',(4.78098264057,-8.949969798164,
    3.265359263214));
#12801 = LINE('',#12802,#12803);
#12802 = CARTESIAN_POINT('',(4.483439997552,-8.949969798164,
    2.750000288089));
#12803 = VECTOR('',#12804,1.);
#12804 = DIRECTION('',(0.5,5.237222008267E-15,0.866025403784));
#12805 = ORIENTED_EDGE('',*,*,#12806,.T.);
#12806 = EDGE_CURVE('',#12799,#12544,#12807,.T.);
#12807 = LINE('',#12808,#12809);
#12808 = CARTESIAN_POINT('',(4.78098264057,-11.44996975584,
    3.265359263214));
#12809 = VECTOR('',#12810,1.);
#12810 = DIRECTION('',(-1.047444401653E-14,1.,0.));
#12811 = ORIENTED_EDGE('',*,*,#12543,.F.);
#12812 = PLANE('',#12813);
#12813 = AXIS2_PLACEMENT_3D('',#12814,#12815,#12816);
#12814 = CARTESIAN_POINT('',(4.483439997552,-11.44996975584,
    2.750000288089));
#12815 = DIRECTION('',(-0.866025403784,-9.071134608835E-15,0.5));
#12816 = DIRECTION('',(1.047444401653E-14,-1.,-1.851456544554E-27));
#12817 = ADVANCED_FACE('',(#12818),#12836,.T.);
#12818 = FACE_BOUND('',#12819,.T.);
#12819 = EDGE_LOOP('',(#12820,#12821,#12829,#12835));
#12820 = ORIENTED_EDGE('',*,*,#12806,.F.);
#12821 = ORIENTED_EDGE('',*,*,#12822,.T.);
#12822 = EDGE_CURVE('',#12799,#12823,#12825,.T.);
#12823 = VERTEX_POINT('',#12824);
#12824 = CARTESIAN_POINT('',(4.78098264057,-8.949969798164,
    7.467949400663));
#12825 = LINE('',#12826,#12827);
#12826 = CARTESIAN_POINT('',(4.78098264057,-8.949969798164,
    3.265359263214));
#12827 = VECTOR('',#12828,1.);
#12828 = DIRECTION('',(-3.498085736188E-15,-3.664050320872E-29,1.));
#12829 = ORIENTED_EDGE('',*,*,#12830,.T.);
#12830 = EDGE_CURVE('',#12823,#12552,#12831,.T.);
#12831 = LINE('',#12832,#12833);
#12832 = CARTESIAN_POINT('',(4.78098264057,-11.44996975584,
    7.467949400663));
#12833 = VECTOR('',#12834,1.);
#12834 = DIRECTION('',(-1.047444401653E-14,1.,0.));
#12835 = ORIENTED_EDGE('',*,*,#12551,.F.);
#12836 = PLANE('',#12837);
#12837 = AXIS2_PLACEMENT_3D('',#12838,#12839,#12840);
#12838 = CARTESIAN_POINT('',(4.78098264057,-11.44996975584,
    3.265359263214));
#12839 = DIRECTION('',(-1.,-1.047444401653E-14,-3.498085736188E-15));
#12840 = DIRECTION('',(3.498085736188E-15,3.664050320872E-29,-1.));
#12841 = ADVANCED_FACE('',(#12842),#12860,.T.);
#12842 = FACE_BOUND('',#12843,.T.);
#12843 = EDGE_LOOP('',(#12844,#12845,#12853,#12859));
#12844 = ORIENTED_EDGE('',*,*,#12830,.F.);
#12845 = ORIENTED_EDGE('',*,*,#12846,.T.);
#12846 = EDGE_CURVE('',#12823,#12847,#12849,.T.);
#12847 = VERTEX_POINT('',#12848);
#12848 = CARTESIAN_POINT('',(4.213995352059,-8.949969798164,
    8.45000019161));
#12849 = LINE('',#12850,#12851);
#12850 = CARTESIAN_POINT('',(4.78098264057,-8.949969798164,
    7.467949400663));
#12851 = VECTOR('',#12852,1.);
#12852 = DIRECTION('',(-0.5,-5.237222008267E-15,0.866025403784));
#12853 = ORIENTED_EDGE('',*,*,#12854,.T.);
#12854 = EDGE_CURVE('',#12847,#12560,#12855,.T.);
#12855 = LINE('',#12856,#12857);
#12856 = CARTESIAN_POINT('',(4.21399535206,-11.44996975584,8.45000019161
    ));
#12857 = VECTOR('',#12858,1.);
#12858 = DIRECTION('',(-1.047444401653E-14,1.,0.));
#12859 = ORIENTED_EDGE('',*,*,#12559,.F.);
#12860 = PLANE('',#12861);
#12861 = AXIS2_PLACEMENT_3D('',#12862,#12863,#12864);
#12862 = CARTESIAN_POINT('',(4.78098264057,-11.44996975584,
    7.467949400663));
#12863 = DIRECTION('',(-0.866025403784,-9.071134608835E-15,-0.5));
#12864 = DIRECTION('',(-1.047444401653E-14,1.,-1.851456544554E-27));
#12865 = ADVANCED_FACE('',(#12866),#12885,.F.);
#12866 = FACE_BOUND('',#12867,.F.);
#12867 = EDGE_LOOP('',(#12868,#12869,#12877,#12884));
#12868 = ORIENTED_EDGE('',*,*,#12567,.T.);
#12869 = ORIENTED_EDGE('',*,*,#12870,.F.);
#12870 = EDGE_CURVE('',#12871,#12568,#12873,.T.);
#12871 = VERTEX_POINT('',#12872);
#12872 = CARTESIAN_POINT('',(3.780982657496,-8.949969798164,
    8.700000187378));
#12873 = LINE('',#12874,#12875);
#12874 = CARTESIAN_POINT('',(3.780982657497,-11.44996975584,
    8.700000187378));
#12875 = VECTOR('',#12876,1.);
#12876 = DIRECTION('',(-1.047444401653E-14,1.,0.));
#12877 = ORIENTED_EDGE('',*,*,#12878,.F.);
#12878 = EDGE_CURVE('',#12847,#12871,#12879,.T.);
#12879 = CIRCLE('',#12880,0.499999991537);
#12880 = AXIS2_PLACEMENT_3D('',#12881,#12882,#12883);
#12881 = CARTESIAN_POINT('',(3.780982657496,-8.949969798164,
    8.200000195841));
#12882 = DIRECTION('',(1.047444401653E-14,-1.,0.));
#12883 = DIRECTION('',(1.,1.047444401653E-14,3.469446951954E-15));
#12884 = ORIENTED_EDGE('',*,*,#12854,.T.);
#12885 = CYLINDRICAL_SURFACE('',#12886,0.499999991537);
#12886 = AXIS2_PLACEMENT_3D('',#12887,#12888,#12889);
#12887 = CARTESIAN_POINT('',(3.780982657497,-11.44996975584,
    8.200000195841));
#12888 = DIRECTION('',(-1.047444401653E-14,1.,0.));
#12889 = DIRECTION('',(-1.,-1.047444401653E-14,-3.469446951954E-15));
#12890 = ADVANCED_FACE('',(#12891),#12909,.T.);
#12891 = FACE_BOUND('',#12892,.T.);
#12892 = EDGE_LOOP('',(#12893,#12894,#12902,#12908));
#12893 = ORIENTED_EDGE('',*,*,#12870,.F.);
#12894 = ORIENTED_EDGE('',*,*,#12895,.T.);
#12895 = EDGE_CURVE('',#12871,#12896,#12898,.T.);
#12896 = VERTEX_POINT('',#12897);
#12897 = CARTESIAN_POINT('',(3.740982658174,-8.949969798164,
    8.700000187378));
#12898 = LINE('',#12899,#12900);
#12899 = CARTESIAN_POINT('',(3.780982657496,-8.949969798164,
    8.700000187378));
#12900 = VECTOR('',#12901,1.);
#12901 = DIRECTION('',(-1.,-1.047444401653E-14,-3.491481338843E-15));
#12902 = ORIENTED_EDGE('',*,*,#12903,.T.);
#12903 = EDGE_CURVE('',#12896,#12577,#12904,.T.);
#12904 = LINE('',#12905,#12906);
#12905 = CARTESIAN_POINT('',(3.740982658174,-11.44996975584,
    8.700000187378));
#12906 = VECTOR('',#12907,1.);
#12907 = DIRECTION('',(-1.047444401653E-14,1.,0.));
#12908 = ORIENTED_EDGE('',*,*,#12576,.F.);
#12909 = PLANE('',#12910);
#12910 = AXIS2_PLACEMENT_3D('',#12911,#12912,#12913);
#12911 = CARTESIAN_POINT('',(3.780982657497,-11.44996975584,
    8.700000187378));
#12912 = DIRECTION('',(3.491481338843E-15,3.657132581847E-29,-1.));
#12913 = DIRECTION('',(1.,1.047444401653E-14,3.491481338843E-15));
#12914 = ADVANCED_FACE('',(#12915),#12934,.T.);
#12915 = FACE_BOUND('',#12916,.T.);
#12916 = EDGE_LOOP('',(#12917,#12926,#12932,#12933));
#12917 = ORIENTED_EDGE('',*,*,#12918,.F.);
#12918 = EDGE_CURVE('',#12919,#12896,#12921,.T.);
#12919 = VERTEX_POINT('',#12920);
#12920 = CARTESIAN_POINT('',(3.530982661728,-8.949969798164,
    8.910000183824));
#12921 = CIRCLE('',#12922,0.209999996446);
#12922 = AXIS2_PLACEMENT_3D('',#12923,#12924,#12925);
#12923 = CARTESIAN_POINT('',(3.740982658174,-8.949969798164,
    8.910000183824));
#12924 = DIRECTION('',(1.047444401653E-14,-1.,0.));
#12925 = DIRECTION('',(1.,1.047444401653E-14,0.));
#12926 = ORIENTED_EDGE('',*,*,#12927,.T.);
#12927 = EDGE_CURVE('',#12919,#12585,#12928,.T.);
#12928 = LINE('',#12929,#12930);
#12929 = CARTESIAN_POINT('',(3.530982661728,-11.44996975584,
    8.910000183824));
#12930 = VECTOR('',#12931,1.);
#12931 = DIRECTION('',(-1.047444401653E-14,1.,0.));
#12932 = ORIENTED_EDGE('',*,*,#12584,.T.);
#12933 = ORIENTED_EDGE('',*,*,#12903,.F.);
#12934 = CYLINDRICAL_SURFACE('',#12935,0.209999996446);
#12935 = AXIS2_PLACEMENT_3D('',#12936,#12937,#12938);
#12936 = CARTESIAN_POINT('',(3.740982658174,-11.44996975584,
    8.910000183824));
#12937 = DIRECTION('',(-1.047444401653E-14,1.,0.));
#12938 = DIRECTION('',(-1.,-1.047444401653E-14,0.));
#12939 = ADVANCED_FACE('',(#12940),#12958,.T.);
#12940 = FACE_BOUND('',#12941,.T.);
#12941 = EDGE_LOOP('',(#12942,#12943,#12951,#12957));
#12942 = ORIENTED_EDGE('',*,*,#12927,.F.);
#12943 = ORIENTED_EDGE('',*,*,#12944,.T.);
#12944 = EDGE_CURVE('',#12919,#12945,#12947,.T.);
#12945 = VERTEX_POINT('',#12946);
#12946 = CARTESIAN_POINT('',(3.530982661728,-8.949969798164,
    10.400000158604));
#12947 = LINE('',#12948,#12949);
#12948 = CARTESIAN_POINT('',(3.530982661728,-8.949969798164,
    8.910000183824));
#12949 = VECTOR('',#12950,1.);
#12950 = DIRECTION('',(-3.491481338843E-15,-3.657132581847E-29,1.));
#12951 = ORIENTED_EDGE('',*,*,#12952,.T.);
#12952 = EDGE_CURVE('',#12945,#12594,#12953,.T.);
#12953 = LINE('',#12954,#12955);
#12954 = CARTESIAN_POINT('',(3.530982661728,-11.44996975584,
    10.400000158604));
#12955 = VECTOR('',#12956,1.);
#12956 = DIRECTION('',(-1.047444401653E-14,1.,0.));
#12957 = ORIENTED_EDGE('',*,*,#12593,.F.);
#12958 = PLANE('',#12959);
#12959 = AXIS2_PLACEMENT_3D('',#12960,#12961,#12962);
#12960 = CARTESIAN_POINT('',(3.530982661728,-11.44996975584,
    8.910000183824));
#12961 = DIRECTION('',(-1.,-1.047444401653E-14,-3.491481338843E-15));
#12962 = DIRECTION('',(1.047444401653E-14,-1.,0.));
#12963 = ADVANCED_FACE('',(#12964),#12983,.F.);
#12964 = FACE_BOUND('',#12965,.F.);
#12965 = EDGE_LOOP('',(#12966,#12967,#12975,#12982));
#12966 = ORIENTED_EDGE('',*,*,#12601,.T.);
#12967 = ORIENTED_EDGE('',*,*,#12968,.F.);
#12968 = EDGE_CURVE('',#12969,#12602,#12971,.T.);
#12969 = VERTEX_POINT('',#12970);
#12970 = CARTESIAN_POINT('',(3.230982666806,-8.949969798164,
    10.700000153526));
#12971 = LINE('',#12972,#12973);
#12972 = CARTESIAN_POINT('',(3.230982666806,-11.44996975584,
    10.700000153526));
#12973 = VECTOR('',#12974,1.);
#12974 = DIRECTION('',(-1.047444401653E-14,1.,0.));
#12975 = ORIENTED_EDGE('',*,*,#12976,.F.);
#12976 = EDGE_CURVE('',#12945,#12969,#12977,.T.);
#12977 = CIRCLE('',#12978,0.299999994922);
#12978 = AXIS2_PLACEMENT_3D('',#12979,#12980,#12981);
#12979 = CARTESIAN_POINT('',(3.230982666806,-8.949969798164,
    10.400000158604));
#12980 = DIRECTION('',(1.047444401653E-14,-1.,0.));
#12981 = DIRECTION('',(1.,1.047444401653E-14,5.782411586589E-15));
#12982 = ORIENTED_EDGE('',*,*,#12952,.T.);
#12983 = CYLINDRICAL_SURFACE('',#12984,0.299999994922);
#12984 = AXIS2_PLACEMENT_3D('',#12985,#12986,#12987);
#12985 = CARTESIAN_POINT('',(3.230982666806,-11.44996975584,
    10.400000158604));
#12986 = DIRECTION('',(-1.047444401653E-14,1.,0.));
#12987 = DIRECTION('',(-1.,-1.047444401653E-14,-5.782411586589E-15));
#12988 = ADVANCED_FACE('',(#12989),#13007,.T.);
#12989 = FACE_BOUND('',#12990,.T.);
#12990 = EDGE_LOOP('',(#12991,#12992,#13000,#13006));
#12991 = ORIENTED_EDGE('',*,*,#12968,.F.);
#12992 = ORIENTED_EDGE('',*,*,#12993,.T.);
#12993 = EDGE_CURVE('',#12969,#12994,#12996,.T.);
#12994 = VERTEX_POINT('',#12995);
#12995 = CARTESIAN_POINT('',(1.730982692195,-8.949969798164,
    10.700000153526));
#12996 = LINE('',#12997,#12998);
#12997 = CARTESIAN_POINT('',(3.230982666806,-8.949969798164,
    10.700000153526));
#12998 = VECTOR('',#12999,1.);
#12999 = DIRECTION('',(-1.,-1.047444401653E-14,-3.491481338843E-15));
#13000 = ORIENTED_EDGE('',*,*,#13001,.T.);
#13001 = EDGE_CURVE('',#12994,#12611,#13002,.T.);
#13002 = LINE('',#13003,#13004);
#13003 = CARTESIAN_POINT('',(1.730982692195,-11.44996975584,
    10.700000153526));
#13004 = VECTOR('',#13005,1.);
#13005 = DIRECTION('',(-1.047444401653E-14,1.,0.));
#13006 = ORIENTED_EDGE('',*,*,#12610,.F.);
#13007 = PLANE('',#13008);
#13008 = AXIS2_PLACEMENT_3D('',#13009,#13010,#13011);
#13009 = CARTESIAN_POINT('',(3.230982666806,-11.44996975584,
    10.700000153526));
#13010 = DIRECTION('',(3.491481338843E-15,3.657132581847E-29,-1.));
#13011 = DIRECTION('',(1.,1.047444401653E-14,3.491481338843E-15));
#13012 = ADVANCED_FACE('',(#13013),#13032,.F.);
#13013 = FACE_BOUND('',#13014,.F.);
#13014 = EDGE_LOOP('',(#13015,#13016,#13024,#13031));
#13015 = ORIENTED_EDGE('',*,*,#12618,.T.);
#13016 = ORIENTED_EDGE('',*,*,#13017,.F.);
#13017 = EDGE_CURVE('',#13018,#12619,#13020,.T.);
#13018 = VERTEX_POINT('',#13019);
#13019 = CARTESIAN_POINT('',(1.430982697273,-8.949969798164,
    10.400000158604));
#13020 = LINE('',#13021,#13022);
#13021 = CARTESIAN_POINT('',(1.430982697273,-11.44996975584,
    10.400000158604));
#13022 = VECTOR('',#13023,1.);
#13023 = DIRECTION('',(-1.047444401653E-14,1.,0.));
#13024 = ORIENTED_EDGE('',*,*,#13025,.F.);
#13025 = EDGE_CURVE('',#12994,#13018,#13026,.T.);
#13026 = CIRCLE('',#13027,0.299999994922);
#13027 = AXIS2_PLACEMENT_3D('',#13028,#13029,#13030);
#13028 = CARTESIAN_POINT('',(1.730982692195,-8.949969798164,
    10.400000158604));
#13029 = DIRECTION('',(1.047444401653E-14,-1.,0.));
#13030 = DIRECTION('',(1.,1.047444401653E-14,5.782411586589E-15));
#13031 = ORIENTED_EDGE('',*,*,#13001,.T.);
#13032 = CYLINDRICAL_SURFACE('',#13033,0.299999994922);
#13033 = AXIS2_PLACEMENT_3D('',#13034,#13035,#13036);
#13034 = CARTESIAN_POINT('',(1.730982692195,-11.44996975584,
    10.400000158604));
#13035 = DIRECTION('',(-1.047444401653E-14,1.,0.));
#13036 = DIRECTION('',(-1.,-1.047444401653E-14,-5.782411586589E-15));
#13037 = ADVANCED_FACE('',(#13038),#13056,.T.);
#13038 = FACE_BOUND('',#13039,.T.);
#13039 = EDGE_LOOP('',(#13040,#13041,#13049,#13055));
#13040 = ORIENTED_EDGE('',*,*,#13017,.F.);
#13041 = ORIENTED_EDGE('',*,*,#13042,.T.);
#13042 = EDGE_CURVE('',#13018,#13043,#13045,.T.);
#13043 = VERTEX_POINT('',#13044);
#13044 = CARTESIAN_POINT('',(1.430982697273,-8.949969798164,
    8.905478744878));
#13045 = LINE('',#13046,#13047);
#13046 = CARTESIAN_POINT('',(1.430982697273,-8.949969798164,
    10.400000158604));
#13047 = VECTOR('',#13048,1.);
#13048 = DIRECTION('',(3.491481338843E-15,3.657132581847E-29,-1.));
#13049 = ORIENTED_EDGE('',*,*,#13050,.T.);
#13050 = EDGE_CURVE('',#13043,#12628,#13051,.T.);
#13051 = LINE('',#13052,#13053);
#13052 = CARTESIAN_POINT('',(1.430982697273,-11.44996975584,
    8.905478744878));
#13053 = VECTOR('',#13054,1.);
#13054 = DIRECTION('',(-1.047444401653E-14,1.,0.));
#13055 = ORIENTED_EDGE('',*,*,#12627,.F.);
#13056 = PLANE('',#13057);
#13057 = AXIS2_PLACEMENT_3D('',#13058,#13059,#13060);
#13058 = CARTESIAN_POINT('',(1.430982697273,-11.44996975584,
    10.400000158604));
#13059 = DIRECTION('',(1.,1.047444401653E-14,3.491481338843E-15));
#13060 = DIRECTION('',(3.491481338843E-15,3.657132581847E-29,-1.));
#13061 = ADVANCED_FACE('',(#13062),#13081,.T.);
#13062 = FACE_BOUND('',#13063,.T.);
#13063 = EDGE_LOOP('',(#13064,#13073,#13079,#13080));
#13064 = ORIENTED_EDGE('',*,*,#13065,.F.);
#13065 = EDGE_CURVE('',#13066,#13043,#13068,.T.);
#13066 = VERTEX_POINT('',#13067);
#13067 = CARTESIAN_POINT('',(1.244644672258,-8.949969798164,
    8.696816075445));
#13068 = CIRCLE('',#13069,0.209999996446);
#13069 = AXIS2_PLACEMENT_3D('',#13070,#13071,#13072);
#13070 = CARTESIAN_POINT('',(1.220982700827,-8.949969798164,
    8.905478744878));
#13071 = DIRECTION('',(1.047444401653E-14,-1.,0.));
#13072 = DIRECTION('',(1.,1.047444401653E-14,0.));
#13073 = ORIENTED_EDGE('',*,*,#13074,.T.);
#13074 = EDGE_CURVE('',#13066,#12636,#13075,.T.);
#13075 = LINE('',#13076,#13077);
#13076 = CARTESIAN_POINT('',(1.244644672258,-11.44996975584,
    8.696816075445));
#13077 = VECTOR('',#13078,1.);
#13078 = DIRECTION('',(-1.047444401653E-14,1.,0.));
#13079 = ORIENTED_EDGE('',*,*,#12635,.T.);
#13080 = ORIENTED_EDGE('',*,*,#13050,.F.);
#13081 = CYLINDRICAL_SURFACE('',#13082,0.209999996446);
#13082 = AXIS2_PLACEMENT_3D('',#13083,#13084,#13085);
#13083 = CARTESIAN_POINT('',(1.220982700827,-11.44996975584,
    8.905478744878));
#13084 = DIRECTION('',(-1.047444401653E-14,1.,0.));
#13085 = DIRECTION('',(-1.,-1.047444401653E-14,0.));
#13086 = ADVANCED_FACE('',(#13087),#13106,.F.);
#13087 = FACE_BOUND('',#13088,.F.);
#13088 = EDGE_LOOP('',(#13089,#13090,#13098,#13105));
#13089 = ORIENTED_EDGE('',*,*,#12644,.T.);
#13090 = ORIENTED_EDGE('',*,*,#13091,.F.);
#13091 = EDGE_CURVE('',#13092,#12645,#13094,.T.);
#13092 = VERTEX_POINT('',#13093);
#13093 = CARTESIAN_POINT('',(0.86797000491,-8.949969798164,8.45000019161
    ));
#13094 = LINE('',#13095,#13096);
#13095 = CARTESIAN_POINT('',(0.86797000491,-11.44996975584,8.45000019161
    ));
#13096 = VECTOR('',#13097,1.);
#13097 = DIRECTION('',(-1.047444401653E-14,1.,0.));
#13098 = ORIENTED_EDGE('',*,*,#13099,.F.);
#13099 = EDGE_CURVE('',#13066,#13092,#13100,.T.);
#13100 = CIRCLE('',#13101,0.499999991537);
#13101 = AXIS2_PLACEMENT_3D('',#13102,#13103,#13104);
#13102 = CARTESIAN_POINT('',(1.300982699473,-8.949969798164,
    8.200000195841));
#13103 = DIRECTION('',(1.047444401653E-14,-1.,0.));
#13104 = DIRECTION('',(1.,1.047444401653E-14,3.469446951954E-15));
#13105 = ORIENTED_EDGE('',*,*,#13074,.T.);
#13106 = CYLINDRICAL_SURFACE('',#13107,0.499999991537);
#13107 = AXIS2_PLACEMENT_3D('',#13108,#13109,#13110);
#13108 = CARTESIAN_POINT('',(1.300982699473,-11.44996975584,
    8.200000195841));
#13109 = DIRECTION('',(-1.047444401653E-14,1.,0.));
#13110 = DIRECTION('',(-1.,-1.047444401653E-14,-3.469446951953E-15));
#13111 = ADVANCED_FACE('',(#13112),#13123,.T.);
#13112 = FACE_BOUND('',#13113,.T.);
#13113 = EDGE_LOOP('',(#13114,#13115,#13121,#13122));
#13114 = ORIENTED_EDGE('',*,*,#13091,.F.);
#13115 = ORIENTED_EDGE('',*,*,#13116,.T.);
#13116 = EDGE_CURVE('',#13092,#12677,#13117,.T.);
#13117 = LINE('',#13118,#13119);
#13118 = CARTESIAN_POINT('',(0.86797000491,-8.949969798164,8.45000019161
    ));
#13119 = VECTOR('',#13120,1.);
#13120 = DIRECTION('',(-0.5,-5.237222008267E-15,-0.866025403784));
#13121 = ORIENTED_EDGE('',*,*,#12685,.T.);
#13122 = ORIENTED_EDGE('',*,*,#12653,.F.);
#13123 = PLANE('',#13124);
#13124 = AXIS2_PLACEMENT_3D('',#13125,#13126,#13127);
#13125 = CARTESIAN_POINT('',(0.86797000491,-11.44996975584,8.45000019161
    ));
#13126 = DIRECTION('',(0.866025403784,9.071134608835E-15,-0.5));
#13127 = DIRECTION('',(-0.5,-5.237222008267E-15,-0.866025403784));
#13128 = ADVANCED_FACE('',(#13129),#13145,.T.);
#13129 = FACE_BOUND('',#13130,.T.);
#13130 = EDGE_LOOP('',(#13131,#13132,#13138,#13139));
#13131 = ORIENTED_EDGE('',*,*,#13116,.F.);
#13132 = ORIENTED_EDGE('',*,*,#13133,.F.);
#13133 = EDGE_CURVE('',#9944,#13092,#13134,.T.);
#13134 = LINE('',#13135,#13136);
#13135 = CARTESIAN_POINT('',(0.86797000491,-8.949969798164,8.45000019161
    ));
#13136 = VECTOR('',#13137,1.);
#13137 = DIRECTION('',(0.419857447132,0.874619707139,-0.242404810123));
#13138 = ORIENTED_EDGE('',*,*,#9943,.T.);
#13139 = ORIENTED_EDGE('',*,*,#13140,.T.);
#13140 = EDGE_CURVE('',#9933,#12677,#13141,.T.);
#13141 = LINE('',#13142,#13143);
#13142 = CARTESIAN_POINT('',(0.447970012019,-8.949969798164,
    7.722538864744));
#13143 = VECTOR('',#13144,1.);
#13144 = DIRECTION('',(0.419857447132,0.874619707139,-0.242404810123));
#13145 = PLANE('',#13146);
#13146 = AXIS2_PLACEMENT_3D('',#13147,#13148,#13149);
#13147 = CARTESIAN_POINT('',(0.86797000491,-8.949969798164,8.45000019161
    ));
#13148 = DIRECTION('',(0.757442885033,-0.484809620246,-0.43730985357));
#13149 = DIRECTION('',(-0.5,8.384959393481E-14,-0.866025403784));
#13150 = ADVANCED_FACE('',(#13151),#13162,.F.);
#13151 = FACE_BOUND('',#13152,.F.);
#13152 = EDGE_LOOP('',(#13153,#13154,#13155,#13161));
#13153 = ORIENTED_EDGE('',*,*,#13133,.F.);
#13154 = ORIENTED_EDGE('',*,*,#9951,.F.);
#13155 = ORIENTED_EDGE('',*,*,#13156,.T.);
#13156 = EDGE_CURVE('',#9952,#13066,#13157,.T.);
#13157 = LINE('',#13158,#13159);
#13158 = CARTESIAN_POINT('',(1.244644672258,-8.949969798164,
    8.696816075445));
#13159 = VECTOR('',#13160,1.);
#13160 = DIRECTION('',(5.46264360841E-02,0.874619707139,-0.481722244));
#13161 = ORIENTED_EDGE('',*,*,#13099,.T.);
#13162 = CONICAL_SURFACE('',#13163,0.499999991537,0.506145483078);
#13163 = AXIS2_PLACEMENT_3D('',#13164,#13165,#13166);
#13164 = CARTESIAN_POINT('',(1.300982699473,-8.949969798164,
    8.200000195841));
#13165 = DIRECTION('',(1.047444401653E-14,-1.,0.));
#13166 = DIRECTION('',(1.,1.047444401653E-14,3.469446951954E-15));
#13167 = ADVANCED_FACE('',(#13168),#13179,.T.);
#13168 = FACE_BOUND('',#13169,.T.);
#13169 = EDGE_LOOP('',(#13170,#13171,#13177,#13178));
#13170 = ORIENTED_EDGE('',*,*,#13065,.T.);
#13171 = ORIENTED_EDGE('',*,*,#13172,.F.);
#13172 = EDGE_CURVE('',#9961,#13043,#13173,.T.);
#13173 = LINE('',#13174,#13175);
#13174 = CARTESIAN_POINT('',(1.430982697273,-8.949969798164,
    8.905478744878));
#13175 = VECTOR('',#13176,1.);
#13176 = DIRECTION('',(0.484809620246,0.874619707139,1.692703741983E-15)
  );
#13177 = ORIENTED_EDGE('',*,*,#9960,.F.);
#13178 = ORIENTED_EDGE('',*,*,#13156,.T.);
#13179 = CONICAL_SURFACE('',#13180,0.209999996446,0.506145483078);
#13180 = AXIS2_PLACEMENT_3D('',#13181,#13182,#13183);
#13181 = CARTESIAN_POINT('',(1.220982700827,-8.949969798164,
    8.905478744878));
#13182 = DIRECTION('',(-1.047444401653E-14,1.,0.));
#13183 = DIRECTION('',(1.,1.047444401653E-14,0.));
#13184 = ADVANCED_FACE('',(#13185),#13196,.T.);
#13185 = FACE_BOUND('',#13186,.T.);
#13186 = EDGE_LOOP('',(#13187,#13188,#13194,#13195));
#13187 = ORIENTED_EDGE('',*,*,#13042,.F.);
#13188 = ORIENTED_EDGE('',*,*,#13189,.F.);
#13189 = EDGE_CURVE('',#9970,#13018,#13190,.T.);
#13190 = LINE('',#13191,#13192);
#13191 = CARTESIAN_POINT('',(1.430982697273,-8.949969798164,
    10.400000158604));
#13192 = VECTOR('',#13193,1.);
#13193 = DIRECTION('',(0.484809620246,0.874619707139,1.692703741983E-15)
  );
#13194 = ORIENTED_EDGE('',*,*,#9969,.T.);
#13195 = ORIENTED_EDGE('',*,*,#13172,.T.);
#13196 = PLANE('',#13197);
#13197 = AXIS2_PLACEMENT_3D('',#13198,#13199,#13200);
#13198 = CARTESIAN_POINT('',(1.430982697273,-8.949969798164,
    10.400000158604));
#13199 = DIRECTION('',(0.874619707139,-0.484809620246,3.053718386064E-15
    ));
#13200 = DIRECTION('',(3.491481338845E-15,-8.697191480062E-28,-1.));
#13201 = ADVANCED_FACE('',(#13202),#13213,.F.);
#13202 = FACE_BOUND('',#13203,.F.);
#13203 = EDGE_LOOP('',(#13204,#13205,#13206,#13212));
#13204 = ORIENTED_EDGE('',*,*,#13189,.F.);
#13205 = ORIENTED_EDGE('',*,*,#9977,.F.);
#13206 = ORIENTED_EDGE('',*,*,#13207,.T.);
#13207 = EDGE_CURVE('',#9978,#12994,#13208,.T.);
#13208 = LINE('',#13209,#13210);
#13209 = CARTESIAN_POINT('',(1.730982692195,-8.949969798164,
    10.700000153526));
#13210 = VECTOR('',#13211,1.);
#13211 = DIRECTION('',(-3.964240459452E-15,0.874619707139,
    -0.484809620246));
#13212 = ORIENTED_EDGE('',*,*,#13025,.T.);
#13213 = CONICAL_SURFACE('',#13214,0.299999994922,0.506145483078);
#13214 = AXIS2_PLACEMENT_3D('',#13215,#13216,#13217);
#13215 = CARTESIAN_POINT('',(1.730982692195,-8.949969798164,
    10.400000158604));
#13216 = DIRECTION('',(1.047444401653E-14,-1.,0.));
#13217 = DIRECTION('',(1.,1.047444401653E-14,5.782411586589E-15));
#13218 = ADVANCED_FACE('',(#13219),#13230,.T.);
#13219 = FACE_BOUND('',#13220,.T.);
#13220 = EDGE_LOOP('',(#13221,#13222,#13228,#13229));
#13221 = ORIENTED_EDGE('',*,*,#12993,.F.);
#13222 = ORIENTED_EDGE('',*,*,#13223,.F.);
#13223 = EDGE_CURVE('',#9987,#12969,#13224,.T.);
#13224 = LINE('',#13225,#13226);
#13225 = CARTESIAN_POINT('',(3.230982666806,-8.949969798164,
    10.700000153526));
#13226 = VECTOR('',#13227,1.);
#13227 = DIRECTION('',(-7.468451416207E-15,0.874619707139,
    -0.484809620246));
#13228 = ORIENTED_EDGE('',*,*,#9986,.T.);
#13229 = ORIENTED_EDGE('',*,*,#13207,.T.);
#13230 = PLANE('',#13231);
#13231 = AXIS2_PLACEMENT_3D('',#13232,#13233,#13234);
#13232 = CARTESIAN_POINT('',(3.230982666806,-8.949969798164,
    10.700000153526));
#13233 = DIRECTION('',(8.131829612011E-15,-0.484809620246,
    -0.874619707139));
#13234 = DIRECTION('',(1.,1.047444401653E-14,3.491481338847E-15));
#13235 = ADVANCED_FACE('',(#13236),#13247,.F.);
#13236 = FACE_BOUND('',#13237,.F.);
#13237 = EDGE_LOOP('',(#13238,#13239,#13240,#13246));
#13238 = ORIENTED_EDGE('',*,*,#13223,.F.);
#13239 = ORIENTED_EDGE('',*,*,#9994,.F.);
#13240 = ORIENTED_EDGE('',*,*,#13241,.T.);
#13241 = EDGE_CURVE('',#9995,#12945,#13242,.T.);
#13242 = LINE('',#13243,#13244);
#13243 = CARTESIAN_POINT('',(3.530982661728,-8.949969798164,
    10.400000158604));
#13244 = VECTOR('',#13245,1.);
#13245 = DIRECTION('',(-0.484809620246,0.874619707139,
    -4.496072507386E-15));
#13246 = ORIENTED_EDGE('',*,*,#12976,.T.);
#13247 = CONICAL_SURFACE('',#13248,0.299999994922,0.506145483078);
#13248 = AXIS2_PLACEMENT_3D('',#13249,#13250,#13251);
#13249 = CARTESIAN_POINT('',(3.230982666806,-8.949969798164,
    10.400000158604));
#13250 = DIRECTION('',(1.047444401653E-14,-1.,0.));
#13251 = DIRECTION('',(1.,1.047444401653E-14,5.782411586589E-15));
#13252 = ADVANCED_FACE('',(#13253),#13264,.T.);
#13253 = FACE_BOUND('',#13254,.T.);
#13254 = EDGE_LOOP('',(#13255,#13256,#13262,#13263));
#13255 = ORIENTED_EDGE('',*,*,#12944,.F.);
#13256 = ORIENTED_EDGE('',*,*,#13257,.F.);
#13257 = EDGE_CURVE('',#10004,#12919,#13258,.T.);
#13258 = LINE('',#13259,#13260);
#13259 = CARTESIAN_POINT('',(3.530982661728,-8.949969798164,
    8.910000183824));
#13260 = VECTOR('',#13261,1.);
#13261 = DIRECTION('',(-0.484809620246,0.874619707139,
    -1.692703741983E-15));
#13262 = ORIENTED_EDGE('',*,*,#10003,.T.);
#13263 = ORIENTED_EDGE('',*,*,#13241,.T.);
#13264 = PLANE('',#13265);
#13265 = AXIS2_PLACEMENT_3D('',#13266,#13267,#13268);
#13266 = CARTESIAN_POINT('',(3.530982661728,-8.949969798164,
    8.910000183824));
#13267 = DIRECTION('',(-0.874619707139,-0.484809620246,
    -3.053718386064E-15));
#13268 = DIRECTION('',(3.491481338845E-15,9.255310570506E-28,-1.));
#13269 = ADVANCED_FACE('',(#13270),#13281,.T.);
#13270 = FACE_BOUND('',#13271,.T.);
#13271 = EDGE_LOOP('',(#13272,#13273,#13279,#13280));
#13272 = ORIENTED_EDGE('',*,*,#12918,.T.);
#13273 = ORIENTED_EDGE('',*,*,#13274,.F.);
#13274 = EDGE_CURVE('',#10012,#12896,#13275,.T.);
#13275 = LINE('',#13276,#13277);
#13276 = CARTESIAN_POINT('',(3.740982658174,-8.949969798164,
    8.700000187378));
#13277 = VECTOR('',#13278,1.);
#13278 = DIRECTION('',(-8.97025611196E-15,0.874619707139,-0.484809620246
    ));
#13279 = ORIENTED_EDGE('',*,*,#10011,.F.);
#13280 = ORIENTED_EDGE('',*,*,#13257,.T.);
#13281 = CONICAL_SURFACE('',#13282,0.209999996446,0.506145483078);
#13282 = AXIS2_PLACEMENT_3D('',#13283,#13284,#13285);
#13283 = CARTESIAN_POINT('',(3.740982658174,-8.949969798164,
    8.910000183824));
#13284 = DIRECTION('',(-1.047444401653E-14,1.,0.));
#13285 = DIRECTION('',(1.,1.047444401653E-14,0.));
#13286 = ADVANCED_FACE('',(#13287),#13298,.T.);
#13287 = FACE_BOUND('',#13288,.T.);
#13288 = EDGE_LOOP('',(#13289,#13290,#13296,#13297));
#13289 = ORIENTED_EDGE('',*,*,#12895,.F.);
#13290 = ORIENTED_EDGE('',*,*,#13291,.F.);
#13291 = EDGE_CURVE('',#10021,#12871,#13292,.T.);
#13292 = LINE('',#13293,#13294);
#13293 = CARTESIAN_POINT('',(3.780982657496,-8.949969798164,
    8.700000187378));
#13294 = VECTOR('',#13295,1.);
#13295 = DIRECTION('',(-7.468451416207E-15,0.874619707139,
    -0.484809620246));
#13296 = ORIENTED_EDGE('',*,*,#10020,.T.);
#13297 = ORIENTED_EDGE('',*,*,#13274,.T.);
#13298 = PLANE('',#13299);
#13299 = AXIS2_PLACEMENT_3D('',#13300,#13301,#13302);
#13300 = CARTESIAN_POINT('',(3.780982657496,-8.949969798164,
    8.700000187378));
#13301 = DIRECTION('',(8.131829612011E-15,-0.484809620246,
    -0.874619707139));
#13302 = DIRECTION('',(1.,1.047444401653E-14,3.491481338847E-15));
#13303 = ADVANCED_FACE('',(#13304),#13315,.F.);
#13304 = FACE_BOUND('',#13305,.F.);
#13305 = EDGE_LOOP('',(#13306,#13307,#13308,#13314));
#13306 = ORIENTED_EDGE('',*,*,#13291,.F.);
#13307 = ORIENTED_EDGE('',*,*,#10028,.F.);
#13308 = ORIENTED_EDGE('',*,*,#13309,.T.);
#13309 = EDGE_CURVE('',#10029,#12847,#13310,.T.);
#13310 = LINE('',#13311,#13312);
#13311 = CARTESIAN_POINT('',(4.213995352059,-8.949969798164,
    8.45000019161));
#13312 = VECTOR('',#13313,1.);
#13313 = DIRECTION('',(-0.419857447132,0.874619707139,-0.242404810123));
#13314 = ORIENTED_EDGE('',*,*,#12878,.T.);
#13315 = CONICAL_SURFACE('',#13316,0.499999991537,0.506145483078);
#13316 = AXIS2_PLACEMENT_3D('',#13317,#13318,#13319);
#13317 = CARTESIAN_POINT('',(3.780982657496,-8.949969798164,
    8.200000195841));
#13318 = DIRECTION('',(1.047444401653E-14,-1.,0.));
#13319 = DIRECTION('',(1.,1.047444401653E-14,3.469446951954E-15));
#13320 = ADVANCED_FACE('',(#13321),#13332,.T.);
#13321 = FACE_BOUND('',#13322,.T.);
#13322 = EDGE_LOOP('',(#13323,#13324,#13330,#13331));
#13323 = ORIENTED_EDGE('',*,*,#12846,.F.);
#13324 = ORIENTED_EDGE('',*,*,#13325,.F.);
#13325 = EDGE_CURVE('',#10038,#12823,#13326,.T.);
#13326 = LINE('',#13327,#13328);
#13327 = CARTESIAN_POINT('',(4.78098264057,-8.949969798164,
    7.467949400663));
#13328 = VECTOR('',#13329,1.);
#13329 = DIRECTION('',(-0.480770060148,0.867332147812,-0.128821949362));
#13330 = ORIENTED_EDGE('',*,*,#10037,.T.);
#13331 = ORIENTED_EDGE('',*,*,#13309,.T.);
#13332 = PLANE('',#13333);
#13333 = AXIS2_PLACEMENT_3D('',#13334,#13335,#13336);
#13334 = CARTESIAN_POINT('',(4.78098264057,-8.949969798164,
    7.467949400663));
#13335 = DIRECTION('',(-0.757442885033,-0.484809620246,-0.43730985357));
#13336 = DIRECTION('',(2.633449014411E-13,0.669794603267,-0.74254642241)
  );
#13337 = ADVANCED_FACE('',(#13338),#13349,.T.);
#13338 = FACE_BOUND('',#13339,.T.);
#13339 = EDGE_LOOP('',(#13340,#13341,#13347,#13348));
#13340 = ORIENTED_EDGE('',*,*,#12822,.F.);
#13341 = ORIENTED_EDGE('',*,*,#13342,.F.);
#13342 = EDGE_CURVE('',#10046,#12799,#13343,.T.);
#13343 = LINE('',#13344,#13345);
#13344 = CARTESIAN_POINT('',(4.78098264057,-8.949969798164,
    3.265359263214));
#13345 = VECTOR('',#13346,1.);
#13346 = DIRECTION('',(-0.480770060148,0.867332147812,0.128821949362));
#13347 = ORIENTED_EDGE('',*,*,#10045,.T.);
#13348 = ORIENTED_EDGE('',*,*,#13325,.T.);
#13349 = PLANE('',#13350);
#13350 = AXIS2_PLACEMENT_3D('',#13351,#13352,#13353);
#13351 = CARTESIAN_POINT('',(4.78098264057,-8.949969798164,
    3.265359263214));
#13352 = DIRECTION('',(-0.874619707139,-0.484809620246,
    -3.059494722135E-15));
#13353 = DIRECTION('',(3.491481338844E-15,1.191464820573E-17,-1.));
#13354 = ADVANCED_FACE('',(#13355),#13366,.T.);
#13355 = FACE_BOUND('',#13356,.T.);
#13356 = EDGE_LOOP('',(#13357,#13358,#13364,#13365));
#13357 = ORIENTED_EDGE('',*,*,#12798,.F.);
#13358 = ORIENTED_EDGE('',*,*,#13359,.F.);
#13359 = EDGE_CURVE('',#10054,#12774,#13360,.T.);
#13360 = LINE('',#13361,#13362);
#13361 = CARTESIAN_POINT('',(4.483439997552,-8.949969798164,
    2.750000288089));
#13362 = VECTOR('',#13363,1.);
#13363 = DIRECTION('',(-0.419857447132,0.874619707139,0.242404810123));
#13364 = ORIENTED_EDGE('',*,*,#10053,.T.);
#13365 = ORIENTED_EDGE('',*,*,#13342,.T.);
#13366 = PLANE('',#13367);
#13367 = AXIS2_PLACEMENT_3D('',#13368,#13369,#13370);
#13368 = CARTESIAN_POINT('',(4.483439997552,-8.949969798164,
    2.750000288089));
#13369 = DIRECTION('',(-0.757442885033,-0.484809620246,0.43730985357));
#13370 = DIRECTION('',(-2.610134330894E-13,-0.669794603267,
    -0.74254642241));
#13371 = ADVANCED_FACE('',(#13372),#13383,.F.);
#13372 = FACE_BOUND('',#13373,.F.);
#13373 = EDGE_LOOP('',(#13374,#13375,#13376,#13382));
#13374 = ORIENTED_EDGE('',*,*,#13359,.F.);
#13375 = ORIENTED_EDGE('',*,*,#10061,.F.);
#13376 = ORIENTED_EDGE('',*,*,#13377,.T.);
#13377 = EDGE_CURVE('',#10062,#12750,#13378,.T.);
#13378 = LINE('',#13379,#13380);
#13379 = CARTESIAN_POINT('',(4.050427302989,-8.949969798164,
    2.50000029232));
#13380 = VECTOR('',#13381,1.);
#13381 = DIRECTION('',(-1.074873257147E-14,0.874619707139,0.484809620246
    ));
#13382 = ORIENTED_EDGE('',*,*,#12781,.T.);
#13383 = CONICAL_SURFACE('',#13384,0.499999991537,0.506145483078);
#13384 = AXIS2_PLACEMENT_3D('',#13385,#13386,#13387);
#13385 = CARTESIAN_POINT('',(4.050427302989,-8.949969798164,
    3.000000283857));
#13386 = DIRECTION('',(1.047444401653E-14,-1.,0.));
#13387 = DIRECTION('',(1.,1.047444401653E-14,3.469446951954E-15));
#13388 = ADVANCED_FACE('',(#13389),#13400,.T.);
#13389 = FACE_BOUND('',#13390,.T.);
#13390 = EDGE_LOOP('',(#13391,#13392,#13398,#13399));
#13391 = ORIENTED_EDGE('',*,*,#12749,.F.);
#13392 = ORIENTED_EDGE('',*,*,#13393,.F.);
#13393 = EDGE_CURVE('',#10071,#12725,#13394,.T.);
#13394 = LINE('',#13395,#13396);
#13395 = CARTESIAN_POINT('',(0.880982706582,-8.949969798164,
    2.50000029232));
#13396 = VECTOR('',#13397,1.);
#13397 = DIRECTION('',(-1.085385890018E-14,0.874619707139,0.484809620246
    ));
#13398 = ORIENTED_EDGE('',*,*,#10070,.T.);
#13399 = ORIENTED_EDGE('',*,*,#13377,.T.);
#13400 = PLANE('',#13401);
#13401 = AXIS2_PLACEMENT_3D('',#13402,#13403,#13404);
#13402 = CARTESIAN_POINT('',(0.880982706582,-8.949969798164,
    2.50000029232));
#13403 = DIRECTION('',(2.024392839884E-15,-0.484809620246,0.874619707139
    ));
#13404 = DIRECTION('',(1.,1.047444401653E-14,3.491481338842E-15));
#13405 = ADVANCED_FACE('',(#13406),#13417,.F.);
#13406 = FACE_BOUND('',#13407,.F.);
#13407 = EDGE_LOOP('',(#13408,#13409,#13410,#13416));
#13408 = ORIENTED_EDGE('',*,*,#13393,.F.);
#13409 = ORIENTED_EDGE('',*,*,#10078,.F.);
#13410 = ORIENTED_EDGE('',*,*,#13411,.T.);
#13411 = EDGE_CURVE('',#10079,#12701,#13412,.T.);
#13412 = LINE('',#13413,#13414);
#13413 = CARTESIAN_POINT('',(0.380982715045,-8.949969798164,
    3.000000283857));
#13414 = VECTOR('',#13415,1.);
#13415 = DIRECTION('',(0.484809620246,0.874619707139,3.795230316036E-15)
  );
#13416 = ORIENTED_EDGE('',*,*,#12732,.T.);
#13417 = CONICAL_SURFACE('',#13418,0.499999991537,0.506145483078);
#13418 = AXIS2_PLACEMENT_3D('',#13419,#13420,#13421);
#13419 = CARTESIAN_POINT('',(0.880982706582,-8.949969798164,
    3.000000283857));
#13420 = DIRECTION('',(1.047444401653E-14,-1.,0.));
#13421 = DIRECTION('',(1.,1.047444401653E-14,3.469446951954E-15));
#13422 = ADVANCED_FACE('',(#13423),#13434,.T.);
#13423 = FACE_BOUND('',#13424,.T.);
#13424 = EDGE_LOOP('',(#13425,#13426,#13432,#13433));
#13425 = ORIENTED_EDGE('',*,*,#12700,.F.);
#13426 = ORIENTED_EDGE('',*,*,#13427,.F.);
#13427 = EDGE_CURVE('',#9935,#12669,#13428,.T.);
#13428 = LINE('',#13429,#13430);
#13429 = CARTESIAN_POINT('',(0.380982715045,-8.949969798164,
    7.472538868975));
#13430 = VECTOR('',#13431,1.);
#13431 = DIRECTION('',(0.484809620246,0.874619707139,1.692703741983E-15)
  );
#13432 = ORIENTED_EDGE('',*,*,#10087,.T.);
#13433 = ORIENTED_EDGE('',*,*,#13411,.T.);
#13434 = PLANE('',#13435);
#13435 = AXIS2_PLACEMENT_3D('',#13436,#13437,#13438);
#13436 = CARTESIAN_POINT('',(0.380982715045,-8.949969798164,
    7.472538868975));
#13437 = DIRECTION('',(0.874619707139,-0.484809620246,3.053718386064E-15
    ));
#13438 = DIRECTION('',(3.491481338845E-15,-8.697191480062E-28,-1.));
#13439 = ADVANCED_FACE('',(#13440),#13446,.F.);
#13440 = FACE_BOUND('',#13441,.F.);
#13441 = EDGE_LOOP('',(#13442,#13443,#13444,#13445));
#13442 = ORIENTED_EDGE('',*,*,#13427,.F.);
#13443 = ORIENTED_EDGE('',*,*,#9932,.F.);
#13444 = ORIENTED_EDGE('',*,*,#13140,.T.);
#13445 = ORIENTED_EDGE('',*,*,#12676,.T.);
#13446 = CONICAL_SURFACE('',#13447,0.499999991537,0.506145483078);
#13447 = AXIS2_PLACEMENT_3D('',#13448,#13449,#13450);
#13448 = CARTESIAN_POINT('',(0.880982706582,-8.949969798164,
    7.472538868975));
#13449 = DIRECTION('',(1.047444401653E-14,-1.,0.));
#13450 = DIRECTION('',(1.,1.047444401653E-14,3.469446951954E-15));
#13451 = ADVANCED_FACE('',(#13452),#13464,.T.);
#13452 = FACE_BOUND('',#13453,.T.);
#13453 = EDGE_LOOP('',(#13454,#13455,#13462,#13463));
#13454 = ORIENTED_EDGE('',*,*,#5251,.T.);
#13455 = ORIENTED_EDGE('',*,*,#13456,.T.);
#13456 = EDGE_CURVE('',#5244,#4999,#13457,.T.);
#13457 = CIRCLE('',#13458,0.299999994922);
#13458 = AXIS2_PLACEMENT_3D('',#13459,#13460,#13461);
#13459 = CARTESIAN_POINT('',(-9.119017124156,-5.01964122033,
    16.400000057047));
#13460 = DIRECTION('',(-1.,-1.047444401653E-14,-3.491481338843E-15));
#13461 = DIRECTION('',(1.047444401653E-14,-1.,-3.807038477709E-30));
#13462 = ORIENTED_EDGE('',*,*,#4998,.F.);
#13463 = ORIENTED_EDGE('',*,*,#11226,.F.);
#13464 = CYLINDRICAL_SURFACE('',#13465,0.299999994922);
#13465 = AXIS2_PLACEMENT_3D('',#13466,#13467,#13468);
#13466 = CARTESIAN_POINT('',(-10.21901710553,-5.01964122033,
    16.400000057047));
#13467 = DIRECTION('',(1.,1.047444401653E-14,3.491481338843E-15));
#13468 = DIRECTION('',(-1.047444401653E-14,1.,3.807038477709E-30));
#13469 = ADVANCED_FACE('',(#13470),#13482,.T.);
#13470 = FACE_BOUND('',#13471,.T.);
#13471 = EDGE_LOOP('',(#13472,#13473,#13480,#13481));
#13472 = ORIENTED_EDGE('',*,*,#4982,.T.);
#13473 = ORIENTED_EDGE('',*,*,#13474,.T.);
#13474 = EDGE_CURVE('',#4975,#5703,#13475,.T.);
#13475 = ( BOUNDED_CURVE() B_SPLINE_CURVE(3,(#13476,#13477,#13478,#13479
),.UNSPECIFIED.,.F.,.F.) B_SPLINE_CURVE_WITH_KNOTS((4,4),(1.570796326795
,3.14159265359),.PIECEWISE_BEZIER_KNOTS.) CURVE() 
GEOMETRIC_REPRESENTATION_ITEM() RATIONAL_B_SPLINE_CURVE((1.,
0.804737854124,0.804737854124,1.)) REPRESENTATION_ITEM('') );
#13476 = CARTESIAN_POINT('',(-9.489980229591,6.500029940327,
    16.700000051969));
#13477 = CARTESIAN_POINT('',(-9.505330112496,6.792923154183,
    16.700000051969));
#13478 = CARTESIAN_POINT('',(-9.516184118789,7.000029931864,
    16.492893274288));
#13479 = CARTESIAN_POINT('',(-9.516184118789,7.000029931864,
    16.200000060432));
#13480 = ORIENTED_EDGE('',*,*,#5702,.F.);
#13481 = ORIENTED_EDGE('',*,*,#11234,.F.);
#13482 = CYLINDRICAL_SURFACE('',#13483,0.499999991537);
#13483 = AXIS2_PLACEMENT_3D('',#13484,#13485,#13486);
#13484 = CARTESIAN_POINT('',(-10.21901710553,6.500029940327,
    16.200000060432));
#13485 = DIRECTION('',(1.,1.047444401653E-14,3.491481338843E-15));
#13486 = DIRECTION('',(-1.047444401653E-14,1.,-2.307979519134E-31));
#13487 = ADVANCED_FACE('',(#13488),#13506,.T.);
#13488 = FACE_BOUND('',#13489,.T.);
#13489 = EDGE_LOOP('',(#13490,#13491,#13498,#13499));
#13490 = ORIENTED_EDGE('',*,*,#4916,.T.);
#13491 = ORIENTED_EDGE('',*,*,#13492,.T.);
#13492 = EDGE_CURVE('',#4909,#5735,#13493,.T.);
#13493 = ( BOUNDED_CURVE() B_SPLINE_CURVE(3,(#13494,#13495,#13496,#13497
),.UNSPECIFIED.,.F.,.F.) B_SPLINE_CURVE_WITH_KNOTS((4,4),(1.570796326795
,3.14159265359),.PIECEWISE_BEZIER_KNOTS.) CURVE() 
GEOMETRIC_REPRESENTATION_ITEM() RATIONAL_B_SPLINE_CURVE((1.,
0.804737854124,0.804737854124,1.)) REPRESENTATION_ITEM('') );
#13494 = CARTESIAN_POINT('',(-4.489980314221,6.500029940327,
    16.700000051969));
#13495 = CARTESIAN_POINT('',(-4.505330197127,6.792923154183,
    16.700000051969));
#13496 = CARTESIAN_POINT('',(-4.516184203419,7.000029931864,
    16.492893274288));
#13497 = CARTESIAN_POINT('',(-4.516184203419,7.000029931864,
    16.200000060432));
#13498 = ORIENTED_EDGE('',*,*,#5734,.F.);
#13499 = ORIENTED_EDGE('',*,*,#13500,.T.);
#13500 = EDGE_CURVE('',#5727,#4917,#13501,.T.);
#13501 = CIRCLE('',#13502,0.499999991537);
#13502 = AXIS2_PLACEMENT_3D('',#13503,#13504,#13505);
#13503 = CARTESIAN_POINT('',(-8.519017134312,6.500029940327,
    16.200000060432));
#13504 = DIRECTION('',(1.,1.047444401653E-14,3.491481338843E-15));
#13505 = DIRECTION('',(-1.047444401653E-14,1.,-2.307979519134E-31));
#13506 = CYLINDRICAL_SURFACE('',#13507,0.499999991537);
#13507 = AXIS2_PLACEMENT_3D('',#13508,#13509,#13510);
#13508 = CARTESIAN_POINT('',(-10.21901710553,6.500029940327,
    16.200000060432));
#13509 = DIRECTION('',(1.,1.047444401653E-14,3.491481338843E-15));
#13510 = DIRECTION('',(-1.047444401653E-14,1.,-2.307979519134E-31));
#13511 = ADVANCED_FACE('',(#13512),#13539,.T.);
#13512 = FACE_BOUND('',#13513,.T.);
#13513 = EDGE_LOOP('',(#13514,#13523,#13524,#13533));
#13514 = ORIENTED_EDGE('',*,*,#13515,.F.);
#13515 = EDGE_CURVE('',#5516,#13516,#13518,.T.);
#13516 = VERTEX_POINT('',#13517);
#13517 = CARTESIAN_POINT('',(4.78098264057,6.700029936942,
    3.346355308409E-07));
#13518 = CIRCLE('',#13519,0.299999994922);
#13519 = AXIS2_PLACEMENT_3D('',#13520,#13521,#13522);
#13520 = CARTESIAN_POINT('',(4.78098264057,6.700029936942,0.300000329558
    ));
#13521 = DIRECTION('',(-1.,-1.047444401653E-14,-3.491481338843E-15));
#13522 = DIRECTION('',(1.047444401653E-14,-1.,1.240257059317E-30));
#13523 = ORIENTED_EDGE('',*,*,#5515,.T.);
#13524 = ORIENTED_EDGE('',*,*,#13525,.T.);
#13525 = EDGE_CURVE('',#5508,#13526,#13528,.T.);
#13526 = VERTEX_POINT('',#13527);
#13527 = CARTESIAN_POINT('',(5.360982630753,6.700029936942,
    3.346355321732E-07));
#13528 = CIRCLE('',#13529,0.299999994922);
#13529 = AXIS2_PLACEMENT_3D('',#13530,#13531,#13532);
#13530 = CARTESIAN_POINT('',(5.360982630753,6.700029936942,
    0.300000329558));
#13531 = DIRECTION('',(-1.,-1.047444401653E-14,-3.491481338843E-15));
#13532 = DIRECTION('',(1.047444401653E-14,-1.,1.240257059317E-30));
#13533 = ORIENTED_EDGE('',*,*,#13534,.F.);
#13534 = EDGE_CURVE('',#13516,#13526,#13535,.T.);
#13535 = LINE('',#13536,#13537);
#13536 = CARTESIAN_POINT('',(-10.21901710553,6.700029936942,
    3.346354784384E-07));
#13537 = VECTOR('',#13538,1.);
#13538 = DIRECTION('',(1.,1.047444401653E-14,3.491481338843E-15));
#13539 = CYLINDRICAL_SURFACE('',#13540,0.299999994922);
#13540 = AXIS2_PLACEMENT_3D('',#13541,#13542,#13543);
#13541 = CARTESIAN_POINT('',(-10.21901710553,6.700029936942,
    0.300000329558));
#13542 = DIRECTION('',(1.,1.047444401653E-14,3.491481338843E-15));
#13543 = DIRECTION('',(-1.047444401653E-14,1.,3.807038477704E-30));
#13544 = ADVANCED_FACE('',(#13545),#13572,.T.);
#13545 = FACE_BOUND('',#13546,.T.);
#13546 = EDGE_LOOP('',(#13547,#13548,#13557,#13565));
#13547 = ORIENTED_EDGE('',*,*,#5572,.T.);
#13548 = ORIENTED_EDGE('',*,*,#13549,.T.);
#13549 = EDGE_CURVE('',#5565,#13550,#13552,.T.);
#13550 = VERTEX_POINT('',#13551);
#13551 = CARTESIAN_POINT('',(0.360982715384,6.700029936942,
    3.346355144096E-07));
#13552 = CIRCLE('',#13553,0.299999994922);
#13553 = AXIS2_PLACEMENT_3D('',#13554,#13555,#13556);
#13554 = CARTESIAN_POINT('',(0.360982715384,6.700029936942,
    0.300000329558));
#13555 = DIRECTION('',(-1.,-1.047444401653E-14,-3.491481338843E-15));
#13556 = DIRECTION('',(1.047444401653E-14,-1.,1.240257059317E-30));
#13557 = ORIENTED_EDGE('',*,*,#13558,.F.);
#13558 = EDGE_CURVE('',#13559,#13550,#13561,.T.);
#13559 = VERTEX_POINT('',#13560);
#13560 = CARTESIAN_POINT('',(-0.219017274799,6.700029936942,
    3.346355135214E-07));
#13561 = LINE('',#13562,#13563);
#13562 = CARTESIAN_POINT('',(-10.21901710553,6.700029936942,
    3.346354784384E-07));
#13563 = VECTOR('',#13564,1.);
#13564 = DIRECTION('',(1.,1.047444401653E-14,3.491481338843E-15));
#13565 = ORIENTED_EDGE('',*,*,#13566,.F.);
#13566 = EDGE_CURVE('',#5573,#13559,#13567,.T.);
#13567 = CIRCLE('',#13568,0.299999994922);
#13568 = AXIS2_PLACEMENT_3D('',#13569,#13570,#13571);
#13569 = CARTESIAN_POINT('',(-0.219017274799,6.700029936942,
    0.300000329558));
#13570 = DIRECTION('',(-1.,-1.047444401653E-14,-3.491481338843E-15));
#13571 = DIRECTION('',(1.047444401653E-14,-1.,1.240257059317E-30));
#13572 = CYLINDRICAL_SURFACE('',#13573,0.299999994922);
#13573 = AXIS2_PLACEMENT_3D('',#13574,#13575,#13576);
#13574 = CARTESIAN_POINT('',(-10.21901710553,6.700029936942,
    0.300000329558));
#13575 = DIRECTION('',(1.,1.047444401653E-14,3.491481338843E-15));
#13576 = DIRECTION('',(-1.047444401653E-14,1.,3.807038477704E-30));
#13577 = ADVANCED_FACE('',(#13578),#13605,.T.);
#13578 = FACE_BOUND('',#13579,.T.);
#13579 = EDGE_LOOP('',(#13580,#13581,#13590,#13598));
#13580 = ORIENTED_EDGE('',*,*,#5629,.T.);
#13581 = ORIENTED_EDGE('',*,*,#13582,.T.);
#13582 = EDGE_CURVE('',#5622,#13583,#13585,.T.);
#13583 = VERTEX_POINT('',#13584);
#13584 = CARTESIAN_POINT('',(-4.639017199985,6.700029936942,
    3.346354970901E-07));
#13585 = CIRCLE('',#13586,0.299999994922);
#13586 = AXIS2_PLACEMENT_3D('',#13587,#13588,#13589);
#13587 = CARTESIAN_POINT('',(-4.639017199985,6.700029936942,
    0.300000329558));
#13588 = DIRECTION('',(-1.,-1.047444401653E-14,-3.491481338843E-15));
#13589 = DIRECTION('',(1.047444401653E-14,-1.,-3.807038477705E-30));
#13590 = ORIENTED_EDGE('',*,*,#13591,.F.);
#13591 = EDGE_CURVE('',#13592,#13583,#13594,.T.);
#13592 = VERTEX_POINT('',#13593);
#13593 = CARTESIAN_POINT('',(-5.219017190168,6.700029936942,
    3.346354957579E-07));
#13594 = LINE('',#13595,#13596);
#13595 = CARTESIAN_POINT('',(-10.21901710553,6.700029936942,
    3.346354784384E-07));
#13596 = VECTOR('',#13597,1.);
#13597 = DIRECTION('',(1.,1.047444401653E-14,3.491481338843E-15));
#13598 = ORIENTED_EDGE('',*,*,#13599,.F.);
#13599 = EDGE_CURVE('',#5630,#13592,#13600,.T.);
#13600 = CIRCLE('',#13601,0.299999994922);
#13601 = AXIS2_PLACEMENT_3D('',#13602,#13603,#13604);
#13602 = CARTESIAN_POINT('',(-5.219017190168,6.700029936942,
    0.300000329558));
#13603 = DIRECTION('',(-1.,-1.047444401653E-14,-3.491481338843E-15));
#13604 = DIRECTION('',(1.047444401653E-14,-1.,-3.807038477705E-30));
#13605 = CYLINDRICAL_SURFACE('',#13606,0.299999994922);
#13606 = AXIS2_PLACEMENT_3D('',#13607,#13608,#13609);
#13607 = CARTESIAN_POINT('',(-10.21901710553,6.700029936942,
    0.300000329558));
#13608 = DIRECTION('',(1.,1.047444401653E-14,3.491481338843E-15));
#13609 = DIRECTION('',(-1.047444401653E-14,1.,3.807038477704E-30));
#13610 = ADVANCED_FACE('',(#13611),#13638,.T.);
#13611 = FACE_BOUND('',#13612,.T.);
#13612 = EDGE_LOOP('',(#13613,#13622,#13623,#13632));
#13613 = ORIENTED_EDGE('',*,*,#13614,.F.);
#13614 = EDGE_CURVE('',#5459,#13615,#13617,.T.);
#13615 = VERTEX_POINT('',#13616);
#13616 = CARTESIAN_POINT('',(9.780982555939,6.700029936942,
    3.346355486045E-07));
#13617 = CIRCLE('',#13618,0.299999994922);
#13618 = AXIS2_PLACEMENT_3D('',#13619,#13620,#13621);
#13619 = CARTESIAN_POINT('',(9.780982555939,6.700029936942,
    0.300000329558));
#13620 = DIRECTION('',(-1.,-1.047444401653E-14,-3.491481338843E-15));
#13621 = DIRECTION('',(1.047444401653E-14,-1.,-3.807038477705E-30));
#13622 = ORIENTED_EDGE('',*,*,#5458,.T.);
#13623 = ORIENTED_EDGE('',*,*,#13624,.T.);
#13624 = EDGE_CURVE('',#5451,#13625,#13627,.T.);
#13625 = VERTEX_POINT('',#13626);
#13626 = CARTESIAN_POINT('',(11.28098253055,6.700029936942,
    3.346355534894E-07));
#13627 = CIRCLE('',#13628,0.299999994922);
#13628 = AXIS2_PLACEMENT_3D('',#13629,#13630,#13631);
#13629 = CARTESIAN_POINT('',(11.28098253055,6.700029936942,
    0.300000329558));
#13630 = DIRECTION('',(-1.,-1.047444401653E-14,-3.491481338843E-15));
#13631 = DIRECTION('',(1.047444401653E-14,-1.,-3.807038477705E-30));
#13632 = ORIENTED_EDGE('',*,*,#13633,.F.);
#13633 = EDGE_CURVE('',#13615,#13625,#13634,.T.);
#13634 = LINE('',#13635,#13636);
#13635 = CARTESIAN_POINT('',(-10.21901710553,6.700029936942,
    3.346354784384E-07));
#13636 = VECTOR('',#13637,1.);
#13637 = DIRECTION('',(1.,1.047444401653E-14,3.491481338843E-15));
#13638 = CYLINDRICAL_SURFACE('',#13639,0.299999994922);
#13639 = AXIS2_PLACEMENT_3D('',#13640,#13641,#13642);
#13640 = CARTESIAN_POINT('',(-10.21901710553,6.700029936942,
    0.300000329558));
#13641 = DIRECTION('',(1.,1.047444401653E-14,3.491481338843E-15));
#13642 = DIRECTION('',(-1.047444401653E-14,1.,3.807038477704E-30));
#13643 = ADVANCED_FACE('',(#13644),#13662,.T.);
#13644 = FACE_BOUND('',#13645,.T.);
#13645 = EDGE_LOOP('',(#13646,#13647,#13654,#13655));
#13646 = ORIENTED_EDGE('',*,*,#5442,.F.);
#13647 = ORIENTED_EDGE('',*,*,#13648,.T.);
#13648 = EDGE_CURVE('',#5435,#4719,#13649,.T.);
#13649 = CIRCLE('',#13650,0.499999991537);
#13650 = AXIS2_PLACEMENT_3D('',#13651,#13652,#13653);
#13651 = CARTESIAN_POINT('',(6.480982611796,6.500029940327,
    16.200000060432));
#13652 = DIRECTION('',(1.,1.047444401653E-14,3.491481338843E-15));
#13653 = DIRECTION('',(-1.047444401653E-14,1.,-2.307979519134E-31));
#13654 = ORIENTED_EDGE('',*,*,#4718,.T.);
#13655 = ORIENTED_EDGE('',*,*,#13656,.T.);
#13656 = EDGE_CURVE('',#4711,#5443,#13657,.T.);
#13657 = CIRCLE('',#13658,0.499999991537);
#13658 = AXIS2_PLACEMENT_3D('',#13659,#13660,#13661);
#13659 = CARTESIAN_POINT('',(11.28098253055,6.500029940327,
    16.200000060432));
#13660 = DIRECTION('',(-1.,-1.047444401653E-14,-3.491481338843E-15));
#13661 = DIRECTION('',(1.047444401653E-14,-1.,2.307979519134E-31));
#13662 = CYLINDRICAL_SURFACE('',#13663,0.499999991537);
#13663 = AXIS2_PLACEMENT_3D('',#13664,#13665,#13666);
#13664 = CARTESIAN_POINT('',(-10.21901710553,6.500029940327,
    16.200000060432));
#13665 = DIRECTION('',(1.,1.047444401653E-14,3.491481338843E-15));
#13666 = DIRECTION('',(-1.047444401653E-14,1.,-2.307979519134E-31));
#13667 = ADVANCED_FACE('',(#13668),#13687,.T.);
#13668 = FACE_BOUND('',#13669,.T.);
#13669 = EDGE_LOOP('',(#13670,#13671,#13680,#13686));
#13670 = ORIENTED_EDGE('',*,*,#5686,.T.);
#13671 = ORIENTED_EDGE('',*,*,#13672,.T.);
#13672 = EDGE_CURVE('',#5679,#13673,#13675,.T.);
#13673 = VERTEX_POINT('',#13674);
#13674 = CARTESIAN_POINT('',(-9.639017115355,6.700029936942,
    3.346354797706E-07));
#13675 = CIRCLE('',#13676,0.299999994922);
#13676 = AXIS2_PLACEMENT_3D('',#13677,#13678,#13679);
#13677 = CARTESIAN_POINT('',(-9.639017115355,6.700029936942,
    0.300000329558));
#13678 = DIRECTION('',(-1.,-1.047444401653E-14,-3.491481338843E-15));
#13679 = DIRECTION('',(1.047444401653E-14,-1.,-3.807038477705E-30));
#13680 = ORIENTED_EDGE('',*,*,#13681,.F.);
#13681 = EDGE_CURVE('',#11201,#13673,#13682,.T.);
#13682 = LINE('',#13683,#13684);
#13683 = CARTESIAN_POINT('',(-10.21901710553,6.700029936942,
    3.346354784384E-07));
#13684 = VECTOR('',#13685,1.);
#13685 = DIRECTION('',(1.,1.047444401653E-14,3.491481338843E-15));
#13686 = ORIENTED_EDGE('',*,*,#11242,.F.);
#13687 = CYLINDRICAL_SURFACE('',#13688,0.299999994922);
#13688 = AXIS2_PLACEMENT_3D('',#13689,#13690,#13691);
#13689 = CARTESIAN_POINT('',(-10.21901710553,6.700029936942,
    0.300000329558));
#13690 = DIRECTION('',(1.,1.047444401653E-14,3.491481338843E-15));
#13691 = DIRECTION('',(-1.047444401653E-14,1.,3.807038477704E-30));
#13692 = ADVANCED_FACE('',(#13693),#13803,.F.);
#13693 = FACE_BOUND('',#13694,.T.);
#13694 = EDGE_LOOP('',(#13695,#13703,#13711,#13717,#13718,#13726,#13734,
    #13740,#13741,#13749,#13757,#13763,#13764,#13772,#13780,#13786,
    #13787,#13795,#13801,#13802));
#13695 = ORIENTED_EDGE('',*,*,#13696,.T.);
#13696 = EDGE_CURVE('',#13673,#13697,#13699,.T.);
#13697 = VERTEX_POINT('',#13698);
#13698 = CARTESIAN_POINT('',(-9.639017115355,-7.899969815936,
    3.346354797706E-07));
#13699 = LINE('',#13700,#13701);
#13700 = CARTESIAN_POINT('',(-9.639017115355,6.700029936942,
    3.346354797706E-07));
#13701 = VECTOR('',#13702,1.);
#13702 = DIRECTION('',(1.047444401653E-14,-1.,0.));
#13703 = ORIENTED_EDGE('',*,*,#13704,.T.);
#13704 = EDGE_CURVE('',#13697,#13705,#13707,.T.);
#13705 = VERTEX_POINT('',#13706);
#13706 = CARTESIAN_POINT('',(-5.219017190168,-7.899969815936,
    3.346354953138E-07));
#13707 = LINE('',#13708,#13709);
#13708 = CARTESIAN_POINT('',(-9.639017115355,-7.899969815936,
    3.346354797706E-07));
#13709 = VECTOR('',#13710,1.);
#13710 = DIRECTION('',(1.,1.047444401653E-14,3.491481338843E-15));
#13711 = ORIENTED_EDGE('',*,*,#13712,.F.);
#13712 = EDGE_CURVE('',#13592,#13705,#13713,.T.);
#13713 = LINE('',#13714,#13715);
#13714 = CARTESIAN_POINT('',(-5.219017190168,6.700029936942,
    3.346354953138E-07));
#13715 = VECTOR('',#13716,1.);
#13716 = DIRECTION('',(1.047444401653E-14,-1.,0.));
#13717 = ORIENTED_EDGE('',*,*,#13591,.T.);
#13718 = ORIENTED_EDGE('',*,*,#13719,.T.);
#13719 = EDGE_CURVE('',#13583,#13720,#13722,.T.);
#13720 = VERTEX_POINT('',#13721);
#13721 = CARTESIAN_POINT('',(-4.639017199985,-7.899969815936,
    3.346354970901E-07));
#13722 = LINE('',#13723,#13724);
#13723 = CARTESIAN_POINT('',(-4.639017199985,6.700029936942,
    3.346354970901E-07));
#13724 = VECTOR('',#13725,1.);
#13725 = DIRECTION('',(1.047444401653E-14,-1.,0.));
#13726 = ORIENTED_EDGE('',*,*,#13727,.T.);
#13727 = EDGE_CURVE('',#13720,#13728,#13730,.T.);
#13728 = VERTEX_POINT('',#13729);
#13729 = CARTESIAN_POINT('',(-0.219017274799,-7.899969815936,
    3.346355126332E-07));
#13730 = LINE('',#13731,#13732);
#13731 = CARTESIAN_POINT('',(-4.639017199985,-7.899969815936,
    3.346354970901E-07));
#13732 = VECTOR('',#13733,1.);
#13733 = DIRECTION('',(1.,1.047444401653E-14,3.491481338843E-15));
#13734 = ORIENTED_EDGE('',*,*,#13735,.F.);
#13735 = EDGE_CURVE('',#13559,#13728,#13736,.T.);
#13736 = LINE('',#13737,#13738);
#13737 = CARTESIAN_POINT('',(-0.219017274799,6.700029936942,
    3.346355126332E-07));
#13738 = VECTOR('',#13739,1.);
#13739 = DIRECTION('',(1.047444401653E-14,-1.,0.));
#13740 = ORIENTED_EDGE('',*,*,#13558,.T.);
#13741 = ORIENTED_EDGE('',*,*,#13742,.T.);
#13742 = EDGE_CURVE('',#13550,#13743,#13745,.T.);
#13743 = VERTEX_POINT('',#13744);
#13744 = CARTESIAN_POINT('',(0.360982715384,-7.899969815936,
    3.346355144096E-07));
#13745 = LINE('',#13746,#13747);
#13746 = CARTESIAN_POINT('',(0.360982715384,6.700029936942,
    3.346355144096E-07));
#13747 = VECTOR('',#13748,1.);
#13748 = DIRECTION('',(1.047444401653E-14,-1.,0.));
#13749 = ORIENTED_EDGE('',*,*,#13750,.T.);
#13750 = EDGE_CURVE('',#13743,#13751,#13753,.T.);
#13751 = VERTEX_POINT('',#13752);
#13752 = CARTESIAN_POINT('',(4.78098264057,-7.899969815936,
    3.346355303968E-07));
#13753 = LINE('',#13754,#13755);
#13754 = CARTESIAN_POINT('',(0.360982715384,-7.899969815936,
    3.346355144096E-07));
#13755 = VECTOR('',#13756,1.);
#13756 = DIRECTION('',(1.,1.047444401653E-14,3.491481338843E-15));
#13757 = ORIENTED_EDGE('',*,*,#13758,.F.);
#13758 = EDGE_CURVE('',#13516,#13751,#13759,.T.);
#13759 = LINE('',#13760,#13761);
#13760 = CARTESIAN_POINT('',(4.78098264057,6.700029936942,
    3.346355303968E-07));
#13761 = VECTOR('',#13762,1.);
#13762 = DIRECTION('',(1.047444401653E-14,-1.,0.));
#13763 = ORIENTED_EDGE('',*,*,#13534,.T.);
#13764 = ORIENTED_EDGE('',*,*,#13765,.T.);
#13765 = EDGE_CURVE('',#13526,#13766,#13768,.T.);
#13766 = VERTEX_POINT('',#13767);
#13767 = CARTESIAN_POINT('',(5.360982630753,-7.899969815936,
    3.346355321732E-07));
#13768 = LINE('',#13769,#13770);
#13769 = CARTESIAN_POINT('',(5.360982630753,6.700029936942,
    3.346355321732E-07));
#13770 = VECTOR('',#13771,1.);
#13771 = DIRECTION('',(1.047444401653E-14,-1.,0.));
#13772 = ORIENTED_EDGE('',*,*,#13773,.T.);
#13773 = EDGE_CURVE('',#13766,#13774,#13776,.T.);
#13774 = VERTEX_POINT('',#13775);
#13775 = CARTESIAN_POINT('',(9.78098255594,-7.899969815936,
    3.346355477163E-07));
#13776 = LINE('',#13777,#13778);
#13777 = CARTESIAN_POINT('',(5.360982630753,-7.899969815936,
    3.346355321732E-07));
#13778 = VECTOR('',#13779,1.);
#13779 = DIRECTION('',(1.,1.047444401653E-14,3.491481338843E-15));
#13780 = ORIENTED_EDGE('',*,*,#13781,.F.);
#13781 = EDGE_CURVE('',#13615,#13774,#13782,.T.);
#13782 = LINE('',#13783,#13784);
#13783 = CARTESIAN_POINT('',(9.780982555939,6.700029936942,
    3.346355477163E-07));
#13784 = VECTOR('',#13785,1.);
#13785 = DIRECTION('',(1.047444401653E-14,-1.,0.));
#13786 = ORIENTED_EDGE('',*,*,#13633,.T.);
#13787 = ORIENTED_EDGE('',*,*,#13788,.T.);
#13788 = EDGE_CURVE('',#13625,#13789,#13791,.T.);
#13789 = VERTEX_POINT('',#13790);
#13790 = CARTESIAN_POINT('',(11.28098253055,-8.999969797317,
    3.346355526013E-07));
#13791 = LINE('',#13792,#13793);
#13792 = CARTESIAN_POINT('',(11.28098253055,6.700029936942,
    3.346355526013E-07));
#13793 = VECTOR('',#13794,1.);
#13794 = DIRECTION('',(1.047444401653E-14,-1.,0.));
#13795 = ORIENTED_EDGE('',*,*,#13796,.F.);
#13796 = EDGE_CURVE('',#11203,#13789,#13797,.T.);
#13797 = LINE('',#13798,#13799);
#13798 = CARTESIAN_POINT('',(-10.21901710553,-8.999969797318,
    3.346354775502E-07));
#13799 = VECTOR('',#13800,1.);
#13800 = DIRECTION('',(1.,1.047444401653E-14,3.491481338843E-15));
#13801 = ORIENTED_EDGE('',*,*,#11200,.F.);
#13802 = ORIENTED_EDGE('',*,*,#13681,.T.);
#13803 = PLANE('',#13804);
#13804 = AXIS2_PLACEMENT_3D('',#13805,#13806,#13807);
#13805 = CARTESIAN_POINT('',(-10.21901710553,6.700029936942,
    3.346354775502E-07));
#13806 = DIRECTION('',(-3.491481338843E-15,-3.657132581847E-29,1.));
#13807 = DIRECTION('',(1.047444401653E-14,-1.,2.129973665774E-43));
#13808 = ADVANCED_FACE('',(#13809),#13821,.T.);
#13809 = FACE_BOUND('',#13810,.T.);
#13810 = EDGE_LOOP('',(#13811,#13812,#13819,#13820));
#13811 = ORIENTED_EDGE('',*,*,#13796,.T.);
#13812 = ORIENTED_EDGE('',*,*,#13813,.T.);
#13813 = EDGE_CURVE('',#13789,#9738,#13814,.T.);
#13814 = CIRCLE('',#13815,0.299999994922);
#13815 = AXIS2_PLACEMENT_3D('',#13816,#13817,#13818);
#13816 = CARTESIAN_POINT('',(11.28098253055,-8.999969797317,
    0.300000329558));
#13817 = DIRECTION('',(-1.,-1.047444401653E-14,-3.491481338843E-15));
#13818 = DIRECTION('',(1.047444401653E-14,-1.,-3.807038477705E-30));
#13819 = ORIENTED_EDGE('',*,*,#9735,.F.);
#13820 = ORIENTED_EDGE('',*,*,#11210,.F.);
#13821 = CYLINDRICAL_SURFACE('',#13822,0.299999994922);
#13822 = AXIS2_PLACEMENT_3D('',#13823,#13824,#13825);
#13823 = CARTESIAN_POINT('',(-10.21901710553,-8.999969797318,
    0.300000329558));
#13824 = DIRECTION('',(1.,1.047444401653E-14,3.491481338843E-15));
#13825 = DIRECTION('',(-1.047444401653E-14,1.,3.807038477705E-30));
#13826 = ADVANCED_FACE('',(#13827),#13839,.T.);
#13827 = FACE_BOUND('',#13828,.T.);
#13828 = EDGE_LOOP('',(#13829,#13830,#13837,#13838));
#13829 = ORIENTED_EDGE('',*,*,#9753,.T.);
#13830 = ORIENTED_EDGE('',*,*,#13831,.T.);
#13831 = EDGE_CURVE('',#9746,#5268,#13832,.T.);
#13832 = CIRCLE('',#13833,0.299999994922);
#13833 = AXIS2_PLACEMENT_3D('',#13834,#13835,#13836);
#13834 = CARTESIAN_POINT('',(11.28098253055,-8.999969797317,
    13.060107816132));
#13835 = DIRECTION('',(-1.,-1.047444401653E-14,-3.491481338843E-15));
#13836 = DIRECTION('',(1.047444401653E-14,-1.,-3.807038477703E-30));
#13837 = ORIENTED_EDGE('',*,*,#5267,.F.);
#13838 = ORIENTED_EDGE('',*,*,#11218,.F.);
#13839 = CYLINDRICAL_SURFACE('',#13840,0.299999994922);
#13840 = AXIS2_PLACEMENT_3D('',#13841,#13842,#13843);
#13841 = CARTESIAN_POINT('',(-10.21901710553,-8.999969797318,
    13.060107816132));
#13842 = DIRECTION('',(1.,1.047444401653E-14,3.491481338843E-15));
#13843 = DIRECTION('',(-1.047444401653E-14,1.,3.807038477703E-30));
#13844 = ADVANCED_FACE('',(#13845),#13863,.T.);
#13845 = FACE_BOUND('',#13846,.T.);
#13846 = EDGE_LOOP('',(#13847,#13848,#13855,#13856));
#13847 = ORIENTED_EDGE('',*,*,#4626,.F.);
#13848 = ORIENTED_EDGE('',*,*,#13849,.T.);
#13849 = EDGE_CURVE('',#4619,#5307,#13850,.T.);
#13850 = CIRCLE('',#13851,0.299999994922);
#13851 = AXIS2_PLACEMENT_3D('',#13852,#13853,#13854);
#13852 = CARTESIAN_POINT('',(4.78098264057,-5.01964122033,
    16.400000057047));
#13853 = DIRECTION('',(1.,1.047444401653E-14,3.491481338843E-15));
#13854 = DIRECTION('',(-1.047444401653E-14,1.,-1.240257059314E-30));
#13855 = ORIENTED_EDGE('',*,*,#5306,.T.);
#13856 = ORIENTED_EDGE('',*,*,#13857,.T.);
#13857 = EDGE_CURVE('',#5299,#4627,#13858,.T.);
#13858 = CIRCLE('',#13859,0.299999994922);
#13859 = AXIS2_PLACEMENT_3D('',#13860,#13861,#13862);
#13860 = CARTESIAN_POINT('',(5.880982621952,-5.01964122033,
    16.400000057047));
#13861 = DIRECTION('',(-1.,-1.047444401653E-14,-3.491481338843E-15));
#13862 = DIRECTION('',(1.047444401653E-14,-1.,-3.807038477709E-30));
#13863 = CYLINDRICAL_SURFACE('',#13864,0.299999994922);
#13864 = AXIS2_PLACEMENT_3D('',#13865,#13866,#13867);
#13865 = CARTESIAN_POINT('',(-10.21901710553,-5.01964122033,
    16.400000057047));
#13866 = DIRECTION('',(1.,1.047444401653E-14,3.491481338843E-15));
#13867 = DIRECTION('',(-1.047444401653E-14,1.,3.807038477709E-30));
#13868 = ADVANCED_FACE('',(#13869),#13887,.T.);
#13869 = FACE_BOUND('',#13870,.T.);
#13870 = EDGE_LOOP('',(#13871,#13872,#13879,#13880));
#13871 = ORIENTED_EDGE('',*,*,#4702,.F.);
#13872 = ORIENTED_EDGE('',*,*,#13873,.T.);
#13873 = EDGE_CURVE('',#4695,#5284,#13874,.T.);
#13874 = CIRCLE('',#13875,0.299999994922);
#13875 = AXIS2_PLACEMENT_3D('',#13876,#13877,#13878);
#13876 = CARTESIAN_POINT('',(9.78098255594,-5.01964122033,
    16.400000057047));
#13877 = DIRECTION('',(1.,1.047444401653E-14,3.491481338843E-15));
#13878 = DIRECTION('',(-1.047444401653E-14,1.,3.807038477709E-30));
#13879 = ORIENTED_EDGE('',*,*,#5283,.T.);
#13880 = ORIENTED_EDGE('',*,*,#13881,.T.);
#13881 = EDGE_CURVE('',#5276,#4703,#13882,.T.);
#13882 = CIRCLE('',#13883,0.299999994922);
#13883 = AXIS2_PLACEMENT_3D('',#13884,#13885,#13886);
#13884 = CARTESIAN_POINT('',(11.28098253055,-5.01964122033,
    16.400000057047));
#13885 = DIRECTION('',(-1.,-1.047444401653E-14,-3.491481338843E-15));
#13886 = DIRECTION('',(1.047444401653E-14,-1.,-3.807038477709E-30));
#13887 = CYLINDRICAL_SURFACE('',#13888,0.299999994922);
#13888 = AXIS2_PLACEMENT_3D('',#13889,#13890,#13891);
#13889 = CARTESIAN_POINT('',(-10.21901710553,-5.01964122033,
    16.400000057047));
#13890 = DIRECTION('',(1.,1.047444401653E-14,3.491481338843E-15));
#13891 = DIRECTION('',(-1.047444401653E-14,1.,3.807038477709E-30));
#13892 = ADVANCED_FACE('',(#13893),#13919,.F.);
#13893 = FACE_BOUND('',#13894,.F.);
#13894 = EDGE_LOOP('',(#13895,#13903,#13904,#13912));
#13895 = ORIENTED_EDGE('',*,*,#13896,.T.);
#13896 = EDGE_CURVE('',#13897,#4436,#13899,.T.);
#13897 = VERTEX_POINT('',#13898);
#13898 = CARTESIAN_POINT('',(9.030982568634,5.150029963177,
    16.400000057047));
#13899 = LINE('',#13900,#13901);
#13900 = CARTESIAN_POINT('',(9.030982568634,5.150029963177,
    14.200000094284));
#13901 = VECTOR('',#13902,1.);
#13902 = DIRECTION('',(3.491481338843E-15,3.657132581847E-29,-1.));
#13903 = ORIENTED_EDGE('',*,*,#4444,.F.);
#13904 = ORIENTED_EDGE('',*,*,#13905,.F.);
#13905 = EDGE_CURVE('',#13906,#4378,#13908,.T.);
#13906 = VERTEX_POINT('',#13907);
#13907 = CARTESIAN_POINT('',(6.930982604179,5.150029963177,
    16.400000057047));
#13908 = LINE('',#13909,#13910);
#13909 = CARTESIAN_POINT('',(6.930982604179,5.150029963177,
    14.200000094284));
#13910 = VECTOR('',#13911,1.);
#13911 = DIRECTION('',(3.491481338843E-15,3.657132581847E-29,-1.));
#13912 = ORIENTED_EDGE('',*,*,#13913,.T.);
#13913 = EDGE_CURVE('',#13906,#13897,#13914,.T.);
#13914 = CIRCLE('',#13915,1.049999982228);
#13915 = AXIS2_PLACEMENT_3D('',#13916,#13917,#13918);
#13916 = CARTESIAN_POINT('',(7.980982586406,5.150029963177,
    16.400000057047));
#13917 = DIRECTION('',(3.491481338843E-15,3.657132581847E-29,-1.));
#13918 = DIRECTION('',(1.,9.91270557701E-15,3.491481338843E-15));
#13919 = CYLINDRICAL_SURFACE('',#13920,1.049999982228);
#13920 = AXIS2_PLACEMENT_3D('',#13921,#13922,#13923);
#13921 = CARTESIAN_POINT('',(7.980982586406,5.150029963177,
    14.200000094284));
#13922 = DIRECTION('',(3.491481338843E-15,3.657132581847E-29,-1.));
#13923 = DIRECTION('',(1.,9.91270557701E-15,3.491481338843E-15));
#13924 = ADVANCED_FACE('',(#13925),#13944,.F.);
#13925 = FACE_BOUND('',#13926,.F.);
#13926 = EDGE_LOOP('',(#13927,#13935,#13936,#13937));
#13927 = ORIENTED_EDGE('',*,*,#13928,.T.);
#13928 = EDGE_CURVE('',#13929,#4428,#13931,.T.);
#13929 = VERTEX_POINT('',#13930);
#13930 = CARTESIAN_POINT('',(8.805603697572,4.500029974179,
    16.400000057047));
#13931 = LINE('',#13932,#13933);
#13932 = CARTESIAN_POINT('',(8.805603697572,4.500029974179,
    14.200000094284));
#13933 = VECTOR('',#13934,1.);
#13934 = DIRECTION('',(3.491481338843E-15,3.657132581847E-29,-1.));
#13935 = ORIENTED_EDGE('',*,*,#4435,.F.);
#13936 = ORIENTED_EDGE('',*,*,#13896,.F.);
#13937 = ORIENTED_EDGE('',*,*,#13938,.T.);
#13938 = EDGE_CURVE('',#13897,#13929,#13939,.T.);
#13939 = CIRCLE('',#13940,1.049999982228);
#13940 = AXIS2_PLACEMENT_3D('',#13941,#13942,#13943);
#13941 = CARTESIAN_POINT('',(7.980982586406,5.150029963177,
    16.400000057047));
#13942 = DIRECTION('',(3.491481338843E-15,3.657132581847E-29,-1.));
#13943 = DIRECTION('',(1.,9.91270557701E-15,3.491481338843E-15));
#13944 = CYLINDRICAL_SURFACE('',#13945,1.049999982228);
#13945 = AXIS2_PLACEMENT_3D('',#13946,#13947,#13948);
#13946 = CARTESIAN_POINT('',(7.980982586406,5.150029963177,
    14.200000094284));
#13947 = DIRECTION('',(3.491481338843E-15,3.657132581847E-29,-1.));
#13948 = DIRECTION('',(1.,9.91270557701E-15,3.491481338843E-15));
#13949 = ADVANCED_FACE('',(#13950),#13966,.F.);
#13950 = FACE_BOUND('',#13951,.F.);
#13951 = EDGE_LOOP('',(#13952,#13958,#13959,#13965));
#13952 = ORIENTED_EDGE('',*,*,#13953,.T.);
#13953 = EDGE_CURVE('',#13906,#4660,#13954,.T.);
#13954 = LINE('',#13955,#13956);
#13955 = CARTESIAN_POINT('',(6.757777526354,5.150029963177,
    16.700000051969));
#13956 = VECTOR('',#13957,1.);
#13957 = DIRECTION('',(-0.5,-5.237222008267E-15,0.866025403784));
#13958 = ORIENTED_EDGE('',*,*,#4668,.T.);
#13959 = ORIENTED_EDGE('',*,*,#13960,.F.);
#13960 = EDGE_CURVE('',#13897,#4669,#13961,.T.);
#13961 = LINE('',#13962,#13963);
#13962 = CARTESIAN_POINT('',(9.204187646459,5.150029963177,
    16.700000051969));
#13963 = VECTOR('',#13964,1.);
#13964 = DIRECTION('',(0.5,5.175989668309E-15,0.866025403784));
#13965 = ORIENTED_EDGE('',*,*,#13913,.F.);
#13966 = CONICAL_SURFACE('',#13967,1.223205060053,0.523598775598);
#13967 = AXIS2_PLACEMENT_3D('',#13968,#13969,#13970);
#13968 = CARTESIAN_POINT('',(7.980982586406,5.150029963177,
    16.700000051969));
#13969 = DIRECTION('',(-3.491481338843E-15,-3.657132581847E-29,1.));
#13970 = DIRECTION('',(-1.,-9.9272513848E-15,-3.491481338843E-15));
#13971 = ADVANCED_FACE('',(#13972),#13992,.F.);
#13972 = FACE_BOUND('',#13973,.F.);
#13973 = EDGE_LOOP('',(#13974,#13983,#13984,#13985));
#13974 = ORIENTED_EDGE('',*,*,#13975,.T.);
#13975 = EDGE_CURVE('',#13976,#4652,#13978,.T.);
#13976 = VERTEX_POINT('',#13977);
#13977 = CARTESIAN_POINT('',(7.156361475241,4.500029974179,
    16.400000057047));
#13978 = B_SPLINE_CURVE_WITH_KNOTS('',3,(#13979,#13980,#13981,#13982),
  .UNSPECIFIED.,.F.,.F.,(4,4),(0.,1.),.PIECEWISE_BEZIER_KNOTS.);
#13979 = CARTESIAN_POINT('',(7.156361475241,4.500029974179,
    16.400000057047));
#13980 = CARTESIAN_POINT('',(7.091205874397,4.500029974179,
    16.488629401836));
#13981 = CARTESIAN_POINT('',(7.020676330171,4.500029974179,
    16.588629400143));
#13982 = CARTESIAN_POINT('',(6.944772842561,4.500029974179,
    16.700000051969));
#13983 = ORIENTED_EDGE('',*,*,#4659,.T.);
#13984 = ORIENTED_EDGE('',*,*,#13953,.F.);
#13985 = ORIENTED_EDGE('',*,*,#13986,.F.);
#13986 = EDGE_CURVE('',#13976,#13906,#13987,.T.);
#13987 = CIRCLE('',#13988,1.049999982228);
#13988 = AXIS2_PLACEMENT_3D('',#13989,#13990,#13991);
#13989 = CARTESIAN_POINT('',(7.980982586406,5.150029963177,
    16.400000057047));
#13990 = DIRECTION('',(3.491481338843E-15,3.657132581847E-29,-1.));
#13991 = DIRECTION('',(1.,9.91270557701E-15,3.491481338843E-15));
#13992 = CONICAL_SURFACE('',#13993,1.223205060053,0.523598775598);
#13993 = AXIS2_PLACEMENT_3D('',#13994,#13995,#13996);
#13994 = CARTESIAN_POINT('',(7.980982586406,5.150029963177,
    16.700000051969));
#13995 = DIRECTION('',(-3.491481338843E-15,-3.657132581847E-29,1.));
#13996 = DIRECTION('',(-1.,-9.9272513848E-15,-3.491481338843E-15));
#13997 = ADVANCED_FACE('',(#13998),#14024,.F.);
#13998 = FACE_BOUND('',#13999,.F.);
#13999 = EDGE_LOOP('',(#14000,#14008,#14009,#14017));
#14000 = ORIENTED_EDGE('',*,*,#14001,.T.);
#14001 = EDGE_CURVE('',#14002,#3520,#14004,.T.);
#14002 = VERTEX_POINT('',#14003);
#14003 = CARTESIAN_POINT('',(-5.969017177474,5.150029963177,
    16.400000057047));
#14004 = LINE('',#14005,#14006);
#14005 = CARTESIAN_POINT('',(-5.969017177474,5.150029963177,
    14.200000094284));
#14006 = VECTOR('',#14007,1.);
#14007 = DIRECTION('',(3.491481338843E-15,3.657132581847E-29,-1.));
#14008 = ORIENTED_EDGE('',*,*,#3528,.F.);
#14009 = ORIENTED_EDGE('',*,*,#14010,.F.);
#14010 = EDGE_CURVE('',#14011,#3462,#14013,.T.);
#14011 = VERTEX_POINT('',#14012);
#14012 = CARTESIAN_POINT('',(-8.069017141929,5.150029963177,
    16.400000057047));
#14013 = LINE('',#14014,#14015);
#14014 = CARTESIAN_POINT('',(-8.069017141929,5.150029963177,
    14.200000094284));
#14015 = VECTOR('',#14016,1.);
#14016 = DIRECTION('',(3.491481338843E-15,3.657132581847E-29,-1.));
#14017 = ORIENTED_EDGE('',*,*,#14018,.T.);
#14018 = EDGE_CURVE('',#14011,#14002,#14019,.T.);
#14019 = CIRCLE('',#14020,1.049999982228);
#14020 = AXIS2_PLACEMENT_3D('',#14021,#14022,#14023);
#14021 = CARTESIAN_POINT('',(-7.019017159701,5.150029963177,
    16.400000057047));
#14022 = DIRECTION('',(3.491481338843E-15,3.657132581847E-29,-1.));
#14023 = DIRECTION('',(1.,9.91270557701E-15,3.491481338843E-15));
#14024 = CYLINDRICAL_SURFACE('',#14025,1.049999982228);
#14025 = AXIS2_PLACEMENT_3D('',#14026,#14027,#14028);
#14026 = CARTESIAN_POINT('',(-7.019017159701,5.150029963177,
    14.200000094284));
#14027 = DIRECTION('',(3.491481338843E-15,3.657132581847E-29,-1.));
#14028 = DIRECTION('',(1.,9.91270557701E-15,3.491481338843E-15));
#14029 = ADVANCED_FACE('',(#14030),#14049,.F.);
#14030 = FACE_BOUND('',#14031,.F.);
#14031 = EDGE_LOOP('',(#14032,#14040,#14041,#14042));
#14032 = ORIENTED_EDGE('',*,*,#14033,.T.);
#14033 = EDGE_CURVE('',#14034,#3512,#14036,.T.);
#14034 = VERTEX_POINT('',#14035);
#14035 = CARTESIAN_POINT('',(-6.194396048535,4.500029974179,
    16.400000057047));
#14036 = LINE('',#14037,#14038);
#14037 = CARTESIAN_POINT('',(-6.194396048535,4.500029974179,
    14.200000094284));
#14038 = VECTOR('',#14039,1.);
#14039 = DIRECTION('',(3.491481338843E-15,3.657132581847E-29,-1.));
#14040 = ORIENTED_EDGE('',*,*,#3519,.F.);
#14041 = ORIENTED_EDGE('',*,*,#14001,.F.);
#14042 = ORIENTED_EDGE('',*,*,#14043,.T.);
#14043 = EDGE_CURVE('',#14002,#14034,#14044,.T.);
#14044 = CIRCLE('',#14045,1.049999982228);
#14045 = AXIS2_PLACEMENT_3D('',#14046,#14047,#14048);
#14046 = CARTESIAN_POINT('',(-7.019017159701,5.150029963177,
    16.400000057047));
#14047 = DIRECTION('',(3.491481338843E-15,3.657132581847E-29,-1.));
#14048 = DIRECTION('',(1.,9.91270557701E-15,3.491481338843E-15));
#14049 = CYLINDRICAL_SURFACE('',#14050,1.049999982228);
#14050 = AXIS2_PLACEMENT_3D('',#14051,#14052,#14053);
#14051 = CARTESIAN_POINT('',(-7.019017159701,5.150029963177,
    14.200000094284));
#14052 = DIRECTION('',(3.491481338843E-15,3.657132581847E-29,-1.));
#14053 = DIRECTION('',(1.,9.91270557701E-15,3.491481338843E-15));
#14054 = ADVANCED_FACE('',(#14055),#14071,.F.);
#14055 = FACE_BOUND('',#14056,.F.);
#14056 = EDGE_LOOP('',(#14057,#14063,#14064,#14070));
#14057 = ORIENTED_EDGE('',*,*,#14058,.T.);
#14058 = EDGE_CURVE('',#14011,#5032,#14059,.T.);
#14059 = LINE('',#14060,#14061);
#14060 = CARTESIAN_POINT('',(-8.242222219754,5.150029963177,
    16.700000051969));
#14061 = VECTOR('',#14062,1.);
#14062 = DIRECTION('',(-0.5,-5.237222008267E-15,0.866025403784));
#14063 = ORIENTED_EDGE('',*,*,#5040,.T.);
#14064 = ORIENTED_EDGE('',*,*,#14065,.F.);
#14065 = EDGE_CURVE('',#14002,#5041,#14066,.T.);
#14066 = LINE('',#14067,#14068);
#14067 = CARTESIAN_POINT('',(-5.795812099649,5.150029963177,
    16.700000051969));
#14068 = VECTOR('',#14069,1.);
#14069 = DIRECTION('',(0.5,5.175989668309E-15,0.866025403784));
#14070 = ORIENTED_EDGE('',*,*,#14018,.F.);
#14071 = CONICAL_SURFACE('',#14072,1.223205060053,0.523598775598);
#14072 = AXIS2_PLACEMENT_3D('',#14073,#14074,#14075);
#14073 = CARTESIAN_POINT('',(-7.019017159701,5.150029963177,
    16.700000051969));
#14074 = DIRECTION('',(-3.491481338843E-15,-3.657132581847E-29,1.));
#14075 = DIRECTION('',(-1.,-9.9272513848E-15,-3.491481338843E-15));
#14076 = ADVANCED_FACE('',(#14077),#14097,.F.);
#14077 = FACE_BOUND('',#14078,.F.);
#14078 = EDGE_LOOP('',(#14079,#14088,#14089,#14090));
#14079 = ORIENTED_EDGE('',*,*,#14080,.T.);
#14080 = EDGE_CURVE('',#14081,#5024,#14083,.T.);
#14081 = VERTEX_POINT('',#14082);
#14082 = CARTESIAN_POINT('',(-7.843638270867,4.500029974179,
    16.400000057047));
#14083 = B_SPLINE_CURVE_WITH_KNOTS('',3,(#14084,#14085,#14086,#14087),
  .UNSPECIFIED.,.F.,.F.,(4,4),(0.,1.),.PIECEWISE_BEZIER_KNOTS.);
#14084 = CARTESIAN_POINT('',(-7.843638270867,4.500029974179,
    16.400000057047));
#14085 = CARTESIAN_POINT('',(-7.908793871711,4.500029974179,
    16.488629401836));
#14086 = CARTESIAN_POINT('',(-7.979323415938,4.500029974179,
    16.588629400143));
#14087 = CARTESIAN_POINT('',(-8.055226903547,4.500029974179,
    16.700000051969));
#14088 = ORIENTED_EDGE('',*,*,#5031,.T.);
#14089 = ORIENTED_EDGE('',*,*,#14058,.F.);
#14090 = ORIENTED_EDGE('',*,*,#14091,.F.);
#14091 = EDGE_CURVE('',#14081,#14011,#14092,.T.);
#14092 = CIRCLE('',#14093,1.049999982228);
#14093 = AXIS2_PLACEMENT_3D('',#14094,#14095,#14096);
#14094 = CARTESIAN_POINT('',(-7.019017159701,5.150029963177,
    16.400000057047));
#14095 = DIRECTION('',(3.491481338843E-15,3.657132581847E-29,-1.));
#14096 = DIRECTION('',(1.,9.91270557701E-15,3.491481338843E-15));
#14097 = CONICAL_SURFACE('',#14098,1.223205060053,0.523598775598);
#14098 = AXIS2_PLACEMENT_3D('',#14099,#14100,#14101);
#14099 = CARTESIAN_POINT('',(-7.019017159701,5.150029963177,
    16.700000051969));
#14100 = DIRECTION('',(-3.491481338843E-15,-3.657132581847E-29,1.));
#14101 = DIRECTION('',(-1.,-9.9272513848E-15,-3.491481338843E-15));
#14102 = ADVANCED_FACE('',(#14103),#14129,.F.);
#14103 = FACE_BOUND('',#14104,.F.);
#14104 = EDGE_LOOP('',(#14105,#14113,#14114,#14122));
#14105 = ORIENTED_EDGE('',*,*,#14106,.T.);
#14106 = EDGE_CURVE('',#14107,#2604,#14109,.T.);
#14107 = VERTEX_POINT('',#14108);
#14108 = CARTESIAN_POINT('',(-0.969017262104,5.150029963177,
    16.400000057047));
#14109 = LINE('',#14110,#14111);
#14110 = CARTESIAN_POINT('',(-0.969017262104,5.150029963177,
    14.200000094284));
#14111 = VECTOR('',#14112,1.);
#14112 = DIRECTION('',(3.491481338843E-15,3.657132581847E-29,-1.));
#14113 = ORIENTED_EDGE('',*,*,#2612,.F.);
#14114 = ORIENTED_EDGE('',*,*,#14115,.F.);
#14115 = EDGE_CURVE('',#14116,#2546,#14118,.T.);
#14116 = VERTEX_POINT('',#14117);
#14117 = CARTESIAN_POINT('',(-3.06901722656,5.150029963177,
    16.400000057047));
#14118 = LINE('',#14119,#14120);
#14119 = CARTESIAN_POINT('',(-3.06901722656,5.150029963177,
    14.200000094284));
#14120 = VECTOR('',#14121,1.);
#14121 = DIRECTION('',(3.491481338843E-15,3.657132581847E-29,-1.));
#14122 = ORIENTED_EDGE('',*,*,#14123,.T.);
#14123 = EDGE_CURVE('',#14116,#14107,#14124,.T.);
#14124 = CIRCLE('',#14125,1.049999982228);
#14125 = AXIS2_PLACEMENT_3D('',#14126,#14127,#14128);
#14126 = CARTESIAN_POINT('',(-2.019017244332,5.150029963177,
    16.400000057047));
#14127 = DIRECTION('',(3.491481338843E-15,3.657132581847E-29,-1.));
#14128 = DIRECTION('',(1.,9.91270557701E-15,3.491481338843E-15));
#14129 = CYLINDRICAL_SURFACE('',#14130,1.049999982228);
#14130 = AXIS2_PLACEMENT_3D('',#14131,#14132,#14133);
#14131 = CARTESIAN_POINT('',(-2.019017244332,5.150029963177,
    14.200000094284));
#14132 = DIRECTION('',(3.491481338843E-15,3.657132581847E-29,-1.));
#14133 = DIRECTION('',(1.,9.91270557701E-15,3.491481338843E-15));
#14134 = ADVANCED_FACE('',(#14135),#14154,.F.);
#14135 = FACE_BOUND('',#14136,.F.);
#14136 = EDGE_LOOP('',(#14137,#14145,#14146,#14147));
#14137 = ORIENTED_EDGE('',*,*,#14138,.T.);
#14138 = EDGE_CURVE('',#14139,#2596,#14141,.T.);
#14139 = VERTEX_POINT('',#14140);
#14140 = CARTESIAN_POINT('',(-1.194396133166,4.500029974179,
    16.400000057047));
#14141 = LINE('',#14142,#14143);
#14142 = CARTESIAN_POINT('',(-1.194396133166,4.500029974179,
    14.200000094284));
#14143 = VECTOR('',#14144,1.);
#14144 = DIRECTION('',(3.491481338843E-15,3.657132581847E-29,-1.));
#14145 = ORIENTED_EDGE('',*,*,#2603,.F.);
#14146 = ORIENTED_EDGE('',*,*,#14106,.F.);
#14147 = ORIENTED_EDGE('',*,*,#14148,.T.);
#14148 = EDGE_CURVE('',#14107,#14139,#14149,.T.);
#14149 = CIRCLE('',#14150,1.049999982228);
#14150 = AXIS2_PLACEMENT_3D('',#14151,#14152,#14153);
#14151 = CARTESIAN_POINT('',(-2.019017244332,5.150029963177,
    16.400000057047));
#14152 = DIRECTION('',(3.491481338843E-15,3.657132581847E-29,-1.));
#14153 = DIRECTION('',(1.,9.91270557701E-15,3.491481338843E-15));
#14154 = CYLINDRICAL_SURFACE('',#14155,1.049999982228);
#14155 = AXIS2_PLACEMENT_3D('',#14156,#14157,#14158);
#14156 = CARTESIAN_POINT('',(-2.019017244332,5.150029963177,
    14.200000094284));
#14157 = DIRECTION('',(3.491481338843E-15,3.657132581847E-29,-1.));
#14158 = DIRECTION('',(1.,9.91270557701E-15,3.491481338843E-15));
#14159 = ADVANCED_FACE('',(#14160),#14176,.F.);
#14160 = FACE_BOUND('',#14161,.F.);
#14161 = EDGE_LOOP('',(#14162,#14168,#14169,#14175));
#14162 = ORIENTED_EDGE('',*,*,#14163,.T.);
#14163 = EDGE_CURVE('',#14116,#5108,#14164,.T.);
#14164 = LINE('',#14165,#14166);
#14165 = CARTESIAN_POINT('',(-3.242222304385,5.150029963177,
    16.700000051969));
#14166 = VECTOR('',#14167,1.);
#14167 = DIRECTION('',(-0.5,-5.237222008267E-15,0.866025403784));
#14168 = ORIENTED_EDGE('',*,*,#5116,.T.);
#14169 = ORIENTED_EDGE('',*,*,#14170,.F.);
#14170 = EDGE_CURVE('',#14107,#5117,#14171,.T.);
#14171 = LINE('',#14172,#14173);
#14172 = CARTESIAN_POINT('',(-0.795812184279,5.150029963177,
    16.700000051969));
#14173 = VECTOR('',#14174,1.);
#14174 = DIRECTION('',(0.5,5.175989668309E-15,0.866025403784));
#14175 = ORIENTED_EDGE('',*,*,#14123,.F.);
#14176 = CONICAL_SURFACE('',#14177,1.223205060053,0.523598775598);
#14177 = AXIS2_PLACEMENT_3D('',#14178,#14179,#14180);
#14178 = CARTESIAN_POINT('',(-2.019017244332,5.150029963177,
    16.700000051969));
#14179 = DIRECTION('',(-3.491481338843E-15,-3.657132581847E-29,1.));
#14180 = DIRECTION('',(-1.,-9.9272513848E-15,-3.491481338843E-15));
#14181 = ADVANCED_FACE('',(#14182),#14202,.F.);
#14182 = FACE_BOUND('',#14183,.F.);
#14183 = EDGE_LOOP('',(#14184,#14193,#14194,#14195));
#14184 = ORIENTED_EDGE('',*,*,#14185,.T.);
#14185 = EDGE_CURVE('',#14186,#5100,#14188,.T.);
#14186 = VERTEX_POINT('',#14187);
#14187 = CARTESIAN_POINT('',(-2.843638355498,4.500029974179,
    16.400000057047));
#14188 = B_SPLINE_CURVE_WITH_KNOTS('',3,(#14189,#14190,#14191,#14192),
  .UNSPECIFIED.,.F.,.F.,(4,4),(0.,1.),.PIECEWISE_BEZIER_KNOTS.);
#14189 = CARTESIAN_POINT('',(-2.843638355498,4.500029974179,
    16.400000057047));
#14190 = CARTESIAN_POINT('',(-2.908793956342,4.500029974179,
    16.488629401836));
#14191 = CARTESIAN_POINT('',(-2.979323500568,4.500029974179,
    16.588629400143));
#14192 = CARTESIAN_POINT('',(-3.055226988178,4.500029974179,
    16.700000051969));
#14193 = ORIENTED_EDGE('',*,*,#5107,.T.);
#14194 = ORIENTED_EDGE('',*,*,#14163,.F.);
#14195 = ORIENTED_EDGE('',*,*,#14196,.F.);
#14196 = EDGE_CURVE('',#14186,#14116,#14197,.T.);
#14197 = CIRCLE('',#14198,1.049999982228);
#14198 = AXIS2_PLACEMENT_3D('',#14199,#14200,#14201);
#14199 = CARTESIAN_POINT('',(-2.019017244332,5.150029963177,
    16.400000057047));
#14200 = DIRECTION('',(3.491481338843E-15,3.657132581847E-29,-1.));
#14201 = DIRECTION('',(1.,9.91270557701E-15,3.491481338843E-15));
#14202 = CONICAL_SURFACE('',#14203,1.223205060053,0.523598775598);
#14203 = AXIS2_PLACEMENT_3D('',#14204,#14205,#14206);
#14204 = CARTESIAN_POINT('',(-2.019017244332,5.150029963177,
    16.700000051969));
#14205 = DIRECTION('',(-3.491481338843E-15,-3.657132581847E-29,1.));
#14206 = DIRECTION('',(-1.,-9.9272513848E-15,-3.491481338843E-15));
#14207 = ADVANCED_FACE('',(#14208),#14220,.F.);
#14208 = FACE_BOUND('',#14209,.T.);
#14209 = EDGE_LOOP('',(#14210,#14211,#14212,#14213,#14214,#14215,#14216,
    #14217,#14218,#14219));
#14210 = ORIENTED_EDGE('',*,*,#13656,.F.);
#14211 = ORIENTED_EDGE('',*,*,#4710,.F.);
#14212 = ORIENTED_EDGE('',*,*,#13881,.F.);
#14213 = ORIENTED_EDGE('',*,*,#5275,.F.);
#14214 = ORIENTED_EDGE('',*,*,#13831,.F.);
#14215 = ORIENTED_EDGE('',*,*,#9745,.F.);
#14216 = ORIENTED_EDGE('',*,*,#13813,.F.);
#14217 = ORIENTED_EDGE('',*,*,#13788,.F.);
#14218 = ORIENTED_EDGE('',*,*,#13624,.F.);
#14219 = ORIENTED_EDGE('',*,*,#5450,.F.);
#14220 = PLANE('',#14221);
#14221 = AXIS2_PLACEMENT_3D('',#14222,#14223,#14224);
#14222 = CARTESIAN_POINT('',(11.28098253055,6.500029940327,
    16.200000060432));
#14223 = DIRECTION('',(-1.,-1.047444401653E-14,-3.491481338843E-15));
#14224 = DIRECTION('',(1.047444401653E-14,-1.,0.));
#14225 = ADVANCED_FACE('',(#14226),#14248,.F.);
#14226 = FACE_BOUND('',#14227,.T.);
#14227 = EDGE_LOOP('',(#14228,#14229,#14230,#14239,#14246,#14247));
#14228 = ORIENTED_EDGE('',*,*,#5507,.F.);
#14229 = ORIENTED_EDGE('',*,*,#5984,.F.);
#14230 = ORIENTED_EDGE('',*,*,#14231,.F.);
#14231 = EDGE_CURVE('',#14232,#5977,#14234,.T.);
#14232 = VERTEX_POINT('',#14233);
#14233 = CARTESIAN_POINT('',(5.360982630753,-6.499195838701,
    0.963500366532));
#14234 = CIRCLE('',#14235,1.499999974611);
#14235 = AXIS2_PLACEMENT_3D('',#14236,#14237,#14238);
#14236 = CARTESIAN_POINT('',(5.360982630753,-5.098421898391,
    0.427000327408));
#14237 = DIRECTION('',(-1.,-1.047444401653E-14,-3.491481338843E-15));
#14238 = DIRECTION('',(1.047444401653E-14,-1.,2.307979519128E-31));
#14239 = ORIENTED_EDGE('',*,*,#14240,.T.);
#14240 = EDGE_CURVE('',#14232,#13766,#14241,.T.);
#14241 = CIRCLE('',#14242,1.499999974611);
#14242 = AXIS2_PLACEMENT_3D('',#14243,#14244,#14245);
#14243 = CARTESIAN_POINT('',(5.360982630753,-7.899969815936,
    1.500000309246));
#14244 = DIRECTION('',(-1.,-1.047444401653E-14,-3.491481338843E-15));
#14245 = DIRECTION('',(1.047444401653E-14,-1.,2.307979519128E-31));
#14246 = ORIENTED_EDGE('',*,*,#13765,.F.);
#14247 = ORIENTED_EDGE('',*,*,#13525,.F.);
#14248 = PLANE('',#14249);
#14249 = AXIS2_PLACEMENT_3D('',#14250,#14251,#14252);
#14250 = CARTESIAN_POINT('',(5.360982630753,-7.899969815936,
    1.500000309246));
#14251 = DIRECTION('',(-1.,-1.047444401653E-14,-3.491481338843E-15));
#14252 = DIRECTION('',(1.047444401653E-14,-1.,0.));
#14253 = ADVANCED_FACE('',(#14254),#14282,.T.);
#14254 = FACE_BOUND('',#14255,.T.);
#14255 = EDGE_LOOP('',(#14256,#14257,#14258,#14259,#14260,#14261,#14262,
    #14271,#14278,#14279,#14280,#14281));
#14256 = ORIENTED_EDGE('',*,*,#5934,.T.);
#14257 = ORIENTED_EDGE('',*,*,#6125,.T.);
#14258 = ORIENTED_EDGE('',*,*,#6065,.T.);
#14259 = ORIENTED_EDGE('',*,*,#5466,.T.);
#14260 = ORIENTED_EDGE('',*,*,#13614,.T.);
#14261 = ORIENTED_EDGE('',*,*,#13781,.T.);
#14262 = ORIENTED_EDGE('',*,*,#14263,.F.);
#14263 = EDGE_CURVE('',#14264,#13774,#14266,.T.);
#14264 = VERTEX_POINT('',#14265);
#14265 = CARTESIAN_POINT('',(9.78098255594,-6.499195838701,
    0.963500366532));
#14266 = CIRCLE('',#14267,1.499999974611);
#14267 = AXIS2_PLACEMENT_3D('',#14268,#14269,#14270);
#14268 = CARTESIAN_POINT('',(9.78098255594,-7.899969815936,
    1.500000309246));
#14269 = DIRECTION('',(-1.,-1.047444401653E-14,-3.491481338843E-15));
#14270 = DIRECTION('',(1.047444401653E-14,-1.,2.307979519128E-31));
#14271 = ORIENTED_EDGE('',*,*,#14272,.T.);
#14272 = EDGE_CURVE('',#14264,#5969,#14273,.T.);
#14273 = CIRCLE('',#14274,1.499999974611);
#14274 = AXIS2_PLACEMENT_3D('',#14275,#14276,#14277);
#14275 = CARTESIAN_POINT('',(9.78098255594,-5.098421898391,
    0.427000327408));
#14276 = DIRECTION('',(-1.,-1.047444401653E-14,-3.491481338843E-15));
#14277 = DIRECTION('',(1.047444401653E-14,-1.,2.307979519128E-31));
#14278 = ORIENTED_EDGE('',*,*,#5968,.T.);
#14279 = ORIENTED_EDGE('',*,*,#6284,.F.);
#14280 = ORIENTED_EDGE('',*,*,#6182,.F.);
#14281 = ORIENTED_EDGE('',*,*,#6148,.F.);
#14282 = PLANE('',#14283);
#14283 = AXIS2_PLACEMENT_3D('',#14284,#14285,#14286);
#14284 = CARTESIAN_POINT('',(9.78098255594,-7.899969815936,
    1.500000309246));
#14285 = DIRECTION('',(-1.,-1.047444401653E-14,-3.491481338843E-15));
#14286 = DIRECTION('',(1.047444401653E-14,-1.,0.));
#14287 = ADVANCED_FACE('',(#14288),#14299,.T.);
#14288 = FACE_BOUND('',#14289,.T.);
#14289 = EDGE_LOOP('',(#14290,#14291,#14292,#14293));
#14290 = ORIENTED_EDGE('',*,*,#14263,.T.);
#14291 = ORIENTED_EDGE('',*,*,#13773,.F.);
#14292 = ORIENTED_EDGE('',*,*,#14240,.F.);
#14293 = ORIENTED_EDGE('',*,*,#14294,.T.);
#14294 = EDGE_CURVE('',#14232,#14264,#14295,.T.);
#14295 = LINE('',#14296,#14297);
#14296 = CARTESIAN_POINT('',(5.360982630753,-6.499195838701,
    0.963500366532));
#14297 = VECTOR('',#14298,1.);
#14298 = DIRECTION('',(1.,1.047444401653E-14,3.491481338843E-15));
#14299 = CYLINDRICAL_SURFACE('',#14300,1.499999974611);
#14300 = AXIS2_PLACEMENT_3D('',#14301,#14302,#14303);
#14301 = CARTESIAN_POINT('',(5.360982630753,-7.899969815936,
    1.500000309246));
#14302 = DIRECTION('',(1.,1.047444401653E-14,3.491481338843E-15));
#14303 = DIRECTION('',(-1.047444401653E-14,1.,-2.307979519128E-31));
#14304 = ADVANCED_FACE('',(#14305),#14311,.F.);
#14305 = FACE_BOUND('',#14306,.F.);
#14306 = EDGE_LOOP('',(#14307,#14308,#14309,#14310));
#14307 = ORIENTED_EDGE('',*,*,#5976,.F.);
#14308 = ORIENTED_EDGE('',*,*,#14231,.F.);
#14309 = ORIENTED_EDGE('',*,*,#14294,.T.);
#14310 = ORIENTED_EDGE('',*,*,#14272,.T.);
#14311 = CYLINDRICAL_SURFACE('',#14312,1.499999974611);
#14312 = AXIS2_PLACEMENT_3D('',#14313,#14314,#14315);
#14313 = CARTESIAN_POINT('',(5.360982630753,-5.098421898391,
    0.427000327408));
#14314 = DIRECTION('',(1.,1.047444401653E-14,3.491481338843E-15));
#14315 = DIRECTION('',(-1.047444401653E-14,1.,-2.307979519128E-31));
#14316 = ADVANCED_FACE('',(#14317),#14339,.F.);
#14317 = FACE_BOUND('',#14318,.T.);
#14318 = EDGE_LOOP('',(#14319,#14320,#14321,#14330,#14337,#14338));
#14319 = ORIENTED_EDGE('',*,*,#5678,.F.);
#14320 = ORIENTED_EDGE('',*,*,#8047,.F.);
#14321 = ORIENTED_EDGE('',*,*,#14322,.F.);
#14322 = EDGE_CURVE('',#14323,#8040,#14325,.T.);
#14323 = VERTEX_POINT('',#14324);
#14324 = CARTESIAN_POINT('',(-9.639017115355,-6.499195838701,
    0.963500366532));
#14325 = CIRCLE('',#14326,1.499999974611);
#14326 = AXIS2_PLACEMENT_3D('',#14327,#14328,#14329);
#14327 = CARTESIAN_POINT('',(-9.639017115355,-5.098421898391,
    0.427000327408));
#14328 = DIRECTION('',(-1.,-1.047444401653E-14,-3.491481338843E-15));
#14329 = DIRECTION('',(1.047444401653E-14,-1.,2.307979519128E-31));
#14330 = ORIENTED_EDGE('',*,*,#14331,.T.);
#14331 = EDGE_CURVE('',#14323,#13697,#14332,.T.);
#14332 = CIRCLE('',#14333,1.499999974611);
#14333 = AXIS2_PLACEMENT_3D('',#14334,#14335,#14336);
#14334 = CARTESIAN_POINT('',(-9.639017115355,-7.899969815936,
    1.500000309246));
#14335 = DIRECTION('',(-1.,-1.047444401653E-14,-3.491481338843E-15));
#14336 = DIRECTION('',(1.047444401653E-14,-1.,2.307979519128E-31));
#14337 = ORIENTED_EDGE('',*,*,#13696,.F.);
#14338 = ORIENTED_EDGE('',*,*,#13672,.F.);
#14339 = PLANE('',#14340);
#14340 = AXIS2_PLACEMENT_3D('',#14341,#14342,#14343);
#14341 = CARTESIAN_POINT('',(-9.639017115355,-7.899969815936,
    1.500000309246));
#14342 = DIRECTION('',(-1.,-1.047444401653E-14,-3.491481338843E-15));
#14343 = DIRECTION('',(1.047444401653E-14,-1.,0.));
#14344 = ADVANCED_FACE('',(#14345),#14373,.T.);
#14345 = FACE_BOUND('',#14346,.T.);
#14346 = EDGE_LOOP('',(#14347,#14348,#14349,#14350,#14351,#14352,#14353,
    #14362,#14369,#14370,#14371,#14372));
#14347 = ORIENTED_EDGE('',*,*,#7997,.T.);
#14348 = ORIENTED_EDGE('',*,*,#7927,.T.);
#14349 = ORIENTED_EDGE('',*,*,#7841,.T.);
#14350 = ORIENTED_EDGE('',*,*,#5637,.T.);
#14351 = ORIENTED_EDGE('',*,*,#13599,.T.);
#14352 = ORIENTED_EDGE('',*,*,#13712,.T.);
#14353 = ORIENTED_EDGE('',*,*,#14354,.F.);
#14354 = EDGE_CURVE('',#14355,#13705,#14357,.T.);
#14355 = VERTEX_POINT('',#14356);
#14356 = CARTESIAN_POINT('',(-5.219017190168,-6.499195838701,
    0.963500366532));
#14357 = CIRCLE('',#14358,1.499999974611);
#14358 = AXIS2_PLACEMENT_3D('',#14359,#14360,#14361);
#14359 = CARTESIAN_POINT('',(-5.219017190168,-7.899969815936,
    1.500000309246));
#14360 = DIRECTION('',(-1.,-1.047444401653E-14,-3.491481338843E-15));
#14361 = DIRECTION('',(1.047444401653E-14,-1.,2.307979519128E-31));
#14362 = ORIENTED_EDGE('',*,*,#14363,.T.);
#14363 = EDGE_CURVE('',#14355,#8032,#14364,.T.);
#14364 = CIRCLE('',#14365,1.499999974611);
#14365 = AXIS2_PLACEMENT_3D('',#14366,#14367,#14368);
#14366 = CARTESIAN_POINT('',(-5.219017190168,-5.098421898391,
    0.427000327408));
#14367 = DIRECTION('',(-1.,-1.047444401653E-14,-3.491481338843E-15));
#14368 = DIRECTION('',(1.047444401653E-14,-1.,2.307979519128E-31));
#14369 = ORIENTED_EDGE('',*,*,#8031,.T.);
#14370 = ORIENTED_EDGE('',*,*,#8213,.F.);
#14371 = ORIENTED_EDGE('',*,*,#8111,.F.);
#14372 = ORIENTED_EDGE('',*,*,#8077,.F.);
#14373 = PLANE('',#14374);
#14374 = AXIS2_PLACEMENT_3D('',#14375,#14376,#14377);
#14375 = CARTESIAN_POINT('',(-5.219017190168,-7.899969815936,
    1.500000309246));
#14376 = DIRECTION('',(-1.,-1.047444401653E-14,-3.491481338843E-15));
#14377 = DIRECTION('',(1.047444401653E-14,-1.,0.));
#14378 = ADVANCED_FACE('',(#14379),#14390,.T.);
#14379 = FACE_BOUND('',#14380,.T.);
#14380 = EDGE_LOOP('',(#14381,#14382,#14383,#14384));
#14381 = ORIENTED_EDGE('',*,*,#14354,.T.);
#14382 = ORIENTED_EDGE('',*,*,#13704,.F.);
#14383 = ORIENTED_EDGE('',*,*,#14331,.F.);
#14384 = ORIENTED_EDGE('',*,*,#14385,.T.);
#14385 = EDGE_CURVE('',#14323,#14355,#14386,.T.);
#14386 = LINE('',#14387,#14388);
#14387 = CARTESIAN_POINT('',(-9.639017115355,-6.499195838701,
    0.963500366532));
#14388 = VECTOR('',#14389,1.);
#14389 = DIRECTION('',(1.,1.047444401653E-14,3.491481338843E-15));
#14390 = CYLINDRICAL_SURFACE('',#14391,1.499999974611);
#14391 = AXIS2_PLACEMENT_3D('',#14392,#14393,#14394);
#14392 = CARTESIAN_POINT('',(-9.639017115355,-7.899969815936,
    1.500000309246));
#14393 = DIRECTION('',(1.,1.047444401653E-14,3.491481338843E-15));
#14394 = DIRECTION('',(-1.047444401653E-14,1.,-2.307979519128E-31));
#14395 = ADVANCED_FACE('',(#14396),#14402,.F.);
#14396 = FACE_BOUND('',#14397,.F.);
#14397 = EDGE_LOOP('',(#14398,#14399,#14400,#14401));
#14398 = ORIENTED_EDGE('',*,*,#8039,.F.);
#14399 = ORIENTED_EDGE('',*,*,#14322,.F.);
#14400 = ORIENTED_EDGE('',*,*,#14385,.T.);
#14401 = ORIENTED_EDGE('',*,*,#14363,.T.);
#14402 = CYLINDRICAL_SURFACE('',#14403,1.499999974611);
#14403 = AXIS2_PLACEMENT_3D('',#14404,#14405,#14406);
#14404 = CARTESIAN_POINT('',(-9.639017115355,-5.098421898391,
    0.427000327408));
#14405 = DIRECTION('',(1.,1.047444401653E-14,3.491481338843E-15));
#14406 = DIRECTION('',(-1.047444401653E-14,1.,-2.307979519128E-31));
#14407 = ADVANCED_FACE('',(#14408),#14430,.F.);
#14408 = FACE_BOUND('',#14409,.T.);
#14409 = EDGE_LOOP('',(#14410,#14411,#14412,#14421,#14428,#14429));
#14410 = ORIENTED_EDGE('',*,*,#5621,.F.);
#14411 = ORIENTED_EDGE('',*,*,#7406,.F.);
#14412 = ORIENTED_EDGE('',*,*,#14413,.F.);
#14413 = EDGE_CURVE('',#14414,#7399,#14416,.T.);
#14414 = VERTEX_POINT('',#14415);
#14415 = CARTESIAN_POINT('',(-4.639017199985,-6.499195838701,
    0.963500366532));
#14416 = CIRCLE('',#14417,1.499999974611);
#14417 = AXIS2_PLACEMENT_3D('',#14418,#14419,#14420);
#14418 = CARTESIAN_POINT('',(-4.639017199985,-5.098421898391,
    0.427000327408));
#14419 = DIRECTION('',(-1.,-1.047444401653E-14,-3.491481338843E-15));
#14420 = DIRECTION('',(1.047444401653E-14,-1.,2.307979519128E-31));
#14421 = ORIENTED_EDGE('',*,*,#14422,.T.);
#14422 = EDGE_CURVE('',#14414,#13720,#14423,.T.);
#14423 = CIRCLE('',#14424,1.499999974611);
#14424 = AXIS2_PLACEMENT_3D('',#14425,#14426,#14427);
#14425 = CARTESIAN_POINT('',(-4.639017199985,-7.899969815936,
    1.500000309246));
#14426 = DIRECTION('',(-1.,-1.047444401653E-14,-3.491481338843E-15));
#14427 = DIRECTION('',(1.047444401653E-14,-1.,2.307979519128E-31));
#14428 = ORIENTED_EDGE('',*,*,#13719,.F.);
#14429 = ORIENTED_EDGE('',*,*,#13582,.F.);
#14430 = PLANE('',#14431);
#14431 = AXIS2_PLACEMENT_3D('',#14432,#14433,#14434);
#14432 = CARTESIAN_POINT('',(-4.639017199985,-7.899969815936,
    1.500000309246));
#14433 = DIRECTION('',(-1.,-1.047444401653E-14,-3.491481338843E-15));
#14434 = DIRECTION('',(1.047444401653E-14,-1.,0.));
#14435 = ADVANCED_FACE('',(#14436),#14464,.T.);
#14436 = FACE_BOUND('',#14437,.T.);
#14437 = EDGE_LOOP('',(#14438,#14439,#14440,#14441,#14442,#14443,#14444,
    #14453,#14460,#14461,#14462,#14463));
#14438 = ORIENTED_EDGE('',*,*,#7356,.T.);
#14439 = ORIENTED_EDGE('',*,*,#7286,.T.);
#14440 = ORIENTED_EDGE('',*,*,#7200,.T.);
#14441 = ORIENTED_EDGE('',*,*,#5580,.T.);
#14442 = ORIENTED_EDGE('',*,*,#13566,.T.);
#14443 = ORIENTED_EDGE('',*,*,#13735,.T.);
#14444 = ORIENTED_EDGE('',*,*,#14445,.F.);
#14445 = EDGE_CURVE('',#14446,#13728,#14448,.T.);
#14446 = VERTEX_POINT('',#14447);
#14447 = CARTESIAN_POINT('',(-0.219017274799,-6.499195838701,
    0.963500366532));
#14448 = CIRCLE('',#14449,1.499999974611);
#14449 = AXIS2_PLACEMENT_3D('',#14450,#14451,#14452);
#14450 = CARTESIAN_POINT('',(-0.219017274799,-7.899969815936,
    1.500000309246));
#14451 = DIRECTION('',(-1.,-1.047444401653E-14,-3.491481338843E-15));
#14452 = DIRECTION('',(1.047444401653E-14,-1.,2.307979519128E-31));
#14453 = ORIENTED_EDGE('',*,*,#14454,.T.);
#14454 = EDGE_CURVE('',#14446,#7391,#14455,.T.);
#14455 = CIRCLE('',#14456,1.499999974611);
#14456 = AXIS2_PLACEMENT_3D('',#14457,#14458,#14459);
#14457 = CARTESIAN_POINT('',(-0.219017274799,-5.098421898391,
    0.427000327408));
#14458 = DIRECTION('',(-1.,-1.047444401653E-14,-3.491481338843E-15));
#14459 = DIRECTION('',(1.047444401653E-14,-1.,2.307979519128E-31));
#14460 = ORIENTED_EDGE('',*,*,#7390,.T.);
#14461 = ORIENTED_EDGE('',*,*,#7572,.F.);
#14462 = ORIENTED_EDGE('',*,*,#7470,.F.);
#14463 = ORIENTED_EDGE('',*,*,#7436,.F.);
#14464 = PLANE('',#14465);
#14465 = AXIS2_PLACEMENT_3D('',#14466,#14467,#14468);
#14466 = CARTESIAN_POINT('',(-0.219017274799,-7.899969815936,
    1.500000309246));
#14467 = DIRECTION('',(-1.,-1.047444401653E-14,-3.491481338843E-15));
#14468 = DIRECTION('',(1.047444401653E-14,-1.,0.));
#14469 = ADVANCED_FACE('',(#14470),#14481,.T.);
#14470 = FACE_BOUND('',#14471,.T.);
#14471 = EDGE_LOOP('',(#14472,#14473,#14474,#14475));
#14472 = ORIENTED_EDGE('',*,*,#14445,.T.);
#14473 = ORIENTED_EDGE('',*,*,#13727,.F.);
#14474 = ORIENTED_EDGE('',*,*,#14422,.F.);
#14475 = ORIENTED_EDGE('',*,*,#14476,.T.);
#14476 = EDGE_CURVE('',#14414,#14446,#14477,.T.);
#14477 = LINE('',#14478,#14479);
#14478 = CARTESIAN_POINT('',(-4.639017199985,-6.499195838701,
    0.963500366532));
#14479 = VECTOR('',#14480,1.);
#14480 = DIRECTION('',(1.,1.047444401653E-14,3.491481338843E-15));
#14481 = CYLINDRICAL_SURFACE('',#14482,1.499999974611);
#14482 = AXIS2_PLACEMENT_3D('',#14483,#14484,#14485);
#14483 = CARTESIAN_POINT('',(-4.639017199985,-7.899969815936,
    1.500000309246));
#14484 = DIRECTION('',(1.,1.047444401653E-14,3.491481338843E-15));
#14485 = DIRECTION('',(-1.047444401653E-14,1.,-2.307979519128E-31));
#14486 = ADVANCED_FACE('',(#14487),#14493,.F.);
#14487 = FACE_BOUND('',#14488,.F.);
#14488 = EDGE_LOOP('',(#14489,#14490,#14491,#14492));
#14489 = ORIENTED_EDGE('',*,*,#7398,.F.);
#14490 = ORIENTED_EDGE('',*,*,#14413,.F.);
#14491 = ORIENTED_EDGE('',*,*,#14476,.T.);
#14492 = ORIENTED_EDGE('',*,*,#14454,.T.);
#14493 = CYLINDRICAL_SURFACE('',#14494,1.499999974611);
#14494 = AXIS2_PLACEMENT_3D('',#14495,#14496,#14497);
#14495 = CARTESIAN_POINT('',(-4.639017199985,-5.098421898391,
    0.427000327408));
#14496 = DIRECTION('',(1.,1.047444401653E-14,3.491481338843E-15));
#14497 = DIRECTION('',(-1.047444401653E-14,1.,-2.307979519128E-31));
#14498 = ADVANCED_FACE('',(#14499),#14521,.F.);
#14499 = FACE_BOUND('',#14500,.T.);
#14500 = EDGE_LOOP('',(#14501,#14502,#14503,#14512,#14519,#14520));
#14501 = ORIENTED_EDGE('',*,*,#5564,.F.);
#14502 = ORIENTED_EDGE('',*,*,#6765,.F.);
#14503 = ORIENTED_EDGE('',*,*,#14504,.F.);
#14504 = EDGE_CURVE('',#14505,#6758,#14507,.T.);
#14505 = VERTEX_POINT('',#14506);
#14506 = CARTESIAN_POINT('',(0.360982715384,-6.499195838701,
    0.963500366532));
#14507 = CIRCLE('',#14508,1.499999974611);
#14508 = AXIS2_PLACEMENT_3D('',#14509,#14510,#14511);
#14509 = CARTESIAN_POINT('',(0.360982715384,-5.098421898391,
    0.427000327408));
#14510 = DIRECTION('',(-1.,-1.047444401653E-14,-3.491481338843E-15));
#14511 = DIRECTION('',(1.047444401653E-14,-1.,2.307979519128E-31));
#14512 = ORIENTED_EDGE('',*,*,#14513,.T.);
#14513 = EDGE_CURVE('',#14505,#13743,#14514,.T.);
#14514 = CIRCLE('',#14515,1.499999974611);
#14515 = AXIS2_PLACEMENT_3D('',#14516,#14517,#14518);
#14516 = CARTESIAN_POINT('',(0.360982715384,-7.899969815936,
    1.500000309246));
#14517 = DIRECTION('',(-1.,-1.047444401653E-14,-3.491481338843E-15));
#14518 = DIRECTION('',(1.047444401653E-14,-1.,2.307979519128E-31));
#14519 = ORIENTED_EDGE('',*,*,#13742,.F.);
#14520 = ORIENTED_EDGE('',*,*,#13549,.F.);
#14521 = PLANE('',#14522);
#14522 = AXIS2_PLACEMENT_3D('',#14523,#14524,#14525);
#14523 = CARTESIAN_POINT('',(0.360982715384,-7.899969815936,
    1.500000309246));
#14524 = DIRECTION('',(-1.,-1.047444401653E-14,-3.491481338843E-15));
#14525 = DIRECTION('',(1.047444401653E-14,-1.,0.));
#14526 = ADVANCED_FACE('',(#14527),#14555,.T.);
#14527 = FACE_BOUND('',#14528,.T.);
#14528 = EDGE_LOOP('',(#14529,#14530,#14531,#14532,#14533,#14534,#14535,
    #14544,#14551,#14552,#14553,#14554));
#14529 = ORIENTED_EDGE('',*,*,#6715,.T.);
#14530 = ORIENTED_EDGE('',*,*,#6645,.T.);
#14531 = ORIENTED_EDGE('',*,*,#6559,.T.);
#14532 = ORIENTED_EDGE('',*,*,#5523,.T.);
#14533 = ORIENTED_EDGE('',*,*,#13515,.T.);
#14534 = ORIENTED_EDGE('',*,*,#13758,.T.);
#14535 = ORIENTED_EDGE('',*,*,#14536,.F.);
#14536 = EDGE_CURVE('',#14537,#13751,#14539,.T.);
#14537 = VERTEX_POINT('',#14538);
#14538 = CARTESIAN_POINT('',(4.78098264057,-6.499195838701,
    0.963500366532));
#14539 = CIRCLE('',#14540,1.499999974611);
#14540 = AXIS2_PLACEMENT_3D('',#14541,#14542,#14543);
#14541 = CARTESIAN_POINT('',(4.78098264057,-7.899969815936,
    1.500000309246));
#14542 = DIRECTION('',(-1.,-1.047444401653E-14,-3.491481338843E-15));
#14543 = DIRECTION('',(1.047444401653E-14,-1.,2.307979519128E-31));
#14544 = ORIENTED_EDGE('',*,*,#14545,.T.);
#14545 = EDGE_CURVE('',#14537,#6750,#14546,.T.);
#14546 = CIRCLE('',#14547,1.499999974611);
#14547 = AXIS2_PLACEMENT_3D('',#14548,#14549,#14550);
#14548 = CARTESIAN_POINT('',(4.78098264057,-5.098421898391,
    0.427000327408));
#14549 = DIRECTION('',(-1.,-1.047444401653E-14,-3.491481338843E-15));
#14550 = DIRECTION('',(1.047444401653E-14,-1.,2.307979519128E-31));
#14551 = ORIENTED_EDGE('',*,*,#6749,.T.);
#14552 = ORIENTED_EDGE('',*,*,#6931,.F.);
#14553 = ORIENTED_EDGE('',*,*,#6829,.F.);
#14554 = ORIENTED_EDGE('',*,*,#6795,.F.);
#14555 = PLANE('',#14556);
#14556 = AXIS2_PLACEMENT_3D('',#14557,#14558,#14559);
#14557 = CARTESIAN_POINT('',(4.78098264057,-7.899969815936,
    1.500000309246));
#14558 = DIRECTION('',(-1.,-1.047444401653E-14,-3.491481338843E-15));
#14559 = DIRECTION('',(1.047444401653E-14,-1.,0.));
#14560 = ADVANCED_FACE('',(#14561),#14572,.T.);
#14561 = FACE_BOUND('',#14562,.T.);
#14562 = EDGE_LOOP('',(#14563,#14564,#14565,#14566));
#14563 = ORIENTED_EDGE('',*,*,#14536,.T.);
#14564 = ORIENTED_EDGE('',*,*,#13750,.F.);
#14565 = ORIENTED_EDGE('',*,*,#14513,.F.);
#14566 = ORIENTED_EDGE('',*,*,#14567,.T.);
#14567 = EDGE_CURVE('',#14505,#14537,#14568,.T.);
#14568 = LINE('',#14569,#14570);
#14569 = CARTESIAN_POINT('',(0.360982715384,-6.499195838701,
    0.963500366532));
#14570 = VECTOR('',#14571,1.);
#14571 = DIRECTION('',(1.,1.047444401653E-14,3.491481338843E-15));
#14572 = CYLINDRICAL_SURFACE('',#14573,1.499999974611);
#14573 = AXIS2_PLACEMENT_3D('',#14574,#14575,#14576);
#14574 = CARTESIAN_POINT('',(0.360982715384,-7.899969815936,
    1.500000309246));
#14575 = DIRECTION('',(1.,1.047444401653E-14,3.491481338843E-15));
#14576 = DIRECTION('',(-1.047444401653E-14,1.,-2.307979519128E-31));
#14577 = ADVANCED_FACE('',(#14578),#14584,.F.);
#14578 = FACE_BOUND('',#14579,.F.);
#14579 = EDGE_LOOP('',(#14580,#14581,#14582,#14583));
#14580 = ORIENTED_EDGE('',*,*,#6757,.F.);
#14581 = ORIENTED_EDGE('',*,*,#14504,.F.);
#14582 = ORIENTED_EDGE('',*,*,#14567,.T.);
#14583 = ORIENTED_EDGE('',*,*,#14545,.T.);
#14584 = CYLINDRICAL_SURFACE('',#14585,1.499999974611);
#14585 = AXIS2_PLACEMENT_3D('',#14586,#14587,#14588);
#14586 = CARTESIAN_POINT('',(0.360982715384,-5.098421898391,
    0.427000327408));
#14587 = DIRECTION('',(1.,1.047444401653E-14,3.491481338843E-15));
#14588 = DIRECTION('',(-1.047444401653E-14,1.,-2.307979519128E-31));
#14589 = ADVANCED_FACE('',(#14590),#14594,.T.);
#14590 = FACE_BOUND('',#14591,.T.);
#14591 = EDGE_LOOP('',(#14592,#14593));
#14592 = ORIENTED_EDGE('',*,*,#8255,.T.);
#14593 = ORIENTED_EDGE('',*,*,#7901,.T.);
#14594 = PLANE('',#14595);
#14595 = AXIS2_PLACEMENT_3D('',#14596,#14597,#14598);
#14596 = CARTESIAN_POINT('',(-10.21901710553,-4.099969880256,
    3.346354775502E-07));
#14597 = DIRECTION('',(3.491481338843E-15,3.657132581847E-29,-1.));
#14598 = DIRECTION('',(1.,1.047444401653E-14,3.491481338843E-15));
#14599 = ADVANCED_FACE('',(#14600),#14604,.T.);
#14600 = FACE_BOUND('',#14601,.T.);
#14601 = EDGE_LOOP('',(#14602,#14603));
#14602 = ORIENTED_EDGE('',*,*,#7614,.T.);
#14603 = ORIENTED_EDGE('',*,*,#7260,.T.);
#14604 = PLANE('',#14605);
#14605 = AXIS2_PLACEMENT_3D('',#14606,#14607,#14608);
#14606 = CARTESIAN_POINT('',(-10.21901710553,-4.099969880256,
    3.346354775502E-07));
#14607 = DIRECTION('',(3.491481338843E-15,3.657132581847E-29,-1.));
#14608 = DIRECTION('',(1.,1.047444401653E-14,3.491481338843E-15));
#14609 = ADVANCED_FACE('',(#14610),#14614,.T.);
#14610 = FACE_BOUND('',#14611,.T.);
#14611 = EDGE_LOOP('',(#14612,#14613));
#14612 = ORIENTED_EDGE('',*,*,#6973,.T.);
#14613 = ORIENTED_EDGE('',*,*,#6619,.T.);
#14614 = PLANE('',#14615);
#14615 = AXIS2_PLACEMENT_3D('',#14616,#14617,#14618);
#14616 = CARTESIAN_POINT('',(-10.21901710553,-4.099969880256,
    3.346354775502E-07));
#14617 = DIRECTION('',(3.491481338843E-15,3.657132581847E-29,-1.));
#14618 = DIRECTION('',(1.,1.047444401653E-14,3.491481338843E-15));
#14619 = ADVANCED_FACE('',(#14620),#14624,.T.);
#14620 = FACE_BOUND('',#14621,.T.);
#14621 = EDGE_LOOP('',(#14622,#14623));
#14622 = ORIENTED_EDGE('',*,*,#6040,.T.);
#14623 = ORIENTED_EDGE('',*,*,#6368,.T.);
#14624 = PLANE('',#14625);
#14625 = AXIS2_PLACEMENT_3D('',#14626,#14627,#14628);
#14626 = CARTESIAN_POINT('',(-10.21901710553,-4.099969880256,
    3.346354775502E-07));
#14627 = DIRECTION('',(3.491481338843E-15,3.657132581847E-29,-1.));
#14628 = DIRECTION('',(1.,1.047444401653E-14,3.491481338843E-15));
#14629 = ADVANCED_FACE('',(#14630),#14634,.T.);
#14630 = FACE_BOUND('',#14631,.T.);
#14631 = EDGE_LOOP('',(#14632,#14633));
#14632 = ORIENTED_EDGE('',*,*,#8137,.T.);
#14633 = ORIENTED_EDGE('',*,*,#8236,.T.);
#14634 = PLANE('',#14635);
#14635 = AXIS2_PLACEMENT_3D('',#14636,#14637,#14638);
#14636 = CARTESIAN_POINT('',(-10.21901710553,-4.099969880256,
    3.346354775502E-07));
#14637 = DIRECTION('',(3.491481338843E-15,3.657132581847E-29,-1.));
#14638 = DIRECTION('',(1.,1.047444401653E-14,3.491481338843E-15));
#14639 = ADVANCED_FACE('',(#14640),#14644,.T.);
#14640 = FACE_BOUND('',#14641,.T.);
#14641 = EDGE_LOOP('',(#14642,#14643));
#14642 = ORIENTED_EDGE('',*,*,#7496,.T.);
#14643 = ORIENTED_EDGE('',*,*,#7595,.T.);
#14644 = PLANE('',#14645);
#14645 = AXIS2_PLACEMENT_3D('',#14646,#14647,#14648);
#14646 = CARTESIAN_POINT('',(-10.21901710553,-4.099969880256,
    3.346354775502E-07));
#14647 = DIRECTION('',(3.491481338843E-15,3.657132581847E-29,-1.));
#14648 = DIRECTION('',(1.,1.047444401653E-14,3.491481338843E-15));
#14649 = ADVANCED_FACE('',(#14650),#14654,.T.);
#14650 = FACE_BOUND('',#14651,.T.);
#14651 = EDGE_LOOP('',(#14652,#14653));
#14652 = ORIENTED_EDGE('',*,*,#6855,.T.);
#14653 = ORIENTED_EDGE('',*,*,#6954,.T.);
#14654 = PLANE('',#14655);
#14655 = AXIS2_PLACEMENT_3D('',#14656,#14657,#14658);
#14656 = CARTESIAN_POINT('',(-10.21901710553,-4.099969880256,
    3.346354775502E-07));
#14657 = DIRECTION('',(3.491481338843E-15,3.657132581847E-29,-1.));
#14658 = DIRECTION('',(1.,1.047444401653E-14,3.491481338843E-15));
#14659 = ADVANCED_FACE('',(#14660),#14664,.T.);
#14660 = FACE_BOUND('',#14661,.T.);
#14661 = EDGE_LOOP('',(#14662,#14663));
#14662 = ORIENTED_EDGE('',*,*,#6208,.T.);
#14663 = ORIENTED_EDGE('',*,*,#6307,.T.);
#14664 = PLANE('',#14665);
#14665 = AXIS2_PLACEMENT_3D('',#14666,#14667,#14668);
#14666 = CARTESIAN_POINT('',(-10.21901710553,-4.099969880256,
    3.346354775502E-07));
#14667 = DIRECTION('',(3.491481338843E-15,3.657132581847E-29,-1.));
#14668 = DIRECTION('',(1.,1.047444401653E-14,3.491481338843E-15));
#14669 = ADVANCED_FACE('',(#14670),#14682,.F.);
#14670 = FACE_BOUND('',#14671,.F.);
#14671 = EDGE_LOOP('',(#14672,#14673,#14680,#14681));
#14672 = ORIENTED_EDGE('',*,*,#4677,.T.);
#14673 = ORIENTED_EDGE('',*,*,#14674,.T.);
#14674 = EDGE_CURVE('',#4678,#13929,#14675,.T.);
#14675 = B_SPLINE_CURVE_WITH_KNOTS('',3,(#14676,#14677,#14678,#14679),
  .UNSPECIFIED.,.F.,.F.,(4,4),(0.,1.),.PIECEWISE_BEZIER_KNOTS.);
#14676 = CARTESIAN_POINT('',(9.017192330252,4.500029974179,
    16.700000051969));
#14677 = CARTESIAN_POINT('',(8.941288842644,4.500029974179,
    16.588629400145));
#14678 = CARTESIAN_POINT('',(8.870759298417,4.500029974179,
    16.488629401838));
#14679 = CARTESIAN_POINT('',(8.805603697572,4.500029974179,
    16.400000057047));
#14680 = ORIENTED_EDGE('',*,*,#13938,.F.);
#14681 = ORIENTED_EDGE('',*,*,#13960,.T.);
#14682 = CONICAL_SURFACE('',#14683,1.223205060053,0.523598775598);
#14683 = AXIS2_PLACEMENT_3D('',#14684,#14685,#14686);
#14684 = CARTESIAN_POINT('',(7.980982586406,5.150029963177,
    16.700000051969));
#14685 = DIRECTION('',(-3.491481338843E-15,-3.657132581847E-29,1.));
#14686 = DIRECTION('',(-1.,-9.9272513848E-15,-3.491481338843E-15));
#14687 = ADVANCED_FACE('',(#14688),#14699,.F.);
#14688 = FACE_BOUND('',#14689,.F.);
#14689 = EDGE_LOOP('',(#14690,#14691,#14697,#14698));
#14690 = ORIENTED_EDGE('',*,*,#4375,.F.);
#14691 = ORIENTED_EDGE('',*,*,#14692,.T.);
#14692 = EDGE_CURVE('',#4376,#13976,#14693,.T.);
#14693 = LINE('',#14694,#14695);
#14694 = CARTESIAN_POINT('',(7.156361475241,4.500029974179,
    14.200000094284));
#14695 = VECTOR('',#14696,1.);
#14696 = DIRECTION('',(-3.491481338843E-15,-3.657132581847E-29,1.));
#14697 = ORIENTED_EDGE('',*,*,#13986,.T.);
#14698 = ORIENTED_EDGE('',*,*,#13905,.T.);
#14699 = CYLINDRICAL_SURFACE('',#14700,1.049999982228);
#14700 = AXIS2_PLACEMENT_3D('',#14701,#14702,#14703);
#14701 = CARTESIAN_POINT('',(7.980982586406,5.150029963177,
    14.200000094284));
#14702 = DIRECTION('',(3.491481338843E-15,3.657132581847E-29,-1.));
#14703 = DIRECTION('',(1.,9.91270557701E-15,3.491481338843E-15));
#14704 = ADVANCED_FACE('',(#14705),#14717,.F.);
#14705 = FACE_BOUND('',#14706,.F.);
#14706 = EDGE_LOOP('',(#14707,#14708,#14715,#14716));
#14707 = ORIENTED_EDGE('',*,*,#5049,.T.);
#14708 = ORIENTED_EDGE('',*,*,#14709,.T.);
#14709 = EDGE_CURVE('',#5050,#14034,#14710,.T.);
#14710 = B_SPLINE_CURVE_WITH_KNOTS('',3,(#14711,#14712,#14713,#14714),
  .UNSPECIFIED.,.F.,.F.,(4,4),(0.,1.),.PIECEWISE_BEZIER_KNOTS.);
#14711 = CARTESIAN_POINT('',(-5.982807415855,4.500029974179,
    16.700000051969));
#14712 = CARTESIAN_POINT('',(-6.058710903464,4.500029974179,
    16.588629400144));
#14713 = CARTESIAN_POINT('',(-6.129240447691,4.500029974179,
    16.488629401837));
#14714 = CARTESIAN_POINT('',(-6.194396048535,4.500029974179,
    16.400000057047));
#14715 = ORIENTED_EDGE('',*,*,#14043,.F.);
#14716 = ORIENTED_EDGE('',*,*,#14065,.T.);
#14717 = CONICAL_SURFACE('',#14718,1.223205060053,0.523598775598);
#14718 = AXIS2_PLACEMENT_3D('',#14719,#14720,#14721);
#14719 = CARTESIAN_POINT('',(-7.019017159701,5.150029963177,
    16.700000051969));
#14720 = DIRECTION('',(-3.491481338843E-15,-3.657132581847E-29,1.));
#14721 = DIRECTION('',(-1.,-9.9272513848E-15,-3.491481338843E-15));
#14722 = ADVANCED_FACE('',(#14723),#14734,.F.);
#14723 = FACE_BOUND('',#14724,.F.);
#14724 = EDGE_LOOP('',(#14725,#14726,#14732,#14733));
#14725 = ORIENTED_EDGE('',*,*,#3459,.F.);
#14726 = ORIENTED_EDGE('',*,*,#14727,.T.);
#14727 = EDGE_CURVE('',#3460,#14081,#14728,.T.);
#14728 = LINE('',#14729,#14730);
#14729 = CARTESIAN_POINT('',(-7.843638270867,4.500029974179,
    14.200000094284));
#14730 = VECTOR('',#14731,1.);
#14731 = DIRECTION('',(-3.491481338843E-15,-3.657132581847E-29,1.));
#14732 = ORIENTED_EDGE('',*,*,#14091,.T.);
#14733 = ORIENTED_EDGE('',*,*,#14010,.T.);
#14734 = CYLINDRICAL_SURFACE('',#14735,1.049999982228);
#14735 = AXIS2_PLACEMENT_3D('',#14736,#14737,#14738);
#14736 = CARTESIAN_POINT('',(-7.019017159701,5.150029963177,
    14.200000094284));
#14737 = DIRECTION('',(3.491481338843E-15,3.657132581847E-29,-1.));
#14738 = DIRECTION('',(1.,9.91270557701E-15,3.491481338843E-15));
#14739 = ADVANCED_FACE('',(#14740),#14752,.F.);
#14740 = FACE_BOUND('',#14741,.F.);
#14741 = EDGE_LOOP('',(#14742,#14743,#14750,#14751));
#14742 = ORIENTED_EDGE('',*,*,#5125,.T.);
#14743 = ORIENTED_EDGE('',*,*,#14744,.T.);
#14744 = EDGE_CURVE('',#5126,#14139,#14745,.T.);
#14745 = B_SPLINE_CURVE_WITH_KNOTS('',3,(#14746,#14747,#14748,#14749),
  .UNSPECIFIED.,.F.,.F.,(4,4),(0.,1.),.PIECEWISE_BEZIER_KNOTS.);
#14746 = CARTESIAN_POINT('',(-0.982807500486,4.500029974179,
    16.700000051969));
#14747 = CARTESIAN_POINT('',(-1.058710988095,4.500029974179,
    16.588629400144));
#14748 = CARTESIAN_POINT('',(-1.129240532322,4.500029974179,
    16.488629401837));
#14749 = CARTESIAN_POINT('',(-1.194396133166,4.500029974179,
    16.400000057047));
#14750 = ORIENTED_EDGE('',*,*,#14148,.F.);
#14751 = ORIENTED_EDGE('',*,*,#14170,.T.);
#14752 = CONICAL_SURFACE('',#14753,1.223205060053,0.523598775598);
#14753 = AXIS2_PLACEMENT_3D('',#14754,#14755,#14756);
#14754 = CARTESIAN_POINT('',(-2.019017244332,5.150029963177,
    16.700000051969));
#14755 = DIRECTION('',(-3.491481338843E-15,-3.657132581847E-29,1.));
#14756 = DIRECTION('',(-1.,-9.9272513848E-15,-3.491481338843E-15));
#14757 = ADVANCED_FACE('',(#14758),#14769,.F.);
#14758 = FACE_BOUND('',#14759,.F.);
#14759 = EDGE_LOOP('',(#14760,#14761,#14767,#14768));
#14760 = ORIENTED_EDGE('',*,*,#2543,.F.);
#14761 = ORIENTED_EDGE('',*,*,#14762,.T.);
#14762 = EDGE_CURVE('',#2544,#14186,#14763,.T.);
#14763 = LINE('',#14764,#14765);
#14764 = CARTESIAN_POINT('',(-2.843638355498,4.500029974179,
    14.200000094284));
#14765 = VECTOR('',#14766,1.);
#14766 = DIRECTION('',(-3.491481338843E-15,-3.657132581847E-29,1.));
#14767 = ORIENTED_EDGE('',*,*,#14196,.T.);
#14768 = ORIENTED_EDGE('',*,*,#14115,.T.);
#14769 = CYLINDRICAL_SURFACE('',#14770,1.049999982228);
#14770 = AXIS2_PLACEMENT_3D('',#14771,#14772,#14773);
#14771 = CARTESIAN_POINT('',(-2.019017244332,5.150029963177,
    14.200000094284));
#14772 = DIRECTION('',(3.491481338843E-15,3.657132581847E-29,-1.));
#14773 = DIRECTION('',(1.,9.91270557701E-15,3.491481338843E-15));
#14774 = ADVANCED_FACE('',(#14775),#14787,.F.);
#14775 = FACE_BOUND('',#14776,.F.);
#14776 = EDGE_LOOP('',(#14777,#14778,#14785,#14786));
#14777 = ORIENTED_EDGE('',*,*,#4601,.T.);
#14778 = ORIENTED_EDGE('',*,*,#14779,.T.);
#14779 = EDGE_CURVE('',#4602,#4492,#14780,.T.);
#14780 = B_SPLINE_CURVE_WITH_KNOTS('',3,(#14781,#14782,#14783,#14784),
  .UNSPECIFIED.,.F.,.F.,(4,4),(0.,1.),.PIECEWISE_BEZIER_KNOTS.);
#14781 = CARTESIAN_POINT('',(4.017192414883,4.500029974179,
    16.700000051969));
#14782 = CARTESIAN_POINT('',(3.941288927275,4.500029974179,
    16.588629400145));
#14783 = CARTESIAN_POINT('',(3.870759383048,4.500029974179,
    16.488629401838));
#14784 = CARTESIAN_POINT('',(3.805603782203,4.500029974179,
    16.400000057047));
#14785 = ORIENTED_EDGE('',*,*,#4501,.F.);
#14786 = ORIENTED_EDGE('',*,*,#4533,.T.);
#14787 = CONICAL_SURFACE('',#14788,1.223205060053,0.523598775598);
#14788 = AXIS2_PLACEMENT_3D('',#14789,#14790,#14791);
#14789 = CARTESIAN_POINT('',(2.980982671037,5.150029963177,
    16.700000051969));
#14790 = DIRECTION('',(-3.491481338843E-15,-3.657132581847E-29,1.));
#14791 = DIRECTION('',(-1.,-9.9272513848E-15,-3.491481338843E-15));
#14792 = ADVANCED_FACE('',(#14793),#14804,.F.);
#14793 = FACE_BOUND('',#14794,.F.);
#14794 = EDGE_LOOP('',(#14795,#14796,#14802,#14803));
#14795 = ORIENTED_EDGE('',*,*,#1627,.F.);
#14796 = ORIENTED_EDGE('',*,*,#14797,.T.);
#14797 = EDGE_CURVE('',#1628,#4549,#14798,.T.);
#14798 = LINE('',#14799,#14800);
#14799 = CARTESIAN_POINT('',(2.156361559871,4.500029974179,
    14.200000094284));
#14800 = VECTOR('',#14801,1.);
#14801 = DIRECTION('',(-3.491481338843E-15,-3.657132581847E-29,1.));
#14802 = ORIENTED_EDGE('',*,*,#4567,.T.);
#14803 = ORIENTED_EDGE('',*,*,#4468,.T.);
#14804 = CYLINDRICAL_SURFACE('',#14805,1.049999982228);
#14805 = AXIS2_PLACEMENT_3D('',#14806,#14807,#14808);
#14806 = CARTESIAN_POINT('',(2.980982671037,5.150029963177,
    14.200000094284));
#14807 = DIRECTION('',(3.491481338843E-15,3.657132581847E-29,-1.));
#14808 = DIRECTION('',(1.,9.91270557701E-15,3.491481338843E-15));
#14809 = ADVANCED_FACE('',(#14810),#14829,.F.);
#14810 = FACE_BOUND('',#14811,.T.);
#14811 = EDGE_LOOP('',(#14812,#14813,#14821,#14827,#14828));
#14812 = ORIENTED_EDGE('',*,*,#4776,.F.);
#14813 = ORIENTED_EDGE('',*,*,#14814,.F.);
#14814 = EDGE_CURVE('',#14815,#4769,#14817,.T.);
#14815 = VERTEX_POINT('',#14816);
#14816 = CARTESIAN_POINT('',(5.530982627876,6.100029947098,
    13.000000114596));
#14817 = LINE('',#14818,#14819);
#14818 = CARTESIAN_POINT('',(5.530982627876,6.100029947098,
    13.000000114596));
#14819 = VECTOR('',#14820,1.);
#14820 = DIRECTION('',(-3.491481338843E-15,-3.657132581847E-29,1.));
#14821 = ORIENTED_EDGE('',*,*,#14822,.F.);
#14822 = EDGE_CURVE('',#5419,#14815,#14823,.T.);
#14823 = LINE('',#14824,#14825);
#14824 = CARTESIAN_POINT('',(5.483815627319,7.000029931864,
    13.000000114596));
#14825 = VECTOR('',#14826,1.);
#14826 = DIRECTION('',(5.233595624293E-02,-0.998629534755,
    1.827300145726E-16));
#14827 = ORIENTED_EDGE('',*,*,#5418,.T.);
#14828 = ORIENTED_EDGE('',*,*,#5781,.F.);
#14829 = PLANE('',#14830);
#14830 = AXIS2_PLACEMENT_3D('',#14831,#14832,#14833);
#14831 = CARTESIAN_POINT('',(5.483815627319,7.000029931864,
    13.000000114596));
#14832 = DIRECTION('',(-0.998629534755,-5.233595624293E-02,
    -3.486696385012E-15));
#14833 = DIRECTION('',(3.491481338841E-15,-4.466924875814E-29,-1.));
#14834 = ADVANCED_FACE('',(#14835),#14854,.F.);
#14835 = FACE_BOUND('',#14836,.T.);
#14836 = EDGE_LOOP('',(#14837,#14838,#14846,#14852,#14853));
#14837 = ORIENTED_EDGE('',*,*,#5434,.F.);
#14838 = ORIENTED_EDGE('',*,*,#14839,.F.);
#14839 = EDGE_CURVE('',#14840,#5427,#14842,.T.);
#14840 = VERTEX_POINT('',#14841);
#14841 = CARTESIAN_POINT('',(6.480982611796,5.732872665787,
    13.000000114596));
#14842 = LINE('',#14843,#14844);
#14843 = CARTESIAN_POINT('',(6.480982611796,5.732872665787,
    13.000000114596));
#14844 = VECTOR('',#14845,1.);
#14845 = DIRECTION('',(-1.047444401653E-14,1.,0.));
#14846 = ORIENTED_EDGE('',*,*,#14847,.T.);
#14847 = EDGE_CURVE('',#14840,#4727,#14848,.T.);
#14848 = LINE('',#14849,#14850);
#14849 = CARTESIAN_POINT('',(6.480982611796,5.732872665787,
    13.000000114596));
#14850 = VECTOR('',#14851,1.);
#14851 = DIRECTION('',(-3.491481338843E-15,-3.657132581847E-29,1.));
#14852 = ORIENTED_EDGE('',*,*,#4726,.T.);
#14853 = ORIENTED_EDGE('',*,*,#13648,.F.);
#14854 = PLANE('',#14855);
#14855 = AXIS2_PLACEMENT_3D('',#14856,#14857,#14858);
#14856 = CARTESIAN_POINT('',(6.480982611796,5.732872665787,
    13.000000114596));
#14857 = DIRECTION('',(1.,1.047444401653E-14,3.491481338843E-15));
#14858 = DIRECTION('',(3.491481338843E-15,3.657132581847E-29,-1.));
#14859 = ADVANCED_FACE('',(#14860),#14878,.F.);
#14860 = FACE_BOUND('',#14861,.T.);
#14861 = EDGE_LOOP('',(#14862,#14863,#14871,#14877));
#14862 = ORIENTED_EDGE('',*,*,#4768,.T.);
#14863 = ORIENTED_EDGE('',*,*,#14864,.F.);
#14864 = EDGE_CURVE('',#14865,#4761,#14867,.T.);
#14865 = VERTEX_POINT('',#14866);
#14866 = CARTESIAN_POINT('',(5.530982627876,5.300029960639,
    13.000000114596));
#14867 = LINE('',#14868,#14869);
#14868 = CARTESIAN_POINT('',(5.530982627876,5.300029960639,
    13.000000114596));
#14869 = VECTOR('',#14870,1.);
#14870 = DIRECTION('',(-3.491481338843E-15,-3.657132581847E-29,1.));
#14871 = ORIENTED_EDGE('',*,*,#14872,.F.);
#14872 = EDGE_CURVE('',#14815,#14865,#14873,.T.);
#14873 = LINE('',#14874,#14875);
#14874 = CARTESIAN_POINT('',(5.530982627876,6.100029947098,
    13.000000114596));
#14875 = VECTOR('',#14876,1.);
#14876 = DIRECTION('',(1.047444401653E-14,-1.,0.));
#14877 = ORIENTED_EDGE('',*,*,#14814,.T.);
#14878 = PLANE('',#14879);
#14879 = AXIS2_PLACEMENT_3D('',#14880,#14881,#14882);
#14880 = CARTESIAN_POINT('',(5.530982627876,6.100029947098,
    13.000000114596));
#14881 = DIRECTION('',(-1.,-1.047444401653E-14,-3.491481338843E-15));
#14882 = DIRECTION('',(1.047444401653E-14,-1.,0.));
#14883 = ADVANCED_FACE('',(#14884),#14902,.F.);
#14884 = FACE_BOUND('',#14885,.T.);
#14885 = EDGE_LOOP('',(#14886,#14887,#14895,#14901));
#14886 = ORIENTED_EDGE('',*,*,#4760,.T.);
#14887 = ORIENTED_EDGE('',*,*,#14888,.F.);
#14888 = EDGE_CURVE('',#14889,#4752,#14891,.T.);
#14889 = VERTEX_POINT('',#14890);
#14890 = CARTESIAN_POINT('',(6.048139906647,5.300029960639,
    13.000000114596));
#14891 = LINE('',#14892,#14893);
#14892 = CARTESIAN_POINT('',(6.048139906647,5.300029960639,
    13.000000114596));
#14893 = VECTOR('',#14894,1.);
#14894 = DIRECTION('',(-3.491481338843E-15,-3.657132581847E-29,1.));
#14895 = ORIENTED_EDGE('',*,*,#14896,.F.);
#14896 = EDGE_CURVE('',#14865,#14889,#14897,.T.);
#14897 = LINE('',#14898,#14899);
#14898 = CARTESIAN_POINT('',(5.530982627876,5.300029960639,
    13.000000114596));
#14899 = VECTOR('',#14900,1.);
#14900 = DIRECTION('',(1.,1.047444401653E-14,3.491481338843E-15));
#14901 = ORIENTED_EDGE('',*,*,#14864,.T.);
#14902 = PLANE('',#14903);
#14903 = AXIS2_PLACEMENT_3D('',#14904,#14905,#14906);
#14904 = CARTESIAN_POINT('',(5.530982627876,5.300029960639,
    13.000000114596));
#14905 = DIRECTION('',(1.047444401653E-14,-1.,0.));
#14906 = DIRECTION('',(-3.491481338843E-15,-3.657132581847E-29,1.));
#14907 = ADVANCED_FACE('',(#14908),#14927,.F.);
#14908 = FACE_BOUND('',#14909,.F.);
#14909 = EDGE_LOOP('',(#14910,#14911,#14920,#14926));
#14910 = ORIENTED_EDGE('',*,*,#14888,.F.);
#14911 = ORIENTED_EDGE('',*,*,#14912,.T.);
#14912 = EDGE_CURVE('',#14889,#14913,#14915,.T.);
#14913 = VERTEX_POINT('',#14914);
#14914 = CARTESIAN_POINT('',(6.189561260491,5.35860860341,
    13.000000114596));
#14915 = CIRCLE('',#14916,0.199999996615);
#14916 = AXIS2_PLACEMENT_3D('',#14917,#14918,#14919);
#14917 = CARTESIAN_POINT('',(6.048139906647,5.500029957253,
    13.000000114596));
#14918 = DIRECTION('',(-3.491481338843E-15,-3.657132581847E-29,1.));
#14919 = DIRECTION('',(8.673617379884E-15,-1.,-6.287552596341E-30));
#14920 = ORIENTED_EDGE('',*,*,#14921,.T.);
#14921 = EDGE_CURVE('',#14913,#4744,#14922,.T.);
#14922 = LINE('',#14923,#14924);
#14923 = CARTESIAN_POINT('',(6.189561260491,5.35860860341,
    13.000000114596));
#14924 = VECTOR('',#14925,1.);
#14925 = DIRECTION('',(-3.491481338843E-15,-3.657132581847E-29,1.));
#14926 = ORIENTED_EDGE('',*,*,#4751,.F.);
#14927 = CYLINDRICAL_SURFACE('',#14928,0.199999996615);
#14928 = AXIS2_PLACEMENT_3D('',#14929,#14930,#14931);
#14929 = CARTESIAN_POINT('',(6.048139906647,5.500029957253,
    13.000000114596));
#14930 = DIRECTION('',(-3.491481338843E-15,-3.657132581847E-29,1.));
#14931 = DIRECTION('',(-1.,-8.673617379884E-15,-3.491481338843E-15));
#14932 = ADVANCED_FACE('',(#14933),#14951,.F.);
#14933 = FACE_BOUND('',#14934,.T.);
#14934 = EDGE_LOOP('',(#14935,#14936,#14944,#14950));
#14935 = ORIENTED_EDGE('',*,*,#4743,.T.);
#14936 = ORIENTED_EDGE('',*,*,#14937,.F.);
#14937 = EDGE_CURVE('',#14938,#4735,#14940,.T.);
#14938 = VERTEX_POINT('',#14939);
#14939 = CARTESIAN_POINT('',(6.422403969025,5.591451311943,
    13.000000114596));
#14940 = LINE('',#14941,#14942);
#14941 = CARTESIAN_POINT('',(6.422403969025,5.591451311943,
    13.000000114596));
#14942 = VECTOR('',#14943,1.);
#14943 = DIRECTION('',(-3.491481338843E-15,-3.657132581847E-29,1.));
#14944 = ORIENTED_EDGE('',*,*,#14945,.F.);
#14945 = EDGE_CURVE('',#14913,#14938,#14946,.T.);
#14946 = LINE('',#14947,#14948);
#14947 = CARTESIAN_POINT('',(6.189561260491,5.35860860341,
    13.000000114596));
#14948 = VECTOR('',#14949,1.);
#14949 = DIRECTION('',(0.707106781187,0.707106781187,2.46885013108E-15)
  );
#14950 = ORIENTED_EDGE('',*,*,#14921,.T.);
#14951 = PLANE('',#14952);
#14952 = AXIS2_PLACEMENT_3D('',#14953,#14954,#14955);
#14953 = CARTESIAN_POINT('',(6.189561260491,5.35860860341,
    13.000000114596));
#14954 = DIRECTION('',(0.707106781187,-0.707106781187,2.46885013108E-15)
  );
#14955 = DIRECTION('',(3.491481338842E-15,1.256458206791E-27,-1.));
#14956 = ADVANCED_FACE('',(#14957),#14969,.F.);
#14957 = FACE_BOUND('',#14958,.F.);
#14958 = EDGE_LOOP('',(#14959,#14960,#14967,#14968));
#14959 = ORIENTED_EDGE('',*,*,#14937,.F.);
#14960 = ORIENTED_EDGE('',*,*,#14961,.T.);
#14961 = EDGE_CURVE('',#14938,#14840,#14962,.T.);
#14962 = CIRCLE('',#14963,0.199999996615);
#14963 = AXIS2_PLACEMENT_3D('',#14964,#14965,#14966);
#14964 = CARTESIAN_POINT('',(6.280982615181,5.732872665787,
    13.000000114596));
#14965 = DIRECTION('',(-3.491481338843E-15,-3.657132581847E-29,1.));
#14966 = DIRECTION('',(8.673617379884E-15,-1.,-6.287552596341E-30));
#14967 = ORIENTED_EDGE('',*,*,#14847,.T.);
#14968 = ORIENTED_EDGE('',*,*,#4734,.F.);
#14969 = CYLINDRICAL_SURFACE('',#14970,0.199999996615);
#14970 = AXIS2_PLACEMENT_3D('',#14971,#14972,#14973);
#14971 = CARTESIAN_POINT('',(6.280982615181,5.732872665787,
    13.000000114596));
#14972 = DIRECTION('',(-3.491481338843E-15,-3.657132581847E-29,1.));
#14973 = DIRECTION('',(-1.,-8.673617379884E-15,-3.491481338843E-15));
#14974 = ADVANCED_FACE('',(#14975),#14985,.T.);
#14975 = FACE_BOUND('',#14976,.T.);
#14976 = EDGE_LOOP('',(#14977,#14978,#14979,#14980,#14981,#14982,#14983,
    #14984));
#14977 = ORIENTED_EDGE('',*,*,#5426,.T.);
#14978 = ORIENTED_EDGE('',*,*,#14822,.T.);
#14979 = ORIENTED_EDGE('',*,*,#14872,.T.);
#14980 = ORIENTED_EDGE('',*,*,#14896,.T.);
#14981 = ORIENTED_EDGE('',*,*,#14912,.T.);
#14982 = ORIENTED_EDGE('',*,*,#14945,.T.);
#14983 = ORIENTED_EDGE('',*,*,#14961,.T.);
#14984 = ORIENTED_EDGE('',*,*,#14839,.T.);
#14985 = PLANE('',#14986);
#14986 = AXIS2_PLACEMENT_3D('',#14987,#14988,#14989);
#14987 = CARTESIAN_POINT('',(6.048139906647,5.500029957253,
    13.000000114596));
#14988 = DIRECTION('',(-3.491481338843E-15,-3.657132581847E-29,1.));
#14989 = DIRECTION('',(1.047444401653E-14,-1.,2.129973665774E-43));
#14990 = ADVANCED_FACE('',(#14991),#15010,.F.);
#14991 = FACE_BOUND('',#14992,.T.);
#14992 = EDGE_LOOP('',(#14993,#14994,#15002,#15008,#15009));
#14993 = ORIENTED_EDGE('',*,*,#4974,.F.);
#14994 = ORIENTED_EDGE('',*,*,#14995,.F.);
#14995 = EDGE_CURVE('',#14996,#4967,#14998,.T.);
#14996 = VERTEX_POINT('',#14997);
#14997 = CARTESIAN_POINT('',(-9.469017118232,6.100029947097,
    13.000000114596));
#14998 = LINE('',#14999,#15000);
#14999 = CARTESIAN_POINT('',(-9.469017118232,6.100029947097,
    13.000000114596));
#15000 = VECTOR('',#15001,1.);
#15001 = DIRECTION('',(-3.491481338843E-15,-3.657132581847E-29,1.));
#15002 = ORIENTED_EDGE('',*,*,#15003,.F.);
#15003 = EDGE_CURVE('',#5711,#14996,#15004,.T.);
#15004 = LINE('',#15005,#15006);
#15005 = CARTESIAN_POINT('',(-9.516184118789,7.000029931864,
    13.000000114596));
#15006 = VECTOR('',#15007,1.);
#15007 = DIRECTION('',(5.233595624293E-02,-0.998629534755,
    1.827300145726E-16));
#15008 = ORIENTED_EDGE('',*,*,#5710,.T.);
#15009 = ORIENTED_EDGE('',*,*,#13474,.F.);
#15010 = PLANE('',#15011);
#15011 = AXIS2_PLACEMENT_3D('',#15012,#15013,#15014);
#15012 = CARTESIAN_POINT('',(-9.516184118789,7.000029931864,
    13.000000114596));
#15013 = DIRECTION('',(-0.998629534755,-5.233595624293E-02,
    -3.486696385012E-15));
#15014 = DIRECTION('',(3.491481338841E-15,-4.466924875814E-29,-1.));
#15015 = ADVANCED_FACE('',(#15016),#15035,.F.);
#15016 = FACE_BOUND('',#15017,.T.);
#15017 = EDGE_LOOP('',(#15018,#15019,#15027,#15033,#15034));
#15018 = ORIENTED_EDGE('',*,*,#5726,.F.);
#15019 = ORIENTED_EDGE('',*,*,#15020,.F.);
#15020 = EDGE_CURVE('',#15021,#5719,#15023,.T.);
#15021 = VERTEX_POINT('',#15022);
#15022 = CARTESIAN_POINT('',(-8.519017134312,5.732872665787,
    13.000000114596));
#15023 = LINE('',#15024,#15025);
#15024 = CARTESIAN_POINT('',(-8.519017134312,5.732872665787,
    13.000000114596));
#15025 = VECTOR('',#15026,1.);
#15026 = DIRECTION('',(-1.047444401653E-14,1.,0.));
#15027 = ORIENTED_EDGE('',*,*,#15028,.T.);
#15028 = EDGE_CURVE('',#15021,#4925,#15029,.T.);
#15029 = LINE('',#15030,#15031);
#15030 = CARTESIAN_POINT('',(-8.519017134312,5.732872665787,
    13.000000114596));
#15031 = VECTOR('',#15032,1.);
#15032 = DIRECTION('',(-3.491481338843E-15,-3.657132581847E-29,1.));
#15033 = ORIENTED_EDGE('',*,*,#4924,.T.);
#15034 = ORIENTED_EDGE('',*,*,#13500,.F.);
#15035 = PLANE('',#15036);
#15036 = AXIS2_PLACEMENT_3D('',#15037,#15038,#15039);
#15037 = CARTESIAN_POINT('',(-8.519017134312,5.732872665787,
    13.000000114596));
#15038 = DIRECTION('',(1.,1.047444401653E-14,3.491481338843E-15));
#15039 = DIRECTION('',(3.491481338843E-15,3.657132581847E-29,-1.));
#15040 = ADVANCED_FACE('',(#15041),#15059,.F.);
#15041 = FACE_BOUND('',#15042,.T.);
#15042 = EDGE_LOOP('',(#15043,#15044,#15052,#15058));
#15043 = ORIENTED_EDGE('',*,*,#4966,.T.);
#15044 = ORIENTED_EDGE('',*,*,#15045,.F.);
#15045 = EDGE_CURVE('',#15046,#4959,#15048,.T.);
#15046 = VERTEX_POINT('',#15047);
#15047 = CARTESIAN_POINT('',(-9.469017118232,5.300029960638,
    13.000000114596));
#15048 = LINE('',#15049,#15050);
#15049 = CARTESIAN_POINT('',(-9.469017118232,5.300029960638,
    13.000000114596));
#15050 = VECTOR('',#15051,1.);
#15051 = DIRECTION('',(-3.491481338843E-15,-3.657132581847E-29,1.));
#15052 = ORIENTED_EDGE('',*,*,#15053,.F.);
#15053 = EDGE_CURVE('',#14996,#15046,#15054,.T.);
#15054 = LINE('',#15055,#15056);
#15055 = CARTESIAN_POINT('',(-9.469017118232,6.100029947097,
    13.000000114596));
#15056 = VECTOR('',#15057,1.);
#15057 = DIRECTION('',(1.047444401653E-14,-1.,0.));
#15058 = ORIENTED_EDGE('',*,*,#14995,.T.);
#15059 = PLANE('',#15060);
#15060 = AXIS2_PLACEMENT_3D('',#15061,#15062,#15063);
#15061 = CARTESIAN_POINT('',(-9.469017118232,6.100029947097,
    13.000000114596));
#15062 = DIRECTION('',(-1.,-1.047444401653E-14,-3.491481338843E-15));
#15063 = DIRECTION('',(1.047444401653E-14,-1.,0.));
#15064 = ADVANCED_FACE('',(#15065),#15083,.F.);
#15065 = FACE_BOUND('',#15066,.T.);
#15066 = EDGE_LOOP('',(#15067,#15068,#15076,#15082));
#15067 = ORIENTED_EDGE('',*,*,#4958,.T.);
#15068 = ORIENTED_EDGE('',*,*,#15069,.F.);
#15069 = EDGE_CURVE('',#15070,#4950,#15072,.T.);
#15070 = VERTEX_POINT('',#15071);
#15071 = CARTESIAN_POINT('',(-8.95185983946,5.300029960638,
    13.000000114596));
#15072 = LINE('',#15073,#15074);
#15073 = CARTESIAN_POINT('',(-8.95185983946,5.300029960638,
    13.000000114596));
#15074 = VECTOR('',#15075,1.);
#15075 = DIRECTION('',(-3.491481338843E-15,-3.657132581847E-29,1.));
#15076 = ORIENTED_EDGE('',*,*,#15077,.F.);
#15077 = EDGE_CURVE('',#15046,#15070,#15078,.T.);
#15078 = LINE('',#15079,#15080);
#15079 = CARTESIAN_POINT('',(-9.469017118232,5.300029960638,
    13.000000114596));
#15080 = VECTOR('',#15081,1.);
#15081 = DIRECTION('',(1.,1.047444401653E-14,3.491481338843E-15));
#15082 = ORIENTED_EDGE('',*,*,#15045,.T.);
#15083 = PLANE('',#15084);
#15084 = AXIS2_PLACEMENT_3D('',#15085,#15086,#15087);
#15085 = CARTESIAN_POINT('',(-9.469017118232,5.300029960638,
    13.000000114596));
#15086 = DIRECTION('',(1.047444401653E-14,-1.,0.));
#15087 = DIRECTION('',(-3.491481338843E-15,-3.657132581847E-29,1.));
#15088 = ADVANCED_FACE('',(#15089),#15108,.F.);
#15089 = FACE_BOUND('',#15090,.F.);
#15090 = EDGE_LOOP('',(#15091,#15092,#15101,#15107));
#15091 = ORIENTED_EDGE('',*,*,#15069,.F.);
#15092 = ORIENTED_EDGE('',*,*,#15093,.T.);
#15093 = EDGE_CURVE('',#15070,#15094,#15096,.T.);
#15094 = VERTEX_POINT('',#15095);
#15095 = CARTESIAN_POINT('',(-8.810438485617,5.35860860341,
    13.000000114596));
#15096 = CIRCLE('',#15097,0.199999996615);
#15097 = AXIS2_PLACEMENT_3D('',#15098,#15099,#15100);
#15098 = CARTESIAN_POINT('',(-8.95185983946,5.500029957253,
    13.000000114596));
#15099 = DIRECTION('',(-3.491481338843E-15,-3.657132581847E-29,1.));
#15100 = DIRECTION('',(8.673617379884E-15,-1.,-6.287552596341E-30));
#15101 = ORIENTED_EDGE('',*,*,#15102,.T.);
#15102 = EDGE_CURVE('',#15094,#4942,#15103,.T.);
#15103 = LINE('',#15104,#15105);
#15104 = CARTESIAN_POINT('',(-8.810438485617,5.35860860341,
    13.000000114596));
#15105 = VECTOR('',#15106,1.);
#15106 = DIRECTION('',(-3.491481338843E-15,-3.657132581847E-29,1.));
#15107 = ORIENTED_EDGE('',*,*,#4949,.F.);
#15108 = CYLINDRICAL_SURFACE('',#15109,0.199999996615);
#15109 = AXIS2_PLACEMENT_3D('',#15110,#15111,#15112);
#15110 = CARTESIAN_POINT('',(-8.95185983946,5.500029957253,
    13.000000114596));
#15111 = DIRECTION('',(-3.491481338843E-15,-3.657132581847E-29,1.));
#15112 = DIRECTION('',(-1.,-8.673617379884E-15,-3.491481338843E-15));
#15113 = ADVANCED_FACE('',(#15114),#15132,.F.);
#15114 = FACE_BOUND('',#15115,.T.);
#15115 = EDGE_LOOP('',(#15116,#15117,#15125,#15131));
#15116 = ORIENTED_EDGE('',*,*,#4941,.T.);
#15117 = ORIENTED_EDGE('',*,*,#15118,.F.);
#15118 = EDGE_CURVE('',#15119,#4933,#15121,.T.);
#15119 = VERTEX_POINT('',#15120);
#15120 = CARTESIAN_POINT('',(-8.577595777083,5.591451311943,
    13.000000114596));
#15121 = LINE('',#15122,#15123);
#15122 = CARTESIAN_POINT('',(-8.577595777083,5.591451311943,
    13.000000114596));
#15123 = VECTOR('',#15124,1.);
#15124 = DIRECTION('',(-3.491481338843E-15,-3.657132581847E-29,1.));
#15125 = ORIENTED_EDGE('',*,*,#15126,.F.);
#15126 = EDGE_CURVE('',#15094,#15119,#15127,.T.);
#15127 = LINE('',#15128,#15129);
#15128 = CARTESIAN_POINT('',(-8.810438485617,5.35860860341,
    13.000000114596));
#15129 = VECTOR('',#15130,1.);
#15130 = DIRECTION('',(0.707106781187,0.707106781187,2.46885013108E-15)
  );
#15131 = ORIENTED_EDGE('',*,*,#15102,.T.);
#15132 = PLANE('',#15133);
#15133 = AXIS2_PLACEMENT_3D('',#15134,#15135,#15136);
#15134 = CARTESIAN_POINT('',(-8.810438485617,5.35860860341,
    13.000000114596));
#15135 = DIRECTION('',(0.707106781187,-0.707106781187,2.46885013108E-15)
  );
#15136 = DIRECTION('',(3.491481338842E-15,1.256458206791E-27,-1.));
#15137 = ADVANCED_FACE('',(#15138),#15150,.F.);
#15138 = FACE_BOUND('',#15139,.F.);
#15139 = EDGE_LOOP('',(#15140,#15141,#15148,#15149));
#15140 = ORIENTED_EDGE('',*,*,#15118,.F.);
#15141 = ORIENTED_EDGE('',*,*,#15142,.T.);
#15142 = EDGE_CURVE('',#15119,#15021,#15143,.T.);
#15143 = CIRCLE('',#15144,0.199999996615);
#15144 = AXIS2_PLACEMENT_3D('',#15145,#15146,#15147);
#15145 = CARTESIAN_POINT('',(-8.719017130927,5.732872665787,
    13.000000114596));
#15146 = DIRECTION('',(-3.491481338843E-15,-3.657132581847E-29,1.));
#15147 = DIRECTION('',(8.673617379884E-15,-1.,-6.287552596341E-30));
#15148 = ORIENTED_EDGE('',*,*,#15028,.T.);
#15149 = ORIENTED_EDGE('',*,*,#4932,.F.);
#15150 = CYLINDRICAL_SURFACE('',#15151,0.199999996615);
#15151 = AXIS2_PLACEMENT_3D('',#15152,#15153,#15154);
#15152 = CARTESIAN_POINT('',(-8.719017130927,5.732872665787,
    13.000000114596));
#15153 = DIRECTION('',(-3.491481338843E-15,-3.657132581847E-29,1.));
#15154 = DIRECTION('',(-1.,-8.673617379884E-15,-3.491481338843E-15));
#15155 = ADVANCED_FACE('',(#15156),#15166,.T.);
#15156 = FACE_BOUND('',#15157,.T.);
#15157 = EDGE_LOOP('',(#15158,#15159,#15160,#15161,#15162,#15163,#15164,
    #15165));
#15158 = ORIENTED_EDGE('',*,*,#5718,.T.);
#15159 = ORIENTED_EDGE('',*,*,#15003,.T.);
#15160 = ORIENTED_EDGE('',*,*,#15053,.T.);
#15161 = ORIENTED_EDGE('',*,*,#15077,.T.);
#15162 = ORIENTED_EDGE('',*,*,#15093,.T.);
#15163 = ORIENTED_EDGE('',*,*,#15126,.T.);
#15164 = ORIENTED_EDGE('',*,*,#15142,.T.);
#15165 = ORIENTED_EDGE('',*,*,#15020,.T.);
#15166 = PLANE('',#15167);
#15167 = AXIS2_PLACEMENT_3D('',#15168,#15169,#15170);
#15168 = CARTESIAN_POINT('',(-8.95185983946,5.500029957253,
    13.000000114596));
#15169 = DIRECTION('',(-3.491481338843E-15,-3.657132581847E-29,1.));
#15170 = DIRECTION('',(1.047444401653E-14,-1.,2.129973665774E-43));
#15171 = ADVANCED_FACE('',(#15172),#15191,.F.);
#15172 = FACE_BOUND('',#15173,.T.);
#15173 = EDGE_LOOP('',(#15174,#15175,#15183,#15189,#15190));
#15174 = ORIENTED_EDGE('',*,*,#4908,.F.);
#15175 = ORIENTED_EDGE('',*,*,#15176,.F.);
#15176 = EDGE_CURVE('',#15177,#4901,#15179,.T.);
#15177 = VERTEX_POINT('',#15178);
#15178 = CARTESIAN_POINT('',(-4.469017202863,6.100029947097,
    13.000000114596));
#15179 = LINE('',#15180,#15181);
#15180 = CARTESIAN_POINT('',(-4.469017202863,6.100029947097,
    13.000000114596));
#15181 = VECTOR('',#15182,1.);
#15182 = DIRECTION('',(-3.491481338843E-15,-3.657132581847E-29,1.));
#15183 = ORIENTED_EDGE('',*,*,#15184,.F.);
#15184 = EDGE_CURVE('',#5743,#15177,#15185,.T.);
#15185 = LINE('',#15186,#15187);
#15186 = CARTESIAN_POINT('',(-4.516184203419,7.000029931864,
    13.000000114596));
#15187 = VECTOR('',#15188,1.);
#15188 = DIRECTION('',(5.233595624293E-02,-0.998629534755,
    1.827300145726E-16));
#15189 = ORIENTED_EDGE('',*,*,#5742,.T.);
#15190 = ORIENTED_EDGE('',*,*,#13492,.F.);
#15191 = PLANE('',#15192);
#15192 = AXIS2_PLACEMENT_3D('',#15193,#15194,#15195);
#15193 = CARTESIAN_POINT('',(-4.516184203419,7.000029931864,
    13.000000114596));
#15194 = DIRECTION('',(-0.998629534755,-5.233595624293E-02,
    -3.486696385012E-15));
#15195 = DIRECTION('',(3.491481338841E-15,-4.466924875814E-29,-1.));
#15196 = ADVANCED_FACE('',(#15197),#15216,.F.);
#15197 = FACE_BOUND('',#15198,.T.);
#15198 = EDGE_LOOP('',(#15199,#15200,#15208,#15214,#15215));
#15199 = ORIENTED_EDGE('',*,*,#5758,.F.);
#15200 = ORIENTED_EDGE('',*,*,#15201,.F.);
#15201 = EDGE_CURVE('',#15202,#5751,#15204,.T.);
#15202 = VERTEX_POINT('',#15203);
#15203 = CARTESIAN_POINT('',(-3.519017218943,5.732872665787,
    13.000000114596));
#15204 = LINE('',#15205,#15206);
#15205 = CARTESIAN_POINT('',(-3.519017218943,5.732872665787,
    13.000000114596));
#15206 = VECTOR('',#15207,1.);
#15207 = DIRECTION('',(-1.047444401653E-14,1.,0.));
#15208 = ORIENTED_EDGE('',*,*,#15209,.T.);
#15209 = EDGE_CURVE('',#15202,#4859,#15210,.T.);
#15210 = LINE('',#15211,#15212);
#15211 = CARTESIAN_POINT('',(-3.519017218943,5.732872665787,
    13.000000114596));
#15212 = VECTOR('',#15213,1.);
#15213 = DIRECTION('',(-3.491481338843E-15,-3.657132581847E-29,1.));
#15214 = ORIENTED_EDGE('',*,*,#4858,.T.);
#15215 = ORIENTED_EDGE('',*,*,#5370,.F.);
#15216 = PLANE('',#15217);
#15217 = AXIS2_PLACEMENT_3D('',#15218,#15219,#15220);
#15218 = CARTESIAN_POINT('',(-3.519017218943,5.732872665787,
    13.000000114596));
#15219 = DIRECTION('',(1.,1.047444401653E-14,3.491481338843E-15));
#15220 = DIRECTION('',(3.491481338843E-15,3.657132581847E-29,-1.));
#15221 = ADVANCED_FACE('',(#15222),#15240,.F.);
#15222 = FACE_BOUND('',#15223,.T.);
#15223 = EDGE_LOOP('',(#15224,#15225,#15233,#15239));
#15224 = ORIENTED_EDGE('',*,*,#4900,.T.);
#15225 = ORIENTED_EDGE('',*,*,#15226,.F.);
#15226 = EDGE_CURVE('',#15227,#4893,#15229,.T.);
#15227 = VERTEX_POINT('',#15228);
#15228 = CARTESIAN_POINT('',(-4.469017202863,5.300029960638,
    13.000000114596));
#15229 = LINE('',#15230,#15231);
#15230 = CARTESIAN_POINT('',(-4.469017202863,5.300029960638,
    13.000000114596));
#15231 = VECTOR('',#15232,1.);
#15232 = DIRECTION('',(-3.491481338843E-15,-3.657132581847E-29,1.));
#15233 = ORIENTED_EDGE('',*,*,#15234,.F.);
#15234 = EDGE_CURVE('',#15177,#15227,#15235,.T.);
#15235 = LINE('',#15236,#15237);
#15236 = CARTESIAN_POINT('',(-4.469017202863,6.100029947097,
    13.000000114596));
#15237 = VECTOR('',#15238,1.);
#15238 = DIRECTION('',(1.047444401653E-14,-1.,0.));
#15239 = ORIENTED_EDGE('',*,*,#15176,.T.);
#15240 = PLANE('',#15241);
#15241 = AXIS2_PLACEMENT_3D('',#15242,#15243,#15244);
#15242 = CARTESIAN_POINT('',(-4.469017202863,6.100029947097,
    13.000000114596));
#15243 = DIRECTION('',(-1.,-1.047444401653E-14,-3.491481338843E-15));
#15244 = DIRECTION('',(1.047444401653E-14,-1.,0.));
#15245 = ADVANCED_FACE('',(#15246),#15264,.F.);
#15246 = FACE_BOUND('',#15247,.T.);
#15247 = EDGE_LOOP('',(#15248,#15249,#15257,#15263));
#15248 = ORIENTED_EDGE('',*,*,#4892,.T.);
#15249 = ORIENTED_EDGE('',*,*,#15250,.F.);
#15250 = EDGE_CURVE('',#15251,#4884,#15253,.T.);
#15251 = VERTEX_POINT('',#15252);
#15252 = CARTESIAN_POINT('',(-3.951859924091,5.300029960638,
    13.000000114596));
#15253 = LINE('',#15254,#15255);
#15254 = CARTESIAN_POINT('',(-3.951859924091,5.300029960638,
    13.000000114596));
#15255 = VECTOR('',#15256,1.);
#15256 = DIRECTION('',(-3.491481338843E-15,-3.657132581847E-29,1.));
#15257 = ORIENTED_EDGE('',*,*,#15258,.F.);
#15258 = EDGE_CURVE('',#15227,#15251,#15259,.T.);
#15259 = LINE('',#15260,#15261);
#15260 = CARTESIAN_POINT('',(-4.469017202863,5.300029960638,
    13.000000114596));
#15261 = VECTOR('',#15262,1.);
#15262 = DIRECTION('',(1.,1.047444401653E-14,3.491481338843E-15));
#15263 = ORIENTED_EDGE('',*,*,#15226,.T.);
#15264 = PLANE('',#15265);
#15265 = AXIS2_PLACEMENT_3D('',#15266,#15267,#15268);
#15266 = CARTESIAN_POINT('',(-4.469017202863,5.300029960638,
    13.000000114596));
#15267 = DIRECTION('',(1.047444401653E-14,-1.,0.));
#15268 = DIRECTION('',(-3.491481338843E-15,-3.657132581847E-29,1.));
#15269 = ADVANCED_FACE('',(#15270),#15289,.F.);
#15270 = FACE_BOUND('',#15271,.F.);
#15271 = EDGE_LOOP('',(#15272,#15273,#15282,#15288));
#15272 = ORIENTED_EDGE('',*,*,#15250,.F.);
#15273 = ORIENTED_EDGE('',*,*,#15274,.T.);
#15274 = EDGE_CURVE('',#15251,#15275,#15277,.T.);
#15275 = VERTEX_POINT('',#15276);
#15276 = CARTESIAN_POINT('',(-3.810438570247,5.35860860341,
    13.000000114596));
#15277 = CIRCLE('',#15278,0.199999996615);
#15278 = AXIS2_PLACEMENT_3D('',#15279,#15280,#15281);
#15279 = CARTESIAN_POINT('',(-3.951859924091,5.500029957253,
    13.000000114596));
#15280 = DIRECTION('',(-3.491481338843E-15,-3.657132581847E-29,1.));
#15281 = DIRECTION('',(8.673617379884E-15,-1.,-6.287552596341E-30));
#15282 = ORIENTED_EDGE('',*,*,#15283,.T.);
#15283 = EDGE_CURVE('',#15275,#4876,#15284,.T.);
#15284 = LINE('',#15285,#15286);
#15285 = CARTESIAN_POINT('',(-3.810438570247,5.35860860341,
    13.000000114596));
#15286 = VECTOR('',#15287,1.);
#15287 = DIRECTION('',(-3.491481338843E-15,-3.657132581847E-29,1.));
#15288 = ORIENTED_EDGE('',*,*,#4883,.F.);
#15289 = CYLINDRICAL_SURFACE('',#15290,0.199999996615);
#15290 = AXIS2_PLACEMENT_3D('',#15291,#15292,#15293);
#15291 = CARTESIAN_POINT('',(-3.951859924091,5.500029957253,
    13.000000114596));
#15292 = DIRECTION('',(-3.491481338843E-15,-3.657132581847E-29,1.));
#15293 = DIRECTION('',(-1.,-8.673617379884E-15,-3.491481338843E-15));
#15294 = ADVANCED_FACE('',(#15295),#15313,.F.);
#15295 = FACE_BOUND('',#15296,.T.);
#15296 = EDGE_LOOP('',(#15297,#15298,#15306,#15312));
#15297 = ORIENTED_EDGE('',*,*,#4875,.T.);
#15298 = ORIENTED_EDGE('',*,*,#15299,.F.);
#15299 = EDGE_CURVE('',#15300,#4867,#15302,.T.);
#15300 = VERTEX_POINT('',#15301);
#15301 = CARTESIAN_POINT('',(-3.577595861714,5.591451311943,
    13.000000114596));
#15302 = LINE('',#15303,#15304);
#15303 = CARTESIAN_POINT('',(-3.577595861714,5.591451311943,
    13.000000114596));
#15304 = VECTOR('',#15305,1.);
#15305 = DIRECTION('',(-3.491481338843E-15,-3.657132581847E-29,1.));
#15306 = ORIENTED_EDGE('',*,*,#15307,.F.);
#15307 = EDGE_CURVE('',#15275,#15300,#15308,.T.);
#15308 = LINE('',#15309,#15310);
#15309 = CARTESIAN_POINT('',(-3.810438570247,5.35860860341,
    13.000000114596));
#15310 = VECTOR('',#15311,1.);
#15311 = DIRECTION('',(0.707106781187,0.707106781187,2.46885013108E-15)
  );
#15312 = ORIENTED_EDGE('',*,*,#15283,.T.);
#15313 = PLANE('',#15314);
#15314 = AXIS2_PLACEMENT_3D('',#15315,#15316,#15317);
#15315 = CARTESIAN_POINT('',(-3.810438570247,5.35860860341,
    13.000000114596));
#15316 = DIRECTION('',(0.707106781187,-0.707106781187,2.46885013108E-15)
  );
#15317 = DIRECTION('',(3.491481338842E-15,1.256458206791E-27,-1.));
#15318 = ADVANCED_FACE('',(#15319),#15331,.F.);
#15319 = FACE_BOUND('',#15320,.F.);
#15320 = EDGE_LOOP('',(#15321,#15322,#15329,#15330));
#15321 = ORIENTED_EDGE('',*,*,#15299,.F.);
#15322 = ORIENTED_EDGE('',*,*,#15323,.T.);
#15323 = EDGE_CURVE('',#15300,#15202,#15324,.T.);
#15324 = CIRCLE('',#15325,0.199999996615);
#15325 = AXIS2_PLACEMENT_3D('',#15326,#15327,#15328);
#15326 = CARTESIAN_POINT('',(-3.719017215558,5.732872665787,
    13.000000114596));
#15327 = DIRECTION('',(-3.491481338843E-15,-3.657132581847E-29,1.));
#15328 = DIRECTION('',(8.673617379884E-15,-1.,-6.287552596341E-30));
#15329 = ORIENTED_EDGE('',*,*,#15209,.T.);
#15330 = ORIENTED_EDGE('',*,*,#4866,.F.);
#15331 = CYLINDRICAL_SURFACE('',#15332,0.199999996615);
#15332 = AXIS2_PLACEMENT_3D('',#15333,#15334,#15335);
#15333 = CARTESIAN_POINT('',(-3.719017215558,5.732872665787,
    13.000000114596));
#15334 = DIRECTION('',(-3.491481338843E-15,-3.657132581847E-29,1.));
#15335 = DIRECTION('',(-1.,-8.673617379884E-15,-3.491481338843E-15));
#15336 = ADVANCED_FACE('',(#15337),#15347,.T.);
#15337 = FACE_BOUND('',#15338,.T.);
#15338 = EDGE_LOOP('',(#15339,#15340,#15341,#15342,#15343,#15344,#15345,
    #15346));
#15339 = ORIENTED_EDGE('',*,*,#5750,.T.);
#15340 = ORIENTED_EDGE('',*,*,#15184,.T.);
#15341 = ORIENTED_EDGE('',*,*,#15234,.T.);
#15342 = ORIENTED_EDGE('',*,*,#15258,.T.);
#15343 = ORIENTED_EDGE('',*,*,#15274,.T.);
#15344 = ORIENTED_EDGE('',*,*,#15307,.T.);
#15345 = ORIENTED_EDGE('',*,*,#15323,.T.);
#15346 = ORIENTED_EDGE('',*,*,#15201,.T.);
#15347 = PLANE('',#15348);
#15348 = AXIS2_PLACEMENT_3D('',#15349,#15350,#15351);
#15349 = CARTESIAN_POINT('',(-3.951859924091,5.500029957253,
    13.000000114596));
#15350 = DIRECTION('',(-3.491481338843E-15,-3.657132581847E-29,1.));
#15351 = DIRECTION('',(1.047444401653E-14,-1.,2.129973665774E-43));
#15352 = ADVANCED_FACE('',(#15353),#15372,.F.);
#15353 = FACE_BOUND('',#15354,.T.);
#15354 = EDGE_LOOP('',(#15355,#15356,#15364,#15370,#15371));
#15355 = ORIENTED_EDGE('',*,*,#4842,.F.);
#15356 = ORIENTED_EDGE('',*,*,#15357,.F.);
#15357 = EDGE_CURVE('',#15358,#4835,#15360,.T.);
#15358 = VERTEX_POINT('',#15359);
#15359 = CARTESIAN_POINT('',(0.530982712506,6.100029947098,
    13.000000114596));
#15360 = LINE('',#15361,#15362);
#15361 = CARTESIAN_POINT('',(0.530982712506,6.100029947098,
    13.000000114596));
#15362 = VECTOR('',#15363,1.);
#15363 = DIRECTION('',(-3.491481338843E-15,-3.657132581847E-29,1.));
#15364 = ORIENTED_EDGE('',*,*,#15365,.F.);
#15365 = EDGE_CURVE('',#5387,#15358,#15366,.T.);
#15366 = LINE('',#15367,#15368);
#15367 = CARTESIAN_POINT('',(0.48381571195,7.000029931864,
    13.000000114596));
#15368 = VECTOR('',#15369,1.);
#15369 = DIRECTION('',(5.233595624293E-02,-0.998629534755,
    1.827300145726E-16));
#15370 = ORIENTED_EDGE('',*,*,#5386,.T.);
#15371 = ORIENTED_EDGE('',*,*,#5353,.F.);
#15372 = PLANE('',#15373);
#15373 = AXIS2_PLACEMENT_3D('',#15374,#15375,#15376);
#15374 = CARTESIAN_POINT('',(0.48381571195,7.000029931864,
    13.000000114596));
#15375 = DIRECTION('',(-0.998629534755,-5.233595624293E-02,
    -3.486696385012E-15));
#15376 = DIRECTION('',(3.491481338841E-15,-4.466924875814E-29,-1.));
#15377 = ADVANCED_FACE('',(#15378),#15397,.F.);
#15378 = FACE_BOUND('',#15379,.T.);
#15379 = EDGE_LOOP('',(#15380,#15381,#15389,#15395,#15396));
#15380 = ORIENTED_EDGE('',*,*,#5402,.F.);
#15381 = ORIENTED_EDGE('',*,*,#15382,.F.);
#15382 = EDGE_CURVE('',#15383,#5395,#15385,.T.);
#15383 = VERTEX_POINT('',#15384);
#15384 = CARTESIAN_POINT('',(1.480982696426,5.732872665787,
    13.000000114596));
#15385 = LINE('',#15386,#15387);
#15386 = CARTESIAN_POINT('',(1.480982696426,5.732872665787,
    13.000000114596));
#15387 = VECTOR('',#15388,1.);
#15388 = DIRECTION('',(-1.047444401653E-14,1.,0.));
#15389 = ORIENTED_EDGE('',*,*,#15390,.T.);
#15390 = EDGE_CURVE('',#15383,#4793,#15391,.T.);
#15391 = LINE('',#15392,#15393);
#15392 = CARTESIAN_POINT('',(1.480982696426,5.732872665787,
    13.000000114596));
#15393 = VECTOR('',#15394,1.);
#15394 = DIRECTION('',(-3.491481338843E-15,-3.657132581847E-29,1.));
#15395 = ORIENTED_EDGE('',*,*,#4792,.T.);
#15396 = ORIENTED_EDGE('',*,*,#5773,.F.);
#15397 = PLANE('',#15398);
#15398 = AXIS2_PLACEMENT_3D('',#15399,#15400,#15401);
#15399 = CARTESIAN_POINT('',(1.480982696426,5.732872665787,
    13.000000114596));
#15400 = DIRECTION('',(1.,1.047444401653E-14,3.491481338843E-15));
#15401 = DIRECTION('',(3.491481338843E-15,3.657132581847E-29,-1.));
#15402 = ADVANCED_FACE('',(#15403),#15421,.F.);
#15403 = FACE_BOUND('',#15404,.T.);
#15404 = EDGE_LOOP('',(#15405,#15406,#15414,#15420));
#15405 = ORIENTED_EDGE('',*,*,#4834,.T.);
#15406 = ORIENTED_EDGE('',*,*,#15407,.F.);
#15407 = EDGE_CURVE('',#15408,#4827,#15410,.T.);
#15408 = VERTEX_POINT('',#15409);
#15409 = CARTESIAN_POINT('',(0.530982712506,5.300029960638,
    13.000000114596));
#15410 = LINE('',#15411,#15412);
#15411 = CARTESIAN_POINT('',(0.530982712506,5.300029960638,
    13.000000114596));
#15412 = VECTOR('',#15413,1.);
#15413 = DIRECTION('',(-3.491481338843E-15,-3.657132581847E-29,1.));
#15414 = ORIENTED_EDGE('',*,*,#15415,.F.);
#15415 = EDGE_CURVE('',#15358,#15408,#15416,.T.);
#15416 = LINE('',#15417,#15418);
#15417 = CARTESIAN_POINT('',(0.530982712506,6.100029947098,
    13.000000114596));
#15418 = VECTOR('',#15419,1.);
#15419 = DIRECTION('',(1.047444401653E-14,-1.,0.));
#15420 = ORIENTED_EDGE('',*,*,#15357,.T.);
#15421 = PLANE('',#15422);
#15422 = AXIS2_PLACEMENT_3D('',#15423,#15424,#15425);
#15423 = CARTESIAN_POINT('',(0.530982712506,6.100029947098,
    13.000000114596));
#15424 = DIRECTION('',(-1.,-1.047444401653E-14,-3.491481338843E-15));
#15425 = DIRECTION('',(1.047444401653E-14,-1.,0.));
#15426 = ADVANCED_FACE('',(#15427),#15445,.F.);
#15427 = FACE_BOUND('',#15428,.T.);
#15428 = EDGE_LOOP('',(#15429,#15430,#15438,#15444));
#15429 = ORIENTED_EDGE('',*,*,#4826,.T.);
#15430 = ORIENTED_EDGE('',*,*,#15431,.F.);
#15431 = EDGE_CURVE('',#15432,#4818,#15434,.T.);
#15432 = VERTEX_POINT('',#15433);
#15433 = CARTESIAN_POINT('',(1.048139991278,5.300029960638,
    13.000000114596));
#15434 = LINE('',#15435,#15436);
#15435 = CARTESIAN_POINT('',(1.048139991278,5.300029960638,
    13.000000114596));
#15436 = VECTOR('',#15437,1.);
#15437 = DIRECTION('',(-3.491481338843E-15,-3.657132581847E-29,1.));
#15438 = ORIENTED_EDGE('',*,*,#15439,.F.);
#15439 = EDGE_CURVE('',#15408,#15432,#15440,.T.);
#15440 = LINE('',#15441,#15442);
#15441 = CARTESIAN_POINT('',(0.530982712506,5.300029960638,
    13.000000114596));
#15442 = VECTOR('',#15443,1.);
#15443 = DIRECTION('',(1.,1.047444401653E-14,3.491481338843E-15));
#15444 = ORIENTED_EDGE('',*,*,#15407,.T.);
#15445 = PLANE('',#15446);
#15446 = AXIS2_PLACEMENT_3D('',#15447,#15448,#15449);
#15447 = CARTESIAN_POINT('',(0.530982712506,5.300029960638,
    13.000000114596));
#15448 = DIRECTION('',(1.047444401653E-14,-1.,0.));
#15449 = DIRECTION('',(-3.491481338843E-15,-3.657132581847E-29,1.));
#15450 = ADVANCED_FACE('',(#15451),#15470,.F.);
#15451 = FACE_BOUND('',#15452,.F.);
#15452 = EDGE_LOOP('',(#15453,#15454,#15463,#15469));
#15453 = ORIENTED_EDGE('',*,*,#15431,.F.);
#15454 = ORIENTED_EDGE('',*,*,#15455,.T.);
#15455 = EDGE_CURVE('',#15432,#15456,#15458,.T.);
#15456 = VERTEX_POINT('',#15457);
#15457 = CARTESIAN_POINT('',(1.189561345122,5.35860860341,
    13.000000114596));
#15458 = CIRCLE('',#15459,0.199999996615);
#15459 = AXIS2_PLACEMENT_3D('',#15460,#15461,#15462);
#15460 = CARTESIAN_POINT('',(1.048139991278,5.500029957253,
    13.000000114596));
#15461 = DIRECTION('',(-3.491481338843E-15,-3.657132581847E-29,1.));
#15462 = DIRECTION('',(1.029992063861E-14,-1.,-6.093451171993E-31));
#15463 = ORIENTED_EDGE('',*,*,#15464,.T.);
#15464 = EDGE_CURVE('',#15456,#4810,#15465,.T.);
#15465 = LINE('',#15466,#15467);
#15466 = CARTESIAN_POINT('',(1.189561345122,5.35860860341,
    13.000000114596));
#15467 = VECTOR('',#15468,1.);
#15468 = DIRECTION('',(-3.491481338843E-15,-3.657132581847E-29,1.));
#15469 = ORIENTED_EDGE('',*,*,#4817,.F.);
#15470 = CYLINDRICAL_SURFACE('',#15471,0.199999996615);
#15471 = AXIS2_PLACEMENT_3D('',#15472,#15473,#15474);
#15472 = CARTESIAN_POINT('',(1.048139991278,5.500029957253,
    13.000000114596));
#15473 = DIRECTION('',(-3.491481338843E-15,-3.657132581847E-29,1.));
#15474 = DIRECTION('',(-1.,-8.673617379884E-15,-3.491481338843E-15));
#15475 = ADVANCED_FACE('',(#15476),#15494,.F.);
#15476 = FACE_BOUND('',#15477,.T.);
#15477 = EDGE_LOOP('',(#15478,#15479,#15487,#15493));
#15478 = ORIENTED_EDGE('',*,*,#4809,.T.);
#15479 = ORIENTED_EDGE('',*,*,#15480,.F.);
#15480 = EDGE_CURVE('',#15481,#4801,#15483,.T.);
#15481 = VERTEX_POINT('',#15482);
#15482 = CARTESIAN_POINT('',(1.422404053655,5.591451311943,
    13.000000114596));
#15483 = LINE('',#15484,#15485);
#15484 = CARTESIAN_POINT('',(1.422404053655,5.591451311943,
    13.000000114596));
#15485 = VECTOR('',#15486,1.);
#15486 = DIRECTION('',(-3.491481338843E-15,-3.657132581847E-29,1.));
#15487 = ORIENTED_EDGE('',*,*,#15488,.F.);
#15488 = EDGE_CURVE('',#15456,#15481,#15489,.T.);
#15489 = LINE('',#15490,#15491);
#15490 = CARTESIAN_POINT('',(1.189561345122,5.35860860341,
    13.000000114596));
#15491 = VECTOR('',#15492,1.);
#15492 = DIRECTION('',(0.707106781187,0.707106781187,2.46885013108E-15)
  );
#15493 = ORIENTED_EDGE('',*,*,#15464,.T.);
#15494 = PLANE('',#15495);
#15495 = AXIS2_PLACEMENT_3D('',#15496,#15497,#15498);
#15496 = CARTESIAN_POINT('',(1.189561345122,5.35860860341,
    13.000000114596));
#15497 = DIRECTION('',(0.707106781187,-0.707106781187,2.46885013108E-15)
  );
#15498 = DIRECTION('',(3.491481338842E-15,1.256458206791E-27,-1.));
#15499 = ADVANCED_FACE('',(#15500),#15512,.F.);
#15500 = FACE_BOUND('',#15501,.F.);
#15501 = EDGE_LOOP('',(#15502,#15503,#15510,#15511));
#15502 = ORIENTED_EDGE('',*,*,#15480,.F.);
#15503 = ORIENTED_EDGE('',*,*,#15504,.T.);
#15504 = EDGE_CURVE('',#15481,#15383,#15505,.T.);
#15505 = CIRCLE('',#15506,0.199999996615);
#15506 = AXIS2_PLACEMENT_3D('',#15507,#15508,#15509);
#15507 = CARTESIAN_POINT('',(1.280982699812,5.732872665787,
    13.000000114596));
#15508 = DIRECTION('',(-3.491481338843E-15,-3.657132581847E-29,1.));
#15509 = DIRECTION('',(1.057097118173E-14,-1.,3.370227959874E-31));
#15510 = ORIENTED_EDGE('',*,*,#15390,.T.);
#15511 = ORIENTED_EDGE('',*,*,#4800,.F.);
#15512 = CYLINDRICAL_SURFACE('',#15513,0.199999996615);
#15513 = AXIS2_PLACEMENT_3D('',#15514,#15515,#15516);
#15514 = CARTESIAN_POINT('',(1.280982699812,5.732872665787,
    13.000000114596));
#15515 = DIRECTION('',(-3.491481338843E-15,-3.657132581847E-29,1.));
#15516 = DIRECTION('',(-1.,-8.673617379884E-15,-3.491481338843E-15));
#15517 = ADVANCED_FACE('',(#15518),#15528,.T.);
#15518 = FACE_BOUND('',#15519,.T.);
#15519 = EDGE_LOOP('',(#15520,#15521,#15522,#15523,#15524,#15525,#15526,
    #15527));
#15520 = ORIENTED_EDGE('',*,*,#5394,.T.);
#15521 = ORIENTED_EDGE('',*,*,#15365,.T.);
#15522 = ORIENTED_EDGE('',*,*,#15415,.T.);
#15523 = ORIENTED_EDGE('',*,*,#15439,.T.);
#15524 = ORIENTED_EDGE('',*,*,#15455,.T.);
#15525 = ORIENTED_EDGE('',*,*,#15488,.T.);
#15526 = ORIENTED_EDGE('',*,*,#15504,.T.);
#15527 = ORIENTED_EDGE('',*,*,#15382,.T.);
#15528 = PLANE('',#15529);
#15529 = AXIS2_PLACEMENT_3D('',#15530,#15531,#15532);
#15530 = CARTESIAN_POINT('',(1.048139991278,5.500029957253,
    13.000000114596));
#15531 = DIRECTION('',(-3.491481338843E-15,-3.657132581847E-29,1.));
#15532 = DIRECTION('',(1.047444401653E-14,-1.,2.129973665774E-43));
#15533 = ADVANCED_FACE('',(#15534),#15546,.F.);
#15534 = FACE_BOUND('',#15535,.T.);
#15535 = EDGE_LOOP('',(#15536,#15537,#15543,#15544,#15545));
#15536 = ORIENTED_EDGE('',*,*,#4403,.F.);
#15537 = ORIENTED_EDGE('',*,*,#15538,.T.);
#15538 = EDGE_CURVE('',#4395,#4635,#15539,.T.);
#15539 = LINE('',#15540,#15541);
#15540 = CARTESIAN_POINT('',(5.880982621951,4.300029977565,
    14.200000094284));
#15541 = VECTOR('',#15542,1.);
#15542 = DIRECTION('',(-3.491481338843E-15,-3.657132581847E-29,1.));
#15543 = ORIENTED_EDGE('',*,*,#4634,.T.);
#15544 = ORIENTED_EDGE('',*,*,#13857,.F.);
#15545 = ORIENTED_EDGE('',*,*,#5298,.F.);
#15546 = PLANE('',#15547);
#15547 = AXIS2_PLACEMENT_3D('',#15548,#15549,#15550);
#15548 = CARTESIAN_POINT('',(5.880982621951,4.300029977565,
    14.200000094284));
#15549 = DIRECTION('',(-1.,-1.047444401653E-14,-3.491481338843E-15));
#15550 = DIRECTION('',(1.047444401653E-14,-1.,0.));
#15551 = ADVANCED_FACE('',(#15552),#15564,.F.);
#15552 = FACE_BOUND('',#15553,.T.);
#15553 = EDGE_LOOP('',(#15554,#15555,#15556,#15562,#15563));
#15554 = ORIENTED_EDGE('',*,*,#13873,.F.);
#15555 = ORIENTED_EDGE('',*,*,#4694,.T.);
#15556 = ORIENTED_EDGE('',*,*,#15557,.F.);
#15557 = EDGE_CURVE('',#4420,#4687,#15558,.T.);
#15558 = LINE('',#15559,#15560);
#15559 = CARTESIAN_POINT('',(9.780982555939,4.500029974179,
    14.200000094284));
#15560 = VECTOR('',#15561,1.);
#15561 = DIRECTION('',(-3.491481338843E-15,-3.657132581847E-29,1.));
#15562 = ORIENTED_EDGE('',*,*,#4419,.F.);
#15563 = ORIENTED_EDGE('',*,*,#5291,.F.);
#15564 = PLANE('',#15565);
#15565 = AXIS2_PLACEMENT_3D('',#15566,#15567,#15568);
#15566 = CARTESIAN_POINT('',(9.78098255594,-9.29996979224,
    14.200000094284));
#15567 = DIRECTION('',(1.,1.047444401653E-14,3.491481338843E-15));
#15568 = DIRECTION('',(3.491481338843E-15,3.657132581847E-29,-1.));
#15569 = ADVANCED_FACE('',(#15570),#15577,.F.);
#15570 = FACE_BOUND('',#15571,.T.);
#15571 = EDGE_LOOP('',(#15572,#15573,#15574,#15575,#15576));
#15572 = ORIENTED_EDGE('',*,*,#14674,.T.);
#15573 = ORIENTED_EDGE('',*,*,#13928,.T.);
#15574 = ORIENTED_EDGE('',*,*,#4427,.F.);
#15575 = ORIENTED_EDGE('',*,*,#15557,.T.);
#15576 = ORIENTED_EDGE('',*,*,#4686,.T.);
#15577 = PLANE('',#15578);
#15578 = AXIS2_PLACEMENT_3D('',#15579,#15580,#15581);
#15579 = CARTESIAN_POINT('',(9.780982555939,4.500029974179,
    14.200000094284));
#15580 = DIRECTION('',(-1.047444401653E-14,1.,0.));
#15581 = DIRECTION('',(-1.,-1.047444401653E-14,-3.491481338843E-15));
#15582 = ADVANCED_FACE('',(#15583),#15595,.F.);
#15583 = FACE_BOUND('',#15584,.T.);
#15584 = EDGE_LOOP('',(#15585,#15586,#15587,#15593,#15594));
#15585 = ORIENTED_EDGE('',*,*,#13975,.T.);
#15586 = ORIENTED_EDGE('',*,*,#4651,.T.);
#15587 = ORIENTED_EDGE('',*,*,#15588,.F.);
#15588 = EDGE_CURVE('',#4387,#4643,#15589,.T.);
#15589 = LINE('',#15590,#15591);
#15590 = CARTESIAN_POINT('',(6.080982618566,4.500029974179,
    14.200000094284));
#15591 = VECTOR('',#15592,1.);
#15592 = DIRECTION('',(-3.491481338843E-15,-3.657132581847E-29,1.));
#15593 = ORIENTED_EDGE('',*,*,#4386,.F.);
#15594 = ORIENTED_EDGE('',*,*,#14692,.T.);
#15595 = PLANE('',#15596);
#15596 = AXIS2_PLACEMENT_3D('',#15597,#15598,#15599);
#15597 = CARTESIAN_POINT('',(9.780982555939,4.500029974179,
    14.200000094284));
#15598 = DIRECTION('',(-1.047444401653E-14,1.,0.));
#15599 = DIRECTION('',(-1.,-1.047444401653E-14,-3.491481338843E-15));
#15600 = ADVANCED_FACE('',(#15601),#15607,.F.);
#15601 = FACE_BOUND('',#15602,.F.);
#15602 = EDGE_LOOP('',(#15603,#15604,#15605,#15606));
#15603 = ORIENTED_EDGE('',*,*,#15588,.F.);
#15604 = ORIENTED_EDGE('',*,*,#4394,.T.);
#15605 = ORIENTED_EDGE('',*,*,#15538,.T.);
#15606 = ORIENTED_EDGE('',*,*,#4642,.F.);
#15607 = CYLINDRICAL_SURFACE('',#15608,0.199999996615);
#15608 = AXIS2_PLACEMENT_3D('',#15609,#15610,#15611);
#15609 = CARTESIAN_POINT('',(6.080982618566,4.300029977565,
    14.200000094284));
#15610 = DIRECTION('',(-3.491481338843E-15,-3.657132581847E-29,1.));
#15611 = DIRECTION('',(-1.,-8.673617379884E-15,-3.491481338843E-15));
#15612 = ADVANCED_FACE('',(#15613),#15625,.F.);
#15613 = FACE_BOUND('',#15614,.T.);
#15614 = EDGE_LOOP('',(#15615,#15616,#15617,#15623,#15624));
#15615 = ORIENTED_EDGE('',*,*,#5206,.F.);
#15616 = ORIENTED_EDGE('',*,*,#1655,.F.);
#15617 = ORIENTED_EDGE('',*,*,#15618,.T.);
#15618 = EDGE_CURVE('',#1647,#4585,#15619,.T.);
#15619 = LINE('',#15620,#15621);
#15620 = CARTESIAN_POINT('',(0.880982706582,4.300029977565,
    14.200000094284));
#15621 = VECTOR('',#15622,1.);
#15622 = DIRECTION('',(-3.491481338843E-15,-3.657132581847E-29,1.));
#15623 = ORIENTED_EDGE('',*,*,#5158,.T.);
#15624 = ORIENTED_EDGE('',*,*,#5182,.F.);
#15625 = PLANE('',#15626);
#15626 = AXIS2_PLACEMENT_3D('',#15627,#15628,#15629);
#15627 = CARTESIAN_POINT('',(0.880982706582,4.300029977565,
    14.200000094284));
#15628 = DIRECTION('',(-1.,-1.047444401653E-14,-3.491481338843E-15));
#15629 = DIRECTION('',(1.047444401653E-14,-1.,0.));
#15630 = ADVANCED_FACE('',(#15631),#15643,.F.);
#15631 = FACE_BOUND('',#15632,.T.);
#15632 = EDGE_LOOP('',(#15633,#15634,#15640,#15641,#15642));
#15633 = ORIENTED_EDGE('',*,*,#4618,.T.);
#15634 = ORIENTED_EDGE('',*,*,#15635,.F.);
#15635 = EDGE_CURVE('',#1672,#4611,#15636,.T.);
#15636 = LINE('',#15637,#15638);
#15637 = CARTESIAN_POINT('',(4.78098264057,4.500029974179,
    14.200000094284));
#15638 = VECTOR('',#15639,1.);
#15639 = DIRECTION('',(-3.491481338843E-15,-3.657132581847E-29,1.));
#15640 = ORIENTED_EDGE('',*,*,#1671,.F.);
#15641 = ORIENTED_EDGE('',*,*,#5314,.F.);
#15642 = ORIENTED_EDGE('',*,*,#13849,.F.);
#15643 = PLANE('',#15644);
#15644 = AXIS2_PLACEMENT_3D('',#15645,#15646,#15647);
#15645 = CARTESIAN_POINT('',(4.78098264057,-9.29996979224,
    14.200000094284));
#15646 = DIRECTION('',(1.,1.047444401653E-14,3.491481338843E-15));
#15647 = DIRECTION('',(3.491481338843E-15,3.657132581847E-29,-1.));
#15648 = ADVANCED_FACE('',(#15649),#15656,.F.);
#15649 = FACE_BOUND('',#15650,.T.);
#15650 = EDGE_LOOP('',(#15651,#15652,#15653,#15654,#15655));
#15651 = ORIENTED_EDGE('',*,*,#14779,.T.);
#15652 = ORIENTED_EDGE('',*,*,#4491,.T.);
#15653 = ORIENTED_EDGE('',*,*,#1679,.F.);
#15654 = ORIENTED_EDGE('',*,*,#15635,.T.);
#15655 = ORIENTED_EDGE('',*,*,#4610,.T.);
#15656 = PLANE('',#15657);
#15657 = AXIS2_PLACEMENT_3D('',#15658,#15659,#15660);
#15658 = CARTESIAN_POINT('',(4.78098264057,4.500029974179,
    14.200000094284));
#15659 = DIRECTION('',(-1.047444401653E-14,1.,0.));
#15660 = DIRECTION('',(-1.,-1.047444401653E-14,-3.491481338843E-15));
#15661 = ADVANCED_FACE('',(#15662),#15674,.F.);
#15662 = FACE_BOUND('',#15663,.T.);
#15663 = EDGE_LOOP('',(#15664,#15665,#15666,#15672,#15673));
#15664 = ORIENTED_EDGE('',*,*,#4548,.T.);
#15665 = ORIENTED_EDGE('',*,*,#4593,.T.);
#15666 = ORIENTED_EDGE('',*,*,#15667,.F.);
#15667 = EDGE_CURVE('',#1639,#4583,#15668,.T.);
#15668 = LINE('',#15669,#15670);
#15669 = CARTESIAN_POINT('',(1.080982703197,4.500029974179,
    14.200000094284));
#15670 = VECTOR('',#15671,1.);
#15671 = DIRECTION('',(-3.491481338843E-15,-3.657132581847E-29,1.));
#15672 = ORIENTED_EDGE('',*,*,#1638,.F.);
#15673 = ORIENTED_EDGE('',*,*,#14797,.T.);
#15674 = PLANE('',#15675);
#15675 = AXIS2_PLACEMENT_3D('',#15676,#15677,#15678);
#15676 = CARTESIAN_POINT('',(4.78098264057,4.500029974179,
    14.200000094284));
#15677 = DIRECTION('',(-1.047444401653E-14,1.,0.));
#15678 = DIRECTION('',(-1.,-1.047444401653E-14,-3.491481338843E-15));
#15679 = ADVANCED_FACE('',(#15680),#15686,.F.);
#15680 = FACE_BOUND('',#15681,.F.);
#15681 = EDGE_LOOP('',(#15682,#15683,#15684,#15685));
#15682 = ORIENTED_EDGE('',*,*,#15667,.F.);
#15683 = ORIENTED_EDGE('',*,*,#1646,.T.);
#15684 = ORIENTED_EDGE('',*,*,#15618,.T.);
#15685 = ORIENTED_EDGE('',*,*,#4582,.F.);
#15686 = CYLINDRICAL_SURFACE('',#15687,0.199999996615);
#15687 = AXIS2_PLACEMENT_3D('',#15688,#15689,#15690);
#15688 = CARTESIAN_POINT('',(1.080982703197,4.300029977565,
    14.200000094284));
#15689 = DIRECTION('',(-3.491481338843E-15,-3.657132581847E-29,1.));
#15690 = DIRECTION('',(-1.,-8.673617379884E-15,-3.491481338843E-15));
#15691 = ADVANCED_FACE('',(#15692),#15704,.F.);
#15692 = FACE_BOUND('',#15693,.T.);
#15693 = EDGE_LOOP('',(#15694,#15695,#15696,#15702,#15703));
#15694 = ORIENTED_EDGE('',*,*,#5220,.F.);
#15695 = ORIENTED_EDGE('',*,*,#2571,.F.);
#15696 = ORIENTED_EDGE('',*,*,#15697,.T.);
#15697 = EDGE_CURVE('',#2563,#5083,#15698,.T.);
#15698 = LINE('',#15699,#15700);
#15699 = CARTESIAN_POINT('',(-4.119017208787,4.300029977565,
    14.200000094284));
#15700 = VECTOR('',#15701,1.);
#15701 = DIRECTION('',(-3.491481338843E-15,-3.657132581847E-29,1.));
#15702 = ORIENTED_EDGE('',*,*,#5082,.T.);
#15703 = ORIENTED_EDGE('',*,*,#5329,.F.);
#15704 = PLANE('',#15705);
#15705 = AXIS2_PLACEMENT_3D('',#15706,#15707,#15708);
#15706 = CARTESIAN_POINT('',(-4.119017208787,4.300029977565,
    14.200000094284));
#15707 = DIRECTION('',(-1.,-1.047444401653E-14,-3.491481338843E-15));
#15708 = DIRECTION('',(1.047444401653E-14,-1.,0.));
#15709 = ADVANCED_FACE('',(#15710),#15722,.F.);
#15710 = FACE_BOUND('',#15711,.T.);
#15711 = EDGE_LOOP('',(#15712,#15713,#15719,#15720,#15721));
#15712 = ORIENTED_EDGE('',*,*,#5142,.T.);
#15713 = ORIENTED_EDGE('',*,*,#15714,.F.);
#15714 = EDGE_CURVE('',#2588,#5135,#15715,.T.);
#15715 = LINE('',#15716,#15717);
#15716 = CARTESIAN_POINT('',(-0.219017274799,4.500029974179,
    14.200000094284));
#15717 = VECTOR('',#15718,1.);
#15718 = DIRECTION('',(-3.491481338843E-15,-3.657132581847E-29,1.));
#15719 = ORIENTED_EDGE('',*,*,#2587,.F.);
#15720 = ORIENTED_EDGE('',*,*,#5213,.F.);
#15721 = ORIENTED_EDGE('',*,*,#5190,.F.);
#15722 = PLANE('',#15723);
#15723 = AXIS2_PLACEMENT_3D('',#15724,#15725,#15726);
#15724 = CARTESIAN_POINT('',(-0.219017274799,-9.29996979224,
    14.200000094284));
#15725 = DIRECTION('',(1.,1.047444401653E-14,3.491481338843E-15));
#15726 = DIRECTION('',(3.491481338843E-15,3.657132581847E-29,-1.));
#15727 = ADVANCED_FACE('',(#15728),#15735,.F.);
#15728 = FACE_BOUND('',#15729,.T.);
#15729 = EDGE_LOOP('',(#15730,#15731,#15732,#15733,#15734));
#15730 = ORIENTED_EDGE('',*,*,#14744,.T.);
#15731 = ORIENTED_EDGE('',*,*,#14138,.T.);
#15732 = ORIENTED_EDGE('',*,*,#2595,.F.);
#15733 = ORIENTED_EDGE('',*,*,#15714,.T.);
#15734 = ORIENTED_EDGE('',*,*,#5134,.T.);
#15735 = PLANE('',#15736);
#15736 = AXIS2_PLACEMENT_3D('',#15737,#15738,#15739);
#15737 = CARTESIAN_POINT('',(-0.219017274799,4.500029974179,
    14.200000094284));
#15738 = DIRECTION('',(-1.047444401653E-14,1.,0.));
#15739 = DIRECTION('',(-1.,-1.047444401653E-14,-3.491481338843E-15));
#15740 = ADVANCED_FACE('',(#15741),#15753,.F.);
#15741 = FACE_BOUND('',#15742,.T.);
#15742 = EDGE_LOOP('',(#15743,#15744,#15745,#15751,#15752));
#15743 = ORIENTED_EDGE('',*,*,#14185,.T.);
#15744 = ORIENTED_EDGE('',*,*,#5099,.T.);
#15745 = ORIENTED_EDGE('',*,*,#15746,.F.);
#15746 = EDGE_CURVE('',#2555,#5091,#15747,.T.);
#15747 = LINE('',#15748,#15749);
#15748 = CARTESIAN_POINT('',(-3.919017212172,4.500029974179,
    14.200000094284));
#15749 = VECTOR('',#15750,1.);
#15750 = DIRECTION('',(-3.491481338843E-15,-3.657132581847E-29,1.));
#15751 = ORIENTED_EDGE('',*,*,#2554,.F.);
#15752 = ORIENTED_EDGE('',*,*,#14762,.T.);
#15753 = PLANE('',#15754);
#15754 = AXIS2_PLACEMENT_3D('',#15755,#15756,#15757);
#15755 = CARTESIAN_POINT('',(-0.219017274799,4.500029974179,
    14.200000094284));
#15756 = DIRECTION('',(-1.047444401653E-14,1.,0.));
#15757 = DIRECTION('',(-1.,-1.047444401653E-14,-3.491481338843E-15));
#15758 = ADVANCED_FACE('',(#15759),#15765,.F.);
#15759 = FACE_BOUND('',#15760,.F.);
#15760 = EDGE_LOOP('',(#15761,#15762,#15763,#15764));
#15761 = ORIENTED_EDGE('',*,*,#15746,.F.);
#15762 = ORIENTED_EDGE('',*,*,#2562,.T.);
#15763 = ORIENTED_EDGE('',*,*,#15697,.T.);
#15764 = ORIENTED_EDGE('',*,*,#5090,.F.);
#15765 = CYLINDRICAL_SURFACE('',#15766,0.199999996615);
#15766 = AXIS2_PLACEMENT_3D('',#15767,#15768,#15769);
#15767 = CARTESIAN_POINT('',(-3.919017212172,4.300029977565,
    14.200000094284));
#15768 = DIRECTION('',(-3.491481338843E-15,-3.657132581847E-29,1.));
#15769 = DIRECTION('',(-1.,-8.673617379884E-15,-3.491481338843E-15));
#15770 = ADVANCED_FACE('',(#15771),#15783,.F.);
#15771 = FACE_BOUND('',#15772,.T.);
#15772 = EDGE_LOOP('',(#15773,#15774,#15775,#15781,#15782));
#15773 = ORIENTED_EDGE('',*,*,#5243,.F.);
#15774 = ORIENTED_EDGE('',*,*,#3487,.F.);
#15775 = ORIENTED_EDGE('',*,*,#15776,.T.);
#15776 = EDGE_CURVE('',#3479,#5007,#15777,.T.);
#15777 = LINE('',#15778,#15779);
#15778 = CARTESIAN_POINT('',(-9.119017124156,4.300029977565,
    14.200000094284));
#15779 = VECTOR('',#15780,1.);
#15780 = DIRECTION('',(-3.491481338843E-15,-3.657132581847E-29,1.));
#15781 = ORIENTED_EDGE('',*,*,#5006,.T.);
#15782 = ORIENTED_EDGE('',*,*,#13456,.F.);
#15783 = PLANE('',#15784);
#15784 = AXIS2_PLACEMENT_3D('',#15785,#15786,#15787);
#15785 = CARTESIAN_POINT('',(-9.119017124156,4.300029977565,
    14.200000094284));
#15786 = DIRECTION('',(-1.,-1.047444401653E-14,-3.491481338843E-15));
#15787 = DIRECTION('',(1.047444401653E-14,-1.,0.));
#15788 = ADVANCED_FACE('',(#15789),#15801,.F.);
#15789 = FACE_BOUND('',#15790,.T.);
#15790 = EDGE_LOOP('',(#15791,#15792,#15798,#15799,#15800));
#15791 = ORIENTED_EDGE('',*,*,#5066,.T.);
#15792 = ORIENTED_EDGE('',*,*,#15793,.F.);
#15793 = EDGE_CURVE('',#3504,#5059,#15794,.T.);
#15794 = LINE('',#15795,#15796);
#15795 = CARTESIAN_POINT('',(-5.219017190168,4.500029974179,
    14.200000094284));
#15796 = VECTOR('',#15797,1.);
#15797 = DIRECTION('',(-3.491481338843E-15,-3.657132581847E-29,1.));
#15798 = ORIENTED_EDGE('',*,*,#3503,.F.);
#15799 = ORIENTED_EDGE('',*,*,#5236,.F.);
#15800 = ORIENTED_EDGE('',*,*,#5337,.F.);
#15801 = PLANE('',#15802);
#15802 = AXIS2_PLACEMENT_3D('',#15803,#15804,#15805);
#15803 = CARTESIAN_POINT('',(-5.219017190168,-9.29996979224,
    14.200000094284));
#15804 = DIRECTION('',(1.,1.047444401653E-14,3.491481338843E-15));
#15805 = DIRECTION('',(3.491481338843E-15,3.657132581847E-29,-1.));
#15806 = ADVANCED_FACE('',(#15807),#15814,.F.);
#15807 = FACE_BOUND('',#15808,.T.);
#15808 = EDGE_LOOP('',(#15809,#15810,#15811,#15812,#15813));
#15809 = ORIENTED_EDGE('',*,*,#14709,.T.);
#15810 = ORIENTED_EDGE('',*,*,#14033,.T.);
#15811 = ORIENTED_EDGE('',*,*,#3511,.F.);
#15812 = ORIENTED_EDGE('',*,*,#15793,.T.);
#15813 = ORIENTED_EDGE('',*,*,#5058,.T.);
#15814 = PLANE('',#15815);
#15815 = AXIS2_PLACEMENT_3D('',#15816,#15817,#15818);
#15816 = CARTESIAN_POINT('',(-5.219017190168,4.500029974179,
    14.200000094284));
#15817 = DIRECTION('',(-1.047444401653E-14,1.,0.));
#15818 = DIRECTION('',(-1.,-1.047444401653E-14,-3.491481338843E-15));
#15819 = ADVANCED_FACE('',(#15820),#15832,.F.);
#15820 = FACE_BOUND('',#15821,.T.);
#15821 = EDGE_LOOP('',(#15822,#15823,#15824,#15830,#15831));
#15822 = ORIENTED_EDGE('',*,*,#14080,.T.);
#15823 = ORIENTED_EDGE('',*,*,#5023,.T.);
#15824 = ORIENTED_EDGE('',*,*,#15825,.F.);
#15825 = EDGE_CURVE('',#3471,#5015,#15826,.T.);
#15826 = LINE('',#15827,#15828);
#15827 = CARTESIAN_POINT('',(-8.919017127542,4.500029974179,
    14.200000094284));
#15828 = VECTOR('',#15829,1.);
#15829 = DIRECTION('',(-3.491481338843E-15,-3.657132581847E-29,1.));
#15830 = ORIENTED_EDGE('',*,*,#3470,.F.);
#15831 = ORIENTED_EDGE('',*,*,#14727,.T.);
#15832 = PLANE('',#15833);
#15833 = AXIS2_PLACEMENT_3D('',#15834,#15835,#15836);
#15834 = CARTESIAN_POINT('',(-5.219017190168,4.500029974179,
    14.200000094284));
#15835 = DIRECTION('',(-1.047444401653E-14,1.,0.));
#15836 = DIRECTION('',(-1.,-1.047444401653E-14,-3.491481338843E-15));
#15837 = ADVANCED_FACE('',(#15838),#15844,.F.);
#15838 = FACE_BOUND('',#15839,.F.);
#15839 = EDGE_LOOP('',(#15840,#15841,#15842,#15843));
#15840 = ORIENTED_EDGE('',*,*,#15825,.F.);
#15841 = ORIENTED_EDGE('',*,*,#3478,.T.);
#15842 = ORIENTED_EDGE('',*,*,#15776,.T.);
#15843 = ORIENTED_EDGE('',*,*,#5014,.F.);
#15844 = CYLINDRICAL_SURFACE('',#15845,0.199999996615);
#15845 = AXIS2_PLACEMENT_3D('',#15846,#15847,#15848);
#15846 = CARTESIAN_POINT('',(-8.919017127542,4.300029977565,
    14.200000094284));
#15847 = DIRECTION('',(-3.491481338843E-15,-3.657132581847E-29,1.));
#15848 = DIRECTION('',(-1.,-8.673617379884E-15,-3.491481338843E-15));
#15849 = ADVANCED_FACE('',(#15850),#15875,.F.);
#15850 = FACE_BOUND('',#15851,.T.);
#15851 = EDGE_LOOP('',(#15852,#15853,#15861,#15869));
#15852 = ORIENTED_EDGE('',*,*,#5877,.F.);
#15853 = ORIENTED_EDGE('',*,*,#15854,.T.);
#15854 = EDGE_CURVE('',#5870,#15855,#15857,.T.);
#15855 = VERTEX_POINT('',#15856);
#15856 = CARTESIAN_POINT('',(7.980982586407,-3.699969887026,
    -3.99999959766));
#15857 = LINE('',#15858,#15859);
#15858 = CARTESIAN_POINT('',(7.980982586407,-3.699969887026,
    4.000000266931));
#15859 = VECTOR('',#15860,1.);
#15860 = DIRECTION('',(3.491481338843E-15,3.657132581847E-29,-1.));
#15861 = ORIENTED_EDGE('',*,*,#15862,.T.);
#15862 = EDGE_CURVE('',#15855,#15863,#15865,.T.);
#15863 = VERTEX_POINT('',#15864);
#15864 = CARTESIAN_POINT('',(6.980982603333,-3.699969887026,
    -3.99999959766));
#15865 = LINE('',#15866,#15867);
#15866 = CARTESIAN_POINT('',(7.980982586407,-3.699969887026,
    -3.99999959766));
#15867 = VECTOR('',#15868,1.);
#15868 = DIRECTION('',(-1.,-1.047444401653E-14,-3.491481338843E-15));
#15869 = ORIENTED_EDGE('',*,*,#15870,.F.);
#15870 = EDGE_CURVE('',#5878,#15863,#15871,.T.);
#15871 = LINE('',#15872,#15873);
#15872 = CARTESIAN_POINT('',(6.980982603333,-3.699969887026,
    4.000000266931));
#15873 = VECTOR('',#15874,1.);
#15874 = DIRECTION('',(3.491481338843E-15,3.657132581847E-29,-1.));
#15875 = PLANE('',#15876);
#15876 = AXIS2_PLACEMENT_3D('',#15877,#15878,#15879);
#15877 = CARTESIAN_POINT('',(7.980982586407,-3.699969887026,
    4.000000266931));
#15878 = DIRECTION('',(1.047444401653E-14,-1.,0.));
#15879 = DIRECTION('',(-3.491481338843E-15,-3.657132581847E-29,1.));
#15880 = ADVANCED_FACE('',(#15881),#15899,.F.);
#15881 = FACE_BOUND('',#15882,.T.);
#15882 = EDGE_LOOP('',(#15883,#15884,#15885,#15893));
#15883 = ORIENTED_EDGE('',*,*,#5885,.F.);
#15884 = ORIENTED_EDGE('',*,*,#15870,.T.);
#15885 = ORIENTED_EDGE('',*,*,#15886,.T.);
#15886 = EDGE_CURVE('',#15863,#15887,#15889,.T.);
#15887 = VERTEX_POINT('',#15888);
#15888 = CARTESIAN_POINT('',(6.980982603333,-4.499969873485,
    -3.99999959766));
#15889 = LINE('',#15890,#15891);
#15890 = CARTESIAN_POINT('',(6.980982603333,-3.699969887026,
    -3.99999959766));
#15891 = VECTOR('',#15892,1.);
#15892 = DIRECTION('',(1.047444401653E-14,-1.,0.));
#15893 = ORIENTED_EDGE('',*,*,#15894,.F.);
#15894 = EDGE_CURVE('',#5886,#15887,#15895,.T.);
#15895 = LINE('',#15896,#15897);
#15896 = CARTESIAN_POINT('',(6.980982603333,-4.499969873485,
    4.000000266931));
#15897 = VECTOR('',#15898,1.);
#15898 = DIRECTION('',(3.491481338843E-15,3.657132581847E-29,-1.));
#15899 = PLANE('',#15900);
#15900 = AXIS2_PLACEMENT_3D('',#15901,#15902,#15903);
#15901 = CARTESIAN_POINT('',(6.980982603333,-3.699969887026,
    4.000000266931));
#15902 = DIRECTION('',(1.,1.047444401653E-14,3.491481338843E-15));
#15903 = DIRECTION('',(3.491481338843E-15,3.657132581847E-29,-1.));
#15904 = ADVANCED_FACE('',(#15905),#15923,.F.);
#15905 = FACE_BOUND('',#15906,.T.);
#15906 = EDGE_LOOP('',(#15907,#15908,#15909,#15917));
#15907 = ORIENTED_EDGE('',*,*,#5893,.F.);
#15908 = ORIENTED_EDGE('',*,*,#15894,.T.);
#15909 = ORIENTED_EDGE('',*,*,#15910,.T.);
#15910 = EDGE_CURVE('',#15887,#15911,#15913,.T.);
#15911 = VERTEX_POINT('',#15912);
#15912 = CARTESIAN_POINT('',(7.980982586407,-4.499969873485,
    -3.99999959766));
#15913 = LINE('',#15914,#15915);
#15914 = CARTESIAN_POINT('',(6.980982603333,-4.499969873485,
    -3.99999959766));
#15915 = VECTOR('',#15916,1.);
#15916 = DIRECTION('',(1.,1.047444401653E-14,3.491481338843E-15));
#15917 = ORIENTED_EDGE('',*,*,#15918,.F.);
#15918 = EDGE_CURVE('',#5868,#15911,#15919,.T.);
#15919 = LINE('',#15920,#15921);
#15920 = CARTESIAN_POINT('',(7.980982586407,-4.499969873485,
    4.000000266931));
#15921 = VECTOR('',#15922,1.);
#15922 = DIRECTION('',(3.491481338843E-15,3.657132581847E-29,-1.));
#15923 = PLANE('',#15924);
#15924 = AXIS2_PLACEMENT_3D('',#15925,#15926,#15927);
#15925 = CARTESIAN_POINT('',(6.980982603333,-4.499969873485,
    4.000000266931));
#15926 = DIRECTION('',(-1.047444401653E-14,1.,0.));
#15927 = DIRECTION('',(-1.,-1.047444401653E-14,-3.491481338843E-15));
#15928 = ADVANCED_FACE('',(#15929),#15940,.F.);
#15929 = FACE_BOUND('',#15930,.T.);
#15930 = EDGE_LOOP('',(#15931,#15932,#15933,#15939));
#15931 = ORIENTED_EDGE('',*,*,#5867,.F.);
#15932 = ORIENTED_EDGE('',*,*,#15918,.T.);
#15933 = ORIENTED_EDGE('',*,*,#15934,.T.);
#15934 = EDGE_CURVE('',#15911,#15855,#15935,.T.);
#15935 = LINE('',#15936,#15937);
#15936 = CARTESIAN_POINT('',(7.980982586407,-4.499969873485,
    -3.99999959766));
#15937 = VECTOR('',#15938,1.);
#15938 = DIRECTION('',(-1.047444401653E-14,1.,0.));
#15939 = ORIENTED_EDGE('',*,*,#15854,.F.);
#15940 = PLANE('',#15941);
#15941 = AXIS2_PLACEMENT_3D('',#15942,#15943,#15944);
#15942 = CARTESIAN_POINT('',(7.980982586407,-4.499969873485,
    4.000000266931));
#15943 = DIRECTION('',(-1.,-1.047444401653E-14,-3.491481338843E-15));
#15944 = DIRECTION('',(1.047444401653E-14,-1.,0.));
#15945 = ADVANCED_FACE('',(#15946),#15952,.F.);
#15946 = FACE_BOUND('',#15947,.T.);
#15947 = EDGE_LOOP('',(#15948,#15949,#15950,#15951));
#15948 = ORIENTED_EDGE('',*,*,#15862,.F.);
#15949 = ORIENTED_EDGE('',*,*,#15934,.F.);
#15950 = ORIENTED_EDGE('',*,*,#15910,.F.);
#15951 = ORIENTED_EDGE('',*,*,#15886,.F.);
#15952 = PLANE('',#15953);
#15953 = AXIS2_PLACEMENT_3D('',#15954,#15955,#15956);
#15954 = CARTESIAN_POINT('',(9.78098255594,-4.099969880256,
    -3.99999959766));
#15955 = DIRECTION('',(-3.491481338843E-15,-3.657132581847E-29,1.));
#15956 = DIRECTION('',(1.047444401653E-14,-1.,2.129973665774E-43));
#15957 = ADVANCED_FACE('',(#15958),#15983,.F.);
#15958 = FACE_BOUND('',#15959,.T.);
#15959 = EDGE_LOOP('',(#15960,#15961,#15969,#15977));
#15960 = ORIENTED_EDGE('',*,*,#6679,.F.);
#15961 = ORIENTED_EDGE('',*,*,#15962,.T.);
#15962 = EDGE_CURVE('',#6672,#15963,#15965,.T.);
#15963 = VERTEX_POINT('',#15964);
#15964 = CARTESIAN_POINT('',(2.980982671037,-3.699969887026,
    -3.99999959766));
#15965 = LINE('',#15966,#15967);
#15966 = CARTESIAN_POINT('',(2.980982671037,-3.699969887026,
    4.000000266931));
#15967 = VECTOR('',#15968,1.);
#15968 = DIRECTION('',(3.491481338843E-15,3.657132581847E-29,-1.));
#15969 = ORIENTED_EDGE('',*,*,#15970,.T.);
#15970 = EDGE_CURVE('',#15963,#15971,#15973,.T.);
#15971 = VERTEX_POINT('',#15972);
#15972 = CARTESIAN_POINT('',(1.980982687964,-3.699969887026,
    -3.99999959766));
#15973 = LINE('',#15974,#15975);
#15974 = CARTESIAN_POINT('',(2.980982671037,-3.699969887026,
    -3.99999959766));
#15975 = VECTOR('',#15976,1.);
#15976 = DIRECTION('',(-1.,-1.047444401653E-14,-3.491481338843E-15));
#15977 = ORIENTED_EDGE('',*,*,#15978,.F.);
#15978 = EDGE_CURVE('',#6680,#15971,#15979,.T.);
#15979 = LINE('',#15980,#15981);
#15980 = CARTESIAN_POINT('',(1.980982687964,-3.699969887026,
    4.000000266931));
#15981 = VECTOR('',#15982,1.);
#15982 = DIRECTION('',(3.491481338843E-15,3.657132581847E-29,-1.));
#15983 = PLANE('',#15984);
#15984 = AXIS2_PLACEMENT_3D('',#15985,#15986,#15987);
#15985 = CARTESIAN_POINT('',(2.980982671037,-3.699969887026,
    4.000000266931));
#15986 = DIRECTION('',(1.047444401653E-14,-1.,0.));
#15987 = DIRECTION('',(-3.491481338843E-15,-3.657132581847E-29,1.));
#15988 = ADVANCED_FACE('',(#15989),#16007,.F.);
#15989 = FACE_BOUND('',#15990,.T.);
#15990 = EDGE_LOOP('',(#15991,#15992,#15993,#16001));
#15991 = ORIENTED_EDGE('',*,*,#6687,.F.);
#15992 = ORIENTED_EDGE('',*,*,#15978,.T.);
#15993 = ORIENTED_EDGE('',*,*,#15994,.T.);
#15994 = EDGE_CURVE('',#15971,#15995,#15997,.T.);
#15995 = VERTEX_POINT('',#15996);
#15996 = CARTESIAN_POINT('',(1.980982687964,-4.499969873485,
    -3.99999959766));
#15997 = LINE('',#15998,#15999);
#15998 = CARTESIAN_POINT('',(1.980982687964,-3.699969887026,
    -3.99999959766));
#15999 = VECTOR('',#16000,1.);
#16000 = DIRECTION('',(1.047444401653E-14,-1.,0.));
#16001 = ORIENTED_EDGE('',*,*,#16002,.F.);
#16002 = EDGE_CURVE('',#6688,#15995,#16003,.T.);
#16003 = LINE('',#16004,#16005);
#16004 = CARTESIAN_POINT('',(1.980982687964,-4.499969873485,
    4.000000266931));
#16005 = VECTOR('',#16006,1.);
#16006 = DIRECTION('',(3.491481338843E-15,3.657132581847E-29,-1.));
#16007 = PLANE('',#16008);
#16008 = AXIS2_PLACEMENT_3D('',#16009,#16010,#16011);
#16009 = CARTESIAN_POINT('',(1.980982687964,-3.699969887026,
    4.000000266931));
#16010 = DIRECTION('',(1.,1.047444401653E-14,3.491481338843E-15));
#16011 = DIRECTION('',(3.491481338843E-15,3.657132581847E-29,-1.));
#16012 = ADVANCED_FACE('',(#16013),#16031,.F.);
#16013 = FACE_BOUND('',#16014,.T.);
#16014 = EDGE_LOOP('',(#16015,#16016,#16017,#16025));
#16015 = ORIENTED_EDGE('',*,*,#6695,.F.);
#16016 = ORIENTED_EDGE('',*,*,#16002,.T.);
#16017 = ORIENTED_EDGE('',*,*,#16018,.T.);
#16018 = EDGE_CURVE('',#15995,#16019,#16021,.T.);
#16019 = VERTEX_POINT('',#16020);
#16020 = CARTESIAN_POINT('',(2.980982671037,-4.499969873485,
    -3.99999959766));
#16021 = LINE('',#16022,#16023);
#16022 = CARTESIAN_POINT('',(1.980982687964,-4.499969873485,
    -3.99999959766));
#16023 = VECTOR('',#16024,1.);
#16024 = DIRECTION('',(1.,1.047444401653E-14,3.491481338843E-15));
#16025 = ORIENTED_EDGE('',*,*,#16026,.F.);
#16026 = EDGE_CURVE('',#6670,#16019,#16027,.T.);
#16027 = LINE('',#16028,#16029);
#16028 = CARTESIAN_POINT('',(2.980982671037,-4.499969873485,
    4.000000266931));
#16029 = VECTOR('',#16030,1.);
#16030 = DIRECTION('',(3.491481338843E-15,3.657132581847E-29,-1.));
#16031 = PLANE('',#16032);
#16032 = AXIS2_PLACEMENT_3D('',#16033,#16034,#16035);
#16033 = CARTESIAN_POINT('',(1.980982687964,-4.499969873485,
    4.000000266931));
#16034 = DIRECTION('',(-1.047444401653E-14,1.,0.));
#16035 = DIRECTION('',(-1.,-1.047444401653E-14,-3.491481338843E-15));
#16036 = ADVANCED_FACE('',(#16037),#16048,.F.);
#16037 = FACE_BOUND('',#16038,.T.);
#16038 = EDGE_LOOP('',(#16039,#16040,#16041,#16047));
#16039 = ORIENTED_EDGE('',*,*,#6669,.F.);
#16040 = ORIENTED_EDGE('',*,*,#16026,.T.);
#16041 = ORIENTED_EDGE('',*,*,#16042,.T.);
#16042 = EDGE_CURVE('',#16019,#15963,#16043,.T.);
#16043 = LINE('',#16044,#16045);
#16044 = CARTESIAN_POINT('',(2.980982671037,-4.499969873485,
    -3.99999959766));
#16045 = VECTOR('',#16046,1.);
#16046 = DIRECTION('',(-1.047444401653E-14,1.,0.));
#16047 = ORIENTED_EDGE('',*,*,#15962,.F.);
#16048 = PLANE('',#16049);
#16049 = AXIS2_PLACEMENT_3D('',#16050,#16051,#16052);
#16050 = CARTESIAN_POINT('',(2.980982671037,-4.499969873485,
    4.000000266931));
#16051 = DIRECTION('',(-1.,-1.047444401653E-14,-3.491481338843E-15));
#16052 = DIRECTION('',(1.047444401653E-14,-1.,0.));
#16053 = ADVANCED_FACE('',(#16054),#16060,.F.);
#16054 = FACE_BOUND('',#16055,.T.);
#16055 = EDGE_LOOP('',(#16056,#16057,#16058,#16059));
#16056 = ORIENTED_EDGE('',*,*,#15970,.F.);
#16057 = ORIENTED_EDGE('',*,*,#16042,.F.);
#16058 = ORIENTED_EDGE('',*,*,#16018,.F.);
#16059 = ORIENTED_EDGE('',*,*,#15994,.F.);
#16060 = PLANE('',#16061);
#16061 = AXIS2_PLACEMENT_3D('',#16062,#16063,#16064);
#16062 = CARTESIAN_POINT('',(4.78098264057,-4.099969880256,
    -3.99999959766));
#16063 = DIRECTION('',(-3.491481338843E-15,-3.657132581847E-29,1.));
#16064 = DIRECTION('',(1.047444401653E-14,-1.,2.129973665774E-43));
#16065 = ADVANCED_FACE('',(#16066),#16091,.F.);
#16066 = FACE_BOUND('',#16067,.T.);
#16067 = EDGE_LOOP('',(#16068,#16069,#16077,#16085));
#16068 = ORIENTED_EDGE('',*,*,#7320,.F.);
#16069 = ORIENTED_EDGE('',*,*,#16070,.T.);
#16070 = EDGE_CURVE('',#7313,#16071,#16073,.T.);
#16071 = VERTEX_POINT('',#16072);
#16072 = CARTESIAN_POINT('',(-2.019017244332,-3.699969887026,
    -3.99999959766));
#16073 = LINE('',#16074,#16075);
#16074 = CARTESIAN_POINT('',(-2.019017244332,-3.699969887026,
    4.000000266931));
#16075 = VECTOR('',#16076,1.);
#16076 = DIRECTION('',(3.491481338843E-15,3.657132581847E-29,-1.));
#16077 = ORIENTED_EDGE('',*,*,#16078,.T.);
#16078 = EDGE_CURVE('',#16071,#16079,#16081,.T.);
#16079 = VERTEX_POINT('',#16080);
#16080 = CARTESIAN_POINT('',(-3.019017227406,-3.699969887026,
    -3.99999959766));
#16081 = LINE('',#16082,#16083);
#16082 = CARTESIAN_POINT('',(-2.019017244332,-3.699969887026,
    -3.99999959766));
#16083 = VECTOR('',#16084,1.);
#16084 = DIRECTION('',(-1.,-1.047444401653E-14,-3.491481338843E-15));
#16085 = ORIENTED_EDGE('',*,*,#16086,.F.);
#16086 = EDGE_CURVE('',#7321,#16079,#16087,.T.);
#16087 = LINE('',#16088,#16089);
#16088 = CARTESIAN_POINT('',(-3.019017227406,-3.699969887026,
    4.000000266931));
#16089 = VECTOR('',#16090,1.);
#16090 = DIRECTION('',(3.491481338843E-15,3.657132581847E-29,-1.));
#16091 = PLANE('',#16092);
#16092 = AXIS2_PLACEMENT_3D('',#16093,#16094,#16095);
#16093 = CARTESIAN_POINT('',(-2.019017244332,-3.699969887026,
    4.000000266931));
#16094 = DIRECTION('',(1.047444401653E-14,-1.,0.));
#16095 = DIRECTION('',(-3.491481338843E-15,-3.657132581847E-29,1.));
#16096 = ADVANCED_FACE('',(#16097),#16115,.F.);
#16097 = FACE_BOUND('',#16098,.T.);
#16098 = EDGE_LOOP('',(#16099,#16100,#16101,#16109));
#16099 = ORIENTED_EDGE('',*,*,#7328,.F.);
#16100 = ORIENTED_EDGE('',*,*,#16086,.T.);
#16101 = ORIENTED_EDGE('',*,*,#16102,.T.);
#16102 = EDGE_CURVE('',#16079,#16103,#16105,.T.);
#16103 = VERTEX_POINT('',#16104);
#16104 = CARTESIAN_POINT('',(-3.019017227406,-4.499969873485,
    -3.99999959766));
#16105 = LINE('',#16106,#16107);
#16106 = CARTESIAN_POINT('',(-3.019017227406,-3.699969887026,
    -3.99999959766));
#16107 = VECTOR('',#16108,1.);
#16108 = DIRECTION('',(1.047444401653E-14,-1.,0.));
#16109 = ORIENTED_EDGE('',*,*,#16110,.F.);
#16110 = EDGE_CURVE('',#7329,#16103,#16111,.T.);
#16111 = LINE('',#16112,#16113);
#16112 = CARTESIAN_POINT('',(-3.019017227406,-4.499969873485,
    4.000000266931));
#16113 = VECTOR('',#16114,1.);
#16114 = DIRECTION('',(3.491481338843E-15,3.657132581847E-29,-1.));
#16115 = PLANE('',#16116);
#16116 = AXIS2_PLACEMENT_3D('',#16117,#16118,#16119);
#16117 = CARTESIAN_POINT('',(-3.019017227406,-3.699969887026,
    4.000000266931));
#16118 = DIRECTION('',(1.,1.047444401653E-14,3.491481338843E-15));
#16119 = DIRECTION('',(3.491481338843E-15,3.657132581847E-29,-1.));
#16120 = ADVANCED_FACE('',(#16121),#16139,.F.);
#16121 = FACE_BOUND('',#16122,.T.);
#16122 = EDGE_LOOP('',(#16123,#16124,#16125,#16133));
#16123 = ORIENTED_EDGE('',*,*,#7336,.F.);
#16124 = ORIENTED_EDGE('',*,*,#16110,.T.);
#16125 = ORIENTED_EDGE('',*,*,#16126,.T.);
#16126 = EDGE_CURVE('',#16103,#16127,#16129,.T.);
#16127 = VERTEX_POINT('',#16128);
#16128 = CARTESIAN_POINT('',(-2.019017244332,-4.499969873485,
    -3.99999959766));
#16129 = LINE('',#16130,#16131);
#16130 = CARTESIAN_POINT('',(-3.019017227406,-4.499969873485,
    -3.99999959766));
#16131 = VECTOR('',#16132,1.);
#16132 = DIRECTION('',(1.,1.047444401653E-14,3.491481338843E-15));
#16133 = ORIENTED_EDGE('',*,*,#16134,.F.);
#16134 = EDGE_CURVE('',#7311,#16127,#16135,.T.);
#16135 = LINE('',#16136,#16137);
#16136 = CARTESIAN_POINT('',(-2.019017244332,-4.499969873485,
    4.000000266931));
#16137 = VECTOR('',#16138,1.);
#16138 = DIRECTION('',(3.491481338843E-15,3.657132581847E-29,-1.));
#16139 = PLANE('',#16140);
#16140 = AXIS2_PLACEMENT_3D('',#16141,#16142,#16143);
#16141 = CARTESIAN_POINT('',(-3.019017227406,-4.499969873485,
    4.000000266931));
#16142 = DIRECTION('',(-1.047444401653E-14,1.,0.));
#16143 = DIRECTION('',(-1.,-1.047444401653E-14,-3.491481338843E-15));
#16144 = ADVANCED_FACE('',(#16145),#16156,.F.);
#16145 = FACE_BOUND('',#16146,.T.);
#16146 = EDGE_LOOP('',(#16147,#16148,#16149,#16155));
#16147 = ORIENTED_EDGE('',*,*,#7310,.F.);
#16148 = ORIENTED_EDGE('',*,*,#16134,.T.);
#16149 = ORIENTED_EDGE('',*,*,#16150,.T.);
#16150 = EDGE_CURVE('',#16127,#16071,#16151,.T.);
#16151 = LINE('',#16152,#16153);
#16152 = CARTESIAN_POINT('',(-2.019017244332,-4.499969873485,
    -3.99999959766));
#16153 = VECTOR('',#16154,1.);
#16154 = DIRECTION('',(-1.047444401653E-14,1.,0.));
#16155 = ORIENTED_EDGE('',*,*,#16070,.F.);
#16156 = PLANE('',#16157);
#16157 = AXIS2_PLACEMENT_3D('',#16158,#16159,#16160);
#16158 = CARTESIAN_POINT('',(-2.019017244332,-4.499969873485,
    4.000000266931));
#16159 = DIRECTION('',(-1.,-1.047444401653E-14,-3.491481338843E-15));
#16160 = DIRECTION('',(1.047444401653E-14,-1.,0.));
#16161 = ADVANCED_FACE('',(#16162),#16168,.F.);
#16162 = FACE_BOUND('',#16163,.T.);
#16163 = EDGE_LOOP('',(#16164,#16165,#16166,#16167));
#16164 = ORIENTED_EDGE('',*,*,#16078,.F.);
#16165 = ORIENTED_EDGE('',*,*,#16150,.F.);
#16166 = ORIENTED_EDGE('',*,*,#16126,.F.);
#16167 = ORIENTED_EDGE('',*,*,#16102,.F.);
#16168 = PLANE('',#16169);
#16169 = AXIS2_PLACEMENT_3D('',#16170,#16171,#16172);
#16170 = CARTESIAN_POINT('',(-0.219017274799,-4.099969880256,
    -3.99999959766));
#16171 = DIRECTION('',(-3.491481338843E-15,-3.657132581847E-29,1.));
#16172 = DIRECTION('',(1.047444401653E-14,-1.,2.129973665774E-43));
#16173 = ADVANCED_FACE('',(#16174),#16199,.F.);
#16174 = FACE_BOUND('',#16175,.T.);
#16175 = EDGE_LOOP('',(#16176,#16177,#16185,#16193));
#16176 = ORIENTED_EDGE('',*,*,#7961,.F.);
#16177 = ORIENTED_EDGE('',*,*,#16178,.T.);
#16178 = EDGE_CURVE('',#7954,#16179,#16181,.T.);
#16179 = VERTEX_POINT('',#16180);
#16180 = CARTESIAN_POINT('',(-7.019017159701,-3.699969887026,
    -3.99999959766));
#16181 = LINE('',#16182,#16183);
#16182 = CARTESIAN_POINT('',(-7.019017159701,-3.699969887026,
    4.000000266931));
#16183 = VECTOR('',#16184,1.);
#16184 = DIRECTION('',(3.491481338843E-15,3.657132581847E-29,-1.));
#16185 = ORIENTED_EDGE('',*,*,#16186,.T.);
#16186 = EDGE_CURVE('',#16179,#16187,#16189,.T.);
#16187 = VERTEX_POINT('',#16188);
#16188 = CARTESIAN_POINT('',(-8.019017142775,-3.699969887026,
    -3.99999959766));
#16189 = LINE('',#16190,#16191);
#16190 = CARTESIAN_POINT('',(-7.019017159701,-3.699969887026,
    -3.99999959766));
#16191 = VECTOR('',#16192,1.);
#16192 = DIRECTION('',(-1.,-1.047444401653E-14,-3.491481338843E-15));
#16193 = ORIENTED_EDGE('',*,*,#16194,.F.);
#16194 = EDGE_CURVE('',#7962,#16187,#16195,.T.);
#16195 = LINE('',#16196,#16197);
#16196 = CARTESIAN_POINT('',(-8.019017142775,-3.699969887026,
    4.000000266931));
#16197 = VECTOR('',#16198,1.);
#16198 = DIRECTION('',(3.491481338843E-15,3.657132581847E-29,-1.));
#16199 = PLANE('',#16200);
#16200 = AXIS2_PLACEMENT_3D('',#16201,#16202,#16203);
#16201 = CARTESIAN_POINT('',(-7.019017159701,-3.699969887026,
    4.000000266931));
#16202 = DIRECTION('',(1.047444401653E-14,-1.,0.));
#16203 = DIRECTION('',(-3.491481338843E-15,-3.657132581847E-29,1.));
#16204 = ADVANCED_FACE('',(#16205),#16223,.F.);
#16205 = FACE_BOUND('',#16206,.T.);
#16206 = EDGE_LOOP('',(#16207,#16208,#16209,#16217));
#16207 = ORIENTED_EDGE('',*,*,#7969,.F.);
#16208 = ORIENTED_EDGE('',*,*,#16194,.T.);
#16209 = ORIENTED_EDGE('',*,*,#16210,.T.);
#16210 = EDGE_CURVE('',#16187,#16211,#16213,.T.);
#16211 = VERTEX_POINT('',#16212);
#16212 = CARTESIAN_POINT('',(-8.019017142775,-4.499969873485,
    -3.99999959766));
#16213 = LINE('',#16214,#16215);
#16214 = CARTESIAN_POINT('',(-8.019017142775,-3.699969887026,
    -3.99999959766));
#16215 = VECTOR('',#16216,1.);
#16216 = DIRECTION('',(1.047444401653E-14,-1.,0.));
#16217 = ORIENTED_EDGE('',*,*,#16218,.F.);
#16218 = EDGE_CURVE('',#7970,#16211,#16219,.T.);
#16219 = LINE('',#16220,#16221);
#16220 = CARTESIAN_POINT('',(-8.019017142775,-4.499969873485,
    4.000000266931));
#16221 = VECTOR('',#16222,1.);
#16222 = DIRECTION('',(3.491481338843E-15,3.657132581847E-29,-1.));
#16223 = PLANE('',#16224);
#16224 = AXIS2_PLACEMENT_3D('',#16225,#16226,#16227);
#16225 = CARTESIAN_POINT('',(-8.019017142775,-3.699969887026,
    4.000000266931));
#16226 = DIRECTION('',(1.,1.047444401653E-14,3.491481338843E-15));
#16227 = DIRECTION('',(3.491481338843E-15,3.657132581847E-29,-1.));
#16228 = ADVANCED_FACE('',(#16229),#16247,.F.);
#16229 = FACE_BOUND('',#16230,.T.);
#16230 = EDGE_LOOP('',(#16231,#16232,#16233,#16241));
#16231 = ORIENTED_EDGE('',*,*,#7977,.F.);
#16232 = ORIENTED_EDGE('',*,*,#16218,.T.);
#16233 = ORIENTED_EDGE('',*,*,#16234,.T.);
#16234 = EDGE_CURVE('',#16211,#16235,#16237,.T.);
#16235 = VERTEX_POINT('',#16236);
#16236 = CARTESIAN_POINT('',(-7.019017159701,-4.499969873485,
    -3.99999959766));
#16237 = LINE('',#16238,#16239);
#16238 = CARTESIAN_POINT('',(-8.019017142775,-4.499969873485,
    -3.99999959766));
#16239 = VECTOR('',#16240,1.);
#16240 = DIRECTION('',(1.,1.047444401653E-14,3.491481338843E-15));
#16241 = ORIENTED_EDGE('',*,*,#16242,.F.);
#16242 = EDGE_CURVE('',#7952,#16235,#16243,.T.);
#16243 = LINE('',#16244,#16245);
#16244 = CARTESIAN_POINT('',(-7.019017159701,-4.499969873485,
    4.000000266931));
#16245 = VECTOR('',#16246,1.);
#16246 = DIRECTION('',(3.491481338843E-15,3.657132581847E-29,-1.));
#16247 = PLANE('',#16248);
#16248 = AXIS2_PLACEMENT_3D('',#16249,#16250,#16251);
#16249 = CARTESIAN_POINT('',(-8.019017142775,-4.499969873485,
    4.000000266931));
#16250 = DIRECTION('',(-1.047444401653E-14,1.,0.));
#16251 = DIRECTION('',(-1.,-1.047444401653E-14,-3.491481338843E-15));
#16252 = ADVANCED_FACE('',(#16253),#16264,.F.);
#16253 = FACE_BOUND('',#16254,.T.);
#16254 = EDGE_LOOP('',(#16255,#16256,#16257,#16263));
#16255 = ORIENTED_EDGE('',*,*,#7951,.F.);
#16256 = ORIENTED_EDGE('',*,*,#16242,.T.);
#16257 = ORIENTED_EDGE('',*,*,#16258,.T.);
#16258 = EDGE_CURVE('',#16235,#16179,#16259,.T.);
#16259 = LINE('',#16260,#16261);
#16260 = CARTESIAN_POINT('',(-7.019017159701,-4.499969873485,
    -3.99999959766));
#16261 = VECTOR('',#16262,1.);
#16262 = DIRECTION('',(-1.047444401653E-14,1.,0.));
#16263 = ORIENTED_EDGE('',*,*,#16178,.F.);
#16264 = PLANE('',#16265);
#16265 = AXIS2_PLACEMENT_3D('',#16266,#16267,#16268);
#16266 = CARTESIAN_POINT('',(-7.019017159701,-4.499969873485,
    4.000000266931));
#16267 = DIRECTION('',(-1.,-1.047444401653E-14,-3.491481338843E-15));
#16268 = DIRECTION('',(1.047444401653E-14,-1.,0.));
#16269 = ADVANCED_FACE('',(#16270),#16276,.F.);
#16270 = FACE_BOUND('',#16271,.T.);
#16271 = EDGE_LOOP('',(#16272,#16273,#16274,#16275));
#16272 = ORIENTED_EDGE('',*,*,#16186,.F.);
#16273 = ORIENTED_EDGE('',*,*,#16258,.F.);
#16274 = ORIENTED_EDGE('',*,*,#16234,.F.);
#16275 = ORIENTED_EDGE('',*,*,#16210,.F.);
#16276 = PLANE('',#16277);
#16277 = AXIS2_PLACEMENT_3D('',#16278,#16279,#16280);
#16278 = CARTESIAN_POINT('',(-5.219017190168,-4.099969880256,
    -3.99999959766));
#16279 = DIRECTION('',(-3.491481338843E-15,-3.657132581847E-29,1.));
#16280 = DIRECTION('',(1.047444401653E-14,-1.,2.129973665774E-43));
#16281 = ADVANCED_FACE('',(#16282),#16298,.F.);
#16282 = FACE_BOUND('',#16283,.T.);
#16283 = EDGE_LOOP('',(#16284,#16290,#16291,#16297));
#16284 = ORIENTED_EDGE('',*,*,#16285,.F.);
#16285 = EDGE_CURVE('',#6092,#5799,#16286,.T.);
#16286 = LINE('',#16287,#16288);
#16287 = CARTESIAN_POINT('',(6.980982603333,4.500029974179,
    4.000000266931));
#16288 = VECTOR('',#16289,1.);
#16289 = DIRECTION('',(3.491481338843E-15,3.657132581847E-29,-1.));
#16290 = ORIENTED_EDGE('',*,*,#6091,.T.);
#16291 = ORIENTED_EDGE('',*,*,#16292,.T.);
#16292 = EDGE_CURVE('',#6083,#5797,#16293,.T.);
#16293 = LINE('',#16294,#16295);
#16294 = CARTESIAN_POINT('',(7.980982586407,4.500029974179,
    4.000000266931));
#16295 = VECTOR('',#16296,1.);
#16296 = DIRECTION('',(3.491481338843E-15,3.657132581847E-29,-1.));
#16297 = ORIENTED_EDGE('',*,*,#5796,.T.);
#16298 = PLANE('',#16299);
#16299 = AXIS2_PLACEMENT_3D('',#16300,#16301,#16302);
#16300 = CARTESIAN_POINT('',(7.980982586407,4.500029974179,
    4.000000266931));
#16301 = DIRECTION('',(1.047444401653E-14,-1.,0.));
#16302 = DIRECTION('',(-3.491481338843E-15,-3.657132581847E-29,1.));
#16303 = ADVANCED_FACE('',(#16304),#16312,.F.);
#16304 = FACE_BOUND('',#16305,.T.);
#16305 = EDGE_LOOP('',(#16306,#16307,#16308,#16309,#16310,#16311));
#16306 = ORIENTED_EDGE('',*,*,#5911,.F.);
#16307 = ORIENTED_EDGE('',*,*,#6327,.T.);
#16308 = ORIENTED_EDGE('',*,*,#6099,.T.);
#16309 = ORIENTED_EDGE('',*,*,#16285,.T.);
#16310 = ORIENTED_EDGE('',*,*,#5822,.T.);
#16311 = ORIENTED_EDGE('',*,*,#5846,.F.);
#16312 = PLANE('',#16313);
#16313 = AXIS2_PLACEMENT_3D('',#16314,#16315,#16316);
#16314 = CARTESIAN_POINT('',(6.980982603333,4.500029974179,
    4.000000266931));
#16315 = DIRECTION('',(1.,1.047444401653E-14,3.491481338843E-15));
#16316 = DIRECTION('',(3.491481338843E-15,3.657132581847E-29,-1.));
#16317 = ADVANCED_FACE('',(#16318),#16326,.F.);
#16318 = FACE_BOUND('',#16319,.T.);
#16319 = EDGE_LOOP('',(#16320,#16321,#16322,#16323,#16324,#16325));
#16320 = ORIENTED_EDGE('',*,*,#5918,.F.);
#16321 = ORIENTED_EDGE('',*,*,#5853,.T.);
#16322 = ORIENTED_EDGE('',*,*,#5806,.T.);
#16323 = ORIENTED_EDGE('',*,*,#16292,.F.);
#16324 = ORIENTED_EDGE('',*,*,#6082,.T.);
#16325 = ORIENTED_EDGE('',*,*,#6133,.T.);
#16326 = PLANE('',#16327);
#16327 = AXIS2_PLACEMENT_3D('',#16328,#16329,#16330);
#16328 = CARTESIAN_POINT('',(7.980982586407,3.70002998772,4.000000266931
    ));
#16329 = DIRECTION('',(-1.,-1.047444401653E-14,-3.491481338843E-15));
#16330 = DIRECTION('',(1.047444401653E-14,-1.,0.));
#16331 = ( GEOMETRIC_REPRESENTATION_CONTEXT(3) 
GLOBAL_UNCERTAINTY_ASSIGNED_CONTEXT((#16335)) 
GLOBAL_UNIT_ASSIGNED_CONTEXT((#16332,#16333,#16334)) 
REPRESENTATION_CONTEXT('Context #1',
  '3D Context with UNIT and UNCERTAINTY') );
#16332 = ( LENGTH_UNIT() NAMED_UNIT(*) SI_UNIT(.MILLI.,.METRE.) );
#16333 = ( NAMED_UNIT(*) PLANE_ANGLE_UNIT() SI_UNIT($,.RADIAN.) );
#16334 = ( NAMED_UNIT(*) SI_UNIT($,.STERADIAN.) SOLID_ANGLE_UNIT() );
#16335 = UNCERTAINTY_MEASURE_WITH_UNIT(LENGTH_MEASURE(2.E-05),#16332,
  'distance_accuracy_value','confusion accuracy');
#16336 = PRODUCT_RELATED_PRODUCT_CATEGORY('part',$,(#7));
#16337 = MECHANICAL_DESIGN_GEOMETRIC_PRESENTATION_REPRESENTATION('',(
    #16338,#16349,#16358,#16367,#16375,#16382,#16389,#16396,#16403,
    #16410,#16417,#16424,#16431,#16438,#16445,#16452,#16459,#16466,
    #16473,#16480,#16487,#16494,#16501,#16508,#16515,#16522,#16529,
    #16536,#16543,#16550,#16557,#16564,#16571,#16578,#16585,#16592,
    #16599,#16606,#16613,#16620,#16627,#16634,#16641,#16648,#16655,
    #16662,#16669,#16676,#16683,#16690,#16697,#16704,#16711,#16718,
    #16725,#16732,#16739,#16746,#16753,#16760,#16767,#16774,#16781,
    #16788,#16795,#16802,#16809,#16816,#16823,#16830,#16837,#16844,
    #16851,#16858,#16865,#16872,#16879,#16886,#16893,#16900,#16907,
    #16914,#16921,#16928,#16935,#16942,#16949,#16956,#16963,#16970,
    #16977),#16331);
#16338 = STYLED_ITEM('color',(#16339),#15);
#16339 = PRESENTATION_STYLE_ASSIGNMENT((#16340,#16346));
#16340 = SURFACE_STYLE_USAGE(.BOTH.,#16341);
#16341 = SURFACE_SIDE_STYLE('',(#16342));
#16342 = SURFACE_STYLE_FILL_AREA(#16343);
#16343 = FILL_AREA_STYLE('',(#16344));
#16344 = FILL_AREA_STYLE_COLOUR('',#16345);
#16345 = COLOUR_RGB('',0.678431390124,0.709803936702,0.741176476869);
#16346 = CURVE_STYLE('',#16347,POSITIVE_LENGTH_MEASURE(0.1),#16348);
#16347 = DRAUGHTING_PRE_DEFINED_CURVE_FONT('continuous');
#16348 = COLOUR_RGB('',9.803921802644E-02,9.803921802644E-02,
  9.803921802644E-02);
#16349 = STYLED_ITEM('color',(#16350),#454);
#16350 = PRESENTATION_STYLE_ASSIGNMENT((#16351,#16356));
#16351 = SURFACE_STYLE_USAGE(.BOTH.,#16352);
#16352 = SURFACE_SIDE_STYLE('',(#16353));
#16353 = SURFACE_STYLE_FILL_AREA(#16354);
#16354 = FILL_AREA_STYLE('',(#16355));
#16355 = FILL_AREA_STYLE_COLOUR('',#16345);
#16356 = CURVE_STYLE('',#16357,POSITIVE_LENGTH_MEASURE(0.1),#16348);
#16357 = DRAUGHTING_PRE_DEFINED_CURVE_FONT('continuous');
#16358 = STYLED_ITEM('color',(#16359),#789);
#16359 = PRESENTATION_STYLE_ASSIGNMENT((#16360,#16365));
#16360 = SURFACE_STYLE_USAGE(.BOTH.,#16361);
#16361 = SURFACE_SIDE_STYLE('',(#16362));
#16362 = SURFACE_STYLE_FILL_AREA(#16363);
#16363 = FILL_AREA_STYLE('',(#16364));
#16364 = FILL_AREA_STYLE_COLOUR('',#16345);
#16365 = CURVE_STYLE('',#16366,POSITIVE_LENGTH_MEASURE(0.1),#16348);
#16366 = DRAUGHTING_PRE_DEFINED_CURVE_FONT('continuous');
#16367 = OVER_RIDING_STYLED_ITEM('overriding color',(#16368),#791,#16358
  );
#16368 = PRESENTATION_STYLE_ASSIGNMENT((#16369));
#16369 = SURFACE_STYLE_USAGE(.BOTH.,#16370);
#16370 = SURFACE_SIDE_STYLE('',(#16371));
#16371 = SURFACE_STYLE_FILL_AREA(#16372);
#16372 = FILL_AREA_STYLE('',(#16373));
#16373 = FILL_AREA_STYLE_COLOUR('',#16374);
#16374 = COLOUR_RGB('',0.894117649055,0.454901963324,0.145098047169);
#16375 = OVER_RIDING_STYLED_ITEM('overriding color',(#16376),#833,#16358
  );
#16376 = PRESENTATION_STYLE_ASSIGNMENT((#16377));
#16377 = SURFACE_STYLE_USAGE(.BOTH.,#16378);
#16378 = SURFACE_SIDE_STYLE('',(#16379));
#16379 = SURFACE_STYLE_FILL_AREA(#16380);
#16380 = FILL_AREA_STYLE('',(#16381));
#16381 = FILL_AREA_STYLE_COLOUR('',#16374);
#16382 = OVER_RIDING_STYLED_ITEM('overriding color',(#16383),#875,#16358
  );
#16383 = PRESENTATION_STYLE_ASSIGNMENT((#16384));
#16384 = SURFACE_STYLE_USAGE(.BOTH.,#16385);
#16385 = SURFACE_SIDE_STYLE('',(#16386));
#16386 = SURFACE_STYLE_FILL_AREA(#16387);
#16387 = FILL_AREA_STYLE('',(#16388));
#16388 = FILL_AREA_STYLE_COLOUR('',#16374);
#16389 = OVER_RIDING_STYLED_ITEM('overriding color',(#16390),#930,#16358
  );
#16390 = PRESENTATION_STYLE_ASSIGNMENT((#16391));
#16391 = SURFACE_STYLE_USAGE(.BOTH.,#16392);
#16392 = SURFACE_SIDE_STYLE('',(#16393));
#16393 = SURFACE_STYLE_FILL_AREA(#16394);
#16394 = FILL_AREA_STYLE('',(#16395));
#16395 = FILL_AREA_STYLE_COLOUR('',#16374);
#16396 = OVER_RIDING_STYLED_ITEM('overriding color',(#16397),#988,#16358
  );
#16397 = PRESENTATION_STYLE_ASSIGNMENT((#16398));
#16398 = SURFACE_STYLE_USAGE(.BOTH.,#16399);
#16399 = SURFACE_SIDE_STYLE('',(#16400));
#16400 = SURFACE_STYLE_FILL_AREA(#16401);
#16401 = FILL_AREA_STYLE('',(#16402));
#16402 = FILL_AREA_STYLE_COLOUR('',#16374);
#16403 = OVER_RIDING_STYLED_ITEM('overriding color',(#16404),#1020,
  #16358);
#16404 = PRESENTATION_STYLE_ASSIGNMENT((#16405));
#16405 = SURFACE_STYLE_USAGE(.BOTH.,#16406);
#16406 = SURFACE_SIDE_STYLE('',(#16407));
#16407 = SURFACE_STYLE_FILL_AREA(#16408);
#16408 = FILL_AREA_STYLE('',(#16409));
#16409 = FILL_AREA_STYLE_COLOUR('',#16374);
#16410 = OVER_RIDING_STYLED_ITEM('overriding color',(#16411),#1052,
  #16358);
#16411 = PRESENTATION_STYLE_ASSIGNMENT((#16412));
#16412 = SURFACE_STYLE_USAGE(.BOTH.,#16413);
#16413 = SURFACE_SIDE_STYLE('',(#16414));
#16414 = SURFACE_STYLE_FILL_AREA(#16415);
#16415 = FILL_AREA_STYLE('',(#16416));
#16416 = FILL_AREA_STYLE_COLOUR('',#16374);
#16417 = OVER_RIDING_STYLED_ITEM('overriding color',(#16418),#1114,
  #16358);
#16418 = PRESENTATION_STYLE_ASSIGNMENT((#16419));
#16419 = SURFACE_STYLE_USAGE(.BOTH.,#16420);
#16420 = SURFACE_SIDE_STYLE('',(#16421));
#16421 = SURFACE_STYLE_FILL_AREA(#16422);
#16422 = FILL_AREA_STYLE('',(#16423));
#16423 = FILL_AREA_STYLE_COLOUR('',#16374);
#16424 = OVER_RIDING_STYLED_ITEM('overriding color',(#16425),#1156,
  #16358);
#16425 = PRESENTATION_STYLE_ASSIGNMENT((#16426));
#16426 = SURFACE_STYLE_USAGE(.BOTH.,#16427);
#16427 = SURFACE_SIDE_STYLE('',(#16428));
#16428 = SURFACE_STYLE_FILL_AREA(#16429);
#16429 = FILL_AREA_STYLE('',(#16430));
#16430 = FILL_AREA_STYLE_COLOUR('',#16374);
#16431 = OVER_RIDING_STYLED_ITEM('overriding color',(#16432),#1189,
  #16358);
#16432 = PRESENTATION_STYLE_ASSIGNMENT((#16433));
#16433 = SURFACE_STYLE_USAGE(.BOTH.,#16434);
#16434 = SURFACE_SIDE_STYLE('',(#16435));
#16435 = SURFACE_STYLE_FILL_AREA(#16436);
#16436 = FILL_AREA_STYLE('',(#16437));
#16437 = FILL_AREA_STYLE_COLOUR('',#16374);
#16438 = OVER_RIDING_STYLED_ITEM('overriding color',(#16439),#1237,
  #16358);
#16439 = PRESENTATION_STYLE_ASSIGNMENT((#16440));
#16440 = SURFACE_STYLE_USAGE(.BOTH.,#16441);
#16441 = SURFACE_SIDE_STYLE('',(#16442));
#16442 = SURFACE_STYLE_FILL_AREA(#16443);
#16443 = FILL_AREA_STYLE('',(#16444));
#16444 = FILL_AREA_STYLE_COLOUR('',#16374);
#16445 = OVER_RIDING_STYLED_ITEM('overriding color',(#16446),#1318,
  #16358);
#16446 = PRESENTATION_STYLE_ASSIGNMENT((#16447));
#16447 = SURFACE_STYLE_USAGE(.BOTH.,#16448);
#16448 = SURFACE_SIDE_STYLE('',(#16449));
#16449 = SURFACE_STYLE_FILL_AREA(#16450);
#16450 = FILL_AREA_STYLE('',(#16451));
#16451 = FILL_AREA_STYLE_COLOUR('',#16374);
#16452 = OVER_RIDING_STYLED_ITEM('overriding color',(#16453),#1382,
  #16358);
#16453 = PRESENTATION_STYLE_ASSIGNMENT((#16454));
#16454 = SURFACE_STYLE_USAGE(.BOTH.,#16455);
#16455 = SURFACE_SIDE_STYLE('',(#16456));
#16456 = SURFACE_STYLE_FILL_AREA(#16457);
#16457 = FILL_AREA_STYLE('',(#16458));
#16458 = FILL_AREA_STYLE_COLOUR('',#16374);
#16459 = OVER_RIDING_STYLED_ITEM('overriding color',(#16460),#1400,
  #16358);
#16460 = PRESENTATION_STYLE_ASSIGNMENT((#16461));
#16461 = SURFACE_STYLE_USAGE(.BOTH.,#16462);
#16462 = SURFACE_SIDE_STYLE('',(#16463));
#16463 = SURFACE_STYLE_FILL_AREA(#16464);
#16464 = FILL_AREA_STYLE('',(#16465));
#16465 = FILL_AREA_STYLE_COLOUR('',#16374);
#16466 = OVER_RIDING_STYLED_ITEM('overriding color',(#16467),#1418,
  #16358);
#16467 = PRESENTATION_STYLE_ASSIGNMENT((#16468));
#16468 = SURFACE_STYLE_USAGE(.BOTH.,#16469);
#16469 = SURFACE_SIDE_STYLE('',(#16470));
#16470 = SURFACE_STYLE_FILL_AREA(#16471);
#16471 = FILL_AREA_STYLE('',(#16472));
#16472 = FILL_AREA_STYLE_COLOUR('',#16374);
#16473 = OVER_RIDING_STYLED_ITEM('overriding color',(#16474),#1441,
  #16358);
#16474 = PRESENTATION_STYLE_ASSIGNMENT((#16475));
#16475 = SURFACE_STYLE_USAGE(.BOTH.,#16476);
#16476 = SURFACE_SIDE_STYLE('',(#16477));
#16477 = SURFACE_STYLE_FILL_AREA(#16478);
#16478 = FILL_AREA_STYLE('',(#16479));
#16479 = FILL_AREA_STYLE_COLOUR('',#16374);
#16480 = OVER_RIDING_STYLED_ITEM('overriding color',(#16481),#1459,
  #16358);
#16481 = PRESENTATION_STYLE_ASSIGNMENT((#16482));
#16482 = SURFACE_STYLE_USAGE(.BOTH.,#16483);
#16483 = SURFACE_SIDE_STYLE('',(#16484));
#16484 = SURFACE_STYLE_FILL_AREA(#16485);
#16485 = FILL_AREA_STYLE('',(#16486));
#16486 = FILL_AREA_STYLE_COLOUR('',#16374);
#16487 = OVER_RIDING_STYLED_ITEM('overriding color',(#16488),#1470,
  #16358);
#16488 = PRESENTATION_STYLE_ASSIGNMENT((#16489));
#16489 = SURFACE_STYLE_USAGE(.BOTH.,#16490);
#16490 = SURFACE_SIDE_STYLE('',(#16491));
#16491 = SURFACE_STYLE_FILL_AREA(#16492);
#16492 = FILL_AREA_STYLE('',(#16493));
#16493 = FILL_AREA_STYLE_COLOUR('',#16374);
#16494 = OVER_RIDING_STYLED_ITEM('overriding color',(#16495),#1509,
  #16358);
#16495 = PRESENTATION_STYLE_ASSIGNMENT((#16496));
#16496 = SURFACE_STYLE_USAGE(.BOTH.,#16497);
#16497 = SURFACE_SIDE_STYLE('',(#16498));
#16498 = SURFACE_STYLE_FILL_AREA(#16499);
#16499 = FILL_AREA_STYLE('',(#16500));
#16500 = FILL_AREA_STYLE_COLOUR('',#16374);
#16501 = OVER_RIDING_STYLED_ITEM('overriding color',(#16502),#1549,
  #16358);
#16502 = PRESENTATION_STYLE_ASSIGNMENT((#16503));
#16503 = SURFACE_STYLE_USAGE(.BOTH.,#16504);
#16504 = SURFACE_SIDE_STYLE('',(#16505));
#16505 = SURFACE_STYLE_FILL_AREA(#16506);
#16506 = FILL_AREA_STYLE('',(#16507));
#16507 = FILL_AREA_STYLE_COLOUR('',#16374);
#16508 = OVER_RIDING_STYLED_ITEM('overriding color',(#16509),#1573,
  #16358);
#16509 = PRESENTATION_STYLE_ASSIGNMENT((#16510));
#16510 = SURFACE_STYLE_USAGE(.BOTH.,#16511);
#16511 = SURFACE_SIDE_STYLE('',(#16512));
#16512 = SURFACE_STYLE_FILL_AREA(#16513);
#16513 = FILL_AREA_STYLE('',(#16514));
#16514 = FILL_AREA_STYLE_COLOUR('',#16374);
#16515 = OVER_RIDING_STYLED_ITEM('overriding color',(#16516),#1595,
  #16358);
#16516 = PRESENTATION_STYLE_ASSIGNMENT((#16517));
#16517 = SURFACE_STYLE_USAGE(.BOTH.,#16518);
#16518 = SURFACE_SIDE_STYLE('',(#16519));
#16519 = SURFACE_STYLE_FILL_AREA(#16520);
#16520 = FILL_AREA_STYLE('',(#16521));
#16521 = FILL_AREA_STYLE_COLOUR('',#16374);
#16522 = OVER_RIDING_STYLED_ITEM('overriding color',(#16523),#1707,
  #16358);
#16523 = PRESENTATION_STYLE_ASSIGNMENT((#16524));
#16524 = SURFACE_STYLE_USAGE(.BOTH.,#16525);
#16525 = SURFACE_SIDE_STYLE('',(#16526));
#16526 = SURFACE_STYLE_FILL_AREA(#16527);
#16527 = FILL_AREA_STYLE('',(#16528));
#16528 = FILL_AREA_STYLE_COLOUR('',#16374);
#16529 = OVER_RIDING_STYLED_ITEM('overriding color',(#16530),#1749,
  #16358);
#16530 = PRESENTATION_STYLE_ASSIGNMENT((#16531));
#16531 = SURFACE_STYLE_USAGE(.BOTH.,#16532);
#16532 = SURFACE_SIDE_STYLE('',(#16533));
#16533 = SURFACE_STYLE_FILL_AREA(#16534);
#16534 = FILL_AREA_STYLE('',(#16535));
#16535 = FILL_AREA_STYLE_COLOUR('',#16374);
#16536 = OVER_RIDING_STYLED_ITEM('overriding color',(#16537),#1791,
  #16358);
#16537 = PRESENTATION_STYLE_ASSIGNMENT((#16538));
#16538 = SURFACE_STYLE_USAGE(.BOTH.,#16539);
#16539 = SURFACE_SIDE_STYLE('',(#16540));
#16540 = SURFACE_STYLE_FILL_AREA(#16541);
#16541 = FILL_AREA_STYLE('',(#16542));
#16542 = FILL_AREA_STYLE_COLOUR('',#16374);
#16543 = OVER_RIDING_STYLED_ITEM('overriding color',(#16544),#1846,
  #16358);
#16544 = PRESENTATION_STYLE_ASSIGNMENT((#16545));
#16545 = SURFACE_STYLE_USAGE(.BOTH.,#16546);
#16546 = SURFACE_SIDE_STYLE('',(#16547));
#16547 = SURFACE_STYLE_FILL_AREA(#16548);
#16548 = FILL_AREA_STYLE('',(#16549));
#16549 = FILL_AREA_STYLE_COLOUR('',#16374);
#16550 = OVER_RIDING_STYLED_ITEM('overriding color',(#16551),#1904,
  #16358);
#16551 = PRESENTATION_STYLE_ASSIGNMENT((#16552));
#16552 = SURFACE_STYLE_USAGE(.BOTH.,#16553);
#16553 = SURFACE_SIDE_STYLE('',(#16554));
#16554 = SURFACE_STYLE_FILL_AREA(#16555);
#16555 = FILL_AREA_STYLE('',(#16556));
#16556 = FILL_AREA_STYLE_COLOUR('',#16374);
#16557 = OVER_RIDING_STYLED_ITEM('overriding color',(#16558),#1936,
  #16358);
#16558 = PRESENTATION_STYLE_ASSIGNMENT((#16559));
#16559 = SURFACE_STYLE_USAGE(.BOTH.,#16560);
#16560 = SURFACE_SIDE_STYLE('',(#16561));
#16561 = SURFACE_STYLE_FILL_AREA(#16562);
#16562 = FILL_AREA_STYLE('',(#16563));
#16563 = FILL_AREA_STYLE_COLOUR('',#16374);
#16564 = OVER_RIDING_STYLED_ITEM('overriding color',(#16565),#1968,
  #16358);
#16565 = PRESENTATION_STYLE_ASSIGNMENT((#16566));
#16566 = SURFACE_STYLE_USAGE(.BOTH.,#16567);
#16567 = SURFACE_SIDE_STYLE('',(#16568));
#16568 = SURFACE_STYLE_FILL_AREA(#16569);
#16569 = FILL_AREA_STYLE('',(#16570));
#16570 = FILL_AREA_STYLE_COLOUR('',#16374);
#16571 = OVER_RIDING_STYLED_ITEM('overriding color',(#16572),#2030,
  #16358);
#16572 = PRESENTATION_STYLE_ASSIGNMENT((#16573));
#16573 = SURFACE_STYLE_USAGE(.BOTH.,#16574);
#16574 = SURFACE_SIDE_STYLE('',(#16575));
#16575 = SURFACE_STYLE_FILL_AREA(#16576);
#16576 = FILL_AREA_STYLE('',(#16577));
#16577 = FILL_AREA_STYLE_COLOUR('',#16374);
#16578 = OVER_RIDING_STYLED_ITEM('overriding color',(#16579),#2072,
  #16358);
#16579 = PRESENTATION_STYLE_ASSIGNMENT((#16580));
#16580 = SURFACE_STYLE_USAGE(.BOTH.,#16581);
#16581 = SURFACE_SIDE_STYLE('',(#16582));
#16582 = SURFACE_STYLE_FILL_AREA(#16583);
#16583 = FILL_AREA_STYLE('',(#16584));
#16584 = FILL_AREA_STYLE_COLOUR('',#16374);
#16585 = OVER_RIDING_STYLED_ITEM('overriding color',(#16586),#2105,
  #16358);
#16586 = PRESENTATION_STYLE_ASSIGNMENT((#16587));
#16587 = SURFACE_STYLE_USAGE(.BOTH.,#16588);
#16588 = SURFACE_SIDE_STYLE('',(#16589));
#16589 = SURFACE_STYLE_FILL_AREA(#16590);
#16590 = FILL_AREA_STYLE('',(#16591));
#16591 = FILL_AREA_STYLE_COLOUR('',#16374);
#16592 = OVER_RIDING_STYLED_ITEM('overriding color',(#16593),#2153,
  #16358);
#16593 = PRESENTATION_STYLE_ASSIGNMENT((#16594));
#16594 = SURFACE_STYLE_USAGE(.BOTH.,#16595);
#16595 = SURFACE_SIDE_STYLE('',(#16596));
#16596 = SURFACE_STYLE_FILL_AREA(#16597);
#16597 = FILL_AREA_STYLE('',(#16598));
#16598 = FILL_AREA_STYLE_COLOUR('',#16374);
#16599 = OVER_RIDING_STYLED_ITEM('overriding color',(#16600),#2234,
  #16358);
#16600 = PRESENTATION_STYLE_ASSIGNMENT((#16601));
#16601 = SURFACE_STYLE_USAGE(.BOTH.,#16602);
#16602 = SURFACE_SIDE_STYLE('',(#16603));
#16603 = SURFACE_STYLE_FILL_AREA(#16604);
#16604 = FILL_AREA_STYLE('',(#16605));
#16605 = FILL_AREA_STYLE_COLOUR('',#16374);
#16606 = OVER_RIDING_STYLED_ITEM('overriding color',(#16607),#2298,
  #16358);
#16607 = PRESENTATION_STYLE_ASSIGNMENT((#16608));
#16608 = SURFACE_STYLE_USAGE(.BOTH.,#16609);
#16609 = SURFACE_SIDE_STYLE('',(#16610));
#16610 = SURFACE_STYLE_FILL_AREA(#16611);
#16611 = FILL_AREA_STYLE('',(#16612));
#16612 = FILL_AREA_STYLE_COLOUR('',#16374);
#16613 = OVER_RIDING_STYLED_ITEM('overriding color',(#16614),#2316,
  #16358);
#16614 = PRESENTATION_STYLE_ASSIGNMENT((#16615));
#16615 = SURFACE_STYLE_USAGE(.BOTH.,#16616);
#16616 = SURFACE_SIDE_STYLE('',(#16617));
#16617 = SURFACE_STYLE_FILL_AREA(#16618);
#16618 = FILL_AREA_STYLE('',(#16619));
#16619 = FILL_AREA_STYLE_COLOUR('',#16374);
#16620 = OVER_RIDING_STYLED_ITEM('overriding color',(#16621),#2334,
  #16358);
#16621 = PRESENTATION_STYLE_ASSIGNMENT((#16622));
#16622 = SURFACE_STYLE_USAGE(.BOTH.,#16623);
#16623 = SURFACE_SIDE_STYLE('',(#16624));
#16624 = SURFACE_STYLE_FILL_AREA(#16625);
#16625 = FILL_AREA_STYLE('',(#16626));
#16626 = FILL_AREA_STYLE_COLOUR('',#16374);
#16627 = OVER_RIDING_STYLED_ITEM('overriding color',(#16628),#2357,
  #16358);
#16628 = PRESENTATION_STYLE_ASSIGNMENT((#16629));
#16629 = SURFACE_STYLE_USAGE(.BOTH.,#16630);
#16630 = SURFACE_SIDE_STYLE('',(#16631));
#16631 = SURFACE_STYLE_FILL_AREA(#16632);
#16632 = FILL_AREA_STYLE('',(#16633));
#16633 = FILL_AREA_STYLE_COLOUR('',#16374);
#16634 = OVER_RIDING_STYLED_ITEM('overriding color',(#16635),#2375,
  #16358);
#16635 = PRESENTATION_STYLE_ASSIGNMENT((#16636));
#16636 = SURFACE_STYLE_USAGE(.BOTH.,#16637);
#16637 = SURFACE_SIDE_STYLE('',(#16638));
#16638 = SURFACE_STYLE_FILL_AREA(#16639);
#16639 = FILL_AREA_STYLE('',(#16640));
#16640 = FILL_AREA_STYLE_COLOUR('',#16374);
#16641 = OVER_RIDING_STYLED_ITEM('overriding color',(#16642),#2386,
  #16358);
#16642 = PRESENTATION_STYLE_ASSIGNMENT((#16643));
#16643 = SURFACE_STYLE_USAGE(.BOTH.,#16644);
#16644 = SURFACE_SIDE_STYLE('',(#16645));
#16645 = SURFACE_STYLE_FILL_AREA(#16646);
#16646 = FILL_AREA_STYLE('',(#16647));
#16647 = FILL_AREA_STYLE_COLOUR('',#16374);
#16648 = OVER_RIDING_STYLED_ITEM('overriding color',(#16649),#2425,
  #16358);
#16649 = PRESENTATION_STYLE_ASSIGNMENT((#16650));
#16650 = SURFACE_STYLE_USAGE(.BOTH.,#16651);
#16651 = SURFACE_SIDE_STYLE('',(#16652));
#16652 = SURFACE_STYLE_FILL_AREA(#16653);
#16653 = FILL_AREA_STYLE('',(#16654));
#16654 = FILL_AREA_STYLE_COLOUR('',#16374);
#16655 = OVER_RIDING_STYLED_ITEM('overriding color',(#16656),#2465,
  #16358);
#16656 = PRESENTATION_STYLE_ASSIGNMENT((#16657));
#16657 = SURFACE_STYLE_USAGE(.BOTH.,#16658);
#16658 = SURFACE_SIDE_STYLE('',(#16659));
#16659 = SURFACE_STYLE_FILL_AREA(#16660);
#16660 = FILL_AREA_STYLE('',(#16661));
#16661 = FILL_AREA_STYLE_COLOUR('',#16374);
#16662 = OVER_RIDING_STYLED_ITEM('overriding color',(#16663),#2489,
  #16358);
#16663 = PRESENTATION_STYLE_ASSIGNMENT((#16664));
#16664 = SURFACE_STYLE_USAGE(.BOTH.,#16665);
#16665 = SURFACE_SIDE_STYLE('',(#16666));
#16666 = SURFACE_STYLE_FILL_AREA(#16667);
#16667 = FILL_AREA_STYLE('',(#16668));
#16668 = FILL_AREA_STYLE_COLOUR('',#16374);
#16669 = OVER_RIDING_STYLED_ITEM('overriding color',(#16670),#2511,
  #16358);
#16670 = PRESENTATION_STYLE_ASSIGNMENT((#16671));
#16671 = SURFACE_STYLE_USAGE(.BOTH.,#16672);
#16672 = SURFACE_SIDE_STYLE('',(#16673));
#16673 = SURFACE_STYLE_FILL_AREA(#16674);
#16674 = FILL_AREA_STYLE('',(#16675));
#16675 = FILL_AREA_STYLE_COLOUR('',#16374);
#16676 = OVER_RIDING_STYLED_ITEM('overriding color',(#16677),#2623,
  #16358);
#16677 = PRESENTATION_STYLE_ASSIGNMENT((#16678));
#16678 = SURFACE_STYLE_USAGE(.BOTH.,#16679);
#16679 = SURFACE_SIDE_STYLE('',(#16680));
#16680 = SURFACE_STYLE_FILL_AREA(#16681);
#16681 = FILL_AREA_STYLE('',(#16682));
#16682 = FILL_AREA_STYLE_COLOUR('',#16374);
#16683 = OVER_RIDING_STYLED_ITEM('overriding color',(#16684),#2665,
  #16358);
#16684 = PRESENTATION_STYLE_ASSIGNMENT((#16685));
#16685 = SURFACE_STYLE_USAGE(.BOTH.,#16686);
#16686 = SURFACE_SIDE_STYLE('',(#16687));
#16687 = SURFACE_STYLE_FILL_AREA(#16688);
#16688 = FILL_AREA_STYLE('',(#16689));
#16689 = FILL_AREA_STYLE_COLOUR('',#16374);
#16690 = OVER_RIDING_STYLED_ITEM('overriding color',(#16691),#2707,
  #16358);
#16691 = PRESENTATION_STYLE_ASSIGNMENT((#16692));
#16692 = SURFACE_STYLE_USAGE(.BOTH.,#16693);
#16693 = SURFACE_SIDE_STYLE('',(#16694));
#16694 = SURFACE_STYLE_FILL_AREA(#16695);
#16695 = FILL_AREA_STYLE('',(#16696));
#16696 = FILL_AREA_STYLE_COLOUR('',#16374);
#16697 = OVER_RIDING_STYLED_ITEM('overriding color',(#16698),#2762,
  #16358);
#16698 = PRESENTATION_STYLE_ASSIGNMENT((#16699));
#16699 = SURFACE_STYLE_USAGE(.BOTH.,#16700);
#16700 = SURFACE_SIDE_STYLE('',(#16701));
#16701 = SURFACE_STYLE_FILL_AREA(#16702);
#16702 = FILL_AREA_STYLE('',(#16703));
#16703 = FILL_AREA_STYLE_COLOUR('',#16374);
#16704 = OVER_RIDING_STYLED_ITEM('overriding color',(#16705),#2820,
  #16358);
#16705 = PRESENTATION_STYLE_ASSIGNMENT((#16706));
#16706 = SURFACE_STYLE_USAGE(.BOTH.,#16707);
#16707 = SURFACE_SIDE_STYLE('',(#16708));
#16708 = SURFACE_STYLE_FILL_AREA(#16709);
#16709 = FILL_AREA_STYLE('',(#16710));
#16710 = FILL_AREA_STYLE_COLOUR('',#16374);
#16711 = OVER_RIDING_STYLED_ITEM('overriding color',(#16712),#2852,
  #16358);
#16712 = PRESENTATION_STYLE_ASSIGNMENT((#16713));
#16713 = SURFACE_STYLE_USAGE(.BOTH.,#16714);
#16714 = SURFACE_SIDE_STYLE('',(#16715));
#16715 = SURFACE_STYLE_FILL_AREA(#16716);
#16716 = FILL_AREA_STYLE('',(#16717));
#16717 = FILL_AREA_STYLE_COLOUR('',#16374);
#16718 = OVER_RIDING_STYLED_ITEM('overriding color',(#16719),#2884,
  #16358);
#16719 = PRESENTATION_STYLE_ASSIGNMENT((#16720));
#16720 = SURFACE_STYLE_USAGE(.BOTH.,#16721);
#16721 = SURFACE_SIDE_STYLE('',(#16722));
#16722 = SURFACE_STYLE_FILL_AREA(#16723);
#16723 = FILL_AREA_STYLE('',(#16724));
#16724 = FILL_AREA_STYLE_COLOUR('',#16374);
#16725 = OVER_RIDING_STYLED_ITEM('overriding color',(#16726),#2946,
  #16358);
#16726 = PRESENTATION_STYLE_ASSIGNMENT((#16727));
#16727 = SURFACE_STYLE_USAGE(.BOTH.,#16728);
#16728 = SURFACE_SIDE_STYLE('',(#16729));
#16729 = SURFACE_STYLE_FILL_AREA(#16730);
#16730 = FILL_AREA_STYLE('',(#16731));
#16731 = FILL_AREA_STYLE_COLOUR('',#16374);
#16732 = OVER_RIDING_STYLED_ITEM('overriding color',(#16733),#2988,
  #16358);
#16733 = PRESENTATION_STYLE_ASSIGNMENT((#16734));
#16734 = SURFACE_STYLE_USAGE(.BOTH.,#16735);
#16735 = SURFACE_SIDE_STYLE('',(#16736));
#16736 = SURFACE_STYLE_FILL_AREA(#16737);
#16737 = FILL_AREA_STYLE('',(#16738));
#16738 = FILL_AREA_STYLE_COLOUR('',#16374);
#16739 = OVER_RIDING_STYLED_ITEM('overriding color',(#16740),#3021,
  #16358);
#16740 = PRESENTATION_STYLE_ASSIGNMENT((#16741));
#16741 = SURFACE_STYLE_USAGE(.BOTH.,#16742);
#16742 = SURFACE_SIDE_STYLE('',(#16743));
#16743 = SURFACE_STYLE_FILL_AREA(#16744);
#16744 = FILL_AREA_STYLE('',(#16745));
#16745 = FILL_AREA_STYLE_COLOUR('',#16374);
#16746 = OVER_RIDING_STYLED_ITEM('overriding color',(#16747),#3069,
  #16358);
#16747 = PRESENTATION_STYLE_ASSIGNMENT((#16748));
#16748 = SURFACE_STYLE_USAGE(.BOTH.,#16749);
#16749 = SURFACE_SIDE_STYLE('',(#16750));
#16750 = SURFACE_STYLE_FILL_AREA(#16751);
#16751 = FILL_AREA_STYLE('',(#16752));
#16752 = FILL_AREA_STYLE_COLOUR('',#16374);
#16753 = OVER_RIDING_STYLED_ITEM('overriding color',(#16754),#3150,
  #16358);
#16754 = PRESENTATION_STYLE_ASSIGNMENT((#16755));
#16755 = SURFACE_STYLE_USAGE(.BOTH.,#16756);
#16756 = SURFACE_SIDE_STYLE('',(#16757));
#16757 = SURFACE_STYLE_FILL_AREA(#16758);
#16758 = FILL_AREA_STYLE('',(#16759));
#16759 = FILL_AREA_STYLE_COLOUR('',#16374);
#16760 = OVER_RIDING_STYLED_ITEM('overriding color',(#16761),#3214,
  #16358);
#16761 = PRESENTATION_STYLE_ASSIGNMENT((#16762));
#16762 = SURFACE_STYLE_USAGE(.BOTH.,#16763);
#16763 = SURFACE_SIDE_STYLE('',(#16764));
#16764 = SURFACE_STYLE_FILL_AREA(#16765);
#16765 = FILL_AREA_STYLE('',(#16766));
#16766 = FILL_AREA_STYLE_COLOUR('',#16374);
#16767 = OVER_RIDING_STYLED_ITEM('overriding color',(#16768),#3232,
  #16358);
#16768 = PRESENTATION_STYLE_ASSIGNMENT((#16769));
#16769 = SURFACE_STYLE_USAGE(.BOTH.,#16770);
#16770 = SURFACE_SIDE_STYLE('',(#16771));
#16771 = SURFACE_STYLE_FILL_AREA(#16772);
#16772 = FILL_AREA_STYLE('',(#16773));
#16773 = FILL_AREA_STYLE_COLOUR('',#16374);
#16774 = OVER_RIDING_STYLED_ITEM('overriding color',(#16775),#3250,
  #16358);
#16775 = PRESENTATION_STYLE_ASSIGNMENT((#16776));
#16776 = SURFACE_STYLE_USAGE(.BOTH.,#16777);
#16777 = SURFACE_SIDE_STYLE('',(#16778));
#16778 = SURFACE_STYLE_FILL_AREA(#16779);
#16779 = FILL_AREA_STYLE('',(#16780));
#16780 = FILL_AREA_STYLE_COLOUR('',#16374);
#16781 = OVER_RIDING_STYLED_ITEM('overriding color',(#16782),#3273,
  #16358);
#16782 = PRESENTATION_STYLE_ASSIGNMENT((#16783));
#16783 = SURFACE_STYLE_USAGE(.BOTH.,#16784);
#16784 = SURFACE_SIDE_STYLE('',(#16785));
#16785 = SURFACE_STYLE_FILL_AREA(#16786);
#16786 = FILL_AREA_STYLE('',(#16787));
#16787 = FILL_AREA_STYLE_COLOUR('',#16374);
#16788 = OVER_RIDING_STYLED_ITEM('overriding color',(#16789),#3291,
  #16358);
#16789 = PRESENTATION_STYLE_ASSIGNMENT((#16790));
#16790 = SURFACE_STYLE_USAGE(.BOTH.,#16791);
#16791 = SURFACE_SIDE_STYLE('',(#16792));
#16792 = SURFACE_STYLE_FILL_AREA(#16793);
#16793 = FILL_AREA_STYLE('',(#16794));
#16794 = FILL_AREA_STYLE_COLOUR('',#16374);
#16795 = OVER_RIDING_STYLED_ITEM('overriding color',(#16796),#3302,
  #16358);
#16796 = PRESENTATION_STYLE_ASSIGNMENT((#16797));
#16797 = SURFACE_STYLE_USAGE(.BOTH.,#16798);
#16798 = SURFACE_SIDE_STYLE('',(#16799));
#16799 = SURFACE_STYLE_FILL_AREA(#16800);
#16800 = FILL_AREA_STYLE('',(#16801));
#16801 = FILL_AREA_STYLE_COLOUR('',#16374);
#16802 = OVER_RIDING_STYLED_ITEM('overriding color',(#16803),#3341,
  #16358);
#16803 = PRESENTATION_STYLE_ASSIGNMENT((#16804));
#16804 = SURFACE_STYLE_USAGE(.BOTH.,#16805);
#16805 = SURFACE_SIDE_STYLE('',(#16806));
#16806 = SURFACE_STYLE_FILL_AREA(#16807);
#16807 = FILL_AREA_STYLE('',(#16808));
#16808 = FILL_AREA_STYLE_COLOUR('',#16374);
#16809 = OVER_RIDING_STYLED_ITEM('overriding color',(#16810),#3381,
  #16358);
#16810 = PRESENTATION_STYLE_ASSIGNMENT((#16811));
#16811 = SURFACE_STYLE_USAGE(.BOTH.,#16812);
#16812 = SURFACE_SIDE_STYLE('',(#16813));
#16813 = SURFACE_STYLE_FILL_AREA(#16814);
#16814 = FILL_AREA_STYLE('',(#16815));
#16815 = FILL_AREA_STYLE_COLOUR('',#16374);
#16816 = OVER_RIDING_STYLED_ITEM('overriding color',(#16817),#3405,
  #16358);
#16817 = PRESENTATION_STYLE_ASSIGNMENT((#16818));
#16818 = SURFACE_STYLE_USAGE(.BOTH.,#16819);
#16819 = SURFACE_SIDE_STYLE('',(#16820));
#16820 = SURFACE_STYLE_FILL_AREA(#16821);
#16821 = FILL_AREA_STYLE('',(#16822));
#16822 = FILL_AREA_STYLE_COLOUR('',#16374);
#16823 = OVER_RIDING_STYLED_ITEM('overriding color',(#16824),#3427,
  #16358);
#16824 = PRESENTATION_STYLE_ASSIGNMENT((#16825));
#16825 = SURFACE_STYLE_USAGE(.BOTH.,#16826);
#16826 = SURFACE_SIDE_STYLE('',(#16827));
#16827 = SURFACE_STYLE_FILL_AREA(#16828);
#16828 = FILL_AREA_STYLE('',(#16829));
#16829 = FILL_AREA_STYLE_COLOUR('',#16374);
#16830 = OVER_RIDING_STYLED_ITEM('overriding color',(#16831),#3539,
  #16358);
#16831 = PRESENTATION_STYLE_ASSIGNMENT((#16832));
#16832 = SURFACE_STYLE_USAGE(.BOTH.,#16833);
#16833 = SURFACE_SIDE_STYLE('',(#16834));
#16834 = SURFACE_STYLE_FILL_AREA(#16835);
#16835 = FILL_AREA_STYLE('',(#16836));
#16836 = FILL_AREA_STYLE_COLOUR('',#16374);
#16837 = OVER_RIDING_STYLED_ITEM('overriding color',(#16838),#3581,
  #16358);
#16838 = PRESENTATION_STYLE_ASSIGNMENT((#16839));
#16839 = SURFACE_STYLE_USAGE(.BOTH.,#16840);
#16840 = SURFACE_SIDE_STYLE('',(#16841));
#16841 = SURFACE_STYLE_FILL_AREA(#16842);
#16842 = FILL_AREA_STYLE('',(#16843));
#16843 = FILL_AREA_STYLE_COLOUR('',#16374);
#16844 = OVER_RIDING_STYLED_ITEM('overriding color',(#16845),#3623,
  #16358);
#16845 = PRESENTATION_STYLE_ASSIGNMENT((#16846));
#16846 = SURFACE_STYLE_USAGE(.BOTH.,#16847);
#16847 = SURFACE_SIDE_STYLE('',(#16848));
#16848 = SURFACE_STYLE_FILL_AREA(#16849);
#16849 = FILL_AREA_STYLE('',(#16850));
#16850 = FILL_AREA_STYLE_COLOUR('',#16374);
#16851 = OVER_RIDING_STYLED_ITEM('overriding color',(#16852),#3678,
  #16358);
#16852 = PRESENTATION_STYLE_ASSIGNMENT((#16853));
#16853 = SURFACE_STYLE_USAGE(.BOTH.,#16854);
#16854 = SURFACE_SIDE_STYLE('',(#16855));
#16855 = SURFACE_STYLE_FILL_AREA(#16856);
#16856 = FILL_AREA_STYLE('',(#16857));
#16857 = FILL_AREA_STYLE_COLOUR('',#16374);
#16858 = OVER_RIDING_STYLED_ITEM('overriding color',(#16859),#3736,
  #16358);
#16859 = PRESENTATION_STYLE_ASSIGNMENT((#16860));
#16860 = SURFACE_STYLE_USAGE(.BOTH.,#16861);
#16861 = SURFACE_SIDE_STYLE('',(#16862));
#16862 = SURFACE_STYLE_FILL_AREA(#16863);
#16863 = FILL_AREA_STYLE('',(#16864));
#16864 = FILL_AREA_STYLE_COLOUR('',#16374);
#16865 = OVER_RIDING_STYLED_ITEM('overriding color',(#16866),#3768,
  #16358);
#16866 = PRESENTATION_STYLE_ASSIGNMENT((#16867));
#16867 = SURFACE_STYLE_USAGE(.BOTH.,#16868);
#16868 = SURFACE_SIDE_STYLE('',(#16869));
#16869 = SURFACE_STYLE_FILL_AREA(#16870);
#16870 = FILL_AREA_STYLE('',(#16871));
#16871 = FILL_AREA_STYLE_COLOUR('',#16374);
#16872 = OVER_RIDING_STYLED_ITEM('overriding color',(#16873),#3800,
  #16358);
#16873 = PRESENTATION_STYLE_ASSIGNMENT((#16874));
#16874 = SURFACE_STYLE_USAGE(.BOTH.,#16875);
#16875 = SURFACE_SIDE_STYLE('',(#16876));
#16876 = SURFACE_STYLE_FILL_AREA(#16877);
#16877 = FILL_AREA_STYLE('',(#16878));
#16878 = FILL_AREA_STYLE_COLOUR('',#16374);
#16879 = OVER_RIDING_STYLED_ITEM('overriding color',(#16880),#3862,
  #16358);
#16880 = PRESENTATION_STYLE_ASSIGNMENT((#16881));
#16881 = SURFACE_STYLE_USAGE(.BOTH.,#16882);
#16882 = SURFACE_SIDE_STYLE('',(#16883));
#16883 = SURFACE_STYLE_FILL_AREA(#16884);
#16884 = FILL_AREA_STYLE('',(#16885));
#16885 = FILL_AREA_STYLE_COLOUR('',#16374);
#16886 = OVER_RIDING_STYLED_ITEM('overriding color',(#16887),#3904,
  #16358);
#16887 = PRESENTATION_STYLE_ASSIGNMENT((#16888));
#16888 = SURFACE_STYLE_USAGE(.BOTH.,#16889);
#16889 = SURFACE_SIDE_STYLE('',(#16890));
#16890 = SURFACE_STYLE_FILL_AREA(#16891);
#16891 = FILL_AREA_STYLE('',(#16892));
#16892 = FILL_AREA_STYLE_COLOUR('',#16374);
#16893 = OVER_RIDING_STYLED_ITEM('overriding color',(#16894),#3937,
  #16358);
#16894 = PRESENTATION_STYLE_ASSIGNMENT((#16895));
#16895 = SURFACE_STYLE_USAGE(.BOTH.,#16896);
#16896 = SURFACE_SIDE_STYLE('',(#16897));
#16897 = SURFACE_STYLE_FILL_AREA(#16898);
#16898 = FILL_AREA_STYLE('',(#16899));
#16899 = FILL_AREA_STYLE_COLOUR('',#16374);
#16900 = OVER_RIDING_STYLED_ITEM('overriding color',(#16901),#3985,
  #16358);
#16901 = PRESENTATION_STYLE_ASSIGNMENT((#16902));
#16902 = SURFACE_STYLE_USAGE(.BOTH.,#16903);
#16903 = SURFACE_SIDE_STYLE('',(#16904));
#16904 = SURFACE_STYLE_FILL_AREA(#16905);
#16905 = FILL_AREA_STYLE('',(#16906));
#16906 = FILL_AREA_STYLE_COLOUR('',#16374);
#16907 = OVER_RIDING_STYLED_ITEM('overriding color',(#16908),#4066,
  #16358);
#16908 = PRESENTATION_STYLE_ASSIGNMENT((#16909));
#16909 = SURFACE_STYLE_USAGE(.BOTH.,#16910);
#16910 = SURFACE_SIDE_STYLE('',(#16911));
#16911 = SURFACE_STYLE_FILL_AREA(#16912);
#16912 = FILL_AREA_STYLE('',(#16913));
#16913 = FILL_AREA_STYLE_COLOUR('',#16374);
#16914 = OVER_RIDING_STYLED_ITEM('overriding color',(#16915),#4130,
  #16358);
#16915 = PRESENTATION_STYLE_ASSIGNMENT((#16916));
#16916 = SURFACE_STYLE_USAGE(.BOTH.,#16917);
#16917 = SURFACE_SIDE_STYLE('',(#16918));
#16918 = SURFACE_STYLE_FILL_AREA(#16919);
#16919 = FILL_AREA_STYLE('',(#16920));
#16920 = FILL_AREA_STYLE_COLOUR('',#16374);
#16921 = OVER_RIDING_STYLED_ITEM('overriding color',(#16922),#4148,
  #16358);
#16922 = PRESENTATION_STYLE_ASSIGNMENT((#16923));
#16923 = SURFACE_STYLE_USAGE(.BOTH.,#16924);
#16924 = SURFACE_SIDE_STYLE('',(#16925));
#16925 = SURFACE_STYLE_FILL_AREA(#16926);
#16926 = FILL_AREA_STYLE('',(#16927));
#16927 = FILL_AREA_STYLE_COLOUR('',#16374);
#16928 = OVER_RIDING_STYLED_ITEM('overriding color',(#16929),#4166,
  #16358);
#16929 = PRESENTATION_STYLE_ASSIGNMENT((#16930));
#16930 = SURFACE_STYLE_USAGE(.BOTH.,#16931);
#16931 = SURFACE_SIDE_STYLE('',(#16932));
#16932 = SURFACE_STYLE_FILL_AREA(#16933);
#16933 = FILL_AREA_STYLE('',(#16934));
#16934 = FILL_AREA_STYLE_COLOUR('',#16374);
#16935 = OVER_RIDING_STYLED_ITEM('overriding color',(#16936),#4189,
  #16358);
#16936 = PRESENTATION_STYLE_ASSIGNMENT((#16937));
#16937 = SURFACE_STYLE_USAGE(.BOTH.,#16938);
#16938 = SURFACE_SIDE_STYLE('',(#16939));
#16939 = SURFACE_STYLE_FILL_AREA(#16940);
#16940 = FILL_AREA_STYLE('',(#16941));
#16941 = FILL_AREA_STYLE_COLOUR('',#16374);
#16942 = OVER_RIDING_STYLED_ITEM('overriding color',(#16943),#4207,
  #16358);
#16943 = PRESENTATION_STYLE_ASSIGNMENT((#16944));
#16944 = SURFACE_STYLE_USAGE(.BOTH.,#16945);
#16945 = SURFACE_SIDE_STYLE('',(#16946));
#16946 = SURFACE_STYLE_FILL_AREA(#16947);
#16947 = FILL_AREA_STYLE('',(#16948));
#16948 = FILL_AREA_STYLE_COLOUR('',#16374);
#16949 = OVER_RIDING_STYLED_ITEM('overriding color',(#16950),#4218,
  #16358);
#16950 = PRESENTATION_STYLE_ASSIGNMENT((#16951));
#16951 = SURFACE_STYLE_USAGE(.BOTH.,#16952);
#16952 = SURFACE_SIDE_STYLE('',(#16953));
#16953 = SURFACE_STYLE_FILL_AREA(#16954);
#16954 = FILL_AREA_STYLE('',(#16955));
#16955 = FILL_AREA_STYLE_COLOUR('',#16374);
#16956 = OVER_RIDING_STYLED_ITEM('overriding color',(#16957),#4257,
  #16358);
#16957 = PRESENTATION_STYLE_ASSIGNMENT((#16958));
#16958 = SURFACE_STYLE_USAGE(.BOTH.,#16959);
#16959 = SURFACE_SIDE_STYLE('',(#16960));
#16960 = SURFACE_STYLE_FILL_AREA(#16961);
#16961 = FILL_AREA_STYLE('',(#16962));
#16962 = FILL_AREA_STYLE_COLOUR('',#16374);
#16963 = OVER_RIDING_STYLED_ITEM('overriding color',(#16964),#4297,
  #16358);
#16964 = PRESENTATION_STYLE_ASSIGNMENT((#16965));
#16965 = SURFACE_STYLE_USAGE(.BOTH.,#16966);
#16966 = SURFACE_SIDE_STYLE('',(#16967));
#16967 = SURFACE_STYLE_FILL_AREA(#16968);
#16968 = FILL_AREA_STYLE('',(#16969));
#16969 = FILL_AREA_STYLE_COLOUR('',#16374);
#16970 = OVER_RIDING_STYLED_ITEM('overriding color',(#16971),#4321,
  #16358);
#16971 = PRESENTATION_STYLE_ASSIGNMENT((#16972));
#16972 = SURFACE_STYLE_USAGE(.BOTH.,#16973);
#16973 = SURFACE_SIDE_STYLE('',(#16974));
#16974 = SURFACE_STYLE_FILL_AREA(#16975);
#16975 = FILL_AREA_STYLE('',(#16976));
#16976 = FILL_AREA_STYLE_COLOUR('',#16374);
#16977 = OVER_RIDING_STYLED_ITEM('overriding color',(#16978),#4343,
  #16358);
#16978 = PRESENTATION_STYLE_ASSIGNMENT((#16979));
#16979 = SURFACE_STYLE_USAGE(.BOTH.,#16980);
#16980 = SURFACE_SIDE_STYLE('',(#16981));
#16981 = SURFACE_STYLE_FILL_AREA(#16982);
#16982 = FILL_AREA_STYLE('',(#16983));
#16983 = FILL_AREA_STYLE_COLOUR('',#16374);
ENDSEC;
END-ISO-10303-21;
