ISO-10303-21;
HEADER;
FILE_DESCRIPTION(('FreeCAD Model'),'2;1');
FILE_NAME('Open CASCADE Shape Model','2026-04-20T11:24:00',('Author'),(
    ''),'Open CASCADE STEP processor 7.8','FreeCAD','Unknown');
FILE_SCHEMA(('AUTOMOTIVE_DESIGN { 1 0 10303 214 1 1 1 1 }'));
ENDSEC;
DATA;
#1 = APPLICATION_PROTOCOL_DEFINITION('international standard',
  'automotive_design',2000,#2);
#2 = APPLICATION_CONTEXT(
  'core data for automotive mechanical design processes');
#3 = SHAPE_DEFINITION_REPRESENTATION(#4,#10);
#4 = PRODUCT_DEFINITION_SHAPE('','',#5);
#5 = PRODUCT_DEFINITION('design','',#6,#9);
#6 = PRODUCT_DEFINITION_FORMATION('','',#7);
#7 = PRODUCT('EasyEDA PCB Model~rTm5','EasyEDA PCB Model~rTm5','',(#8));
#8 = PRODUCT_CONTEXT('',#2,'mechanical');
#9 = PRODUCT_DEFINITION_CONTEXT('part definition',#2,'design');
#10 = SHAPE_REPRESENTATION('',(#11,#15),#19);
#11 = AXIS2_PLACEMENT_3D('',#12,#13,#14);
#12 = CARTESIAN_POINT('',(0.,0.,0.));
#13 = DIRECTION('',(0.,0.,1.));
#14 = DIRECTION('',(1.,0.,-0.));
#15 = AXIS2_PLACEMENT_3D('',#16,#17,#18);
#16 = CARTESIAN_POINT('',(2.616027432055,-6.727406654813,1.600050800102)
  );
#17 = DIRECTION('',(0.,0.,1.));
#18 = DIRECTION('',(1.,0.,0.));
#19 = ( GEOMETRIC_REPRESENTATION_CONTEXT(3) 
GLOBAL_UNCERTAINTY_ASSIGNED_CONTEXT((#23)) GLOBAL_UNIT_ASSIGNED_CONTEXT(
(#20,#21,#22)) REPRESENTATION_CONTEXT('Context #1',
  '3D Context with UNIT and UNCERTAINTY') );
#20 = ( LENGTH_UNIT() NAMED_UNIT(*) SI_UNIT(.MILLI.,.METRE.) );
#21 = ( NAMED_UNIT(*) PLANE_ANGLE_UNIT() SI_UNIT($,.RADIAN.) );
#22 = ( NAMED_UNIT(*) SI_UNIT($,.STERADIAN.) SOLID_ANGLE_UNIT() );
#23 = UNCERTAINTY_MEASURE_WITH_UNIT(LENGTH_MEASURE(1.E-07),#20,
  'distance_accuracy_value','confusion accuracy');
#24 = PRODUCT_RELATED_PRODUCT_CATEGORY('part',$,(#7));
#25 = SHAPE_DEFINITION_REPRESENTATION(#26,#32);
#26 = PRODUCT_DEFINITION_SHAPE('','',#27);
#27 = PRODUCT_DEFINITION('design','',#28,#31);
#28 = PRODUCT_DEFINITION_FORMATION('','',#29);
#29 = PRODUCT(
  'U1~CRYSTAL-SMD_4P-L3.2-W2.5-BL-1~CRYSTAL-SMD_4P-L3.2-W2.5-BL-1~rTm5',
  'U1~CRYSTAL-SMD_4P-L3.2-W2.5-BL-1~CRYSTAL-SMD_4P-L3.2-W2.5-BL-1~rTm5',
  '',(#30));
#30 = PRODUCT_CONTEXT('',#2,'mechanical');
#31 = PRODUCT_DEFINITION_CONTEXT('part definition',#2,'design');
#32 = SHAPE_REPRESENTATION('',(#11,#33),#37);
#33 = AXIS2_PLACEMENT_3D('',#34,#35,#36);
#34 = CARTESIAN_POINT('',(0.,0.,0.));
#35 = DIRECTION('',(0.,0.,1.));
#36 = DIRECTION('',(1.,0.,0.));
#37 = ( GEOMETRIC_REPRESENTATION_CONTEXT(3) 
GLOBAL_UNCERTAINTY_ASSIGNED_CONTEXT((#41)) GLOBAL_UNIT_ASSIGNED_CONTEXT(
(#38,#39,#40)) REPRESENTATION_CONTEXT('Context #1',
  '3D Context with UNIT and UNCERTAINTY') );
#38 = ( LENGTH_UNIT() NAMED_UNIT(*) SI_UNIT(.MILLI.,.METRE.) );
#39 = ( NAMED_UNIT(*) PLANE_ANGLE_UNIT() SI_UNIT($,.RADIAN.) );
#40 = ( NAMED_UNIT(*) SI_UNIT($,.STERADIAN.) SOLID_ANGLE_UNIT() );
#41 = UNCERTAINTY_MEASURE_WITH_UNIT(LENGTH_MEASURE(1.E-07),#38,
  'distance_accuracy_value','confusion accuracy');
#42 = CONTEXT_DEPENDENT_SHAPE_REPRESENTATION(#43,#45);
#43 = ( REPRESENTATION_RELATIONSHIP('','',#32,#10) 
REPRESENTATION_RELATIONSHIP_WITH_TRANSFORMATION(#44) 
SHAPE_REPRESENTATION_RELATIONSHIP() );
#44 = ITEM_DEFINED_TRANSFORMATION('','',#11,#15);
#45 = PRODUCT_DEFINITION_SHAPE('Placement','Placement of an item',#46);
#46 = NEXT_ASSEMBLY_USAGE_OCCURRENCE('2',
  'U1~CRYSTAL-SMD_4P-L3.2-W2.5-BL-1~CRYSTAL-SMD_4P-L3.2-W2.5-BL-1~rTm5',
  '',#5,#27,$);
#47 = PRODUCT_RELATED_PRODUCT_CATEGORY('part',$,(#29));
#48 = SHAPE_DEFINITION_REPRESENTATION(#49,#55);
#49 = PRODUCT_DEFINITION_SHAPE('','',#50);
#50 = PRODUCT_DEFINITION('design','',#51,#54);
#51 = PRODUCT_DEFINITION_FORMATION('','',#52);
#52 = PRODUCT(
  'CRYSTAL-SMD_4P-L3.2-W2.5-BL-1~CRYSTAL-SMD_4P-L3.2-W2.5-BL-1~rTm5',
  'CRYSTAL-SMD_4P-L3.2-W2.5-BL-1~CRYSTAL-SMD_4P-L3.2-W2.5-BL-1~rTm5','',
  (#53));
#53 = PRODUCT_CONTEXT('',#2,'mechanical');
#54 = PRODUCT_DEFINITION_CONTEXT('part definition',#2,'design');
#55 = ADVANCED_BREP_SHAPE_REPRESENTATION('',(#11,#56),#5325);
#56 = MANIFOLD_SOLID_BREP('',#57);
#57 = CLOSED_SHELL('',(#58,#100,#878,#934,#965,#996,#1052,#1083,#1114,
    #1138,#1162,#1186,#1210,#1308,#1348,#1388,#1428,#1468,#1614,#1638,
    #1662,#1686,#1710,#1742,#1766,#1791,#1815,#1840,#1864,#1889,#1906,
    #1992,#2016,#2034,#2052,#2070,#2088,#2106,#2124,#2136,#2160,#2178,
    #2196,#2214,#2232,#2250,#2268,#2280,#2304,#2322,#2340,#2358,#2376,
    #2394,#2412,#2424,#2460,#2496,#2514,#2524,#2555,#2579,#2610,#2627,
    #2662,#2686,#2710,#2727,#2763,#2794,#2825,#2849,#2866,#2901,#2925,
    #2942,#2977,#3009,#3028,#3047,#3059,#3091,#3110,#3129,#3141,#3173,
    #3192,#3211,#3223,#3255,#3274,#3293,#3305,#3336,#3360,#3384,#3408,
    #3432,#3456,#3480,#3497,#3571,#3602,#3626,#3664,#3688,#3726,#3743,
    #3774,#3798,#3822,#3896,#3963,#4050,#4081,#4155,#4229,#4253,#4270,
    #4301,#4325,#4349,#4373,#4397,#4421,#4445,#4469,#4493,#4517,#4541,
    #4558,#4578,#4609,#4659,#4733,#4807,#4857,#4881,#4931,#5005,#5079,
    #5122,#5140,#5171,#5195,#5219,#5243,#5267,#5284,#5298,#5312));
#58 = ADVANCED_FACE('',(#59),#95,.F.);
#59 = FACE_BOUND('',#60,.F.);
#60 = EDGE_LOOP('',(#61,#71,#80,#88));
#61 = ORIENTED_EDGE('',*,*,#62,.T.);
#62 = EDGE_CURVE('',#63,#65,#67,.T.);
#63 = VERTEX_POINT('',#64);
#64 = CARTESIAN_POINT('',(-1.089143972409,-0.841173975135,0.708999989212
    ));
#65 = VERTEX_POINT('',#66);
#66 = CARTESIAN_POINT('',(-1.089143972409,-0.841173975135,0.709999989197
    ));
#67 = LINE('',#68,#69);
#68 = CARTESIAN_POINT('',(-1.089143972409,-0.841173975135,0.708999989212
    ));
#69 = VECTOR('',#70,1.);
#70 = DIRECTION('',(0.,0.,1.));
#71 = ORIENTED_EDGE('',*,*,#72,.F.);
#72 = EDGE_CURVE('',#73,#65,#75,.T.);
#73 = VERTEX_POINT('',#74);
#74 = CARTESIAN_POINT('',(-1.278299445012,-0.841173975135,0.709999989197
    ));
#75 = CIRCLE('',#76,9.457773630147E-02);
#76 = AXIS2_PLACEMENT_3D('',#77,#78,#79);
#77 = CARTESIAN_POINT('',(-1.18372170871,-0.841173975135,0.709999989197)
  );
#78 = DIRECTION('',(0.,0.,1.));
#79 = DIRECTION('',(1.,0.,-0.));
#80 = ORIENTED_EDGE('',*,*,#81,.F.);
#81 = EDGE_CURVE('',#82,#73,#84,.T.);
#82 = VERTEX_POINT('',#83);
#83 = CARTESIAN_POINT('',(-1.278299445012,-0.841173975135,0.708999989212
    ));
#84 = LINE('',#85,#86);
#85 = CARTESIAN_POINT('',(-1.278299445012,-0.841173975135,0.708999989212
    ));
#86 = VECTOR('',#87,1.);
#87 = DIRECTION('',(0.,0.,1.));
#88 = ORIENTED_EDGE('',*,*,#89,.T.);
#89 = EDGE_CURVE('',#82,#63,#90,.T.);
#90 = CIRCLE('',#91,9.457773630147E-02);
#91 = AXIS2_PLACEMENT_3D('',#92,#93,#94);
#92 = CARTESIAN_POINT('',(-1.18372170871,-0.841173975135,0.708999989212)
  );
#93 = DIRECTION('',(0.,0.,1.));
#94 = DIRECTION('',(1.,0.,-0.));
#95 = CYLINDRICAL_SURFACE('',#96,9.457773630147E-02);
#96 = AXIS2_PLACEMENT_3D('',#97,#98,#99);
#97 = CARTESIAN_POINT('',(-1.18372170871,-0.841173975135,0.708999989212)
  );
#98 = DIRECTION('',(0.,0.,1.));
#99 = DIRECTION('',(1.,0.,-0.));
#100 = ADVANCED_FACE('',(#101,#279,#353,#659,#725,#823),#873,.F.);
#101 = FACE_BOUND('',#102,.T.);
#102 = EDGE_LOOP('',(#103,#113,#129,#153,#177,#193,#201,#217,#241,#265)
  );
#103 = ORIENTED_EDGE('',*,*,#104,.T.);
#104 = EDGE_CURVE('',#105,#107,#109,.T.);
#105 = VERTEX_POINT('',#106);
#106 = CARTESIAN_POINT('',(2.524138088276E-02,-3.775579819504E-02,
    9.999999627471E-03));
#107 = VERTEX_POINT('',#108);
#108 = CARTESIAN_POINT('',(2.524138088276E-02,-4.873140778759E-02,
    9.999999627471E-03));
#109 = LINE('',#110,#111);
#110 = CARTESIAN_POINT('',(2.524138088276E-02,-3.775579819504E-02,
    9.999999627471E-03));
#111 = VECTOR('',#112,1.);
#112 = DIRECTION('',(0.,-1.,0.));
#113 = ORIENTED_EDGE('',*,*,#114,.T.);
#114 = EDGE_CURVE('',#107,#115,#117,.T.);
#115 = VERTEX_POINT('',#116);
#116 = CARTESIAN_POINT('',(5.275662437519E-02,-5.513384671658E-02,
    9.999999627471E-03));
#117 = B_SPLINE_CURVE_WITH_KNOTS('',3,(#118,#119,#120,#121,#122,#123,
    #124,#125,#126,#127,#128),.UNSPECIFIED.,.F.,.F.,(4,1,1,1,1,1,1,1,4),
  (0.,0.112448389909,0.226527675213,0.344401949326,0.465864972487,
    0.591659449352,0.722168487025,0.858606387555,1.),.UNSPECIFIED.);
#118 = CARTESIAN_POINT('',(2.524138088276E-02,-4.873140778759E-02,
    9.999999627471E-03));
#119 = CARTESIAN_POINT('',(2.617971994627E-02,-4.924933274686E-02,
    9.999999627471E-03));
#120 = CARTESIAN_POINT('',(2.807000727535E-02,-5.029269439084E-02,
    9.999999627471E-03));
#121 = CARTESIAN_POINT('',(3.109297367876E-02,-5.158010338288E-02,
    9.999999627471E-03));
#122 = CARTESIAN_POINT('',(3.427386692366E-02,-5.269055422736E-02,
    9.999999627471E-03));
#123 = CARTESIAN_POINT('',(3.764052812143E-02,-5.35760391703E-02,
    9.999999627471E-03));
#124 = CARTESIAN_POINT('',(4.117057670012E-02,-5.428768073461E-02,
    9.999999627471E-03));
#125 = CARTESIAN_POINT('',(4.488271756834E-02,-5.47697010661E-02,
    9.999999627471E-03));
#126 = CARTESIAN_POINT('',(4.876224440365E-02,-5.508699936252E-02,
    9.999999627471E-03));
#127 = CARTESIAN_POINT('',(5.14094250319E-02,-5.511804633577E-02,
    9.999999627471E-03));
#128 = CARTESIAN_POINT('',(5.275662437519E-02,-5.513384671658E-02,
    9.999999627471E-03));
#129 = ORIENTED_EDGE('',*,*,#130,.T.);
#130 = EDGE_CURVE('',#115,#131,#133,.T.);
#131 = VERTEX_POINT('',#132);
#132 = CARTESIAN_POINT('',(9.96316236767E-02,-5.800768183405E-03,
    9.999999627471E-03));
#133 = B_SPLINE_CURVE_WITH_KNOTS('',3,(#134,#135,#136,#137,#138,#139,
    #140,#141,#142,#143,#144,#145,#146,#147,#148,#149,#150,#151,#152),
  .UNSPECIFIED.,.F.,.F.,(4,1,1,1,1,1,1,1,1,1,1,1,1,1,1,1,4),(0.,
    6.783324845577E-02,0.132655536508,0.195050884051,0.255582933069,
    0.314799834147,0.373600472826,0.432545595327,0.492430629284,
    0.552671255963,0.612513044188,0.672610250357,0.733838369314,
    0.796594238568,0.861449799291,0.929198942351,1.),.UNSPECIFIED.);
#134 = CARTESIAN_POINT('',(5.275662437519E-02,-5.513384671658E-02,
    9.999999627471E-03));
#135 = CARTESIAN_POINT('',(5.449253050447E-02,-5.509513100867E-02,
    9.999999627471E-03));
#136 = CARTESIAN_POINT('',(5.788728992039E-02,-5.501941809324E-02,
    9.999999627471E-03));
#137 = CARTESIAN_POINT('',(6.284653603304E-02,-5.438256287683E-02,
    9.999999627471E-03));
#138 = CARTESIAN_POINT('',(6.753816364113E-02,-5.3319311403E-02,
    9.999999627471E-03));
#139 = CARTESIAN_POINT('',(7.196054319896E-02,-5.182540399407E-02,
    9.999999627471E-03));
#140 = CARTESIAN_POINT('',(7.612914626273E-02,-4.993769625224E-02,
    9.999999627471E-03));
#141 = CARTESIAN_POINT('',(8.002237905285E-02,-4.760430324756E-02,
    9.999999627471E-03));
#142 = CARTESIAN_POINT('',(8.361447786648E-02,-4.480684875121E-02,
    9.999999627471E-03));
#143 = CARTESIAN_POINT('',(8.695297561591E-02,-4.165809969485E-02,
    9.999999627471E-03));
#144 = CARTESIAN_POINT('',(8.993181073502E-02,-3.813508904124E-02,
    9.999999627471E-03));
#145 = CARTESIAN_POINT('',(9.253921872847E-02,-3.432442061627E-02,
    9.999999627471E-03));
#146 = CARTESIAN_POINT('',(9.474507355331E-02,-3.023794691443E-02,
    9.999999627471E-03));
#147 = CARTESIAN_POINT('',(9.653497567659E-02,-2.587342451074E-02,
    9.999999627471E-03));
#148 = CARTESIAN_POINT('',(9.792983899769E-02,-2.123971302053E-02,
    9.999999627471E-03));
#149 = CARTESIAN_POINT('',(9.890529266568E-02,-1.63326414504E-02,
    9.999999627471E-03));
#150 = CARTESIAN_POINT('',(9.953920638626E-02,-1.115909433894E-02,
    9.999999627471E-03));
#151 = CARTESIAN_POINT('',(9.960036882798E-02,-7.612914726087E-03,
    9.999999627471E-03));
#152 = CARTESIAN_POINT('',(9.96316236767E-02,-5.800768183405E-03,
    9.999999627471E-03));
#153 = ORIENTED_EDGE('',*,*,#154,.T.);
#154 = EDGE_CURVE('',#131,#155,#157,.T.);
#155 = VERTEX_POINT('',#156);
#156 = CARTESIAN_POINT('',(4.877415492234E-02,4.730517614721E-02,
    9.999999627471E-03));
#157 = B_SPLINE_CURVE_WITH_KNOTS('',3,(#158,#159,#160,#161,#162,#163,
    #164,#165,#166,#167,#168,#169,#170,#171,#172,#173,#174,#175,#176),
  .UNSPECIFIED.,.F.,.F.,(4,1,1,1,1,1,1,1,1,1,1,1,1,1,1,1,4),(0.,
    7.064371857535E-02,0.138256715509,0.203364124218,0.266324093803,
    0.327904761543,0.388737715173,0.449423528109,0.510861011459,
    0.572079396048,0.631734428731,0.691117210579,0.75036002949,
    0.810032900531,0.871362450829,0.934427141231,1.),.UNSPECIFIED.);
#158 = CARTESIAN_POINT('',(9.96316236767E-02,-5.800768183405E-03,
    9.999999627471E-03));
#159 = CARTESIAN_POINT('',(9.958807133183E-02,-3.855217101416E-03,
    9.999999627471E-03));
#160 = CARTESIAN_POINT('',(9.950283510311E-02,-4.758200129549E-05,
    9.999999627471E-03));
#161 = CARTESIAN_POINT('',(9.882532354462E-02,5.520113753453E-03,
    9.999999627471E-03));
#162 = CARTESIAN_POINT('',(9.771363772084E-02,1.07995132203E-02,
    9.999999627471E-03));
#163 = CARTESIAN_POINT('',(9.612266931062E-02,1.578260241399E-02,
    9.999999627471E-03));
#164 = CARTESIAN_POINT('',(9.409670031895E-02,2.047611630243E-02,
    9.999999627471E-03));
#165 = CARTESIAN_POINT('',(9.163400887433E-02,2.488630002611E-02,
    9.999999627471E-03));
#166 = CARTESIAN_POINT('',(8.869457880063E-02,2.899043094368E-02,
    9.999999627471E-03));
#167 = CARTESIAN_POINT('',(8.532522140177E-02,3.276061348953E-02,
    9.999999627471E-03));
#168 = CARTESIAN_POINT('',(8.163742598447E-02,3.617796408873E-02,
    9.999999627471E-03));
#169 = CARTESIAN_POINT('',(7.76583103261E-02,3.916000632505E-02,
    9.999999627471E-03));
#170 = CARTESIAN_POINT('',(7.34358723982E-02,4.168008117647E-02,
    9.999999627471E-03));
#171 = CARTESIAN_POINT('',(6.897608885477E-02,4.375480678656E-02,
    9.999999627471E-03));
#172 = CARTESIAN_POINT('',(6.426256479154E-02,4.533853304943E-02,
    9.999999627471E-03));
#173 = CARTESIAN_POINT('',(5.931735348713E-02,4.647592318125E-02,
    9.999999627471E-03));
#174 = CARTESIAN_POINT('',(5.412342375209E-02,4.718071600988E-02,
    9.999999627471E-03));
#175 = CARTESIAN_POINT('',(5.058027259239E-02,4.726315364649E-02,
    9.999999627471E-03));
#176 = CARTESIAN_POINT('',(4.877415492234E-02,4.730517614721E-02,
    9.999999627471E-03));
#177 = ORIENTED_EDGE('',*,*,#178,.T.);
#178 = EDGE_CURVE('',#155,#179,#181,.T.);
#179 = VERTEX_POINT('',#180);
#180 = CARTESIAN_POINT('',(2.524138088276E-02,4.334176157212E-02,
    9.999999627471E-03));
#181 = B_SPLINE_CURVE_WITH_KNOTS('',3,(#182,#183,#184,#185,#186,#187,
    #188,#189,#190,#191,#192),.UNSPECIFIED.,.F.,.F.,(4,1,1,1,1,1,1,1,4),
  (0.,0.145186866472,0.28344261092,0.416524365929,0.543181123535,
    0.665153082638,0.781360206313,0.892756655642,1.),.UNSPECIFIED.);
#182 = CARTESIAN_POINT('',(4.877415492234E-02,4.730517614721E-02,
    9.999999627471E-03));
#183 = CARTESIAN_POINT('',(4.761146887728E-02,4.729684170377E-02,
    9.999999627471E-03));
#184 = CARTESIAN_POINT('',(4.53416026263E-02,4.728057069754E-02,
    9.999999627471E-03));
#185 = CARTESIAN_POINT('',(4.201167817906E-02,4.707653077401E-02,
    9.999999627471E-03));
#186 = CARTESIAN_POINT('',(3.883695051356E-02,4.678815990649E-02,
    9.999999627471E-03));
#187 = CARTESIAN_POINT('',(3.581282542456E-02,4.633849773959E-02,
    9.999999627471E-03));
#188 = CARTESIAN_POINT('',(3.29394585193E-02,4.580322180838E-02,
    9.999999627471E-03));
#189 = CARTESIAN_POINT('',(3.022761386359E-02,4.510546396624E-02,
    9.999999627471E-03));
#190 = CARTESIAN_POINT('',(2.766024426841E-02,4.432363154936E-02,
    9.999999627471E-03));
#191 = CARTESIAN_POINT('',(2.603739322196E-02,4.366488053039E-02,
    9.999999627471E-03));
#192 = CARTESIAN_POINT('',(2.524138088276E-02,4.334176157212E-02,
    9.999999627471E-03));
#193 = ORIENTED_EDGE('',*,*,#194,.T.);
#194 = EDGE_CURVE('',#179,#195,#197,.T.);
#195 = VERTEX_POINT('',#196);
#196 = CARTESIAN_POINT('',(2.524138088276E-02,2.992712762567E-02,
    9.999999627471E-03));
#197 = LINE('',#198,#199);
#198 = CARTESIAN_POINT('',(2.524138088276E-02,4.334176157212E-02,
    9.999999627471E-03));
#199 = VECTOR('',#200,1.);
#200 = DIRECTION('',(0.,-1.,0.));
#201 = ORIENTED_EDGE('',*,*,#202,.T.);
#202 = EDGE_CURVE('',#195,#203,#205,.T.);
#203 = VERTEX_POINT('',#204);
#204 = CARTESIAN_POINT('',(4.865982565575E-02,3.632956655466E-02,
    9.999999627471E-03));
#205 = B_SPLINE_CURVE_WITH_KNOTS('',3,(#206,#207,#208,#209,#210,#211,
    #212,#213,#214,#215,#216),.UNSPECIFIED.,.F.,.F.,(4,1,1,1,1,1,1,1,4),
  (0.,0.125279696736,0.249419970742,0.373356799493,0.496681278782,
    0.620202915744,0.745086320161,0.871269195019,1.),.UNSPECIFIED.);
#206 = CARTESIAN_POINT('',(2.524138088276E-02,2.992712762567E-02,
    9.999999627471E-03));
#207 = CARTESIAN_POINT('',(2.61294194323E-02,3.044314491713E-02,
    9.999999627471E-03));
#208 = CARTESIAN_POINT('',(2.789741979322E-02,3.147048630677E-02,
    9.999999627471E-03));
#209 = CARTESIAN_POINT('',(3.067816291317E-02,3.275486523024E-02,
    9.999999627471E-03));
#210 = CARTESIAN_POINT('',(3.351248718603E-02,3.386887903105E-02,
    9.999999627471E-03));
#211 = CARTESIAN_POINT('',(3.642023429819E-02,3.475817910077E-02,
    9.999999627471E-03));
#212 = CARTESIAN_POINT('',(3.938310375346E-02,3.547629573219E-02,
    9.999999627471E-03));
#213 = CARTESIAN_POINT('',(4.241663224228E-02,3.595795679629E-02,
    9.999999627471E-03));
#214 = CARTESIAN_POINT('',(4.551507230289E-02,3.628202015037E-02,
    9.999999627471E-03));
#215 = CARTESIAN_POINT('',(4.760461270053E-02,3.631361249526E-02,
    9.999999627471E-03));
#216 = CARTESIAN_POINT('',(4.865982565575E-02,3.632956655466E-02,
    9.999999627471E-03));
#217 = ORIENTED_EDGE('',*,*,#218,.T.);
#218 = EDGE_CURVE('',#203,#219,#221,.T.);
#219 = VERTEX_POINT('',#220);
#220 = CARTESIAN_POINT('',(8.621698973025E-02,-4.981408439517E-03,
    9.999999627471E-03));
#221 = B_SPLINE_CURVE_WITH_KNOTS('',3,(#222,#223,#224,#225,#226,#227,
    #228,#229,#230,#231,#232,#233,#234,#235,#236,#237,#238,#239,#240),
  .UNSPECIFIED.,.F.,.F.,(4,1,1,1,1,1,1,1,1,1,1,1,1,1,1,1,4),(0.,
    6.460397028839E-02,0.126702413963,0.186756814036,0.245505687365,
    0.30365202445,0.361503073971,0.420240222928,0.480033340777,
    0.540678134776,0.601191806381,0.662333502477,0.724739510297,
    0.789467736173,0.856504860044,0.926312095839,1.),.UNSPECIFIED.);
#222 = CARTESIAN_POINT('',(4.865982565575E-02,3.632956655466E-02,
    9.999999627471E-03));
#223 = CARTESIAN_POINT('',(5.001476182201E-02,3.630043294649E-02,
    9.999999627471E-03));
#224 = CARTESIAN_POINT('',(5.267208585743E-02,3.624329561476E-02,
    9.999999627471E-03));
#225 = CARTESIAN_POINT('',(5.655423357073E-02,3.568231265457E-02,
    9.999999627471E-03));
#226 = CARTESIAN_POINT('',(6.025697283373E-02,3.484301874385E-02,
    9.999999627471E-03));
#227 = CARTESIAN_POINT('',(6.376545591331E-02,3.361464703427E-02,
    9.999999627471E-03));
#228 = CARTESIAN_POINT('',(6.707569891067E-02,3.202924402337E-02,
    9.999999627471E-03));
#229 = CARTESIAN_POINT('',(7.018483126421E-02,3.00808633212E-02,
    9.999999627471E-03));
#230 = CARTESIAN_POINT('',(7.31119473263E-02,2.781127811756E-02,
    9.999999627471E-03));
#231 = CARTESIAN_POINT('',(7.581239493602E-02,2.519217443118E-02,
    9.999999627471E-03));
#232 = CARTESIAN_POINT('',(7.827325387693E-02,2.229586409668E-02,
    9.999999627471E-03));
#233 = CARTESIAN_POINT('',(8.0385536879E-02,1.910319307723E-02,
    9.999999627471E-03));
#234 = CARTESIAN_POINT('',(8.22172068738E-02,1.570057511916E-02,
    9.999999627471E-03));
#235 = CARTESIAN_POINT('',(8.368400464433E-02,1.202831215055E-02,
    9.999999627471E-03));
#236 = CARTESIAN_POINT('',(8.481995455184E-02,8.114579821958E-03,
    9.999999627471E-03));
#237 = CARTESIAN_POINT('',(8.563987094258E-02,3.96471841719E-03,
    9.999999627471E-03));
#238 = CARTESIAN_POINT('',(8.611491920374E-02,-4.289258592545E-04,
    9.999999627471E-03));
#239 = CARTESIAN_POINT('',(8.618235828282E-02,-3.436799368251E-03,
    9.999999627471E-03));
#240 = CARTESIAN_POINT('',(8.621698973025E-02,-4.981408439517E-03,
    9.999999627471E-03));
#241 = ORIENTED_EDGE('',*,*,#242,.T.);
#242 = EDGE_CURVE('',#219,#243,#245,.T.);
#243 = VERTEX_POINT('',#244);
#244 = CARTESIAN_POINT('',(5.0908301232E-02,-4.415823712403E-02,
    9.999999627471E-03));
#245 = B_SPLINE_CURVE_WITH_KNOTS('',3,(#246,#247,#248,#249,#250,#251,
    #252,#253,#254,#255,#256,#257,#258,#259,#260,#261,#262,#263,#264),
  .UNSPECIFIED.,.F.,.F.,(4,1,1,1,1,1,1,1,1,1,1,1,1,1,1,1,4),(0.,
    7.377411937406E-02,0.144079114726,0.211348518309,0.27607688574,
    0.33852091582,0.399885116693,0.460254067465,0.520588964391,
    0.580207684563,0.638632908553,0.696364549491,0.75400177466,
    0.812805681374,0.872754425526,0.935181996978,1.),.UNSPECIFIED.);
#246 = CARTESIAN_POINT('',(8.621698973025E-02,-4.981408439517E-03,
    9.999999627471E-03));
#247 = CARTESIAN_POINT('',(8.618920774565E-02,-6.443528987306E-03,
    9.999999627471E-03));
#248 = CARTESIAN_POINT('',(8.613495018513E-02,-9.29901592413E-03,
    9.999999627471E-03));
#249 = CARTESIAN_POINT('',(8.566879152975E-02,-1.346678365431E-02,
    9.999999627471E-03));
#250 = CARTESIAN_POINT('',(8.491366711668E-02,-1.740745578005E-02,
    9.999999627471E-03));
#251 = CARTESIAN_POINT('',(8.385243296272E-02,-2.111755884273E-02,
    9.999999627471E-03));
#252 = CARTESIAN_POINT('',(8.246862246444E-02,-2.459365939858E-02,
    9.999999627471E-03));
#253 = CARTESIAN_POINT('',(8.079702788078E-02,-2.78449934355E-02,
    9.999999627471E-03));
#254 = CARTESIAN_POINT('',(7.879842613525E-02,-3.085687855406E-02,
    9.999999627471E-03));
#255 = CARTESIAN_POINT('',(7.65169361895E-02,-3.361521443765E-02,
    9.999999627471E-03));
#256 = CARTESIAN_POINT('',(7.398388139181E-02,-3.60887796118E-02,
    9.999999627471E-03));
#257 = CARTESIAN_POINT('',(7.125230563853E-02,-3.826112561168E-02,
    9.999999627471E-03));
#258 = CARTESIAN_POINT('',(6.831625766854E-02,-4.007435826774E-02,
    9.999999627471E-03));
#259 = CARTESIAN_POINT('',(6.52031156473E-02,-4.157794833348E-02,
    9.999999627471E-03));
#260 = CARTESIAN_POINT('',(6.18988137913E-02,-4.274043083547E-02,
    9.999999627471E-03));
#261 = CARTESIAN_POINT('',(5.839716681237E-02,-4.3555371838E-02,
    9.999999627471E-03));
#262 = CARTESIAN_POINT('',(5.471492625868E-02,-4.406012876126E-02,
    9.999999627471E-03));
#263 = CARTESIAN_POINT('',(5.219296871398E-02,-4.412512731613E-02,
    9.999999627471E-03));
#264 = CARTESIAN_POINT('',(5.0908301232E-02,-4.415823712403E-02,
    9.999999627471E-03));
#265 = ORIENTED_EDGE('',*,*,#266,.T.);
#266 = EDGE_CURVE('',#243,#105,#267,.T.);
#267 = B_SPLINE_CURVE_WITH_KNOTS('',3,(#268,#269,#270,#271,#272,#273,
    #274,#275,#276,#277,#278),.UNSPECIFIED.,.F.,.F.,(4,1,1,1,1,1,1,1,4),
  (0.,0.135294604763,0.266765657925,0.394816018836,0.520051654434,
    0.642175702971,0.762651820558,0.881834004381,1.),.UNSPECIFIED.);
#268 = CARTESIAN_POINT('',(5.0908301232E-02,-4.415823712403E-02,
    9.999999627471E-03));
#269 = CARTESIAN_POINT('',(4.970075919342E-02,-4.414238306952E-02,
    9.999999627471E-03));
#270 = CARTESIAN_POINT('',(4.731980137949E-02,-4.411112301087E-02,
    9.999999627471E-03));
#271 = CARTESIAN_POINT('',(4.380861324771E-02,-4.379032552076E-02,
    9.999999627471E-03));
#272 = CARTESIAN_POINT('',(4.04075904202E-02,-4.330750359645E-02,
    9.999999627471E-03));
#273 = CARTESIAN_POINT('',(3.713151538366E-02,-4.259683213485E-02,
    9.999999627471E-03));
#274 = CARTESIAN_POINT('',(3.396915603301E-02,-4.17072318631E-02,
    9.999999627471E-03));
#275 = CARTESIAN_POINT('',(3.093844077973E-02,-4.058982576902E-02,
    9.999999627471E-03));
#276 = CARTESIAN_POINT('',(2.800698497792E-02,-3.931351694938E-02,
    9.999999627471E-03));
#277 = CARTESIAN_POINT('',(2.616061388194E-02,-3.827355360513E-02,
    9.999999627471E-03));
#278 = CARTESIAN_POINT('',(2.524138088276E-02,-3.775579819504E-02,
    9.999999627471E-03));
#279 = FACE_BOUND('',#280,.T.);
#280 = EDGE_LOOP('',(#281,#291,#299,#307,#331));
#281 = ORIENTED_EDGE('',*,*,#282,.T.);
#282 = EDGE_CURVE('',#283,#285,#287,.T.);
#283 = VERTEX_POINT('',#284);
#284 = CARTESIAN_POINT('',(-9.463285513586E-02,-5.391433453963E-02,
    9.999999627471E-03));
#285 = VERTEX_POINT('',#286);
#286 = CARTESIAN_POINT('',(-6.744154456543E-02,-5.391433453963E-02,
    9.999999627471E-03));
#287 = LINE('',#288,#289);
#288 = CARTESIAN_POINT('',(-9.463285513586E-02,-5.391433453963E-02,
    9.999999627471E-03));
#289 = VECTOR('',#290,1.);
#290 = DIRECTION('',(1.,0.,0.));
#291 = ORIENTED_EDGE('',*,*,#292,.T.);
#292 = EDGE_CURVE('',#285,#293,#295,.T.);
#293 = VERTEX_POINT('',#294);
#294 = CARTESIAN_POINT('',(-6.744154456543E-02,4.608566397026E-02,
    9.999999627471E-03));
#295 = LINE('',#296,#297);
#296 = CARTESIAN_POINT('',(-6.744154456543E-02,-5.391433453963E-02,
    9.999999627471E-03));
#297 = VECTOR('',#298,1.);
#298 = DIRECTION('',(0.,1.,0.));
#299 = ORIENTED_EDGE('',*,*,#300,.T.);
#300 = EDGE_CURVE('',#293,#301,#303,.T.);
#301 = VERTEX_POINT('',#302);
#302 = CARTESIAN_POINT('',(-9.566181853516E-02,4.608566397026E-02,
    9.999999627471E-03));
#303 = LINE('',#304,#305);
#304 = CARTESIAN_POINT('',(-6.744154456543E-02,4.608566397026E-02,
    9.999999627471E-03));
#305 = VECTOR('',#306,1.);
#306 = DIRECTION('',(-1.,0.,0.));
#307 = ORIENTED_EDGE('',*,*,#308,.T.);
#308 = EDGE_CURVE('',#301,#309,#311,.T.);
#309 = VERTEX_POINT('',#310);
#310 = CARTESIAN_POINT('',(-0.147929348244,-2.656713352206E-03,
    9.999999627471E-03));
#311 = B_SPLINE_CURVE_WITH_KNOTS('',3,(#312,#313,#314,#315,#316,#317,
    #318,#319,#320,#321,#322,#323,#324,#325,#326,#327,#328,#329,#330),
  .UNSPECIFIED.,.F.,.F.,(4,1,1,1,1,1,1,1,1,1,1,1,1,1,1,1,4),(0.,
    6.86311786766E-02,0.134566466039,0.198328154011,0.260789766641,
    0.321999151484,0.382721746503,0.443537474036,0.505133429485,
    0.566213874765,0.626105864618,0.685349322161,0.744995870348,
    0.805415841815,0.867636266346,0.932307782302,1.),.UNSPECIFIED.);
#312 = CARTESIAN_POINT('',(-9.566181853516E-02,4.608566397026E-02,
    9.999999627471E-03));
#313 = CARTESIAN_POINT('',(-9.749900491442E-02,4.604471477561E-02,
    9.999999627471E-03));
#314 = CARTESIAN_POINT('',(-0.101101211423,4.596442490565E-02,
    9.999999627471E-03));
#315 = CARTESIAN_POINT('',(-0.106383625763,4.535452939045E-02,
    9.999999627471E-03));
#316 = CARTESIAN_POINT('',(-0.111423209989,4.429616242534E-02,
    9.999999627471E-03));
#317 = CARTESIAN_POINT('',(-0.11623382262,4.285231257389E-02,
    9.999999627471E-03));
#318 = CARTESIAN_POINT('',(-0.120821035957,4.100781014686E-02,
    9.999999627471E-03));
#319 = CARTESIAN_POINT('',(-0.125141634673,3.869714100877E-02,
    9.999999627471E-03));
#320 = CARTESIAN_POINT('',(-0.129243025017,3.600061218906E-02,
    9.999999627471E-03));
#321 = CARTESIAN_POINT('',(-0.133071836207,3.291237540669E-02,
    9.999999627471E-03));
#322 = CARTESIAN_POINT('',(-0.136561663711,2.947856000907E-02,
    9.999999627471E-03));
#323 = CARTESIAN_POINT('',(-0.139603875756,2.572309269873E-02,
    9.999999627471E-03));
#324 = CARTESIAN_POINT('',(-0.142208481751,2.169620229844E-02,
    9.999999627471E-03));
#325 = CARTESIAN_POINT('',(-0.144304504149,1.736604857763E-02,
    9.999999627471E-03));
#326 = CARTESIAN_POINT('',(-0.14593200297,1.275596240423E-02,
    9.999999627471E-03));
#327 = CARTESIAN_POINT('',(-0.147084484368,7.869286682333E-03,
    9.999999627471E-03));
#328 = CARTESIAN_POINT('',(-0.147811379127,2.700486650662E-03,
    9.999999627471E-03));
#329 = CARTESIAN_POINT('',(-0.147889431455,-8.44016722119E-04,
    9.999999627471E-03));
#330 = CARTESIAN_POINT('',(-0.147929348244,-2.656713352206E-03,
    9.999999627471E-03));
#331 = ORIENTED_EDGE('',*,*,#332,.T.);
#332 = EDGE_CURVE('',#309,#283,#333,.T.);
#333 = B_SPLINE_CURVE_WITH_KNOTS('',3,(#334,#335,#336,#337,#338,#339,
    #340,#341,#342,#343,#344,#345,#346,#347,#348,#349,#350,#351,#352),
  .UNSPECIFIED.,.F.,.F.,(4,1,1,1,1,1,1,1,1,1,1,1,1,1,1,1,4),(0.,
    6.806869584499E-02,0.133427432819,0.196146033813,0.257048592449,
    0.316882663159,0.376187208666,0.435960335364,0.496535236863,
    0.557465343481,0.61768686341,0.677943640697,0.738805284806,
    0.800949336767,0.86481466747,0.931024781079,1.),.UNSPECIFIED.);
#334 = CARTESIAN_POINT('',(-0.147929348244,-2.656713352206E-03,
    9.999999627471E-03));
#335 = CARTESIAN_POINT('',(-0.147888961524,-4.545471774696E-03,
    9.999999627471E-03));
#336 = CARTESIAN_POINT('',(-0.147809795966,-8.247793148709E-03,
    9.999999627471E-03));
#337 = CARTESIAN_POINT('',(-0.147086218114,-1.365101257607E-02,
    9.999999627471E-03));
#338 = CARTESIAN_POINT('',(-0.145931148522,-1.8770715794E-02,
    9.999999627471E-03));
#339 = CARTESIAN_POINT('',(-0.144309772361,-2.360399420586E-02,
    9.999999627471E-03));
#340 = CARTESIAN_POINT('',(-0.142210563781,-2.81473616731E-02,
    9.999999627471E-03));
#341 = CARTESIAN_POINT('',(-0.139607857853,-3.23842193123E-02,
    9.999999627471E-03));
#342 = CARTESIAN_POINT('',(-0.136571802855,-3.634687176302E-02,
    9.999999627471E-03));
#343 = CARTESIAN_POINT('',(-0.13308159795,-3.998102743567E-02,
    9.999999627471E-03));
#344 = CARTESIAN_POINT('',(-0.12922168285,-4.323358380207E-02,
    9.999999627471E-03));
#345 = CARTESIAN_POINT('',(-0.125094199284,-4.612626498495E-02,
    9.999999627471E-03));
#346 = CARTESIAN_POINT('',(-0.120663681624,-4.852969751535E-02,
    9.999999627471E-03));
#347 = CARTESIAN_POINT('',(-0.115967970848,-5.04934162474E-02,
    9.999999627471E-03));
#348 = CARTESIAN_POINT('',(-0.111015279764,-5.205249153049E-02,
    9.999999627471E-03));
#349 = CARTESIAN_POINT('',(-0.105784144069,-5.311398936028E-02,
    9.999999627471E-03));
#350 = CARTESIAN_POINT('',(-0.100298338097,-5.381183121072E-02,
    9.999999627471E-03));
#351 = CARTESIAN_POINT('',(-9.654692680523E-02,-5.387970400253E-02,
    9.999999627471E-03));
#352 = CARTESIAN_POINT('',(-9.463285513586E-02,-5.391433453963E-02,
    9.999999627471E-03));
#353 = FACE_BOUND('',#354,.T.);
#354 = EDGE_LOOP('',(#355,#365,#374,#382,#391,#399,#407,#415,#423,#431,
    #439,#448,#456,#465,#473,#481,#489,#497,#505,#513,#522,#530,#539,
    #547,#555,#563,#571,#579,#587,#596,#604,#613,#621,#629,#637,#645,
    #653));
#355 = ORIENTED_EDGE('',*,*,#356,.F.);
#356 = EDGE_CURVE('',#357,#359,#361,.T.);
#357 = VERTEX_POINT('',#358);
#358 = CARTESIAN_POINT('',(1.450313091136,-1.240313094265,
    9.999999627471E-03));
#359 = VERTEX_POINT('',#360);
#360 = CARTESIAN_POINT('',(1.309999980479,-1.099999983609,
    9.999999627471E-03));
#361 = LINE('',#362,#363);
#362 = CARTESIAN_POINT('',(0.104999998435,0.104999998435,
    9.999999627471E-03));
#363 = VECTOR('',#364,1.);
#364 = DIRECTION('',(-0.707106781187,0.707106781187,0.));
#365 = ORIENTED_EDGE('',*,*,#366,.T.);
#366 = EDGE_CURVE('',#357,#367,#369,.T.);
#367 = VERTEX_POINT('',#368);
#368 = CARTESIAN_POINT('',(1.449999978393,-1.249999981374,
    9.999999627471E-03));
#369 = CIRCLE('',#370,0.149999997765);
#370 = AXIS2_PLACEMENT_3D('',#371,#372,#373);
#371 = CARTESIAN_POINT('',(1.599999976158,-1.249999981374,
    9.999999627471E-03));
#372 = DIRECTION('',(0.,0.,1.));
#373 = DIRECTION('',(1.,0.,-0.));
#374 = ORIENTED_EDGE('',*,*,#375,.F.);
#375 = EDGE_CURVE('',#376,#367,#378,.T.);
#376 = VERTEX_POINT('',#377);
#377 = CARTESIAN_POINT('',(-1.449999978393,-1.249999981374,
    9.999999627471E-03));
#378 = LINE('',#379,#380);
#379 = CARTESIAN_POINT('',(-1.599999976158,-1.249999981374,
    9.999999627471E-03));
#380 = VECTOR('',#381,1.);
#381 = DIRECTION('',(1.,0.,0.));
#382 = ORIENTED_EDGE('',*,*,#383,.T.);
#383 = EDGE_CURVE('',#376,#384,#386,.T.);
#384 = VERTEX_POINT('',#385);
#385 = CARTESIAN_POINT('',(-1.450313091136,-1.240313094265,
    9.999999627471E-03));
#386 = CIRCLE('',#387,0.149999997765);
#387 = AXIS2_PLACEMENT_3D('',#388,#389,#390);
#388 = CARTESIAN_POINT('',(-1.599999976158,-1.249999981374,
    9.999999627471E-03));
#389 = DIRECTION('',(0.,0.,1.));
#390 = DIRECTION('',(1.,0.,-0.));
#391 = ORIENTED_EDGE('',*,*,#392,.T.);
#392 = EDGE_CURVE('',#384,#393,#395,.T.);
#393 = VERTEX_POINT('',#394);
#394 = CARTESIAN_POINT('',(-1.309999980479,-1.099999983609,
    9.999999627471E-03));
#395 = LINE('',#396,#397);
#396 = CARTESIAN_POINT('',(-0.104999998435,0.104999998435,
    9.999999627471E-03));
#397 = VECTOR('',#398,1.);
#398 = DIRECTION('',(0.707106781187,0.707106781187,0.));
#399 = ORIENTED_EDGE('',*,*,#400,.F.);
#400 = EDGE_CURVE('',#401,#393,#403,.T.);
#401 = VERTEX_POINT('',#402);
#402 = CARTESIAN_POINT('',(-0.449999993294,-1.099999983609,
    9.999999627471E-03));
#403 = LINE('',#404,#405);
#404 = CARTESIAN_POINT('',(-1.449999978393,-1.099999983609,
    9.999999627471E-03));
#405 = VECTOR('',#406,1.);
#406 = DIRECTION('',(-1.,2.168404344971E-16,0.));
#407 = ORIENTED_EDGE('',*,*,#408,.F.);
#408 = EDGE_CURVE('',#409,#401,#411,.T.);
#409 = VERTEX_POINT('',#410);
#410 = CARTESIAN_POINT('',(-0.449999993294,-0.349999994785,
    9.999999627471E-03));
#411 = LINE('',#412,#413);
#412 = CARTESIAN_POINT('',(-0.449999993294,-1.099999983609,
    9.999999627471E-03));
#413 = VECTOR('',#414,1.);
#414 = DIRECTION('',(-1.445602896647E-16,-1.,-0.));
#415 = ORIENTED_EDGE('',*,*,#416,.F.);
#416 = EDGE_CURVE('',#417,#409,#419,.T.);
#417 = VERTEX_POINT('',#418);
#418 = CARTESIAN_POINT('',(-1.449999978393,-0.349999994785,
    9.999999627471E-03));
#419 = LINE('',#420,#421);
#420 = CARTESIAN_POINT('',(-1.449999978393,-0.349999994785,
    9.999999627471E-03));
#421 = VECTOR('',#422,1.);
#422 = DIRECTION('',(1.,-1.084202172486E-16,0.));
#423 = ORIENTED_EDGE('',*,*,#424,.F.);
#424 = EDGE_CURVE('',#425,#417,#427,.T.);
#425 = VERTEX_POINT('',#426);
#426 = CARTESIAN_POINT('',(-1.449999978393,-0.959999985695,
    9.999999627471E-03));
#427 = LINE('',#428,#429);
#428 = CARTESIAN_POINT('',(-1.449999978393,-1.099999983609,
    9.999999627471E-03));
#429 = VECTOR('',#430,1.);
#430 = DIRECTION('',(0.,1.,0.));
#431 = ORIENTED_EDGE('',*,*,#432,.T.);
#432 = EDGE_CURVE('',#425,#433,#435,.T.);
#433 = VERTEX_POINT('',#434);
#434 = CARTESIAN_POINT('',(-1.59031308905,-1.100313096352,
    9.999999627471E-03));
#435 = LINE('',#436,#437);
#436 = CARTESIAN_POINT('',(-0.244999996349,0.244999996349,
    9.999999627471E-03));
#437 = VECTOR('',#438,1.);
#438 = DIRECTION('',(-0.707106781187,-0.707106781187,0.));
#439 = ORIENTED_EDGE('',*,*,#440,.T.);
#440 = EDGE_CURVE('',#433,#441,#443,.T.);
#441 = VERTEX_POINT('',#442);
#442 = CARTESIAN_POINT('',(-1.599999976158,-1.099999983609,
    9.999999627471E-03));
#443 = CIRCLE('',#444,0.149999997765);
#444 = AXIS2_PLACEMENT_3D('',#445,#446,#447);
#445 = CARTESIAN_POINT('',(-1.599999976158,-1.249999981374,
    9.999999627471E-03));
#446 = DIRECTION('',(0.,0.,1.));
#447 = DIRECTION('',(1.,0.,-0.));
#448 = ORIENTED_EDGE('',*,*,#449,.F.);
#449 = EDGE_CURVE('',#450,#441,#452,.T.);
#450 = VERTEX_POINT('',#451);
#451 = CARTESIAN_POINT('',(-1.599999976158,1.099999983609,
    9.999999627471E-03));
#452 = LINE('',#453,#454);
#453 = CARTESIAN_POINT('',(-1.599999976158,1.249999981374,
    9.999999627471E-03));
#454 = VECTOR('',#455,1.);
#455 = DIRECTION('',(0.,-1.,0.));
#456 = ORIENTED_EDGE('',*,*,#457,.T.);
#457 = EDGE_CURVE('',#450,#458,#460,.T.);
#458 = VERTEX_POINT('',#459);
#459 = CARTESIAN_POINT('',(-1.59031308905,1.100313096352,
    9.999999627471E-03));
#460 = CIRCLE('',#461,0.149999997765);
#461 = AXIS2_PLACEMENT_3D('',#462,#463,#464);
#462 = CARTESIAN_POINT('',(-1.599999976158,1.249999981374,
    9.999999627471E-03));
#463 = DIRECTION('',(0.,0.,1.));
#464 = DIRECTION('',(-1.,0.,0.));
#465 = ORIENTED_EDGE('',*,*,#466,.F.);
#466 = EDGE_CURVE('',#467,#458,#469,.T.);
#467 = VERTEX_POINT('',#468);
#468 = CARTESIAN_POINT('',(-1.449999978393,0.959999985695,
    9.999999627471E-03));
#469 = LINE('',#470,#471);
#470 = CARTESIAN_POINT('',(-0.244999996349,-0.244999996349,
    9.999999627471E-03));
#471 = VECTOR('',#472,1.);
#472 = DIRECTION('',(-0.707106781187,0.707106781187,0.));
#473 = ORIENTED_EDGE('',*,*,#474,.F.);
#474 = EDGE_CURVE('',#475,#467,#477,.T.);
#475 = VERTEX_POINT('',#476);
#476 = CARTESIAN_POINT('',(-1.449999978393,0.349999994785,
    9.999999627471E-03));
#477 = LINE('',#478,#479);
#478 = CARTESIAN_POINT('',(-1.449999978393,1.099999983609,
    9.999999627471E-03));
#479 = VECTOR('',#480,1.);
#480 = DIRECTION('',(-2.891205793295E-16,1.,0.));
#481 = ORIENTED_EDGE('',*,*,#482,.F.);
#482 = EDGE_CURVE('',#483,#475,#485,.T.);
#483 = VERTEX_POINT('',#484);
#484 = CARTESIAN_POINT('',(-0.449999993294,0.349999994785,
    9.999999627471E-03));
#485 = LINE('',#486,#487);
#486 = CARTESIAN_POINT('',(-1.449999978393,0.349999994785,
    9.999999627471E-03));
#487 = VECTOR('',#488,1.);
#488 = DIRECTION('',(-1.,-5.421010862428E-16,-0.));
#489 = ORIENTED_EDGE('',*,*,#490,.F.);
#490 = EDGE_CURVE('',#491,#483,#493,.T.);
#491 = VERTEX_POINT('',#492);
#492 = CARTESIAN_POINT('',(-0.449999993294,1.099999983609,
    9.999999627471E-03));
#493 = LINE('',#494,#495);
#494 = CARTESIAN_POINT('',(-0.449999993294,1.099999983609,
    9.999999627471E-03));
#495 = VECTOR('',#496,1.);
#496 = DIRECTION('',(6.505213034913E-16,-1.,0.));
#497 = ORIENTED_EDGE('',*,*,#498,.F.);
#498 = EDGE_CURVE('',#499,#491,#501,.T.);
#499 = VERTEX_POINT('',#500);
#500 = CARTESIAN_POINT('',(-1.309999980479,1.099999983609,
    9.999999627471E-03));
#501 = LINE('',#502,#503);
#502 = CARTESIAN_POINT('',(-1.449999978393,1.099999983609,
    9.999999627471E-03));
#503 = VECTOR('',#504,1.);
#504 = DIRECTION('',(1.,6.505213034913E-16,0.));
#505 = ORIENTED_EDGE('',*,*,#506,.F.);
#506 = EDGE_CURVE('',#507,#499,#509,.T.);
#507 = VERTEX_POINT('',#508);
#508 = CARTESIAN_POINT('',(-1.450313091136,1.240313094265,
    9.999999627471E-03));
#509 = LINE('',#510,#511);
#510 = CARTESIAN_POINT('',(-0.104999998435,-0.104999998435,
    9.999999627471E-03));
#511 = VECTOR('',#512,1.);
#512 = DIRECTION('',(0.707106781187,-0.707106781187,0.));
#513 = ORIENTED_EDGE('',*,*,#514,.T.);
#514 = EDGE_CURVE('',#507,#515,#517,.T.);
#515 = VERTEX_POINT('',#516);
#516 = CARTESIAN_POINT('',(-1.449999978393,1.249999981374,
    9.999999627471E-03));
#517 = CIRCLE('',#518,0.149999997765);
#518 = AXIS2_PLACEMENT_3D('',#519,#520,#521);
#519 = CARTESIAN_POINT('',(-1.599999976158,1.249999981374,
    9.999999627471E-03));
#520 = DIRECTION('',(0.,0.,1.));
#521 = DIRECTION('',(-1.,0.,0.));
#522 = ORIENTED_EDGE('',*,*,#523,.F.);
#523 = EDGE_CURVE('',#524,#515,#526,.T.);
#524 = VERTEX_POINT('',#525);
#525 = CARTESIAN_POINT('',(1.449999978393,1.249999981374,
    9.999999627471E-03));
#526 = LINE('',#527,#528);
#527 = CARTESIAN_POINT('',(-1.599999976158,1.249999981374,
    9.999999627471E-03));
#528 = VECTOR('',#529,1.);
#529 = DIRECTION('',(-1.,-0.,-0.));
#530 = ORIENTED_EDGE('',*,*,#531,.T.);
#531 = EDGE_CURVE('',#524,#532,#534,.T.);
#532 = VERTEX_POINT('',#533);
#533 = CARTESIAN_POINT('',(1.450313091136,1.240313094265,
    9.999999627471E-03));
#534 = CIRCLE('',#535,0.149999997765);
#535 = AXIS2_PLACEMENT_3D('',#536,#537,#538);
#536 = CARTESIAN_POINT('',(1.599999976158,1.249999981374,
    9.999999627471E-03));
#537 = DIRECTION('',(0.,0.,1.));
#538 = DIRECTION('',(1.,0.,-0.));
#539 = ORIENTED_EDGE('',*,*,#540,.T.);
#540 = EDGE_CURVE('',#532,#541,#543,.T.);
#541 = VERTEX_POINT('',#542);
#542 = CARTESIAN_POINT('',(1.309999980479,1.099999983609,
    9.999999627471E-03));
#543 = LINE('',#544,#545);
#544 = CARTESIAN_POINT('',(0.104999998435,-0.104999998435,
    9.999999627471E-03));
#545 = VECTOR('',#546,1.);
#546 = DIRECTION('',(-0.707106781187,-0.707106781187,0.));
#547 = ORIENTED_EDGE('',*,*,#548,.F.);
#548 = EDGE_CURVE('',#549,#541,#551,.T.);
#549 = VERTEX_POINT('',#550);
#550 = CARTESIAN_POINT('',(0.449999993294,1.099999983609,
    9.999999627471E-03));
#551 = LINE('',#552,#553);
#552 = CARTESIAN_POINT('',(1.449999978393,1.099999983609,
    9.999999627471E-03));
#553 = VECTOR('',#554,1.);
#554 = DIRECTION('',(1.,-6.505213034913E-16,0.));
#555 = ORIENTED_EDGE('',*,*,#556,.F.);
#556 = EDGE_CURVE('',#557,#549,#559,.T.);
#557 = VERTEX_POINT('',#558);
#558 = CARTESIAN_POINT('',(0.449999993294,0.349999994785,
    9.999999627471E-03));
#559 = LINE('',#560,#561);
#560 = CARTESIAN_POINT('',(0.449999993294,1.099999983609,
    9.999999627471E-03));
#561 = VECTOR('',#562,1.);
#562 = DIRECTION('',(3.614007241618E-16,1.,0.));
#563 = ORIENTED_EDGE('',*,*,#564,.F.);
#564 = EDGE_CURVE('',#565,#557,#567,.T.);
#565 = VERTEX_POINT('',#566);
#566 = CARTESIAN_POINT('',(1.449999978393,0.349999994785,
    9.999999627471E-03));
#567 = LINE('',#568,#569);
#568 = CARTESIAN_POINT('',(1.449999978393,0.349999994785,
    9.999999627471E-03));
#569 = VECTOR('',#570,1.);
#570 = DIRECTION('',(-1.,3.252606517457E-16,0.));
#571 = ORIENTED_EDGE('',*,*,#572,.F.);
#572 = EDGE_CURVE('',#573,#565,#575,.T.);
#573 = VERTEX_POINT('',#574);
#574 = CARTESIAN_POINT('',(1.449999978393,0.959999985695,
    9.999999627471E-03));
#575 = LINE('',#576,#577);
#576 = CARTESIAN_POINT('',(1.449999978393,1.099999983609,
    9.999999627471E-03));
#577 = VECTOR('',#578,1.);
#578 = DIRECTION('',(-2.891205793295E-16,-1.,0.));
#579 = ORIENTED_EDGE('',*,*,#580,.T.);
#580 = EDGE_CURVE('',#573,#581,#583,.T.);
#581 = VERTEX_POINT('',#582);
#582 = CARTESIAN_POINT('',(1.59031308905,1.100313096352,
    9.999999627471E-03));
#583 = LINE('',#584,#585);
#584 = CARTESIAN_POINT('',(0.244999996349,-0.244999996349,
    9.999999627471E-03));
#585 = VECTOR('',#586,1.);
#586 = DIRECTION('',(0.707106781187,0.707106781187,0.));
#587 = ORIENTED_EDGE('',*,*,#588,.T.);
#588 = EDGE_CURVE('',#581,#589,#591,.T.);
#589 = VERTEX_POINT('',#590);
#590 = CARTESIAN_POINT('',(1.599999976158,1.099999983609,
    9.999999627471E-03));
#591 = CIRCLE('',#592,0.149999997765);
#592 = AXIS2_PLACEMENT_3D('',#593,#594,#595);
#593 = CARTESIAN_POINT('',(1.599999976158,1.249999981374,
    9.999999627471E-03));
#594 = DIRECTION('',(0.,0.,1.));
#595 = DIRECTION('',(1.,0.,-0.));
#596 = ORIENTED_EDGE('',*,*,#597,.F.);
#597 = EDGE_CURVE('',#598,#589,#600,.T.);
#598 = VERTEX_POINT('',#599);
#599 = CARTESIAN_POINT('',(1.599999976158,-1.099999983609,
    9.999999627471E-03));
#600 = LINE('',#601,#602);
#601 = CARTESIAN_POINT('',(1.599999976158,1.249999981374,
    9.999999627471E-03));
#602 = VECTOR('',#603,1.);
#603 = DIRECTION('',(-1.734723475977E-16,1.,0.));
#604 = ORIENTED_EDGE('',*,*,#605,.T.);
#605 = EDGE_CURVE('',#598,#606,#608,.T.);
#606 = VERTEX_POINT('',#607);
#607 = CARTESIAN_POINT('',(1.59031308905,-1.100313096352,
    9.999999627471E-03));
#608 = CIRCLE('',#609,0.149999997765);
#609 = AXIS2_PLACEMENT_3D('',#610,#611,#612);
#610 = CARTESIAN_POINT('',(1.599999976158,-1.249999981374,
    9.999999627471E-03));
#611 = DIRECTION('',(0.,0.,1.));
#612 = DIRECTION('',(1.,0.,-0.));
#613 = ORIENTED_EDGE('',*,*,#614,.F.);
#614 = EDGE_CURVE('',#615,#606,#617,.T.);
#615 = VERTEX_POINT('',#616);
#616 = CARTESIAN_POINT('',(1.449999978393,-0.959999985695,
    9.999999627471E-03));
#617 = LINE('',#618,#619);
#618 = CARTESIAN_POINT('',(0.244999996349,0.244999996349,
    9.999999627471E-03));
#619 = VECTOR('',#620,1.);
#620 = DIRECTION('',(0.707106781187,-0.707106781187,0.));
#621 = ORIENTED_EDGE('',*,*,#622,.F.);
#622 = EDGE_CURVE('',#623,#615,#625,.T.);
#623 = VERTEX_POINT('',#624);
#624 = CARTESIAN_POINT('',(1.449999978393,-0.349999994785,
    9.999999627471E-03));
#625 = LINE('',#626,#627);
#626 = CARTESIAN_POINT('',(1.449999978393,-1.099999983609,
    9.999999627471E-03));
#627 = VECTOR('',#628,1.);
#628 = DIRECTION('',(-0.,-1.,-0.));
#629 = ORIENTED_EDGE('',*,*,#630,.F.);
#630 = EDGE_CURVE('',#631,#623,#633,.T.);
#631 = VERTEX_POINT('',#632);
#632 = CARTESIAN_POINT('',(0.649999990314,-0.349999994785,
    9.999999627471E-03));
#633 = LINE('',#634,#635);
#634 = CARTESIAN_POINT('',(1.449999978393,-0.349999994785,
    9.999999627471E-03));
#635 = VECTOR('',#636,1.);
#636 = DIRECTION('',(1.,2.03287907341E-16,0.));
#637 = ORIENTED_EDGE('',*,*,#638,.F.);
#638 = EDGE_CURVE('',#639,#631,#641,.T.);
#639 = VERTEX_POINT('',#640);
#640 = CARTESIAN_POINT('',(0.449999993294,-0.549999991804,
    9.999999627471E-03));
#641 = LINE('',#642,#643);
#642 = CARTESIAN_POINT('',(0.649999990314,-0.349999994785,
    9.999999627471E-03));
#643 = VECTOR('',#644,1.);
#644 = DIRECTION('',(0.707106781187,0.707106781187,0.));
#645 = ORIENTED_EDGE('',*,*,#646,.F.);
#646 = EDGE_CURVE('',#647,#639,#649,.T.);
#647 = VERTEX_POINT('',#648);
#648 = CARTESIAN_POINT('',(0.449999993294,-1.099999983609,
    9.999999627471E-03));
#649 = LINE('',#650,#651);
#650 = CARTESIAN_POINT('',(0.449999993294,-1.099999983609,
    9.999999627471E-03));
#651 = VECTOR('',#652,1.);
#652 = DIRECTION('',(-1.971276677246E-16,1.,0.));
#653 = ORIENTED_EDGE('',*,*,#654,.F.);
#654 = EDGE_CURVE('',#359,#647,#655,.T.);
#655 = LINE('',#656,#657);
#656 = CARTESIAN_POINT('',(1.449999978393,-1.099999983609,
    9.999999627471E-03));
#657 = VECTOR('',#658,1.);
#658 = DIRECTION('',(-1.,-2.168404344971E-16,0.));
#659 = FACE_BOUND('',#660,.T.);
#660 = EDGE_LOOP('',(#661,#671,#679,#687,#695,#703,#711,#719));
#661 = ORIENTED_EDGE('',*,*,#662,.T.);
#662 = EDGE_CURVE('',#663,#665,#667,.T.);
#663 = VERTEX_POINT('',#664);
#664 = CARTESIAN_POINT('',(-0.206465932738,4.608566397026E-02,
    9.999999627471E-03));
#665 = VERTEX_POINT('',#666);
#666 = CARTESIAN_POINT('',(-0.2454903224,-5.391433453963E-02,
    9.999999627471E-03));
#667 = LINE('',#668,#669);
#668 = CARTESIAN_POINT('',(-0.206465932738,4.608566397026E-02,
    9.999999627471E-03));
#669 = VECTOR('',#670,1.);
#670 = DIRECTION('',(-0.363542485653,-0.931577619485,0.));
#671 = ORIENTED_EDGE('',*,*,#672,.T.);
#672 = EDGE_CURVE('',#665,#673,#675,.T.);
#673 = VERTEX_POINT('',#674);
#674 = CARTESIAN_POINT('',(-0.230856176277,-5.391433453963E-02,
    9.999999627471E-03));
#675 = LINE('',#676,#677);
#676 = CARTESIAN_POINT('',(-0.2454903224,-5.391433453963E-02,
    9.999999627471E-03));
#677 = VECTOR('',#678,1.);
#678 = DIRECTION('',(1.,0.,0.));
#679 = ORIENTED_EDGE('',*,*,#680,.T.);
#680 = EDGE_CURVE('',#673,#681,#683,.T.);
#681 = VERTEX_POINT('',#682);
#682 = CARTESIAN_POINT('',(-0.220738036184,-2.586555446978E-02,
    9.999999627471E-03));
#683 = LINE('',#684,#685);
#684 = CARTESIAN_POINT('',(-0.230856176277,-5.391433453963E-02,
    9.999999627471E-03));
#685 = VECTOR('',#686,1.);
#686 = DIRECTION('',(0.339330377275,0.940667260544,0.));
#687 = ORIENTED_EDGE('',*,*,#688,.T.);
#688 = EDGE_CURVE('',#681,#689,#691,.T.);
#689 = VERTEX_POINT('',#690);
#690 = CARTESIAN_POINT('',(-0.179427061189,-2.586555446978E-02,
    9.999999627471E-03));
#691 = LINE('',#692,#693);
#692 = CARTESIAN_POINT('',(-0.220738036184,-2.586555446978E-02,
    9.999999627471E-03));
#693 = VECTOR('',#694,1.);
#694 = DIRECTION('',(1.,0.,0.));
#695 = ORIENTED_EDGE('',*,*,#696,.T.);
#696 = EDGE_CURVE('',#689,#697,#699,.T.);
#697 = VERTEX_POINT('',#698);
#698 = CARTESIAN_POINT('',(-0.169880567429,-5.391433453963E-02,
    9.999999627471E-03));
#699 = LINE('',#700,#701);
#700 = CARTESIAN_POINT('',(-0.179427061189,-2.586555446978E-02,
    9.999999627471E-03));
#701 = VECTOR('',#702,1.);
#702 = DIRECTION('',(0.322202485606,-0.946670776072,0.));
#703 = ORIENTED_EDGE('',*,*,#704,.T.);
#704 = EDGE_CURVE('',#697,#705,#707,.T.);
#705 = VERTEX_POINT('',#706);
#706 = CARTESIAN_POINT('',(-0.155246421306,-5.391433453963E-02,
    9.999999627471E-03));
#707 = LINE('',#708,#709);
#708 = CARTESIAN_POINT('',(-0.169880567429,-5.391433453963E-02,
    9.999999627471E-03));
#709 = VECTOR('',#710,1.);
#710 = DIRECTION('',(1.,0.,0.));
#711 = ORIENTED_EDGE('',*,*,#712,.T.);
#712 = EDGE_CURVE('',#705,#713,#715,.T.);
#713 = VERTEX_POINT('',#714);
#714 = CARTESIAN_POINT('',(-0.193051298791,4.608566397026E-02,
    9.999999627471E-03));
#715 = LINE('',#716,#717);
#716 = CARTESIAN_POINT('',(-0.155246421306,-5.391433453963E-02,
    9.999999627471E-03));
#717 = VECTOR('',#718,1.);
#718 = DIRECTION('',(-0.353622392329,0.93538826358,0.));
#719 = ORIENTED_EDGE('',*,*,#720,.T.);
#720 = EDGE_CURVE('',#713,#663,#721,.T.);
#721 = LINE('',#722,#723);
#722 = CARTESIAN_POINT('',(-0.193051298791,4.608566397026E-02,
    9.999999627471E-03));
#723 = VECTOR('',#724,1.);
#724 = DIRECTION('',(-1.,0.,0.));
#725 = FACE_BOUND('',#726,.T.);
#726 = EDGE_LOOP('',(#727,#737,#745,#753,#761,#769,#777,#785,#793,#801,
    #809,#817));
#727 = ORIENTED_EDGE('',*,*,#728,.T.);
#728 = EDGE_CURVE('',#729,#731,#733,.T.);
#729 = VERTEX_POINT('',#730);
#730 = CARTESIAN_POINT('',(-4.792934973423E-02,-4.293872494708E-02,
    9.999999627471E-03));
#731 = VERTEX_POINT('',#732);
#732 = CARTESIAN_POINT('',(-4.792934973423E-02,-5.391433453963E-02,
    9.999999627471E-03));
#733 = LINE('',#734,#735);
#734 = CARTESIAN_POINT('',(-4.792934973423E-02,-4.293872494708E-02,
    9.999999627471E-03));
#735 = VECTOR('',#736,1.);
#736 = DIRECTION('',(0.,-1.,0.));
#737 = ORIENTED_EDGE('',*,*,#738,.T.);
#738 = EDGE_CURVE('',#731,#739,#741,.T.);
#739 = VERTEX_POINT('',#740);
#740 = CARTESIAN_POINT('',(5.72918605156E-03,-5.391433453963E-02,
    9.999999627471E-03));
#741 = LINE('',#742,#743);
#742 = CARTESIAN_POINT('',(-4.792934973423E-02,-5.391433453963E-02,
    9.999999627471E-03));
#743 = VECTOR('',#744,1.);
#744 = DIRECTION('',(1.,0.,0.));
#745 = ORIENTED_EDGE('',*,*,#746,.T.);
#746 = EDGE_CURVE('',#739,#747,#749,.T.);
#747 = VERTEX_POINT('',#748);
#748 = CARTESIAN_POINT('',(5.72918605156E-03,4.608566397026E-02,
    9.999999627471E-03));
#749 = LINE('',#750,#751);
#750 = CARTESIAN_POINT('',(5.72918605156E-03,-5.391433453963E-02,
    9.999999627471E-03));
#751 = VECTOR('',#752,1.);
#752 = DIRECTION('',(0.,1.,0.));
#753 = ORIENTED_EDGE('',*,*,#754,.T.);
#754 = EDGE_CURVE('',#747,#755,#757,.T.);
#755 = VERTEX_POINT('',#756);
#756 = CARTESIAN_POINT('',(-4.549032538033E-02,4.608566397026E-02,
    9.999999627471E-03));
#757 = LINE('',#758,#759);
#758 = CARTESIAN_POINT('',(5.72918605156E-03,4.608566397026E-02,
    9.999999627471E-03));
#759 = VECTOR('',#760,1.);
#760 = DIRECTION('',(-1.,0.,0.));
#761 = ORIENTED_EDGE('',*,*,#762,.T.);
#762 = EDGE_CURVE('',#755,#763,#765,.T.);
#763 = VERTEX_POINT('',#764);
#764 = CARTESIAN_POINT('',(-4.549032538033E-02,3.511005437771E-02,
    9.999999627471E-03));
#765 = LINE('',#766,#767);
#766 = CARTESIAN_POINT('',(-4.549032538033E-02,4.608566397026E-02,
    9.999999627471E-03));
#767 = VECTOR('',#768,1.);
#768 = DIRECTION('',(0.,-1.,0.));
#769 = ORIENTED_EDGE('',*,*,#770,.T.);
#770 = EDGE_CURVE('',#763,#771,#773,.T.);
#771 = VERTEX_POINT('',#772);
#772 = CARTESIAN_POINT('',(-7.685447894887E-03,3.511005437771E-02,
    9.999999627471E-03));
#773 = LINE('',#774,#775);
#774 = CARTESIAN_POINT('',(-4.549032538033E-02,3.511005437771E-02,
    9.999999627471E-03));
#775 = VECTOR('',#776,1.);
#776 = DIRECTION('',(1.,0.,0.));
#777 = ORIENTED_EDGE('',*,*,#778,.T.);
#778 = EDGE_CURVE('',#771,#779,#781,.T.);
#779 = VERTEX_POINT('',#780);
#780 = CARTESIAN_POINT('',(-7.685447894887E-03,2.183225600063E-03,
    9.999999627471E-03));
#781 = LINE('',#782,#783);
#782 = CARTESIAN_POINT('',(-7.685447894887E-03,3.511005437771E-02,
    9.999999627471E-03));
#783 = VECTOR('',#784,1.);
#784 = DIRECTION('',(0.,-1.,0.));
#785 = ORIENTED_EDGE('',*,*,#786,.T.);
#786 = EDGE_CURVE('',#779,#787,#789,.T.);
#787 = VERTEX_POINT('',#788);
#788 = CARTESIAN_POINT('',(-4.305130102643E-02,2.183225600063E-03,
    9.999999627471E-03));
#789 = LINE('',#790,#791);
#790 = CARTESIAN_POINT('',(-7.685447894887E-03,2.183225600063E-03,
    9.999999627471E-03));
#791 = VECTOR('',#792,1.);
#792 = DIRECTION('',(-1.,0.,0.));
#793 = ORIENTED_EDGE('',*,*,#794,.T.);
#794 = EDGE_CURVE('',#787,#795,#797,.T.);
#795 = VERTEX_POINT('',#796);
#796 = CARTESIAN_POINT('',(-4.305130102643E-02,-8.792383992485E-03,
    9.999999627471E-03));
#797 = LINE('',#798,#799);
#798 = CARTESIAN_POINT('',(-4.305130102643E-02,2.183225600063E-03,
    9.999999627471E-03));
#799 = VECTOR('',#800,1.);
#800 = DIRECTION('',(0.,-1.,0.));
#801 = ORIENTED_EDGE('',*,*,#802,.T.);
#802 = EDGE_CURVE('',#795,#803,#805,.T.);
#803 = VERTEX_POINT('',#804);
#804 = CARTESIAN_POINT('',(-7.685447894887E-03,-8.792383992485E-03,
    9.999999627471E-03));
#805 = LINE('',#806,#807);
#806 = CARTESIAN_POINT('',(-4.305130102643E-02,-8.792383992485E-03,
    9.999999627471E-03));
#807 = VECTOR('',#808,1.);
#808 = DIRECTION('',(1.,0.,0.));
#809 = ORIENTED_EDGE('',*,*,#810,.T.);
#810 = EDGE_CURVE('',#803,#811,#813,.T.);
#811 = VERTEX_POINT('',#812);
#812 = CARTESIAN_POINT('',(-7.685447894887E-03,-4.293872494708E-02,
    9.999999627471E-03));
#813 = LINE('',#814,#815);
#814 = CARTESIAN_POINT('',(-7.685447894887E-03,-8.792383992485E-03,
    9.999999627471E-03));
#815 = VECTOR('',#816,1.);
#816 = DIRECTION('',(0.,-1.,0.));
#817 = ORIENTED_EDGE('',*,*,#818,.T.);
#818 = EDGE_CURVE('',#811,#729,#819,.T.);
#819 = LINE('',#820,#821);
#820 = CARTESIAN_POINT('',(-7.685447894887E-03,-4.293872494708E-02,
    9.999999627471E-03));
#821 = VECTOR('',#822,1.);
#822 = DIRECTION('',(-1.,0.,0.));
#823 = FACE_BOUND('',#824,.T.);
#824 = EDGE_LOOP('',(#825,#835,#843,#851,#859,#867));
#825 = ORIENTED_EDGE('',*,*,#826,.T.);
#826 = EDGE_CURVE('',#827,#829,#831,.T.);
#827 = VERTEX_POINT('',#828);
#828 = CARTESIAN_POINT('',(0.108168208915,-4.293872494708E-02,
    9.999999627471E-03));
#829 = VERTEX_POINT('',#830);
#830 = CARTESIAN_POINT('',(0.108168208915,-5.391433453963E-02,
    9.999999627471E-03));
#831 = LINE('',#832,#833);
#832 = CARTESIAN_POINT('',(0.108168208915,-4.293872494708E-02,
    9.999999627471E-03));
#833 = VECTOR('',#834,1.);
#834 = DIRECTION('',(0.,-1.,0.));
#835 = ORIENTED_EDGE('',*,*,#836,.T.);
#836 = EDGE_CURVE('',#829,#837,#839,.T.);
#837 = VERTEX_POINT('',#838);
#838 = CARTESIAN_POINT('',(0.159387720347,-5.391433453963E-02,
    9.999999627471E-03));
#839 = LINE('',#840,#841);
#840 = CARTESIAN_POINT('',(0.108168208915,-5.391433453963E-02,
    9.999999627471E-03));
#841 = VECTOR('',#842,1.);
#842 = DIRECTION('',(1.,0.,0.));
#843 = ORIENTED_EDGE('',*,*,#844,.T.);
#844 = EDGE_CURVE('',#837,#845,#847,.T.);
#845 = VERTEX_POINT('',#846);
#846 = CARTESIAN_POINT('',(0.159387720347,4.608566397026E-02,
    9.999999627471E-03));
#847 = LINE('',#848,#849);
#848 = CARTESIAN_POINT('',(0.159387720347,-5.391433453963E-02,
    9.999999627471E-03));
#849 = VECTOR('',#850,1.);
#850 = DIRECTION('',(0.,1.,0.));
#851 = ORIENTED_EDGE('',*,*,#852,.T.);
#852 = EDGE_CURVE('',#845,#853,#855,.T.);
#853 = VERTEX_POINT('',#854);
#854 = CARTESIAN_POINT('',(0.145973086401,4.608566397026E-02,
    9.999999627471E-03));
#855 = LINE('',#856,#857);
#856 = CARTESIAN_POINT('',(0.159387720347,4.608566397026E-02,
    9.999999627471E-03));
#857 = VECTOR('',#858,1.);
#858 = DIRECTION('',(-1.,0.,0.));
#859 = ORIENTED_EDGE('',*,*,#860,.T.);
#860 = EDGE_CURVE('',#853,#861,#863,.T.);
#861 = VERTEX_POINT('',#862);
#862 = CARTESIAN_POINT('',(0.145973086401,-4.293872494708E-02,
    9.999999627471E-03));
#863 = LINE('',#864,#865);
#864 = CARTESIAN_POINT('',(0.145973086401,4.608566397026E-02,
    9.999999627471E-03));
#865 = VECTOR('',#866,1.);
#866 = DIRECTION('',(0.,-1.,0.));
#867 = ORIENTED_EDGE('',*,*,#868,.T.);
#868 = EDGE_CURVE('',#861,#827,#869,.T.);
#869 = LINE('',#870,#871);
#870 = CARTESIAN_POINT('',(0.145973086401,-4.293872494708E-02,
    9.999999627471E-03));
#871 = VECTOR('',#872,1.);
#872 = DIRECTION('',(-1.,0.,0.));
#873 = PLANE('',#874);
#874 = AXIS2_PLACEMENT_3D('',#875,#876,#877);
#875 = CARTESIAN_POINT('',(0.,0.,9.999999627471E-03));
#876 = DIRECTION('',(0.,0.,1.));
#877 = DIRECTION('',(1.,0.,-0.));
#878 = ADVANCED_FACE('',(#879),#929,.F.);
#879 = FACE_BOUND('',#880,.F.);
#880 = EDGE_LOOP('',(#881,#882,#890,#899,#905,#906,#914,#923));
#881 = ORIENTED_EDGE('',*,*,#366,.T.);
#882 = ORIENTED_EDGE('',*,*,#883,.T.);
#883 = EDGE_CURVE('',#367,#884,#886,.T.);
#884 = VERTEX_POINT('',#885);
#885 = CARTESIAN_POINT('',(1.449999978393,-1.249999981374,0.509999992177
    ));
#886 = LINE('',#887,#888);
#887 = CARTESIAN_POINT('',(1.449999978393,-1.249999981374,
    9.999999627471E-03));
#888 = VECTOR('',#889,1.);
#889 = DIRECTION('',(0.,0.,1.));
#890 = ORIENTED_EDGE('',*,*,#891,.F.);
#891 = EDGE_CURVE('',#892,#884,#894,.T.);
#892 = VERTEX_POINT('',#893);
#893 = CARTESIAN_POINT('',(1.599999976158,-1.099999983609,0.509999992177
    ));
#894 = CIRCLE('',#895,0.149999997765);
#895 = AXIS2_PLACEMENT_3D('',#896,#897,#898);
#896 = CARTESIAN_POINT('',(1.599999976158,-1.249999981374,0.509999992177
    ));
#897 = DIRECTION('',(0.,0.,1.));
#898 = DIRECTION('',(-1.,0.,0.));
#899 = ORIENTED_EDGE('',*,*,#900,.T.);
#900 = EDGE_CURVE('',#892,#598,#901,.T.);
#901 = LINE('',#902,#903);
#902 = CARTESIAN_POINT('',(1.599999976158,-1.099999983609,
    9.999999627471E-03));
#903 = VECTOR('',#904,1.);
#904 = DIRECTION('',(0.,0.,-1.));
#905 = ORIENTED_EDGE('',*,*,#605,.T.);
#906 = ORIENTED_EDGE('',*,*,#907,.T.);
#907 = EDGE_CURVE('',#606,#908,#910,.T.);
#908 = VERTEX_POINT('',#909);
#909 = CARTESIAN_POINT('',(1.59031308905,-1.100313096352,0.209999996647)
  );
#910 = LINE('',#911,#912);
#911 = CARTESIAN_POINT('',(1.59031308905,-1.100313096352,
    9.999999627471E-03));
#912 = VECTOR('',#913,1.);
#913 = DIRECTION('',(0.,0.,1.));
#914 = ORIENTED_EDGE('',*,*,#915,.T.);
#915 = EDGE_CURVE('',#908,#916,#918,.T.);
#916 = VERTEX_POINT('',#917);
#917 = CARTESIAN_POINT('',(1.450313091136,-1.240313094265,0.209999996647
    ));
#918 = CIRCLE('',#919,0.149999997765);
#919 = AXIS2_PLACEMENT_3D('',#920,#921,#922);
#920 = CARTESIAN_POINT('',(1.599999976158,-1.249999981374,0.209999996647
    ));
#921 = DIRECTION('',(0.,0.,1.));
#922 = DIRECTION('',(-1.,-1.445602896647E-15,0.));
#923 = ORIENTED_EDGE('',*,*,#924,.T.);
#924 = EDGE_CURVE('',#916,#357,#925,.T.);
#925 = LINE('',#926,#927);
#926 = CARTESIAN_POINT('',(1.450313091136,-1.240313094265,
    9.999999627471E-03));
#927 = VECTOR('',#928,1.);
#928 = DIRECTION('',(0.,0.,-1.));
#929 = CYLINDRICAL_SURFACE('',#930,0.149999997765);
#930 = AXIS2_PLACEMENT_3D('',#931,#932,#933);
#931 = CARTESIAN_POINT('',(1.599999976158,-1.249999981374,
    9.999999627471E-03));
#932 = DIRECTION('',(0.,0.,1.));
#933 = DIRECTION('',(1.,0.,-0.));
#934 = ADVANCED_FACE('',(#935),#960,.F.);
#935 = FACE_BOUND('',#936,.T.);
#936 = EDGE_LOOP('',(#937,#945,#953,#959));
#937 = ORIENTED_EDGE('',*,*,#938,.T.);
#938 = EDGE_CURVE('',#615,#939,#941,.T.);
#939 = VERTEX_POINT('',#940);
#940 = CARTESIAN_POINT('',(1.449999978393,-0.959999985695,
    -2.235174146464E-10));
#941 = LINE('',#942,#943);
#942 = CARTESIAN_POINT('',(1.449999978393,-0.959999985695,0.209999996647
    ));
#943 = VECTOR('',#944,1.);
#944 = DIRECTION('',(0.,0.,-1.));
#945 = ORIENTED_EDGE('',*,*,#946,.F.);
#946 = EDGE_CURVE('',#947,#939,#949,.T.);
#947 = VERTEX_POINT('',#948);
#948 = CARTESIAN_POINT('',(1.449999978393,-0.349999994785,
    -2.235174146464E-10));
#949 = LINE('',#950,#951);
#950 = CARTESIAN_POINT('',(1.449999978393,-1.099999983609,
    -2.235174146464E-10));
#951 = VECTOR('',#952,1.);
#952 = DIRECTION('',(-0.,-1.,-0.));
#953 = ORIENTED_EDGE('',*,*,#954,.T.);
#954 = EDGE_CURVE('',#947,#623,#955,.T.);
#955 = LINE('',#956,#957);
#956 = CARTESIAN_POINT('',(1.449999978393,-0.349999994785,
    -2.235174146464E-10));
#957 = VECTOR('',#958,1.);
#958 = DIRECTION('',(0.,0.,1.));
#959 = ORIENTED_EDGE('',*,*,#622,.T.);
#960 = PLANE('',#961);
#961 = AXIS2_PLACEMENT_3D('',#962,#963,#964);
#962 = CARTESIAN_POINT('',(1.449999978393,-1.099999983609,
    -2.235174146464E-10));
#963 = DIRECTION('',(-1.,0.,0.));
#964 = DIRECTION('',(0.,0.,1.));
#965 = ADVANCED_FACE('',(#966),#991,.F.);
#966 = FACE_BOUND('',#967,.T.);
#967 = EDGE_LOOP('',(#968,#976,#977,#985));
#968 = ORIENTED_EDGE('',*,*,#969,.F.);
#969 = EDGE_CURVE('',#359,#970,#972,.T.);
#970 = VERTEX_POINT('',#971);
#971 = CARTESIAN_POINT('',(1.309999980479,-1.099999983609,
    -2.235174146464E-10));
#972 = LINE('',#973,#974);
#973 = CARTESIAN_POINT('',(1.309999980479,-1.099999983609,0.209999996647
    ));
#974 = VECTOR('',#975,1.);
#975 = DIRECTION('',(0.,0.,-1.));
#976 = ORIENTED_EDGE('',*,*,#654,.T.);
#977 = ORIENTED_EDGE('',*,*,#978,.F.);
#978 = EDGE_CURVE('',#979,#647,#981,.T.);
#979 = VERTEX_POINT('',#980);
#980 = CARTESIAN_POINT('',(0.449999993294,-1.099999983609,
    -2.235174146464E-10));
#981 = LINE('',#982,#983);
#982 = CARTESIAN_POINT('',(0.449999993294,-1.099999983609,
    -2.235174146464E-10));
#983 = VECTOR('',#984,1.);
#984 = DIRECTION('',(0.,0.,1.));
#985 = ORIENTED_EDGE('',*,*,#986,.F.);
#986 = EDGE_CURVE('',#970,#979,#987,.T.);
#987 = LINE('',#988,#989);
#988 = CARTESIAN_POINT('',(1.449999978393,-1.099999983609,
    -2.235174146464E-10));
#989 = VECTOR('',#990,1.);
#990 = DIRECTION('',(-1.,-2.168404344971E-16,0.));
#991 = PLANE('',#992);
#992 = AXIS2_PLACEMENT_3D('',#993,#994,#995);
#993 = CARTESIAN_POINT('',(1.449999978393,-1.099999983609,
    -2.235174146464E-10));
#994 = DIRECTION('',(-2.168404344971E-16,1.,0.));
#995 = DIRECTION('',(-1.,-2.168404344971E-16,0.));
#996 = ADVANCED_FACE('',(#997),#1047,.F.);
#997 = FACE_BOUND('',#998,.F.);
#998 = EDGE_LOOP('',(#999,#1000,#1008,#1017,#1023,#1024,#1032,#1041));
#999 = ORIENTED_EDGE('',*,*,#514,.T.);
#1000 = ORIENTED_EDGE('',*,*,#1001,.T.);
#1001 = EDGE_CURVE('',#515,#1002,#1004,.T.);
#1002 = VERTEX_POINT('',#1003);
#1003 = CARTESIAN_POINT('',(-1.449999978393,1.249999981374,
    0.509999992177));
#1004 = LINE('',#1005,#1006);
#1005 = CARTESIAN_POINT('',(-1.449999978393,1.249999981374,
    9.999999627471E-03));
#1006 = VECTOR('',#1007,1.);
#1007 = DIRECTION('',(0.,0.,1.));
#1008 = ORIENTED_EDGE('',*,*,#1009,.F.);
#1009 = EDGE_CURVE('',#1010,#1002,#1012,.T.);
#1010 = VERTEX_POINT('',#1011);
#1011 = CARTESIAN_POINT('',(-1.599999976158,1.099999983609,
    0.509999992177));
#1012 = CIRCLE('',#1013,0.149999997765);
#1013 = AXIS2_PLACEMENT_3D('',#1014,#1015,#1016);
#1014 = CARTESIAN_POINT('',(-1.599999976158,1.249999981374,
    0.509999992177));
#1015 = DIRECTION('',(0.,0.,1.));
#1016 = DIRECTION('',(-1.,0.,0.));
#1017 = ORIENTED_EDGE('',*,*,#1018,.T.);
#1018 = EDGE_CURVE('',#1010,#450,#1019,.T.);
#1019 = LINE('',#1020,#1021);
#1020 = CARTESIAN_POINT('',(-1.599999976158,1.099999983609,
    9.999999627471E-03));
#1021 = VECTOR('',#1022,1.);
#1022 = DIRECTION('',(0.,0.,-1.));
#1023 = ORIENTED_EDGE('',*,*,#457,.T.);
#1024 = ORIENTED_EDGE('',*,*,#1025,.T.);
#1025 = EDGE_CURVE('',#458,#1026,#1028,.T.);
#1026 = VERTEX_POINT('',#1027);
#1027 = CARTESIAN_POINT('',(-1.59031308905,1.100313096352,0.209999996647
    ));
#1028 = LINE('',#1029,#1030);
#1029 = CARTESIAN_POINT('',(-1.59031308905,1.100313096352,
    9.999999627471E-03));
#1030 = VECTOR('',#1031,1.);
#1031 = DIRECTION('',(0.,0.,1.));
#1032 = ORIENTED_EDGE('',*,*,#1033,.T.);
#1033 = EDGE_CURVE('',#1026,#1034,#1036,.T.);
#1034 = VERTEX_POINT('',#1035);
#1035 = CARTESIAN_POINT('',(-1.450313091136,1.240313094265,
    0.209999996647));
#1036 = CIRCLE('',#1037,0.149999997765);
#1037 = AXIS2_PLACEMENT_3D('',#1038,#1039,#1040);
#1038 = CARTESIAN_POINT('',(-1.599999976158,1.249999981374,
    0.209999996647));
#1039 = DIRECTION('',(0.,0.,1.));
#1040 = DIRECTION('',(-1.,0.,0.));
#1041 = ORIENTED_EDGE('',*,*,#1042,.T.);
#1042 = EDGE_CURVE('',#1034,#507,#1043,.T.);
#1043 = LINE('',#1044,#1045);
#1044 = CARTESIAN_POINT('',(-1.450313091136,1.240313094265,
    9.999999627471E-03));
#1045 = VECTOR('',#1046,1.);
#1046 = DIRECTION('',(0.,0.,-1.));
#1047 = CYLINDRICAL_SURFACE('',#1048,0.149999997765);
#1048 = AXIS2_PLACEMENT_3D('',#1049,#1050,#1051);
#1049 = CARTESIAN_POINT('',(-1.599999976158,1.249999981374,
    9.999999627471E-03));
#1050 = DIRECTION('',(0.,0.,1.));
#1051 = DIRECTION('',(1.,0.,-0.));
#1052 = ADVANCED_FACE('',(#1053),#1078,.F.);
#1053 = FACE_BOUND('',#1054,.T.);
#1054 = EDGE_LOOP('',(#1055,#1063,#1071,#1077));
#1055 = ORIENTED_EDGE('',*,*,#1056,.T.);
#1056 = EDGE_CURVE('',#467,#1057,#1059,.T.);
#1057 = VERTEX_POINT('',#1058);
#1058 = CARTESIAN_POINT('',(-1.449999978393,0.959999985695,
    -2.235174146464E-10));
#1059 = LINE('',#1060,#1061);
#1060 = CARTESIAN_POINT('',(-1.449999978393,0.959999985695,
    0.209999996647));
#1061 = VECTOR('',#1062,1.);
#1062 = DIRECTION('',(0.,0.,-1.));
#1063 = ORIENTED_EDGE('',*,*,#1064,.F.);
#1064 = EDGE_CURVE('',#1065,#1057,#1067,.T.);
#1065 = VERTEX_POINT('',#1066);
#1066 = CARTESIAN_POINT('',(-1.449999978393,0.349999994785,
    -2.235174146464E-10));
#1067 = LINE('',#1068,#1069);
#1068 = CARTESIAN_POINT('',(-1.449999978393,1.099999983609,
    -2.235174146464E-10));
#1069 = VECTOR('',#1070,1.);
#1070 = DIRECTION('',(-2.891205793295E-16,1.,0.));
#1071 = ORIENTED_EDGE('',*,*,#1072,.T.);
#1072 = EDGE_CURVE('',#1065,#475,#1073,.T.);
#1073 = LINE('',#1074,#1075);
#1074 = CARTESIAN_POINT('',(-1.449999978393,0.349999994785,
    -2.235174146464E-10));
#1075 = VECTOR('',#1076,1.);
#1076 = DIRECTION('',(0.,0.,1.));
#1077 = ORIENTED_EDGE('',*,*,#474,.T.);
#1078 = PLANE('',#1079);
#1079 = AXIS2_PLACEMENT_3D('',#1080,#1081,#1082);
#1080 = CARTESIAN_POINT('',(-1.449999978393,1.099999983609,
    -2.235174146464E-10));
#1081 = DIRECTION('',(1.,2.891205793295E-16,0.));
#1082 = DIRECTION('',(-2.891205793295E-16,1.,0.));
#1083 = ADVANCED_FACE('',(#1084),#1109,.F.);
#1084 = FACE_BOUND('',#1085,.T.);
#1085 = EDGE_LOOP('',(#1086,#1094,#1095,#1103));
#1086 = ORIENTED_EDGE('',*,*,#1087,.F.);
#1087 = EDGE_CURVE('',#499,#1088,#1090,.T.);
#1088 = VERTEX_POINT('',#1089);
#1089 = CARTESIAN_POINT('',(-1.309999980479,1.099999983609,
    -2.235174146464E-10));
#1090 = LINE('',#1091,#1092);
#1091 = CARTESIAN_POINT('',(-1.309999980479,1.099999983609,
    0.209999996647));
#1092 = VECTOR('',#1093,1.);
#1093 = DIRECTION('',(0.,0.,-1.));
#1094 = ORIENTED_EDGE('',*,*,#498,.T.);
#1095 = ORIENTED_EDGE('',*,*,#1096,.F.);
#1096 = EDGE_CURVE('',#1097,#491,#1099,.T.);
#1097 = VERTEX_POINT('',#1098);
#1098 = CARTESIAN_POINT('',(-0.449999993294,1.099999983609,
    -2.235174146464E-10));
#1099 = LINE('',#1100,#1101);
#1100 = CARTESIAN_POINT('',(-0.449999993294,1.099999983609,
    -2.235174146464E-10));
#1101 = VECTOR('',#1102,1.);
#1102 = DIRECTION('',(0.,0.,1.));
#1103 = ORIENTED_EDGE('',*,*,#1104,.F.);
#1104 = EDGE_CURVE('',#1088,#1097,#1105,.T.);
#1105 = LINE('',#1106,#1107);
#1106 = CARTESIAN_POINT('',(-1.449999978393,1.099999983609,
    -2.235174146464E-10));
#1107 = VECTOR('',#1108,1.);
#1108 = DIRECTION('',(1.,6.505213034913E-16,0.));
#1109 = PLANE('',#1110);
#1110 = AXIS2_PLACEMENT_3D('',#1111,#1112,#1113);
#1111 = CARTESIAN_POINT('',(-1.449999978393,1.099999983609,
    -2.235174146464E-10));
#1112 = DIRECTION('',(6.505213034913E-16,-1.,0.));
#1113 = DIRECTION('',(1.,6.505213034913E-16,0.));
#1114 = ADVANCED_FACE('',(#1115),#1133,.F.);
#1115 = FACE_BOUND('',#1116,.T.);
#1116 = EDGE_LOOP('',(#1117,#1125,#1126,#1127));
#1117 = ORIENTED_EDGE('',*,*,#1118,.F.);
#1118 = EDGE_CURVE('',#892,#1119,#1121,.T.);
#1119 = VERTEX_POINT('',#1120);
#1120 = CARTESIAN_POINT('',(1.599999976158,1.099999983609,0.509999992177
    ));
#1121 = LINE('',#1122,#1123);
#1122 = CARTESIAN_POINT('',(1.599999976158,1.249999981374,0.509999992177
    ));
#1123 = VECTOR('',#1124,1.);
#1124 = DIRECTION('',(-1.734723475977E-16,1.,0.));
#1125 = ORIENTED_EDGE('',*,*,#900,.T.);
#1126 = ORIENTED_EDGE('',*,*,#597,.T.);
#1127 = ORIENTED_EDGE('',*,*,#1128,.T.);
#1128 = EDGE_CURVE('',#589,#1119,#1129,.T.);
#1129 = LINE('',#1130,#1131);
#1130 = CARTESIAN_POINT('',(1.599999976158,1.099999983609,
    9.999999627471E-03));
#1131 = VECTOR('',#1132,1.);
#1132 = DIRECTION('',(0.,0.,1.));
#1133 = PLANE('',#1134);
#1134 = AXIS2_PLACEMENT_3D('',#1135,#1136,#1137);
#1135 = CARTESIAN_POINT('',(1.599999976158,1.249999981374,0.509999992177
    ));
#1136 = DIRECTION('',(-1.,-1.734723475977E-16,0.));
#1137 = DIRECTION('',(1.734723475977E-16,-1.,0.));
#1138 = ADVANCED_FACE('',(#1139),#1157,.F.);
#1139 = FACE_BOUND('',#1140,.T.);
#1140 = EDGE_LOOP('',(#1141,#1149,#1155,#1156));
#1141 = ORIENTED_EDGE('',*,*,#1142,.F.);
#1142 = EDGE_CURVE('',#1143,#1002,#1145,.T.);
#1143 = VERTEX_POINT('',#1144);
#1144 = CARTESIAN_POINT('',(1.449999978393,1.249999981374,0.509999992177
    ));
#1145 = LINE('',#1146,#1147);
#1146 = CARTESIAN_POINT('',(-1.599999976158,1.249999981374,
    0.509999992177));
#1147 = VECTOR('',#1148,1.);
#1148 = DIRECTION('',(-1.,-0.,-0.));
#1149 = ORIENTED_EDGE('',*,*,#1150,.T.);
#1150 = EDGE_CURVE('',#1143,#524,#1151,.T.);
#1151 = LINE('',#1152,#1153);
#1152 = CARTESIAN_POINT('',(1.449999978393,1.249999981374,
    9.999999627471E-03));
#1153 = VECTOR('',#1154,1.);
#1154 = DIRECTION('',(0.,0.,-1.));
#1155 = ORIENTED_EDGE('',*,*,#523,.T.);
#1156 = ORIENTED_EDGE('',*,*,#1001,.T.);
#1157 = PLANE('',#1158);
#1158 = AXIS2_PLACEMENT_3D('',#1159,#1160,#1161);
#1159 = CARTESIAN_POINT('',(-1.599999976158,1.249999981374,
    0.509999992177));
#1160 = DIRECTION('',(0.,-1.,0.));
#1161 = DIRECTION('',(0.,0.,-1.));
#1162 = ADVANCED_FACE('',(#1163),#1181,.F.);
#1163 = FACE_BOUND('',#1164,.T.);
#1164 = EDGE_LOOP('',(#1165,#1173,#1174,#1175));
#1165 = ORIENTED_EDGE('',*,*,#1166,.F.);
#1166 = EDGE_CURVE('',#1010,#1167,#1169,.T.);
#1167 = VERTEX_POINT('',#1168);
#1168 = CARTESIAN_POINT('',(-1.599999976158,-1.099999983609,
    0.509999992177));
#1169 = LINE('',#1170,#1171);
#1170 = CARTESIAN_POINT('',(-1.599999976158,1.249999981374,
    0.509999992177));
#1171 = VECTOR('',#1172,1.);
#1172 = DIRECTION('',(0.,-1.,0.));
#1173 = ORIENTED_EDGE('',*,*,#1018,.T.);
#1174 = ORIENTED_EDGE('',*,*,#449,.T.);
#1175 = ORIENTED_EDGE('',*,*,#1176,.T.);
#1176 = EDGE_CURVE('',#441,#1167,#1177,.T.);
#1177 = LINE('',#1178,#1179);
#1178 = CARTESIAN_POINT('',(-1.599999976158,-1.099999983609,
    9.999999627471E-03));
#1179 = VECTOR('',#1180,1.);
#1180 = DIRECTION('',(0.,0.,1.));
#1181 = PLANE('',#1182);
#1182 = AXIS2_PLACEMENT_3D('',#1183,#1184,#1185);
#1183 = CARTESIAN_POINT('',(-1.599999976158,1.249999981374,
    0.509999992177));
#1184 = DIRECTION('',(1.,0.,0.));
#1185 = DIRECTION('',(0.,0.,-1.));
#1186 = ADVANCED_FACE('',(#1187),#1205,.F.);
#1187 = FACE_BOUND('',#1188,.T.);
#1188 = EDGE_LOOP('',(#1189,#1190,#1191,#1199));
#1189 = ORIENTED_EDGE('',*,*,#375,.T.);
#1190 = ORIENTED_EDGE('',*,*,#883,.T.);
#1191 = ORIENTED_EDGE('',*,*,#1192,.F.);
#1192 = EDGE_CURVE('',#1193,#884,#1195,.T.);
#1193 = VERTEX_POINT('',#1194);
#1194 = CARTESIAN_POINT('',(-1.449999978393,-1.249999981374,
    0.509999992177));
#1195 = LINE('',#1196,#1197);
#1196 = CARTESIAN_POINT('',(-1.599999976158,-1.249999981374,
    0.509999992177));
#1197 = VECTOR('',#1198,1.);
#1198 = DIRECTION('',(1.,0.,0.));
#1199 = ORIENTED_EDGE('',*,*,#1200,.T.);
#1200 = EDGE_CURVE('',#1193,#376,#1201,.T.);
#1201 = LINE('',#1202,#1203);
#1202 = CARTESIAN_POINT('',(-1.449999978393,-1.249999981374,
    9.999999627471E-03));
#1203 = VECTOR('',#1204,1.);
#1204 = DIRECTION('',(0.,0.,-1.));
#1205 = PLANE('',#1206);
#1206 = AXIS2_PLACEMENT_3D('',#1207,#1208,#1209);
#1207 = CARTESIAN_POINT('',(-1.599999976158,-1.249999981374,
    0.509999992177));
#1208 = DIRECTION('',(0.,1.,0.));
#1209 = DIRECTION('',(0.,-0.,1.));
#1210 = ADVANCED_FACE('',(#1211,#1233),#1303,.T.);
#1211 = FACE_BOUND('',#1212,.T.);
#1212 = EDGE_LOOP('',(#1213,#1214,#1215,#1222,#1223,#1224,#1225,#1232));
#1213 = ORIENTED_EDGE('',*,*,#891,.F.);
#1214 = ORIENTED_EDGE('',*,*,#1118,.T.);
#1215 = ORIENTED_EDGE('',*,*,#1216,.F.);
#1216 = EDGE_CURVE('',#1143,#1119,#1217,.T.);
#1217 = CIRCLE('',#1218,0.149999997765);
#1218 = AXIS2_PLACEMENT_3D('',#1219,#1220,#1221);
#1219 = CARTESIAN_POINT('',(1.599999976158,1.249999981374,0.509999992177
    ));
#1220 = DIRECTION('',(0.,0.,1.));
#1221 = DIRECTION('',(1.,0.,-0.));
#1222 = ORIENTED_EDGE('',*,*,#1142,.T.);
#1223 = ORIENTED_EDGE('',*,*,#1009,.F.);
#1224 = ORIENTED_EDGE('',*,*,#1166,.T.);
#1225 = ORIENTED_EDGE('',*,*,#1226,.F.);
#1226 = EDGE_CURVE('',#1193,#1167,#1227,.T.);
#1227 = CIRCLE('',#1228,0.149999997765);
#1228 = AXIS2_PLACEMENT_3D('',#1229,#1230,#1231);
#1229 = CARTESIAN_POINT('',(-1.599999976158,-1.249999981374,
    0.509999992177));
#1230 = DIRECTION('',(0.,0.,1.));
#1231 = DIRECTION('',(1.,0.,-0.));
#1232 = ORIENTED_EDGE('',*,*,#1192,.T.);
#1233 = FACE_BOUND('',#1234,.T.);
#1234 = EDGE_LOOP('',(#1235,#1245,#1254,#1262,#1271,#1279,#1288,#1296));
#1235 = ORIENTED_EDGE('',*,*,#1236,.T.);
#1236 = EDGE_CURVE('',#1237,#1239,#1241,.T.);
#1237 = VERTEX_POINT('',#1238);
#1238 = CARTESIAN_POINT('',(1.349999979883,-1.169999982566,
    0.509999992177));
#1239 = VERTEX_POINT('',#1240);
#1240 = CARTESIAN_POINT('',(-1.349999979883,-1.169999982566,
    0.509999992177));
#1241 = LINE('',#1242,#1243);
#1242 = CARTESIAN_POINT('',(0.,-1.169999982566,0.509999992177));
#1243 = VECTOR('',#1244,1.);
#1244 = DIRECTION('',(-1.,-0.,-0.));
#1245 = ORIENTED_EDGE('',*,*,#1246,.T.);
#1246 = EDGE_CURVE('',#1239,#1247,#1249,.T.);
#1247 = VERTEX_POINT('',#1248);
#1248 = CARTESIAN_POINT('',(-1.51999997735,-0.999999985099,
    0.509999992177));
#1249 = CIRCLE('',#1250,0.169999997467);
#1250 = AXIS2_PLACEMENT_3D('',#1251,#1252,#1253);
#1251 = CARTESIAN_POINT('',(-1.349999979883,-0.999999985099,
    0.509999992177));
#1252 = DIRECTION('',(0.,0.,-1.));
#1253 = DIRECTION('',(1.,0.,0.));
#1254 = ORIENTED_EDGE('',*,*,#1255,.T.);
#1255 = EDGE_CURVE('',#1247,#1256,#1258,.T.);
#1256 = VERTEX_POINT('',#1257);
#1257 = CARTESIAN_POINT('',(-1.51999997735,0.999999985099,0.509999992177
    ));
#1258 = LINE('',#1259,#1260);
#1259 = CARTESIAN_POINT('',(-1.51999997735,0.,0.509999992177));
#1260 = VECTOR('',#1261,1.);
#1261 = DIRECTION('',(0.,1.,0.));
#1262 = ORIENTED_EDGE('',*,*,#1263,.T.);
#1263 = EDGE_CURVE('',#1256,#1264,#1266,.T.);
#1264 = VERTEX_POINT('',#1265);
#1265 = CARTESIAN_POINT('',(-1.349999979883,1.169999982566,
    0.509999992177));
#1266 = CIRCLE('',#1267,0.169999997467);
#1267 = AXIS2_PLACEMENT_3D('',#1268,#1269,#1270);
#1268 = CARTESIAN_POINT('',(-1.349999979883,0.999999985099,
    0.509999992177));
#1269 = DIRECTION('',(0.,0.,-1.));
#1270 = DIRECTION('',(1.,0.,0.));
#1271 = ORIENTED_EDGE('',*,*,#1272,.T.);
#1272 = EDGE_CURVE('',#1264,#1273,#1275,.T.);
#1273 = VERTEX_POINT('',#1274);
#1274 = CARTESIAN_POINT('',(1.349999979883,1.169999982566,0.509999992177
    ));
#1275 = LINE('',#1276,#1277);
#1276 = CARTESIAN_POINT('',(0.,1.169999982566,0.509999992177));
#1277 = VECTOR('',#1278,1.);
#1278 = DIRECTION('',(1.,0.,0.));
#1279 = ORIENTED_EDGE('',*,*,#1280,.T.);
#1280 = EDGE_CURVE('',#1273,#1281,#1283,.T.);
#1281 = VERTEX_POINT('',#1282);
#1282 = CARTESIAN_POINT('',(1.51999997735,0.999999985099,0.509999992177)
  );
#1283 = CIRCLE('',#1284,0.169999997467);
#1284 = AXIS2_PLACEMENT_3D('',#1285,#1286,#1287);
#1285 = CARTESIAN_POINT('',(1.349999979883,0.999999985099,0.509999992177
    ));
#1286 = DIRECTION('',(0.,0.,-1.));
#1287 = DIRECTION('',(1.,0.,0.));
#1288 = ORIENTED_EDGE('',*,*,#1289,.T.);
#1289 = EDGE_CURVE('',#1281,#1290,#1292,.T.);
#1290 = VERTEX_POINT('',#1291);
#1291 = CARTESIAN_POINT('',(1.51999997735,-0.999999985099,0.509999992177
    ));
#1292 = LINE('',#1293,#1294);
#1293 = CARTESIAN_POINT('',(1.51999997735,2.866064830645E-16,
    0.509999992177));
#1294 = VECTOR('',#1295,1.);
#1295 = DIRECTION('',(1.885568995627E-16,-1.,0.));
#1296 = ORIENTED_EDGE('',*,*,#1297,.T.);
#1297 = EDGE_CURVE('',#1290,#1237,#1298,.T.);
#1298 = CIRCLE('',#1299,0.169999997467);
#1299 = AXIS2_PLACEMENT_3D('',#1300,#1301,#1302);
#1300 = CARTESIAN_POINT('',(1.349999979883,-0.999999985099,
    0.509999992177));
#1301 = DIRECTION('',(0.,0.,-1.));
#1302 = DIRECTION('',(1.,0.,0.));
#1303 = PLANE('',#1304);
#1304 = AXIS2_PLACEMENT_3D('',#1305,#1306,#1307);
#1305 = CARTESIAN_POINT('',(0.,0.,0.509999992177));
#1306 = DIRECTION('',(0.,0.,1.));
#1307 = DIRECTION('',(1.,0.,-0.));
#1308 = ADVANCED_FACE('',(#1309),#1343,.F.);
#1309 = FACE_BOUND('',#1310,.T.);
#1310 = EDGE_LOOP('',(#1311,#1321,#1329,#1337));
#1311 = ORIENTED_EDGE('',*,*,#1312,.T.);
#1312 = EDGE_CURVE('',#1313,#1315,#1317,.T.);
#1313 = VERTEX_POINT('',#1314);
#1314 = CARTESIAN_POINT('',(1.349999979883,-1.149999982864,
    0.529999991879));
#1315 = VERTEX_POINT('',#1316);
#1316 = CARTESIAN_POINT('',(1.349999979883,-1.149999982864,0.63999999024
    ));
#1317 = LINE('',#1318,#1319);
#1318 = CARTESIAN_POINT('',(1.349999979883,-1.149999982864,
    0.659999989942));
#1319 = VECTOR('',#1320,1.);
#1320 = DIRECTION('',(0.,0.,1.));
#1321 = ORIENTED_EDGE('',*,*,#1322,.T.);
#1322 = EDGE_CURVE('',#1315,#1323,#1325,.T.);
#1323 = VERTEX_POINT('',#1324);
#1324 = CARTESIAN_POINT('',(-1.349999979883,-1.149999982864,
    0.63999999024));
#1325 = LINE('',#1326,#1327);
#1326 = CARTESIAN_POINT('',(-1.349999979883,-1.149999982864,
    0.63999999024));
#1327 = VECTOR('',#1328,1.);
#1328 = DIRECTION('',(-1.,0.,0.));
#1329 = ORIENTED_EDGE('',*,*,#1330,.T.);
#1330 = EDGE_CURVE('',#1323,#1331,#1333,.T.);
#1331 = VERTEX_POINT('',#1332);
#1332 = CARTESIAN_POINT('',(-1.349999979883,-1.149999982864,
    0.529999991879));
#1333 = LINE('',#1334,#1335);
#1334 = CARTESIAN_POINT('',(-1.349999979883,-1.149999982864,
    0.659999989942));
#1335 = VECTOR('',#1336,1.);
#1336 = DIRECTION('',(0.,0.,-1.));
#1337 = ORIENTED_EDGE('',*,*,#1338,.T.);
#1338 = EDGE_CURVE('',#1331,#1313,#1339,.T.);
#1339 = LINE('',#1340,#1341);
#1340 = CARTESIAN_POINT('',(-1.499999977648,-1.149999982864,
    0.529999991879));
#1341 = VECTOR('',#1342,1.);
#1342 = DIRECTION('',(1.,0.,0.));
#1343 = PLANE('',#1344);
#1344 = AXIS2_PLACEMENT_3D('',#1345,#1346,#1347);
#1345 = CARTESIAN_POINT('',(-1.499999977648,-1.149999982864,
    0.659999989942));
#1346 = DIRECTION('',(0.,1.,0.));
#1347 = DIRECTION('',(0.,-0.,1.));
#1348 = ADVANCED_FACE('',(#1349),#1383,.F.);
#1349 = FACE_BOUND('',#1350,.T.);
#1350 = EDGE_LOOP('',(#1351,#1361,#1369,#1377));
#1351 = ORIENTED_EDGE('',*,*,#1352,.T.);
#1352 = EDGE_CURVE('',#1353,#1355,#1357,.T.);
#1353 = VERTEX_POINT('',#1354);
#1354 = CARTESIAN_POINT('',(1.499999977648,0.999999985099,0.529999991879
    ));
#1355 = VERTEX_POINT('',#1356);
#1356 = CARTESIAN_POINT('',(1.499999977648,0.999999985099,0.63999999024)
  );
#1357 = LINE('',#1358,#1359);
#1358 = CARTESIAN_POINT('',(1.499999977648,0.999999985099,0.659999989942
    ));
#1359 = VECTOR('',#1360,1.);
#1360 = DIRECTION('',(0.,0.,1.));
#1361 = ORIENTED_EDGE('',*,*,#1362,.T.);
#1362 = EDGE_CURVE('',#1355,#1363,#1365,.T.);
#1363 = VERTEX_POINT('',#1364);
#1364 = CARTESIAN_POINT('',(1.499999977648,-0.999999985099,0.63999999024
    ));
#1365 = LINE('',#1366,#1367);
#1366 = CARTESIAN_POINT('',(1.499999977648,-0.999999985099,0.63999999024
    ));
#1367 = VECTOR('',#1368,1.);
#1368 = DIRECTION('',(1.885568995627E-16,-1.,0.));
#1369 = ORIENTED_EDGE('',*,*,#1370,.T.);
#1370 = EDGE_CURVE('',#1363,#1371,#1373,.T.);
#1371 = VERTEX_POINT('',#1372);
#1372 = CARTESIAN_POINT('',(1.499999977648,-0.999999985099,
    0.529999991879));
#1373 = LINE('',#1374,#1375);
#1374 = CARTESIAN_POINT('',(1.499999977648,-0.999999985099,
    0.659999989942));
#1375 = VECTOR('',#1376,1.);
#1376 = DIRECTION('',(0.,0.,-1.));
#1377 = ORIENTED_EDGE('',*,*,#1378,.T.);
#1378 = EDGE_CURVE('',#1371,#1353,#1379,.T.);
#1379 = LINE('',#1380,#1381);
#1380 = CARTESIAN_POINT('',(1.499999977648,-1.149999982864,
    0.529999991879));
#1381 = VECTOR('',#1382,1.);
#1382 = DIRECTION('',(-1.885568995627E-16,1.,0.));
#1383 = PLANE('',#1384);
#1384 = AXIS2_PLACEMENT_3D('',#1385,#1386,#1387);
#1385 = CARTESIAN_POINT('',(1.499999977648,-1.149999982864,
    0.659999989942));
#1386 = DIRECTION('',(-1.,-1.885568995627E-16,0.));
#1387 = DIRECTION('',(1.885568995627E-16,-1.,0.));
#1388 = ADVANCED_FACE('',(#1389),#1423,.F.);
#1389 = FACE_BOUND('',#1390,.T.);
#1390 = EDGE_LOOP('',(#1391,#1401,#1409,#1417));
#1391 = ORIENTED_EDGE('',*,*,#1392,.T.);
#1392 = EDGE_CURVE('',#1393,#1395,#1397,.T.);
#1393 = VERTEX_POINT('',#1394);
#1394 = CARTESIAN_POINT('',(-1.349999979883,1.149999982864,
    0.529999991879));
#1395 = VERTEX_POINT('',#1396);
#1396 = CARTESIAN_POINT('',(-1.349999979883,1.149999982864,0.63999999024
    ));
#1397 = LINE('',#1398,#1399);
#1398 = CARTESIAN_POINT('',(-1.349999979883,1.149999982864,
    0.659999989942));
#1399 = VECTOR('',#1400,1.);
#1400 = DIRECTION('',(0.,0.,1.));
#1401 = ORIENTED_EDGE('',*,*,#1402,.T.);
#1402 = EDGE_CURVE('',#1395,#1403,#1405,.T.);
#1403 = VERTEX_POINT('',#1404);
#1404 = CARTESIAN_POINT('',(1.349999979883,1.149999982864,0.63999999024)
  );
#1405 = LINE('',#1406,#1407);
#1406 = CARTESIAN_POINT('',(1.349999979883,1.149999982864,0.63999999024)
  );
#1407 = VECTOR('',#1408,1.);
#1408 = DIRECTION('',(1.,0.,0.));
#1409 = ORIENTED_EDGE('',*,*,#1410,.T.);
#1410 = EDGE_CURVE('',#1403,#1411,#1413,.T.);
#1411 = VERTEX_POINT('',#1412);
#1412 = CARTESIAN_POINT('',(1.349999979883,1.149999982864,0.529999991879
    ));
#1413 = LINE('',#1414,#1415);
#1414 = CARTESIAN_POINT('',(1.349999979883,1.149999982864,0.659999989942
    ));
#1415 = VECTOR('',#1416,1.);
#1416 = DIRECTION('',(0.,0.,-1.));
#1417 = ORIENTED_EDGE('',*,*,#1418,.T.);
#1418 = EDGE_CURVE('',#1411,#1393,#1419,.T.);
#1419 = LINE('',#1420,#1421);
#1420 = CARTESIAN_POINT('',(1.499999977648,1.149999982864,0.529999991879
    ));
#1421 = VECTOR('',#1422,1.);
#1422 = DIRECTION('',(-1.,0.,0.));
#1423 = PLANE('',#1424);
#1424 = AXIS2_PLACEMENT_3D('',#1425,#1426,#1427);
#1425 = CARTESIAN_POINT('',(1.499999977648,1.149999982864,0.659999989942
    ));
#1426 = DIRECTION('',(0.,-1.,0.));
#1427 = DIRECTION('',(0.,0.,-1.));
#1428 = ADVANCED_FACE('',(#1429),#1463,.F.);
#1429 = FACE_BOUND('',#1430,.T.);
#1430 = EDGE_LOOP('',(#1431,#1441,#1449,#1457));
#1431 = ORIENTED_EDGE('',*,*,#1432,.T.);
#1432 = EDGE_CURVE('',#1433,#1435,#1437,.T.);
#1433 = VERTEX_POINT('',#1434);
#1434 = CARTESIAN_POINT('',(-1.499999977648,-0.999999985099,
    0.529999991879));
#1435 = VERTEX_POINT('',#1436);
#1436 = CARTESIAN_POINT('',(-1.499999977648,-0.999999985099,
    0.63999999024));
#1437 = LINE('',#1438,#1439);
#1438 = CARTESIAN_POINT('',(-1.499999977648,-0.999999985099,
    0.659999989942));
#1439 = VECTOR('',#1440,1.);
#1440 = DIRECTION('',(0.,0.,1.));
#1441 = ORIENTED_EDGE('',*,*,#1442,.T.);
#1442 = EDGE_CURVE('',#1435,#1443,#1445,.T.);
#1443 = VERTEX_POINT('',#1444);
#1444 = CARTESIAN_POINT('',(-1.499999977648,0.999999985099,0.63999999024
    ));
#1445 = LINE('',#1446,#1447);
#1446 = CARTESIAN_POINT('',(-1.499999977648,0.999999985099,0.63999999024
    ));
#1447 = VECTOR('',#1448,1.);
#1448 = DIRECTION('',(0.,1.,0.));
#1449 = ORIENTED_EDGE('',*,*,#1450,.T.);
#1450 = EDGE_CURVE('',#1443,#1451,#1453,.T.);
#1451 = VERTEX_POINT('',#1452);
#1452 = CARTESIAN_POINT('',(-1.499999977648,0.999999985099,
    0.529999991879));
#1453 = LINE('',#1454,#1455);
#1454 = CARTESIAN_POINT('',(-1.499999977648,0.999999985099,
    0.659999989942));
#1455 = VECTOR('',#1456,1.);
#1456 = DIRECTION('',(0.,0.,-1.));
#1457 = ORIENTED_EDGE('',*,*,#1458,.T.);
#1458 = EDGE_CURVE('',#1451,#1433,#1459,.T.);
#1459 = LINE('',#1460,#1461);
#1460 = CARTESIAN_POINT('',(-1.499999977648,1.149999982864,
    0.529999991879));
#1461 = VECTOR('',#1462,1.);
#1462 = DIRECTION('',(0.,-1.,0.));
#1463 = PLANE('',#1464);
#1464 = AXIS2_PLACEMENT_3D('',#1465,#1466,#1467);
#1465 = CARTESIAN_POINT('',(-1.499999977648,1.149999982864,
    0.659999989942));
#1466 = DIRECTION('',(1.,0.,0.));
#1467 = DIRECTION('',(0.,0.,-1.));
#1468 = ADVANCED_FACE('',(#1469,#1539),#1609,.T.);
#1469 = FACE_BOUND('',#1470,.T.);
#1470 = EDGE_LOOP('',(#1471,#1481,#1490,#1498,#1507,#1515,#1524,#1532));
#1471 = ORIENTED_EDGE('',*,*,#1472,.T.);
#1472 = EDGE_CURVE('',#1473,#1475,#1477,.T.);
#1473 = VERTEX_POINT('',#1474);
#1474 = CARTESIAN_POINT('',(-1.479999977946,0.999999985099,
    0.659999989942));
#1475 = VERTEX_POINT('',#1476);
#1476 = CARTESIAN_POINT('',(-1.479999977946,-0.999999985099,
    0.659999989942));
#1477 = LINE('',#1478,#1479);
#1478 = CARTESIAN_POINT('',(-1.479999977946,-0.999999985099,
    0.659999989942));
#1479 = VECTOR('',#1480,1.);
#1480 = DIRECTION('',(0.,-1.,0.));
#1481 = ORIENTED_EDGE('',*,*,#1482,.T.);
#1482 = EDGE_CURVE('',#1475,#1483,#1485,.T.);
#1483 = VERTEX_POINT('',#1484);
#1484 = CARTESIAN_POINT('',(-1.349999979883,-1.129999983162,
    0.659999989942));
#1485 = CIRCLE('',#1486,0.129999998063);
#1486 = AXIS2_PLACEMENT_3D('',#1487,#1488,#1489);
#1487 = CARTESIAN_POINT('',(-1.349999979883,-0.999999985099,
    0.659999989942));
#1488 = DIRECTION('',(0.,0.,1.));
#1489 = DIRECTION('',(1.,0.,-0.));
#1490 = ORIENTED_EDGE('',*,*,#1491,.T.);
#1491 = EDGE_CURVE('',#1483,#1492,#1494,.T.);
#1492 = VERTEX_POINT('',#1493);
#1493 = CARTESIAN_POINT('',(1.349999979883,-1.129999983162,
    0.659999989942));
#1494 = LINE('',#1495,#1496);
#1495 = CARTESIAN_POINT('',(1.349999979883,-1.129999983162,
    0.659999989942));
#1496 = VECTOR('',#1497,1.);
#1497 = DIRECTION('',(1.,0.,0.));
#1498 = ORIENTED_EDGE('',*,*,#1499,.T.);
#1499 = EDGE_CURVE('',#1492,#1500,#1502,.T.);
#1500 = VERTEX_POINT('',#1501);
#1501 = CARTESIAN_POINT('',(1.479999977946,-0.999999985099,
    0.659999989942));
#1502 = CIRCLE('',#1503,0.129999998063);
#1503 = AXIS2_PLACEMENT_3D('',#1504,#1505,#1506);
#1504 = CARTESIAN_POINT('',(1.349999979883,-0.999999985099,
    0.659999989942));
#1505 = DIRECTION('',(0.,0.,1.));
#1506 = DIRECTION('',(1.,0.,-0.));
#1507 = ORIENTED_EDGE('',*,*,#1508,.T.);
#1508 = EDGE_CURVE('',#1500,#1509,#1511,.T.);
#1509 = VERTEX_POINT('',#1510);
#1510 = CARTESIAN_POINT('',(1.479999977946,0.999999985099,0.659999989942
    ));
#1511 = LINE('',#1512,#1513);
#1512 = CARTESIAN_POINT('',(1.479999977946,0.999999985099,0.659999989942
    ));
#1513 = VECTOR('',#1514,1.);
#1514 = DIRECTION('',(-1.885568995627E-16,1.,0.));
#1515 = ORIENTED_EDGE('',*,*,#1516,.T.);
#1516 = EDGE_CURVE('',#1509,#1517,#1519,.T.);
#1517 = VERTEX_POINT('',#1518);
#1518 = CARTESIAN_POINT('',(1.349999979883,1.129999983162,0.659999989942
    ));
#1519 = CIRCLE('',#1520,0.129999998063);
#1520 = AXIS2_PLACEMENT_3D('',#1521,#1522,#1523);
#1521 = CARTESIAN_POINT('',(1.349999979883,0.999999985099,0.659999989942
    ));
#1522 = DIRECTION('',(0.,0.,1.));
#1523 = DIRECTION('',(1.,0.,-0.));
#1524 = ORIENTED_EDGE('',*,*,#1525,.T.);
#1525 = EDGE_CURVE('',#1517,#1526,#1528,.T.);
#1526 = VERTEX_POINT('',#1527);
#1527 = CARTESIAN_POINT('',(-1.349999979883,1.129999983162,
    0.659999989942));
#1528 = LINE('',#1529,#1530);
#1529 = CARTESIAN_POINT('',(-1.349999979883,1.129999983162,
    0.659999989942));
#1530 = VECTOR('',#1531,1.);
#1531 = DIRECTION('',(-1.,0.,0.));
#1532 = ORIENTED_EDGE('',*,*,#1533,.T.);
#1533 = EDGE_CURVE('',#1526,#1473,#1534,.T.);
#1534 = CIRCLE('',#1535,0.129999998063);
#1535 = AXIS2_PLACEMENT_3D('',#1536,#1537,#1538);
#1536 = CARTESIAN_POINT('',(-1.349999979883,0.999999985099,
    0.659999989942));
#1537 = DIRECTION('',(0.,0.,1.));
#1538 = DIRECTION('',(1.,0.,-0.));
#1539 = FACE_BOUND('',#1540,.T.);
#1540 = EDGE_LOOP('',(#1541,#1552,#1560,#1569,#1577,#1586,#1594,#1603));
#1541 = ORIENTED_EDGE('',*,*,#1542,.F.);
#1542 = EDGE_CURVE('',#1543,#1545,#1547,.T.);
#1543 = VERTEX_POINT('',#1544);
#1544 = CARTESIAN_POINT('',(1.449999978393,0.999999985099,0.659999989942
    ));
#1545 = VERTEX_POINT('',#1546);
#1546 = CARTESIAN_POINT('',(1.349999979883,1.099999983609,0.659999989942
    ));
#1547 = CIRCLE('',#1548,9.999999850988E-02);
#1548 = AXIS2_PLACEMENT_3D('',#1549,#1550,#1551);
#1549 = CARTESIAN_POINT('',(1.349999979883,0.999999985099,0.659999989942
    ));
#1550 = DIRECTION('',(0.,0.,1.));
#1551 = DIRECTION('',(1.,0.,-0.));
#1552 = ORIENTED_EDGE('',*,*,#1553,.F.);
#1553 = EDGE_CURVE('',#1554,#1543,#1556,.T.);
#1554 = VERTEX_POINT('',#1555);
#1555 = CARTESIAN_POINT('',(1.449999978393,-0.999999985099,
    0.659999989942));
#1556 = LINE('',#1557,#1558);
#1557 = CARTESIAN_POINT('',(1.449999978393,-0.999999985099,
    0.659999989942));
#1558 = VECTOR('',#1559,1.);
#1559 = DIRECTION('',(-2.168404344971E-16,1.,0.));
#1560 = ORIENTED_EDGE('',*,*,#1561,.F.);
#1561 = EDGE_CURVE('',#1562,#1554,#1564,.T.);
#1562 = VERTEX_POINT('',#1563);
#1563 = CARTESIAN_POINT('',(1.349999979883,-1.099999983609,
    0.659999989942));
#1564 = CIRCLE('',#1565,9.999999850988E-02);
#1565 = AXIS2_PLACEMENT_3D('',#1566,#1567,#1568);
#1566 = CARTESIAN_POINT('',(1.349999979883,-0.999999985099,
    0.659999989942));
#1567 = DIRECTION('',(0.,0.,1.));
#1568 = DIRECTION('',(1.,0.,-0.));
#1569 = ORIENTED_EDGE('',*,*,#1570,.F.);
#1570 = EDGE_CURVE('',#1571,#1562,#1573,.T.);
#1571 = VERTEX_POINT('',#1572);
#1572 = CARTESIAN_POINT('',(-1.349999979883,-1.099999983609,
    0.659999989942));
#1573 = LINE('',#1574,#1575);
#1574 = CARTESIAN_POINT('',(-1.349999979883,-1.099999983609,
    0.659999989942));
#1575 = VECTOR('',#1576,1.);
#1576 = DIRECTION('',(1.,0.,0.));
#1577 = ORIENTED_EDGE('',*,*,#1578,.F.);
#1578 = EDGE_CURVE('',#1579,#1571,#1581,.T.);
#1579 = VERTEX_POINT('',#1580);
#1580 = CARTESIAN_POINT('',(-1.449999978393,-0.999999985099,
    0.659999989942));
#1581 = CIRCLE('',#1582,9.999999850988E-02);
#1582 = AXIS2_PLACEMENT_3D('',#1583,#1584,#1585);
#1583 = CARTESIAN_POINT('',(-1.349999979883,-0.999999985099,
    0.659999989942));
#1584 = DIRECTION('',(0.,0.,1.));
#1585 = DIRECTION('',(1.,0.,-0.));
#1586 = ORIENTED_EDGE('',*,*,#1587,.F.);
#1587 = EDGE_CURVE('',#1588,#1579,#1590,.T.);
#1588 = VERTEX_POINT('',#1589);
#1589 = CARTESIAN_POINT('',(-1.449999978393,0.999999985099,
    0.659999989942));
#1590 = LINE('',#1591,#1592);
#1591 = CARTESIAN_POINT('',(-1.449999978393,0.999999985099,
    0.659999989942));
#1592 = VECTOR('',#1593,1.);
#1593 = DIRECTION('',(0.,-1.,0.));
#1594 = ORIENTED_EDGE('',*,*,#1595,.F.);
#1595 = EDGE_CURVE('',#1596,#1588,#1598,.T.);
#1596 = VERTEX_POINT('',#1597);
#1597 = CARTESIAN_POINT('',(-1.349999979883,1.099999983609,
    0.659999989942));
#1598 = CIRCLE('',#1599,9.999999850988E-02);
#1599 = AXIS2_PLACEMENT_3D('',#1600,#1601,#1602);
#1600 = CARTESIAN_POINT('',(-1.349999979883,0.999999985099,
    0.659999989942));
#1601 = DIRECTION('',(0.,0.,1.));
#1602 = DIRECTION('',(1.,0.,-0.));
#1603 = ORIENTED_EDGE('',*,*,#1604,.F.);
#1604 = EDGE_CURVE('',#1545,#1596,#1605,.T.);
#1605 = LINE('',#1606,#1607);
#1606 = CARTESIAN_POINT('',(1.349999979883,1.099999983609,0.659999989942
    ));
#1607 = VECTOR('',#1608,1.);
#1608 = DIRECTION('',(-1.,0.,0.));
#1609 = PLANE('',#1610);
#1610 = AXIS2_PLACEMENT_3D('',#1611,#1612,#1613);
#1611 = CARTESIAN_POINT('',(0.,0.,0.659999989942));
#1612 = DIRECTION('',(0.,0.,1.));
#1613 = DIRECTION('',(1.,0.,-0.));
#1614 = ADVANCED_FACE('',(#1615),#1633,.T.);
#1615 = FACE_BOUND('',#1616,.T.);
#1616 = EDGE_LOOP('',(#1617,#1618,#1625,#1626));
#1617 = ORIENTED_EDGE('',*,*,#1450,.F.);
#1618 = ORIENTED_EDGE('',*,*,#1619,.T.);
#1619 = EDGE_CURVE('',#1443,#1395,#1620,.T.);
#1620 = CIRCLE('',#1621,0.149999997765);
#1621 = AXIS2_PLACEMENT_3D('',#1622,#1623,#1624);
#1622 = CARTESIAN_POINT('',(-1.349999979883,0.999999985099,0.63999999024
    ));
#1623 = DIRECTION('',(0.,0.,-1.));
#1624 = DIRECTION('',(1.,0.,0.));
#1625 = ORIENTED_EDGE('',*,*,#1392,.F.);
#1626 = ORIENTED_EDGE('',*,*,#1627,.T.);
#1627 = EDGE_CURVE('',#1393,#1451,#1628,.T.);
#1628 = CIRCLE('',#1629,0.149999997765);
#1629 = AXIS2_PLACEMENT_3D('',#1630,#1631,#1632);
#1630 = CARTESIAN_POINT('',(-1.349999979883,0.999999985099,
    0.529999991879));
#1631 = DIRECTION('',(0.,0.,1.));
#1632 = DIRECTION('',(1.,0.,-0.));
#1633 = CYLINDRICAL_SURFACE('',#1634,0.149999997765);
#1634 = AXIS2_PLACEMENT_3D('',#1635,#1636,#1637);
#1635 = CARTESIAN_POINT('',(-1.349999979883,0.999999985099,
    0.659999989942));
#1636 = DIRECTION('',(0.,0.,-1.));
#1637 = DIRECTION('',(-1.,0.,0.));
#1638 = ADVANCED_FACE('',(#1639),#1657,.T.);
#1639 = FACE_BOUND('',#1640,.T.);
#1640 = EDGE_LOOP('',(#1641,#1642,#1649,#1650));
#1641 = ORIENTED_EDGE('',*,*,#1410,.F.);
#1642 = ORIENTED_EDGE('',*,*,#1643,.T.);
#1643 = EDGE_CURVE('',#1403,#1355,#1644,.T.);
#1644 = CIRCLE('',#1645,0.149999997765);
#1645 = AXIS2_PLACEMENT_3D('',#1646,#1647,#1648);
#1646 = CARTESIAN_POINT('',(1.349999979883,0.999999985099,0.63999999024)
  );
#1647 = DIRECTION('',(0.,0.,-1.));
#1648 = DIRECTION('',(1.,0.,0.));
#1649 = ORIENTED_EDGE('',*,*,#1352,.F.);
#1650 = ORIENTED_EDGE('',*,*,#1651,.T.);
#1651 = EDGE_CURVE('',#1353,#1411,#1652,.T.);
#1652 = CIRCLE('',#1653,0.149999997765);
#1653 = AXIS2_PLACEMENT_3D('',#1654,#1655,#1656);
#1654 = CARTESIAN_POINT('',(1.349999979883,0.999999985099,0.529999991879
    ));
#1655 = DIRECTION('',(0.,0.,1.));
#1656 = DIRECTION('',(1.,0.,-0.));
#1657 = CYLINDRICAL_SURFACE('',#1658,0.149999997765);
#1658 = AXIS2_PLACEMENT_3D('',#1659,#1660,#1661);
#1659 = CARTESIAN_POINT('',(1.349999979883,0.999999985099,0.659999989942
    ));
#1660 = DIRECTION('',(0.,0.,-1.));
#1661 = DIRECTION('',(-1.,0.,0.));
#1662 = ADVANCED_FACE('',(#1663),#1681,.T.);
#1663 = FACE_BOUND('',#1664,.T.);
#1664 = EDGE_LOOP('',(#1665,#1666,#1673,#1674));
#1665 = ORIENTED_EDGE('',*,*,#1370,.F.);
#1666 = ORIENTED_EDGE('',*,*,#1667,.T.);
#1667 = EDGE_CURVE('',#1363,#1315,#1668,.T.);
#1668 = CIRCLE('',#1669,0.149999997765);
#1669 = AXIS2_PLACEMENT_3D('',#1670,#1671,#1672);
#1670 = CARTESIAN_POINT('',(1.349999979883,-0.999999985099,0.63999999024
    ));
#1671 = DIRECTION('',(0.,0.,-1.));
#1672 = DIRECTION('',(1.,0.,0.));
#1673 = ORIENTED_EDGE('',*,*,#1312,.F.);
#1674 = ORIENTED_EDGE('',*,*,#1675,.T.);
#1675 = EDGE_CURVE('',#1313,#1371,#1676,.T.);
#1676 = CIRCLE('',#1677,0.149999997765);
#1677 = AXIS2_PLACEMENT_3D('',#1678,#1679,#1680);
#1678 = CARTESIAN_POINT('',(1.349999979883,-0.999999985099,
    0.529999991879));
#1679 = DIRECTION('',(0.,0.,1.));
#1680 = DIRECTION('',(1.,0.,-0.));
#1681 = CYLINDRICAL_SURFACE('',#1682,0.149999997765);
#1682 = AXIS2_PLACEMENT_3D('',#1683,#1684,#1685);
#1683 = CARTESIAN_POINT('',(1.349999979883,-0.999999985099,
    0.659999989942));
#1684 = DIRECTION('',(0.,0.,-1.));
#1685 = DIRECTION('',(-1.,0.,0.));
#1686 = ADVANCED_FACE('',(#1687),#1705,.T.);
#1687 = FACE_BOUND('',#1688,.T.);
#1688 = EDGE_LOOP('',(#1689,#1690,#1697,#1698));
#1689 = ORIENTED_EDGE('',*,*,#1330,.F.);
#1690 = ORIENTED_EDGE('',*,*,#1691,.T.);
#1691 = EDGE_CURVE('',#1323,#1435,#1692,.T.);
#1692 = CIRCLE('',#1693,0.149999997765);
#1693 = AXIS2_PLACEMENT_3D('',#1694,#1695,#1696);
#1694 = CARTESIAN_POINT('',(-1.349999979883,-0.999999985099,
    0.63999999024));
#1695 = DIRECTION('',(0.,0.,-1.));
#1696 = DIRECTION('',(1.,0.,0.));
#1697 = ORIENTED_EDGE('',*,*,#1432,.F.);
#1698 = ORIENTED_EDGE('',*,*,#1699,.T.);
#1699 = EDGE_CURVE('',#1433,#1331,#1700,.T.);
#1700 = CIRCLE('',#1701,0.149999997765);
#1701 = AXIS2_PLACEMENT_3D('',#1702,#1703,#1704);
#1702 = CARTESIAN_POINT('',(-1.349999979883,-0.999999985099,
    0.529999991879));
#1703 = DIRECTION('',(0.,0.,1.));
#1704 = DIRECTION('',(1.,0.,-0.));
#1705 = CYLINDRICAL_SURFACE('',#1706,0.149999997765);
#1706 = AXIS2_PLACEMENT_3D('',#1707,#1708,#1709);
#1707 = CARTESIAN_POINT('',(-1.349999979883,-0.999999985099,
    0.659999989942));
#1708 = DIRECTION('',(0.,0.,-1.));
#1709 = DIRECTION('',(-1.,0.,0.));
#1710 = ADVANCED_FACE('',(#1711),#1737,.T.);
#1711 = FACE_BOUND('',#1712,.T.);
#1712 = EDGE_LOOP('',(#1713,#1721,#1730,#1736));
#1713 = ORIENTED_EDGE('',*,*,#1714,.F.);
#1714 = EDGE_CURVE('',#1715,#1545,#1717,.T.);
#1715 = VERTEX_POINT('',#1716);
#1716 = CARTESIAN_POINT('',(1.349999979883,1.099999983609,0.689999989495
    ));
#1717 = LINE('',#1718,#1719);
#1718 = CARTESIAN_POINT('',(1.349999979883,1.099999983609,5.050054869165
    ));
#1719 = VECTOR('',#1720,1.);
#1720 = DIRECTION('',(-0.,-0.,-1.));
#1721 = ORIENTED_EDGE('',*,*,#1722,.T.);
#1722 = EDGE_CURVE('',#1715,#1723,#1725,.T.);
#1723 = VERTEX_POINT('',#1724);
#1724 = CARTESIAN_POINT('',(1.449999978393,0.999999985099,0.689999989495
    ));
#1725 = CIRCLE('',#1726,9.999999850988E-02);
#1726 = AXIS2_PLACEMENT_3D('',#1727,#1728,#1729);
#1727 = CARTESIAN_POINT('',(1.349999979883,0.999999985099,0.689999989495
    ));
#1728 = DIRECTION('',(0.,0.,-1.));
#1729 = DIRECTION('',(1.,0.,0.));
#1730 = ORIENTED_EDGE('',*,*,#1731,.T.);
#1731 = EDGE_CURVE('',#1723,#1543,#1732,.T.);
#1732 = LINE('',#1733,#1734);
#1733 = CARTESIAN_POINT('',(1.449999978393,0.999999985099,5.050054869165
    ));
#1734 = VECTOR('',#1735,1.);
#1735 = DIRECTION('',(-0.,-0.,-1.));
#1736 = ORIENTED_EDGE('',*,*,#1542,.T.);
#1737 = CYLINDRICAL_SURFACE('',#1738,9.999999850988E-02);
#1738 = AXIS2_PLACEMENT_3D('',#1739,#1740,#1741);
#1739 = CARTESIAN_POINT('',(1.349999979883,0.999999985099,5.050054869165
    ));
#1740 = DIRECTION('',(-0.,-0.,-1.));
#1741 = DIRECTION('',(-1.,0.,0.));
#1742 = ADVANCED_FACE('',(#1743),#1761,.F.);
#1743 = FACE_BOUND('',#1744,.T.);
#1744 = EDGE_LOOP('',(#1745,#1753,#1759,#1760));
#1745 = ORIENTED_EDGE('',*,*,#1746,.F.);
#1746 = EDGE_CURVE('',#1747,#1596,#1749,.T.);
#1747 = VERTEX_POINT('',#1748);
#1748 = CARTESIAN_POINT('',(-1.349999979883,1.099999983609,
    0.689999989495));
#1749 = LINE('',#1750,#1751);
#1750 = CARTESIAN_POINT('',(-1.349999979883,1.099999983609,
    5.050054869165));
#1751 = VECTOR('',#1752,1.);
#1752 = DIRECTION('',(-0.,-0.,-1.));
#1753 = ORIENTED_EDGE('',*,*,#1754,.T.);
#1754 = EDGE_CURVE('',#1747,#1715,#1755,.T.);
#1755 = LINE('',#1756,#1757);
#1756 = CARTESIAN_POINT('',(1.349999979883,1.099999983609,0.689999989495
    ));
#1757 = VECTOR('',#1758,1.);
#1758 = DIRECTION('',(1.,0.,0.));
#1759 = ORIENTED_EDGE('',*,*,#1714,.T.);
#1760 = ORIENTED_EDGE('',*,*,#1604,.T.);
#1761 = PLANE('',#1762);
#1762 = AXIS2_PLACEMENT_3D('',#1763,#1764,#1765);
#1763 = CARTESIAN_POINT('',(1.349999979883,1.099999983609,5.050054869165
    ));
#1764 = DIRECTION('',(0.,-1.,0.));
#1765 = DIRECTION('',(0.,0.,-1.));
#1766 = ADVANCED_FACE('',(#1767),#1786,.T.);
#1767 = FACE_BOUND('',#1768,.T.);
#1768 = EDGE_LOOP('',(#1769,#1777,#1784,#1785));
#1769 = ORIENTED_EDGE('',*,*,#1770,.F.);
#1770 = EDGE_CURVE('',#1771,#1588,#1773,.T.);
#1771 = VERTEX_POINT('',#1772);
#1772 = CARTESIAN_POINT('',(-1.449999978393,0.999999985099,
    0.689999989495));
#1773 = LINE('',#1774,#1775);
#1774 = CARTESIAN_POINT('',(-1.449999978393,0.999999985099,
    5.050054869165));
#1775 = VECTOR('',#1776,1.);
#1776 = DIRECTION('',(-0.,-0.,-1.));
#1777 = ORIENTED_EDGE('',*,*,#1778,.T.);
#1778 = EDGE_CURVE('',#1771,#1747,#1779,.T.);
#1779 = CIRCLE('',#1780,9.999999850988E-02);
#1780 = AXIS2_PLACEMENT_3D('',#1781,#1782,#1783);
#1781 = CARTESIAN_POINT('',(-1.349999979883,0.999999985099,
    0.689999989495));
#1782 = DIRECTION('',(0.,0.,-1.));
#1783 = DIRECTION('',(1.,0.,0.));
#1784 = ORIENTED_EDGE('',*,*,#1746,.T.);
#1785 = ORIENTED_EDGE('',*,*,#1595,.T.);
#1786 = CYLINDRICAL_SURFACE('',#1787,9.999999850988E-02);
#1787 = AXIS2_PLACEMENT_3D('',#1788,#1789,#1790);
#1788 = CARTESIAN_POINT('',(-1.349999979883,0.999999985099,
    5.050054869165));
#1789 = DIRECTION('',(-0.,-0.,-1.));
#1790 = DIRECTION('',(-1.,0.,0.));
#1791 = ADVANCED_FACE('',(#1792),#1810,.F.);
#1792 = FACE_BOUND('',#1793,.T.);
#1793 = EDGE_LOOP('',(#1794,#1802,#1808,#1809));
#1794 = ORIENTED_EDGE('',*,*,#1795,.F.);
#1795 = EDGE_CURVE('',#1796,#1579,#1798,.T.);
#1796 = VERTEX_POINT('',#1797);
#1797 = CARTESIAN_POINT('',(-1.449999978393,-0.999999985099,
    0.689999989495));
#1798 = LINE('',#1799,#1800);
#1799 = CARTESIAN_POINT('',(-1.449999978393,-0.999999985099,
    5.050054869165));
#1800 = VECTOR('',#1801,1.);
#1801 = DIRECTION('',(-0.,-0.,-1.));
#1802 = ORIENTED_EDGE('',*,*,#1803,.T.);
#1803 = EDGE_CURVE('',#1796,#1771,#1804,.T.);
#1804 = LINE('',#1805,#1806);
#1805 = CARTESIAN_POINT('',(-1.449999978393,0.999999985099,
    0.689999989495));
#1806 = VECTOR('',#1807,1.);
#1807 = DIRECTION('',(0.,1.,0.));
#1808 = ORIENTED_EDGE('',*,*,#1770,.T.);
#1809 = ORIENTED_EDGE('',*,*,#1587,.T.);
#1810 = PLANE('',#1811);
#1811 = AXIS2_PLACEMENT_3D('',#1812,#1813,#1814);
#1812 = CARTESIAN_POINT('',(-1.449999978393,0.999999985099,
    5.050054869165));
#1813 = DIRECTION('',(1.,0.,0.));
#1814 = DIRECTION('',(0.,0.,-1.));
#1815 = ADVANCED_FACE('',(#1816),#1835,.T.);
#1816 = FACE_BOUND('',#1817,.T.);
#1817 = EDGE_LOOP('',(#1818,#1826,#1833,#1834));
#1818 = ORIENTED_EDGE('',*,*,#1819,.F.);
#1819 = EDGE_CURVE('',#1820,#1571,#1822,.T.);
#1820 = VERTEX_POINT('',#1821);
#1821 = CARTESIAN_POINT('',(-1.349999979883,-1.099999983609,
    0.689999989495));
#1822 = LINE('',#1823,#1824);
#1823 = CARTESIAN_POINT('',(-1.349999979883,-1.099999983609,
    5.050054869165));
#1824 = VECTOR('',#1825,1.);
#1825 = DIRECTION('',(-0.,-0.,-1.));
#1826 = ORIENTED_EDGE('',*,*,#1827,.T.);
#1827 = EDGE_CURVE('',#1820,#1796,#1828,.T.);
#1828 = CIRCLE('',#1829,9.999999850988E-02);
#1829 = AXIS2_PLACEMENT_3D('',#1830,#1831,#1832);
#1830 = CARTESIAN_POINT('',(-1.349999979883,-0.999999985099,
    0.689999989495));
#1831 = DIRECTION('',(0.,0.,-1.));
#1832 = DIRECTION('',(1.,0.,0.));
#1833 = ORIENTED_EDGE('',*,*,#1795,.T.);
#1834 = ORIENTED_EDGE('',*,*,#1578,.T.);
#1835 = CYLINDRICAL_SURFACE('',#1836,9.999999850988E-02);
#1836 = AXIS2_PLACEMENT_3D('',#1837,#1838,#1839);
#1837 = CARTESIAN_POINT('',(-1.349999979883,-0.999999985099,
    5.050054869165));
#1838 = DIRECTION('',(-0.,-0.,-1.));
#1839 = DIRECTION('',(-1.,0.,0.));
#1840 = ADVANCED_FACE('',(#1841),#1859,.F.);
#1841 = FACE_BOUND('',#1842,.T.);
#1842 = EDGE_LOOP('',(#1843,#1851,#1857,#1858));
#1843 = ORIENTED_EDGE('',*,*,#1844,.F.);
#1844 = EDGE_CURVE('',#1845,#1562,#1847,.T.);
#1845 = VERTEX_POINT('',#1846);
#1846 = CARTESIAN_POINT('',(1.349999979883,-1.099999983609,
    0.689999989495));
#1847 = LINE('',#1848,#1849);
#1848 = CARTESIAN_POINT('',(1.349999979883,-1.099999983609,
    5.050054869165));
#1849 = VECTOR('',#1850,1.);
#1850 = DIRECTION('',(-0.,-0.,-1.));
#1851 = ORIENTED_EDGE('',*,*,#1852,.T.);
#1852 = EDGE_CURVE('',#1845,#1820,#1853,.T.);
#1853 = LINE('',#1854,#1855);
#1854 = CARTESIAN_POINT('',(-1.349999979883,-1.099999983609,
    0.689999989495));
#1855 = VECTOR('',#1856,1.);
#1856 = DIRECTION('',(-1.,0.,0.));
#1857 = ORIENTED_EDGE('',*,*,#1819,.T.);
#1858 = ORIENTED_EDGE('',*,*,#1570,.T.);
#1859 = PLANE('',#1860);
#1860 = AXIS2_PLACEMENT_3D('',#1861,#1862,#1863);
#1861 = CARTESIAN_POINT('',(-1.349999979883,-1.099999983609,
    5.050054869165));
#1862 = DIRECTION('',(0.,1.,0.));
#1863 = DIRECTION('',(0.,-0.,1.));
#1864 = ADVANCED_FACE('',(#1865),#1884,.T.);
#1865 = FACE_BOUND('',#1866,.T.);
#1866 = EDGE_LOOP('',(#1867,#1875,#1882,#1883));
#1867 = ORIENTED_EDGE('',*,*,#1868,.F.);
#1868 = EDGE_CURVE('',#1869,#1554,#1871,.T.);
#1869 = VERTEX_POINT('',#1870);
#1870 = CARTESIAN_POINT('',(1.449999978393,-0.999999985099,
    0.689999989495));
#1871 = LINE('',#1872,#1873);
#1872 = CARTESIAN_POINT('',(1.449999978393,-0.999999985099,
    5.050054869165));
#1873 = VECTOR('',#1874,1.);
#1874 = DIRECTION('',(-0.,-0.,-1.));
#1875 = ORIENTED_EDGE('',*,*,#1876,.T.);
#1876 = EDGE_CURVE('',#1869,#1845,#1877,.T.);
#1877 = CIRCLE('',#1878,9.999999850988E-02);
#1878 = AXIS2_PLACEMENT_3D('',#1879,#1880,#1881);
#1879 = CARTESIAN_POINT('',(1.349999979883,-0.999999985099,
    0.689999989495));
#1880 = DIRECTION('',(0.,0.,-1.));
#1881 = DIRECTION('',(1.,0.,0.));
#1882 = ORIENTED_EDGE('',*,*,#1844,.T.);
#1883 = ORIENTED_EDGE('',*,*,#1561,.T.);
#1884 = CYLINDRICAL_SURFACE('',#1885,9.999999850988E-02);
#1885 = AXIS2_PLACEMENT_3D('',#1886,#1887,#1888);
#1886 = CARTESIAN_POINT('',(1.349999979883,-0.999999985099,
    5.050054869165));
#1887 = DIRECTION('',(-0.,-0.,-1.));
#1888 = DIRECTION('',(-1.,0.,0.));
#1889 = ADVANCED_FACE('',(#1890),#1901,.F.);
#1890 = FACE_BOUND('',#1891,.T.);
#1891 = EDGE_LOOP('',(#1892,#1893,#1899,#1900));
#1892 = ORIENTED_EDGE('',*,*,#1731,.F.);
#1893 = ORIENTED_EDGE('',*,*,#1894,.T.);
#1894 = EDGE_CURVE('',#1723,#1869,#1895,.T.);
#1895 = LINE('',#1896,#1897);
#1896 = CARTESIAN_POINT('',(1.449999978393,-0.999999985099,
    0.689999989495));
#1897 = VECTOR('',#1898,1.);
#1898 = DIRECTION('',(2.168404344971E-16,-1.,0.));
#1899 = ORIENTED_EDGE('',*,*,#1868,.T.);
#1900 = ORIENTED_EDGE('',*,*,#1553,.T.);
#1901 = PLANE('',#1902);
#1902 = AXIS2_PLACEMENT_3D('',#1903,#1904,#1905);
#1903 = CARTESIAN_POINT('',(1.449999978393,-0.999999985099,
    5.050054869165));
#1904 = DIRECTION('',(-1.,-2.168404344971E-16,0.));
#1905 = DIRECTION('',(2.168404344971E-16,-1.,0.));
#1906 = ADVANCED_FACE('',(#1907,#1917),#1987,.T.);
#1907 = FACE_BOUND('',#1908,.T.);
#1908 = EDGE_LOOP('',(#1909,#1916));
#1909 = ORIENTED_EDGE('',*,*,#1910,.F.);
#1910 = EDGE_CURVE('',#65,#73,#1911,.T.);
#1911 = CIRCLE('',#1912,9.457773630147E-02);
#1912 = AXIS2_PLACEMENT_3D('',#1913,#1914,#1915);
#1913 = CARTESIAN_POINT('',(-1.18372170871,-0.841173975135,
    0.709999989197));
#1914 = DIRECTION('',(0.,0.,1.));
#1915 = DIRECTION('',(1.,0.,-0.));
#1916 = ORIENTED_EDGE('',*,*,#72,.F.);
#1917 = FACE_BOUND('',#1918,.T.);
#1918 = EDGE_LOOP('',(#1919,#1929,#1938,#1946,#1955,#1963,#1972,#1980));
#1919 = ORIENTED_EDGE('',*,*,#1920,.T.);
#1920 = EDGE_CURVE('',#1921,#1923,#1925,.T.);
#1921 = VERTEX_POINT('',#1922);
#1922 = CARTESIAN_POINT('',(-1.349999979883,-1.079999983907,
    0.709999989197));
#1923 = VERTEX_POINT('',#1924);
#1924 = CARTESIAN_POINT('',(1.349999979883,-1.079999983907,
    0.709999989197));
#1925 = LINE('',#1926,#1927);
#1926 = CARTESIAN_POINT('',(1.349999979883,-1.079999983907,
    0.709999989197));
#1927 = VECTOR('',#1928,1.);
#1928 = DIRECTION('',(1.,0.,0.));
#1929 = ORIENTED_EDGE('',*,*,#1930,.T.);
#1930 = EDGE_CURVE('',#1923,#1931,#1933,.T.);
#1931 = VERTEX_POINT('',#1932);
#1932 = CARTESIAN_POINT('',(1.429999978691,-0.999999985099,
    0.709999989197));
#1933 = CIRCLE('',#1934,7.999999880791E-02);
#1934 = AXIS2_PLACEMENT_3D('',#1935,#1936,#1937);
#1935 = CARTESIAN_POINT('',(1.349999979883,-0.999999985099,
    0.709999989197));
#1936 = DIRECTION('',(0.,0.,1.));
#1937 = DIRECTION('',(1.,0.,-0.));
#1938 = ORIENTED_EDGE('',*,*,#1939,.T.);
#1939 = EDGE_CURVE('',#1931,#1940,#1942,.T.);
#1940 = VERTEX_POINT('',#1941);
#1941 = CARTESIAN_POINT('',(1.429999978691,0.999999985099,0.709999989197
    ));
#1942 = LINE('',#1943,#1944);
#1943 = CARTESIAN_POINT('',(1.429999978691,0.999999985099,0.709999989197
    ));
#1944 = VECTOR('',#1945,1.);
#1945 = DIRECTION('',(-2.168404344971E-16,1.,0.));
#1946 = ORIENTED_EDGE('',*,*,#1947,.T.);
#1947 = EDGE_CURVE('',#1940,#1948,#1950,.T.);
#1948 = VERTEX_POINT('',#1949);
#1949 = CARTESIAN_POINT('',(1.349999979883,1.079999983907,0.709999989197
    ));
#1950 = CIRCLE('',#1951,7.999999880791E-02);
#1951 = AXIS2_PLACEMENT_3D('',#1952,#1953,#1954);
#1952 = CARTESIAN_POINT('',(1.349999979883,0.999999985099,0.709999989197
    ));
#1953 = DIRECTION('',(0.,0.,1.));
#1954 = DIRECTION('',(1.,0.,-0.));
#1955 = ORIENTED_EDGE('',*,*,#1956,.T.);
#1956 = EDGE_CURVE('',#1948,#1957,#1959,.T.);
#1957 = VERTEX_POINT('',#1958);
#1958 = CARTESIAN_POINT('',(-1.349999979883,1.079999983907,
    0.709999989197));
#1959 = LINE('',#1960,#1961);
#1960 = CARTESIAN_POINT('',(-1.349999979883,1.079999983907,
    0.709999989197));
#1961 = VECTOR('',#1962,1.);
#1962 = DIRECTION('',(-1.,0.,0.));
#1963 = ORIENTED_EDGE('',*,*,#1964,.T.);
#1964 = EDGE_CURVE('',#1957,#1965,#1967,.T.);
#1965 = VERTEX_POINT('',#1966);
#1966 = CARTESIAN_POINT('',(-1.429999978691,0.999999985099,
    0.709999989197));
#1967 = CIRCLE('',#1968,7.999999880791E-02);
#1968 = AXIS2_PLACEMENT_3D('',#1969,#1970,#1971);
#1969 = CARTESIAN_POINT('',(-1.349999979883,0.999999985099,
    0.709999989197));
#1970 = DIRECTION('',(0.,0.,1.));
#1971 = DIRECTION('',(1.,0.,-0.));
#1972 = ORIENTED_EDGE('',*,*,#1973,.T.);
#1973 = EDGE_CURVE('',#1965,#1974,#1976,.T.);
#1974 = VERTEX_POINT('',#1975);
#1975 = CARTESIAN_POINT('',(-1.429999978691,-0.999999985099,
    0.709999989197));
#1976 = LINE('',#1977,#1978);
#1977 = CARTESIAN_POINT('',(-1.429999978691,-0.999999985099,
    0.709999989197));
#1978 = VECTOR('',#1979,1.);
#1979 = DIRECTION('',(0.,-1.,0.));
#1980 = ORIENTED_EDGE('',*,*,#1981,.T.);
#1981 = EDGE_CURVE('',#1974,#1921,#1982,.T.);
#1982 = CIRCLE('',#1983,7.999999880791E-02);
#1983 = AXIS2_PLACEMENT_3D('',#1984,#1985,#1986);
#1984 = CARTESIAN_POINT('',(-1.349999979883,-0.999999985099,
    0.709999989197));
#1985 = DIRECTION('',(0.,0.,1.));
#1986 = DIRECTION('',(1.,0.,-0.));
#1987 = PLANE('',#1988);
#1988 = AXIS2_PLACEMENT_3D('',#1989,#1990,#1991);
#1989 = CARTESIAN_POINT('',(0.,0.,0.709999989197));
#1990 = DIRECTION('',(0.,0.,1.));
#1991 = DIRECTION('',(1.,0.,-0.));
#1992 = ADVANCED_FACE('',(#1993),#2011,.T.);
#1993 = FACE_BOUND('',#1994,.T.);
#1994 = EDGE_LOOP('',(#1995,#2002,#2003,#2010));
#1995 = ORIENTED_EDGE('',*,*,#1996,.F.);
#1996 = EDGE_CURVE('',#1747,#1957,#1997,.T.);
#1997 = CIRCLE('',#1998,1.999999970198E-02);
#1998 = AXIS2_PLACEMENT_3D('',#1999,#2000,#2001);
#1999 = CARTESIAN_POINT('',(-1.349999979883,1.079999983907,
    0.689999989495));
#2000 = DIRECTION('',(1.,-1.084202172486E-14,0.));
#2001 = DIRECTION('',(1.084202172486E-14,1.,0.));
#2002 = ORIENTED_EDGE('',*,*,#1778,.F.);
#2003 = ORIENTED_EDGE('',*,*,#2004,.F.);
#2004 = EDGE_CURVE('',#1965,#1771,#2005,.T.);
#2005 = CIRCLE('',#2006,1.999999970198E-02);
#2006 = AXIS2_PLACEMENT_3D('',#2007,#2008,#2009);
#2007 = CARTESIAN_POINT('',(-1.429999978691,0.999999985099,
    0.689999989495));
#2008 = DIRECTION('',(0.,-1.,0.));
#2009 = DIRECTION('',(0.,0.,-1.));
#2010 = ORIENTED_EDGE('',*,*,#1964,.F.);
#2011 = TOROIDAL_SURFACE('',#2012,7.999999880791E-02,1.999999970198E-02
  );
#2012 = AXIS2_PLACEMENT_3D('',#2013,#2014,#2015);
#2013 = CARTESIAN_POINT('',(-1.349999979883,0.999999985099,
    0.689999989495));
#2014 = DIRECTION('',(0.,0.,1.));
#2015 = DIRECTION('',(1.,0.,-0.));
#2016 = ADVANCED_FACE('',(#2017),#2029,.T.);
#2017 = FACE_BOUND('',#2018,.T.);
#2018 = EDGE_LOOP('',(#2019,#2020,#2021,#2028));
#2019 = ORIENTED_EDGE('',*,*,#2004,.T.);
#2020 = ORIENTED_EDGE('',*,*,#1803,.F.);
#2021 = ORIENTED_EDGE('',*,*,#2022,.F.);
#2022 = EDGE_CURVE('',#1974,#1796,#2023,.T.);
#2023 = CIRCLE('',#2024,1.999999970198E-02);
#2024 = AXIS2_PLACEMENT_3D('',#2025,#2026,#2027);
#2025 = CARTESIAN_POINT('',(-1.429999978691,-0.999999985099,
    0.689999989495));
#2026 = DIRECTION('',(0.,-1.,0.));
#2027 = DIRECTION('',(0.,0.,-1.));
#2028 = ORIENTED_EDGE('',*,*,#1973,.F.);
#2029 = CYLINDRICAL_SURFACE('',#2030,1.999999970198E-02);
#2030 = AXIS2_PLACEMENT_3D('',#2031,#2032,#2033);
#2031 = CARTESIAN_POINT('',(-1.429999978691,0.,0.689999989495));
#2032 = DIRECTION('',(0.,1.,0.));
#2033 = DIRECTION('',(0.,-0.,1.));
#2034 = ADVANCED_FACE('',(#2035),#2047,.T.);
#2035 = FACE_BOUND('',#2036,.T.);
#2036 = EDGE_LOOP('',(#2037,#2038,#2039,#2046));
#2037 = ORIENTED_EDGE('',*,*,#1996,.T.);
#2038 = ORIENTED_EDGE('',*,*,#1956,.F.);
#2039 = ORIENTED_EDGE('',*,*,#2040,.F.);
#2040 = EDGE_CURVE('',#1715,#1948,#2041,.T.);
#2041 = CIRCLE('',#2042,1.999999970198E-02);
#2042 = AXIS2_PLACEMENT_3D('',#2043,#2044,#2045);
#2043 = CARTESIAN_POINT('',(1.349999979883,1.079999983907,0.689999989495
    ));
#2044 = DIRECTION('',(1.,-0.,0.));
#2045 = DIRECTION('',(0.,0.,-1.));
#2046 = ORIENTED_EDGE('',*,*,#1754,.F.);
#2047 = CYLINDRICAL_SURFACE('',#2048,1.999999970198E-02);
#2048 = AXIS2_PLACEMENT_3D('',#2049,#2050,#2051);
#2049 = CARTESIAN_POINT('',(0.,1.079999983907,0.689999989495));
#2050 = DIRECTION('',(1.,0.,0.));
#2051 = DIRECTION('',(0.,0.,-1.));
#2052 = ADVANCED_FACE('',(#2053),#2065,.T.);
#2053 = FACE_BOUND('',#2054,.T.);
#2054 = EDGE_LOOP('',(#2055,#2056,#2057,#2064));
#2055 = ORIENTED_EDGE('',*,*,#2022,.T.);
#2056 = ORIENTED_EDGE('',*,*,#1827,.F.);
#2057 = ORIENTED_EDGE('',*,*,#2058,.F.);
#2058 = EDGE_CURVE('',#1921,#1820,#2059,.T.);
#2059 = CIRCLE('',#2060,1.999999970198E-02);
#2060 = AXIS2_PLACEMENT_3D('',#2061,#2062,#2063);
#2061 = CARTESIAN_POINT('',(-1.349999979883,-1.079999983907,
    0.689999989495));
#2062 = DIRECTION('',(1.,-0.,0.));
#2063 = DIRECTION('',(0.,0.,-1.));
#2064 = ORIENTED_EDGE('',*,*,#1981,.F.);
#2065 = TOROIDAL_SURFACE('',#2066,7.999999880791E-02,1.999999970198E-02
  );
#2066 = AXIS2_PLACEMENT_3D('',#2067,#2068,#2069);
#2067 = CARTESIAN_POINT('',(-1.349999979883,-0.999999985099,
    0.689999989495));
#2068 = DIRECTION('',(0.,0.,1.));
#2069 = DIRECTION('',(1.,0.,-0.));
#2070 = ADVANCED_FACE('',(#2071),#2083,.T.);
#2071 = FACE_BOUND('',#2072,.T.);
#2072 = EDGE_LOOP('',(#2073,#2074,#2075,#2082));
#2073 = ORIENTED_EDGE('',*,*,#2040,.T.);
#2074 = ORIENTED_EDGE('',*,*,#1947,.F.);
#2075 = ORIENTED_EDGE('',*,*,#2076,.F.);
#2076 = EDGE_CURVE('',#1723,#1940,#2077,.T.);
#2077 = CIRCLE('',#2078,1.999999970198E-02);
#2078 = AXIS2_PLACEMENT_3D('',#2079,#2080,#2081);
#2079 = CARTESIAN_POINT('',(1.429999978691,0.999999985099,0.689999989495
    ));
#2080 = DIRECTION('',(0.,-1.,0.));
#2081 = DIRECTION('',(0.,0.,-1.));
#2082 = ORIENTED_EDGE('',*,*,#1722,.F.);
#2083 = TOROIDAL_SURFACE('',#2084,7.999999880791E-02,1.999999970198E-02
  );
#2084 = AXIS2_PLACEMENT_3D('',#2085,#2086,#2087);
#2085 = CARTESIAN_POINT('',(1.349999979883,0.999999985099,0.689999989495
    ));
#2086 = DIRECTION('',(0.,0.,1.));
#2087 = DIRECTION('',(1.,0.,-0.));
#2088 = ADVANCED_FACE('',(#2089),#2101,.T.);
#2089 = FACE_BOUND('',#2090,.T.);
#2090 = EDGE_LOOP('',(#2091,#2092,#2093,#2100));
#2091 = ORIENTED_EDGE('',*,*,#2058,.T.);
#2092 = ORIENTED_EDGE('',*,*,#1852,.F.);
#2093 = ORIENTED_EDGE('',*,*,#2094,.F.);
#2094 = EDGE_CURVE('',#1923,#1845,#2095,.T.);
#2095 = CIRCLE('',#2096,1.999999970198E-02);
#2096 = AXIS2_PLACEMENT_3D('',#2097,#2098,#2099);
#2097 = CARTESIAN_POINT('',(1.349999979883,-1.079999983907,
    0.689999989495));
#2098 = DIRECTION('',(1.,-1.084202172486E-14,0.));
#2099 = DIRECTION('',(1.084202172486E-14,1.,0.));
#2100 = ORIENTED_EDGE('',*,*,#1920,.F.);
#2101 = CYLINDRICAL_SURFACE('',#2102,1.999999970198E-02);
#2102 = AXIS2_PLACEMENT_3D('',#2103,#2104,#2105);
#2103 = CARTESIAN_POINT('',(0.,-1.079999983907,0.689999989495));
#2104 = DIRECTION('',(-1.,0.,0.));
#2105 = DIRECTION('',(0.,0.,1.));
#2106 = ADVANCED_FACE('',(#2107),#2119,.T.);
#2107 = FACE_BOUND('',#2108,.T.);
#2108 = EDGE_LOOP('',(#2109,#2110,#2111,#2118));
#2109 = ORIENTED_EDGE('',*,*,#2076,.T.);
#2110 = ORIENTED_EDGE('',*,*,#1939,.F.);
#2111 = ORIENTED_EDGE('',*,*,#2112,.F.);
#2112 = EDGE_CURVE('',#1869,#1931,#2113,.T.);
#2113 = CIRCLE('',#2114,1.999999970198E-02);
#2114 = AXIS2_PLACEMENT_3D('',#2115,#2116,#2117);
#2115 = CARTESIAN_POINT('',(1.429999978691,-0.999999985099,
    0.689999989495));
#2116 = DIRECTION('',(0.,-1.,0.));
#2117 = DIRECTION('',(0.,0.,-1.));
#2118 = ORIENTED_EDGE('',*,*,#1894,.F.);
#2119 = CYLINDRICAL_SURFACE('',#2120,1.999999970198E-02);
#2120 = AXIS2_PLACEMENT_3D('',#2121,#2122,#2123);
#2121 = CARTESIAN_POINT('',(1.429999978691,3.100818167103E-16,
    0.689999989495));
#2122 = DIRECTION('',(2.168404344971E-16,-1.,0.));
#2123 = DIRECTION('',(1.,2.168404344971E-16,0.));
#2124 = ADVANCED_FACE('',(#2125),#2131,.T.);
#2125 = FACE_BOUND('',#2126,.T.);
#2126 = EDGE_LOOP('',(#2127,#2128,#2129,#2130));
#2127 = ORIENTED_EDGE('',*,*,#2094,.T.);
#2128 = ORIENTED_EDGE('',*,*,#1876,.F.);
#2129 = ORIENTED_EDGE('',*,*,#2112,.T.);
#2130 = ORIENTED_EDGE('',*,*,#1930,.F.);
#2131 = TOROIDAL_SURFACE('',#2132,7.999999880791E-02,1.999999970198E-02
  );
#2132 = AXIS2_PLACEMENT_3D('',#2133,#2134,#2135);
#2133 = CARTESIAN_POINT('',(1.349999979883,-0.999999985099,
    0.689999989495));
#2134 = DIRECTION('',(0.,0.,1.));
#2135 = DIRECTION('',(1.,0.,-0.));
#2136 = ADVANCED_FACE('',(#2137),#2155,.T.);
#2137 = FACE_BOUND('',#2138,.T.);
#2138 = EDGE_LOOP('',(#2139,#2146,#2147,#2154));
#2139 = ORIENTED_EDGE('',*,*,#2140,.F.);
#2140 = EDGE_CURVE('',#1355,#1509,#2141,.T.);
#2141 = CIRCLE('',#2142,1.999999970198E-02);
#2142 = AXIS2_PLACEMENT_3D('',#2143,#2144,#2145);
#2143 = CARTESIAN_POINT('',(1.479999977946,0.999999985099,0.63999999024)
  );
#2144 = DIRECTION('',(0.,-1.,0.));
#2145 = DIRECTION('',(0.,0.,-1.));
#2146 = ORIENTED_EDGE('',*,*,#1643,.F.);
#2147 = ORIENTED_EDGE('',*,*,#2148,.F.);
#2148 = EDGE_CURVE('',#1517,#1403,#2149,.T.);
#2149 = CIRCLE('',#2150,1.999999970198E-02);
#2150 = AXIS2_PLACEMENT_3D('',#2151,#2152,#2153);
#2151 = CARTESIAN_POINT('',(1.349999979883,1.129999983162,0.63999999024)
  );
#2152 = DIRECTION('',(-1.,0.,0.));
#2153 = DIRECTION('',(0.,0.,1.));
#2154 = ORIENTED_EDGE('',*,*,#1516,.F.);
#2155 = TOROIDAL_SURFACE('',#2156,0.129999998063,1.999999970198E-02);
#2156 = AXIS2_PLACEMENT_3D('',#2157,#2158,#2159);
#2157 = CARTESIAN_POINT('',(1.349999979883,0.999999985099,0.63999999024)
  );
#2158 = DIRECTION('',(0.,0.,1.));
#2159 = DIRECTION('',(1.,0.,-0.));
#2160 = ADVANCED_FACE('',(#2161),#2173,.T.);
#2161 = FACE_BOUND('',#2162,.T.);
#2162 = EDGE_LOOP('',(#2163,#2164,#2165,#2172));
#2163 = ORIENTED_EDGE('',*,*,#2148,.T.);
#2164 = ORIENTED_EDGE('',*,*,#1402,.F.);
#2165 = ORIENTED_EDGE('',*,*,#2166,.F.);
#2166 = EDGE_CURVE('',#1526,#1395,#2167,.T.);
#2167 = CIRCLE('',#2168,1.999999970198E-02);
#2168 = AXIS2_PLACEMENT_3D('',#2169,#2170,#2171);
#2169 = CARTESIAN_POINT('',(-1.349999979883,1.129999983162,0.63999999024
    ));
#2170 = DIRECTION('',(-1.,0.,0.));
#2171 = DIRECTION('',(0.,0.,1.));
#2172 = ORIENTED_EDGE('',*,*,#1525,.F.);
#2173 = CYLINDRICAL_SURFACE('',#2174,1.999999970198E-02);
#2174 = AXIS2_PLACEMENT_3D('',#2175,#2176,#2177);
#2175 = CARTESIAN_POINT('',(0.,1.129999983162,0.63999999024));
#2176 = DIRECTION('',(1.,0.,0.));
#2177 = DIRECTION('',(0.,0.,-1.));
#2178 = ADVANCED_FACE('',(#2179),#2191,.T.);
#2179 = FACE_BOUND('',#2180,.T.);
#2180 = EDGE_LOOP('',(#2181,#2182,#2183,#2190));
#2181 = ORIENTED_EDGE('',*,*,#2140,.T.);
#2182 = ORIENTED_EDGE('',*,*,#1508,.F.);
#2183 = ORIENTED_EDGE('',*,*,#2184,.F.);
#2184 = EDGE_CURVE('',#1363,#1500,#2185,.T.);
#2185 = CIRCLE('',#2186,1.999999970198E-02);
#2186 = AXIS2_PLACEMENT_3D('',#2187,#2188,#2189);
#2187 = CARTESIAN_POINT('',(1.479999977946,-0.999999985099,0.63999999024
    ));
#2188 = DIRECTION('',(0.,-1.,0.));
#2189 = DIRECTION('',(0.,0.,-1.));
#2190 = ORIENTED_EDGE('',*,*,#1362,.F.);
#2191 = CYLINDRICAL_SURFACE('',#2192,1.999999970198E-02);
#2192 = AXIS2_PLACEMENT_3D('',#2193,#2194,#2195);
#2193 = CARTESIAN_POINT('',(1.479999977946,2.790642071944E-16,
    0.63999999024));
#2194 = DIRECTION('',(1.885568995627E-16,-1.,0.));
#2195 = DIRECTION('',(1.,1.885568995627E-16,0.));
#2196 = ADVANCED_FACE('',(#2197),#2209,.T.);
#2197 = FACE_BOUND('',#2198,.T.);
#2198 = EDGE_LOOP('',(#2199,#2200,#2201,#2208));
#2199 = ORIENTED_EDGE('',*,*,#2166,.T.);
#2200 = ORIENTED_EDGE('',*,*,#1619,.F.);
#2201 = ORIENTED_EDGE('',*,*,#2202,.F.);
#2202 = EDGE_CURVE('',#1473,#1443,#2203,.T.);
#2203 = CIRCLE('',#2204,1.999999970198E-02);
#2204 = AXIS2_PLACEMENT_3D('',#2205,#2206,#2207);
#2205 = CARTESIAN_POINT('',(-1.479999977946,0.999999985099,0.63999999024
    ));
#2206 = DIRECTION('',(0.,-1.,0.));
#2207 = DIRECTION('',(0.,0.,-1.));
#2208 = ORIENTED_EDGE('',*,*,#1533,.F.);
#2209 = TOROIDAL_SURFACE('',#2210,0.129999998063,1.999999970198E-02);
#2210 = AXIS2_PLACEMENT_3D('',#2211,#2212,#2213);
#2211 = CARTESIAN_POINT('',(-1.349999979883,0.999999985099,0.63999999024
    ));
#2212 = DIRECTION('',(0.,0.,1.));
#2213 = DIRECTION('',(1.,0.,-0.));
#2214 = ADVANCED_FACE('',(#2215),#2227,.T.);
#2215 = FACE_BOUND('',#2216,.T.);
#2216 = EDGE_LOOP('',(#2217,#2218,#2219,#2226));
#2217 = ORIENTED_EDGE('',*,*,#2184,.T.);
#2218 = ORIENTED_EDGE('',*,*,#1499,.F.);
#2219 = ORIENTED_EDGE('',*,*,#2220,.F.);
#2220 = EDGE_CURVE('',#1315,#1492,#2221,.T.);
#2221 = CIRCLE('',#2222,1.999999970198E-02);
#2222 = AXIS2_PLACEMENT_3D('',#2223,#2224,#2225);
#2223 = CARTESIAN_POINT('',(1.349999979883,-1.129999983162,0.63999999024
    ));
#2224 = DIRECTION('',(-1.,0.,0.));
#2225 = DIRECTION('',(0.,0.,1.));
#2226 = ORIENTED_EDGE('',*,*,#1667,.F.);
#2227 = TOROIDAL_SURFACE('',#2228,0.129999998063,1.999999970198E-02);
#2228 = AXIS2_PLACEMENT_3D('',#2229,#2230,#2231);
#2229 = CARTESIAN_POINT('',(1.349999979883,-0.999999985099,0.63999999024
    ));
#2230 = DIRECTION('',(0.,0.,1.));
#2231 = DIRECTION('',(1.,0.,-0.));
#2232 = ADVANCED_FACE('',(#2233),#2245,.T.);
#2233 = FACE_BOUND('',#2234,.T.);
#2234 = EDGE_LOOP('',(#2235,#2236,#2237,#2244));
#2235 = ORIENTED_EDGE('',*,*,#2202,.T.);
#2236 = ORIENTED_EDGE('',*,*,#1442,.F.);
#2237 = ORIENTED_EDGE('',*,*,#2238,.F.);
#2238 = EDGE_CURVE('',#1475,#1435,#2239,.T.);
#2239 = CIRCLE('',#2240,1.999999970198E-02);
#2240 = AXIS2_PLACEMENT_3D('',#2241,#2242,#2243);
#2241 = CARTESIAN_POINT('',(-1.479999977946,-0.999999985099,
    0.63999999024));
#2242 = DIRECTION('',(0.,-1.,0.));
#2243 = DIRECTION('',(0.,0.,-1.));
#2244 = ORIENTED_EDGE('',*,*,#1472,.F.);
#2245 = CYLINDRICAL_SURFACE('',#2246,1.999999970198E-02);
#2246 = AXIS2_PLACEMENT_3D('',#2247,#2248,#2249);
#2247 = CARTESIAN_POINT('',(-1.479999977946,0.,0.63999999024));
#2248 = DIRECTION('',(0.,1.,0.));
#2249 = DIRECTION('',(0.,-0.,1.));
#2250 = ADVANCED_FACE('',(#2251),#2263,.T.);
#2251 = FACE_BOUND('',#2252,.T.);
#2252 = EDGE_LOOP('',(#2253,#2254,#2255,#2262));
#2253 = ORIENTED_EDGE('',*,*,#2220,.T.);
#2254 = ORIENTED_EDGE('',*,*,#1491,.F.);
#2255 = ORIENTED_EDGE('',*,*,#2256,.F.);
#2256 = EDGE_CURVE('',#1323,#1483,#2257,.T.);
#2257 = CIRCLE('',#2258,1.999999970198E-02);
#2258 = AXIS2_PLACEMENT_3D('',#2259,#2260,#2261);
#2259 = CARTESIAN_POINT('',(-1.349999979883,-1.129999983162,
    0.63999999024));
#2260 = DIRECTION('',(-1.,0.,0.));
#2261 = DIRECTION('',(0.,0.,1.));
#2262 = ORIENTED_EDGE('',*,*,#1322,.F.);
#2263 = CYLINDRICAL_SURFACE('',#2264,1.999999970198E-02);
#2264 = AXIS2_PLACEMENT_3D('',#2265,#2266,#2267);
#2265 = CARTESIAN_POINT('',(0.,-1.129999983162,0.63999999024));
#2266 = DIRECTION('',(-1.,0.,0.));
#2267 = DIRECTION('',(0.,0.,1.));
#2268 = ADVANCED_FACE('',(#2269),#2275,.T.);
#2269 = FACE_BOUND('',#2270,.T.);
#2270 = EDGE_LOOP('',(#2271,#2272,#2273,#2274));
#2271 = ORIENTED_EDGE('',*,*,#2238,.T.);
#2272 = ORIENTED_EDGE('',*,*,#1691,.F.);
#2273 = ORIENTED_EDGE('',*,*,#2256,.T.);
#2274 = ORIENTED_EDGE('',*,*,#1482,.F.);
#2275 = TOROIDAL_SURFACE('',#2276,0.129999998063,1.999999970198E-02);
#2276 = AXIS2_PLACEMENT_3D('',#2277,#2278,#2279);
#2277 = CARTESIAN_POINT('',(-1.349999979883,-0.999999985099,
    0.63999999024));
#2278 = DIRECTION('',(0.,0.,1.));
#2279 = DIRECTION('',(1.,0.,-0.));
#2280 = ADVANCED_FACE('',(#2281),#2299,.F.);
#2281 = FACE_BOUND('',#2282,.F.);
#2282 = EDGE_LOOP('',(#2283,#2284,#2291,#2292));
#2283 = ORIENTED_EDGE('',*,*,#1280,.T.);
#2284 = ORIENTED_EDGE('',*,*,#2285,.T.);
#2285 = EDGE_CURVE('',#1281,#1353,#2286,.T.);
#2286 = CIRCLE('',#2287,1.999999970198E-02);
#2287 = AXIS2_PLACEMENT_3D('',#2288,#2289,#2290);
#2288 = CARTESIAN_POINT('',(1.51999997735,0.999999985099,0.529999991879)
  );
#2289 = DIRECTION('',(0.,1.,0.));
#2290 = DIRECTION('',(0.,-0.,1.));
#2291 = ORIENTED_EDGE('',*,*,#1651,.T.);
#2292 = ORIENTED_EDGE('',*,*,#2293,.T.);
#2293 = EDGE_CURVE('',#1411,#1273,#2294,.T.);
#2294 = CIRCLE('',#2295,1.999999970198E-02);
#2295 = AXIS2_PLACEMENT_3D('',#2296,#2297,#2298);
#2296 = CARTESIAN_POINT('',(1.349999979883,1.169999982566,0.529999991879
    ));
#2297 = DIRECTION('',(1.,-0.,0.));
#2298 = DIRECTION('',(0.,0.,-1.));
#2299 = TOROIDAL_SURFACE('',#2300,0.169999997467,1.999999970198E-02);
#2300 = AXIS2_PLACEMENT_3D('',#2301,#2302,#2303);
#2301 = CARTESIAN_POINT('',(1.349999979883,0.999999985099,0.529999991879
    ));
#2302 = DIRECTION('',(0.,0.,1.));
#2303 = DIRECTION('',(1.,0.,-0.));
#2304 = ADVANCED_FACE('',(#2305),#2317,.F.);
#2305 = FACE_BOUND('',#2306,.F.);
#2306 = EDGE_LOOP('',(#2307,#2308,#2315,#2316));
#2307 = ORIENTED_EDGE('',*,*,#1289,.T.);
#2308 = ORIENTED_EDGE('',*,*,#2309,.T.);
#2309 = EDGE_CURVE('',#1290,#1371,#2310,.T.);
#2310 = CIRCLE('',#2311,1.999999970198E-02);
#2311 = AXIS2_PLACEMENT_3D('',#2312,#2313,#2314);
#2312 = CARTESIAN_POINT('',(1.51999997735,-0.999999985099,0.529999991879
    ));
#2313 = DIRECTION('',(0.,1.,0.));
#2314 = DIRECTION('',(0.,-0.,1.));
#2315 = ORIENTED_EDGE('',*,*,#1378,.T.);
#2316 = ORIENTED_EDGE('',*,*,#2285,.F.);
#2317 = CYLINDRICAL_SURFACE('',#2318,1.999999970198E-02);
#2318 = AXIS2_PLACEMENT_3D('',#2319,#2320,#2321);
#2319 = CARTESIAN_POINT('',(1.51999997735,-1.149999982864,0.529999991879
    ));
#2320 = DIRECTION('',(-1.885568995627E-16,1.,0.));
#2321 = DIRECTION('',(-1.,-1.885568995627E-16,0.));
#2322 = ADVANCED_FACE('',(#2323),#2335,.F.);
#2323 = FACE_BOUND('',#2324,.F.);
#2324 = EDGE_LOOP('',(#2325,#2326,#2333,#2334));
#2325 = ORIENTED_EDGE('',*,*,#1418,.T.);
#2326 = ORIENTED_EDGE('',*,*,#2327,.T.);
#2327 = EDGE_CURVE('',#1393,#1264,#2328,.T.);
#2328 = CIRCLE('',#2329,1.999999970198E-02);
#2329 = AXIS2_PLACEMENT_3D('',#2330,#2331,#2332);
#2330 = CARTESIAN_POINT('',(-1.349999979883,1.169999982566,
    0.529999991879));
#2331 = DIRECTION('',(1.,-0.,0.));
#2332 = DIRECTION('',(0.,0.,-1.));
#2333 = ORIENTED_EDGE('',*,*,#1272,.T.);
#2334 = ORIENTED_EDGE('',*,*,#2293,.F.);
#2335 = CYLINDRICAL_SURFACE('',#2336,1.999999970198E-02);
#2336 = AXIS2_PLACEMENT_3D('',#2337,#2338,#2339);
#2337 = CARTESIAN_POINT('',(1.499999977648,1.169999982566,0.529999991879
    ));
#2338 = DIRECTION('',(-1.,0.,0.));
#2339 = DIRECTION('',(0.,0.,1.));
#2340 = ADVANCED_FACE('',(#2341),#2353,.F.);
#2341 = FACE_BOUND('',#2342,.F.);
#2342 = EDGE_LOOP('',(#2343,#2344,#2351,#2352));
#2343 = ORIENTED_EDGE('',*,*,#1297,.T.);
#2344 = ORIENTED_EDGE('',*,*,#2345,.T.);
#2345 = EDGE_CURVE('',#1237,#1313,#2346,.T.);
#2346 = CIRCLE('',#2347,1.999999970198E-02);
#2347 = AXIS2_PLACEMENT_3D('',#2348,#2349,#2350);
#2348 = CARTESIAN_POINT('',(1.349999979883,-1.169999982566,
    0.529999991879));
#2349 = DIRECTION('',(1.,-0.,0.));
#2350 = DIRECTION('',(0.,0.,-1.));
#2351 = ORIENTED_EDGE('',*,*,#1675,.T.);
#2352 = ORIENTED_EDGE('',*,*,#2309,.F.);
#2353 = TOROIDAL_SURFACE('',#2354,0.169999997467,1.999999970198E-02);
#2354 = AXIS2_PLACEMENT_3D('',#2355,#2356,#2357);
#2355 = CARTESIAN_POINT('',(1.349999979883,-0.999999985099,
    0.529999991879));
#2356 = DIRECTION('',(0.,0.,1.));
#2357 = DIRECTION('',(1.,0.,-0.));
#2358 = ADVANCED_FACE('',(#2359),#2371,.F.);
#2359 = FACE_BOUND('',#2360,.F.);
#2360 = EDGE_LOOP('',(#2361,#2362,#2369,#2370));
#2361 = ORIENTED_EDGE('',*,*,#1627,.T.);
#2362 = ORIENTED_EDGE('',*,*,#2363,.T.);
#2363 = EDGE_CURVE('',#1451,#1256,#2364,.T.);
#2364 = CIRCLE('',#2365,1.999999970198E-02);
#2365 = AXIS2_PLACEMENT_3D('',#2366,#2367,#2368);
#2366 = CARTESIAN_POINT('',(-1.51999997735,0.999999985099,0.529999991879
    ));
#2367 = DIRECTION('',(0.,1.,0.));
#2368 = DIRECTION('',(0.,-0.,1.));
#2369 = ORIENTED_EDGE('',*,*,#1263,.T.);
#2370 = ORIENTED_EDGE('',*,*,#2327,.F.);
#2371 = TOROIDAL_SURFACE('',#2372,0.169999997467,1.999999970198E-02);
#2372 = AXIS2_PLACEMENT_3D('',#2373,#2374,#2375);
#2373 = CARTESIAN_POINT('',(-1.349999979883,0.999999985099,
    0.529999991879));
#2374 = DIRECTION('',(0.,0.,1.));
#2375 = DIRECTION('',(1.,0.,-0.));
#2376 = ADVANCED_FACE('',(#2377),#2389,.F.);
#2377 = FACE_BOUND('',#2378,.F.);
#2378 = EDGE_LOOP('',(#2379,#2380,#2387,#2388));
#2379 = ORIENTED_EDGE('',*,*,#1236,.T.);
#2380 = ORIENTED_EDGE('',*,*,#2381,.T.);
#2381 = EDGE_CURVE('',#1239,#1331,#2382,.T.);
#2382 = CIRCLE('',#2383,1.999999970198E-02);
#2383 = AXIS2_PLACEMENT_3D('',#2384,#2385,#2386);
#2384 = CARTESIAN_POINT('',(-1.349999979883,-1.169999982566,
    0.529999991879));
#2385 = DIRECTION('',(1.,-0.,0.));
#2386 = DIRECTION('',(0.,0.,-1.));
#2387 = ORIENTED_EDGE('',*,*,#1338,.T.);
#2388 = ORIENTED_EDGE('',*,*,#2345,.F.);
#2389 = CYLINDRICAL_SURFACE('',#2390,1.999999970198E-02);
#2390 = AXIS2_PLACEMENT_3D('',#2391,#2392,#2393);
#2391 = CARTESIAN_POINT('',(-1.499999977648,-1.169999982566,
    0.529999991879));
#2392 = DIRECTION('',(1.,0.,0.));
#2393 = DIRECTION('',(0.,0.,-1.));
#2394 = ADVANCED_FACE('',(#2395),#2407,.F.);
#2395 = FACE_BOUND('',#2396,.F.);
#2396 = EDGE_LOOP('',(#2397,#2398,#2405,#2406));
#2397 = ORIENTED_EDGE('',*,*,#1458,.T.);
#2398 = ORIENTED_EDGE('',*,*,#2399,.T.);
#2399 = EDGE_CURVE('',#1433,#1247,#2400,.T.);
#2400 = CIRCLE('',#2401,1.999999970198E-02);
#2401 = AXIS2_PLACEMENT_3D('',#2402,#2403,#2404);
#2402 = CARTESIAN_POINT('',(-1.51999997735,-0.999999985099,
    0.529999991879));
#2403 = DIRECTION('',(0.,1.,0.));
#2404 = DIRECTION('',(0.,-0.,1.));
#2405 = ORIENTED_EDGE('',*,*,#1255,.T.);
#2406 = ORIENTED_EDGE('',*,*,#2363,.F.);
#2407 = CYLINDRICAL_SURFACE('',#2408,1.999999970198E-02);
#2408 = AXIS2_PLACEMENT_3D('',#2409,#2410,#2411);
#2409 = CARTESIAN_POINT('',(-1.51999997735,1.149999982864,0.529999991879
    ));
#2410 = DIRECTION('',(0.,-1.,0.));
#2411 = DIRECTION('',(0.,0.,-1.));
#2412 = ADVANCED_FACE('',(#2413),#2419,.F.);
#2413 = FACE_BOUND('',#2414,.F.);
#2414 = EDGE_LOOP('',(#2415,#2416,#2417,#2418));
#2415 = ORIENTED_EDGE('',*,*,#1246,.T.);
#2416 = ORIENTED_EDGE('',*,*,#2399,.F.);
#2417 = ORIENTED_EDGE('',*,*,#1699,.T.);
#2418 = ORIENTED_EDGE('',*,*,#2381,.F.);
#2419 = TOROIDAL_SURFACE('',#2420,0.169999997467,1.999999970198E-02);
#2420 = AXIS2_PLACEMENT_3D('',#2421,#2422,#2423);
#2421 = CARTESIAN_POINT('',(-1.349999979883,-0.999999985099,
    0.529999991879));
#2422 = DIRECTION('',(0.,0.,1.));
#2423 = DIRECTION('',(1.,0.,-0.));
#2424 = ADVANCED_FACE('',(#2425),#2455,.F.);
#2425 = FACE_BOUND('',#2426,.F.);
#2426 = EDGE_LOOP('',(#2427,#2428,#2429,#2430,#2431,#2439,#2448,#2454));
#2427 = ORIENTED_EDGE('',*,*,#1176,.T.);
#2428 = ORIENTED_EDGE('',*,*,#1226,.F.);
#2429 = ORIENTED_EDGE('',*,*,#1200,.T.);
#2430 = ORIENTED_EDGE('',*,*,#383,.T.);
#2431 = ORIENTED_EDGE('',*,*,#2432,.F.);
#2432 = EDGE_CURVE('',#2433,#384,#2435,.T.);
#2433 = VERTEX_POINT('',#2434);
#2434 = CARTESIAN_POINT('',(-1.450313091136,-1.240313094265,
    0.209999996647));
#2435 = LINE('',#2436,#2437);
#2436 = CARTESIAN_POINT('',(-1.450313091136,-1.240313094265,
    9.999999627471E-03));
#2437 = VECTOR('',#2438,1.);
#2438 = DIRECTION('',(0.,0.,-1.));
#2439 = ORIENTED_EDGE('',*,*,#2440,.T.);
#2440 = EDGE_CURVE('',#2433,#2441,#2443,.T.);
#2441 = VERTEX_POINT('',#2442);
#2442 = CARTESIAN_POINT('',(-1.59031308905,-1.100313096352,
    0.209999996647));
#2443 = CIRCLE('',#2444,0.149999997765);
#2444 = AXIS2_PLACEMENT_3D('',#2445,#2446,#2447);
#2445 = CARTESIAN_POINT('',(-1.599999976158,-1.249999981374,
    0.209999996647));
#2446 = DIRECTION('',(0.,0.,1.));
#2447 = DIRECTION('',(-1.,0.,0.));
#2448 = ORIENTED_EDGE('',*,*,#2449,.F.);
#2449 = EDGE_CURVE('',#433,#2441,#2450,.T.);
#2450 = LINE('',#2451,#2452);
#2451 = CARTESIAN_POINT('',(-1.59031308905,-1.100313096352,
    9.999999627471E-03));
#2452 = VECTOR('',#2453,1.);
#2453 = DIRECTION('',(0.,0.,1.));
#2454 = ORIENTED_EDGE('',*,*,#440,.T.);
#2455 = CYLINDRICAL_SURFACE('',#2456,0.149999997765);
#2456 = AXIS2_PLACEMENT_3D('',#2457,#2458,#2459);
#2457 = CARTESIAN_POINT('',(-1.599999976158,-1.249999981374,
    9.999999627471E-03));
#2458 = DIRECTION('',(0.,0.,1.));
#2459 = DIRECTION('',(1.,0.,-0.));
#2460 = ADVANCED_FACE('',(#2461),#2491,.F.);
#2461 = FACE_BOUND('',#2462,.F.);
#2462 = EDGE_LOOP('',(#2463,#2464,#2465,#2466,#2467,#2475,#2484,#2490));
#2463 = ORIENTED_EDGE('',*,*,#1128,.T.);
#2464 = ORIENTED_EDGE('',*,*,#1216,.F.);
#2465 = ORIENTED_EDGE('',*,*,#1150,.T.);
#2466 = ORIENTED_EDGE('',*,*,#531,.T.);
#2467 = ORIENTED_EDGE('',*,*,#2468,.F.);
#2468 = EDGE_CURVE('',#2469,#532,#2471,.T.);
#2469 = VERTEX_POINT('',#2470);
#2470 = CARTESIAN_POINT('',(1.450313091136,1.240313094265,0.209999996647
    ));
#2471 = LINE('',#2472,#2473);
#2472 = CARTESIAN_POINT('',(1.450313091136,1.240313094265,
    9.999999627471E-03));
#2473 = VECTOR('',#2474,1.);
#2474 = DIRECTION('',(0.,0.,-1.));
#2475 = ORIENTED_EDGE('',*,*,#2476,.T.);
#2476 = EDGE_CURVE('',#2469,#2477,#2479,.T.);
#2477 = VERTEX_POINT('',#2478);
#2478 = CARTESIAN_POINT('',(1.59031308905,1.100313096352,0.209999996647)
  );
#2479 = CIRCLE('',#2480,0.149999997765);
#2480 = AXIS2_PLACEMENT_3D('',#2481,#2482,#2483);
#2481 = CARTESIAN_POINT('',(1.599999976158,1.249999981374,0.209999996647
    ));
#2482 = DIRECTION('',(0.,0.,1.));
#2483 = DIRECTION('',(-1.,0.,0.));
#2484 = ORIENTED_EDGE('',*,*,#2485,.F.);
#2485 = EDGE_CURVE('',#581,#2477,#2486,.T.);
#2486 = LINE('',#2487,#2488);
#2487 = CARTESIAN_POINT('',(1.59031308905,1.100313096352,
    9.999999627471E-03));
#2488 = VECTOR('',#2489,1.);
#2489 = DIRECTION('',(0.,0.,1.));
#2490 = ORIENTED_EDGE('',*,*,#588,.T.);
#2491 = CYLINDRICAL_SURFACE('',#2492,0.149999997765);
#2492 = AXIS2_PLACEMENT_3D('',#2493,#2494,#2495);
#2493 = CARTESIAN_POINT('',(1.599999976158,1.249999981374,
    9.999999627471E-03));
#2494 = DIRECTION('',(0.,0.,1.));
#2495 = DIRECTION('',(1.,0.,-0.));
#2496 = ADVANCED_FACE('',(#2497),#2509,.F.);
#2497 = FACE_BOUND('',#2498,.F.);
#2498 = EDGE_LOOP('',(#2499,#2500,#2501,#2508));
#2499 = ORIENTED_EDGE('',*,*,#1910,.F.);
#2500 = ORIENTED_EDGE('',*,*,#62,.F.);
#2501 = ORIENTED_EDGE('',*,*,#2502,.T.);
#2502 = EDGE_CURVE('',#63,#82,#2503,.T.);
#2503 = CIRCLE('',#2504,9.457773630147E-02);
#2504 = AXIS2_PLACEMENT_3D('',#2505,#2506,#2507);
#2505 = CARTESIAN_POINT('',(-1.18372170871,-0.841173975135,
    0.708999989212));
#2506 = DIRECTION('',(0.,0.,1.));
#2507 = DIRECTION('',(1.,0.,-0.));
#2508 = ORIENTED_EDGE('',*,*,#81,.T.);
#2509 = CYLINDRICAL_SURFACE('',#2510,9.457773630147E-02);
#2510 = AXIS2_PLACEMENT_3D('',#2511,#2512,#2513);
#2511 = CARTESIAN_POINT('',(-1.18372170871,-0.841173975135,
    0.708999989212));
#2512 = DIRECTION('',(0.,0.,1.));
#2513 = DIRECTION('',(1.,0.,-0.));
#2514 = ADVANCED_FACE('',(#2515),#2519,.T.);
#2515 = FACE_BOUND('',#2516,.T.);
#2516 = EDGE_LOOP('',(#2517,#2518));
#2517 = ORIENTED_EDGE('',*,*,#2502,.T.);
#2518 = ORIENTED_EDGE('',*,*,#89,.T.);
#2519 = PLANE('',#2520);
#2520 = AXIS2_PLACEMENT_3D('',#2521,#2522,#2523);
#2521 = CARTESIAN_POINT('',(-1.18372170871,-0.841173975135,
    0.708999989212));
#2522 = DIRECTION('',(0.,0.,1.));
#2523 = DIRECTION('',(1.,0.,-0.));
#2524 = ADVANCED_FACE('',(#2525),#2550,.F.);
#2525 = FACE_BOUND('',#2526,.T.);
#2526 = EDGE_LOOP('',(#2527,#2528,#2536,#2544));
#2527 = ORIENTED_EDGE('',*,*,#408,.T.);
#2528 = ORIENTED_EDGE('',*,*,#2529,.F.);
#2529 = EDGE_CURVE('',#2530,#401,#2532,.T.);
#2530 = VERTEX_POINT('',#2531);
#2531 = CARTESIAN_POINT('',(-0.449999993294,-1.099999983609,
    -2.235174146464E-10));
#2532 = LINE('',#2533,#2534);
#2533 = CARTESIAN_POINT('',(-0.449999993294,-1.099999983609,
    -2.235174146464E-10));
#2534 = VECTOR('',#2535,1.);
#2535 = DIRECTION('',(0.,0.,1.));
#2536 = ORIENTED_EDGE('',*,*,#2537,.F.);
#2537 = EDGE_CURVE('',#2538,#2530,#2540,.T.);
#2538 = VERTEX_POINT('',#2539);
#2539 = CARTESIAN_POINT('',(-0.449999993294,-0.349999994785,
    -2.235174146464E-10));
#2540 = LINE('',#2541,#2542);
#2541 = CARTESIAN_POINT('',(-0.449999993294,-1.099999983609,
    -2.235174146464E-10));
#2542 = VECTOR('',#2543,1.);
#2543 = DIRECTION('',(-1.445602896647E-16,-1.,-0.));
#2544 = ORIENTED_EDGE('',*,*,#2545,.T.);
#2545 = EDGE_CURVE('',#2538,#409,#2546,.T.);
#2546 = LINE('',#2547,#2548);
#2547 = CARTESIAN_POINT('',(-0.449999993294,-0.349999994785,
    -2.235174146464E-10));
#2548 = VECTOR('',#2549,1.);
#2549 = DIRECTION('',(0.,0.,1.));
#2550 = PLANE('',#2551);
#2551 = AXIS2_PLACEMENT_3D('',#2552,#2553,#2554);
#2552 = CARTESIAN_POINT('',(-0.449999993294,-1.099999983609,
    -2.235174146464E-10));
#2553 = DIRECTION('',(-1.,1.445602896647E-16,0.));
#2554 = DIRECTION('',(-1.445602896647E-16,-1.,0.));
#2555 = ADVANCED_FACE('',(#2556),#2574,.F.);
#2556 = FACE_BOUND('',#2557,.T.);
#2557 = EDGE_LOOP('',(#2558,#2559,#2567,#2573));
#2558 = ORIENTED_EDGE('',*,*,#400,.T.);
#2559 = ORIENTED_EDGE('',*,*,#2560,.T.);
#2560 = EDGE_CURVE('',#393,#2561,#2563,.T.);
#2561 = VERTEX_POINT('',#2562);
#2562 = CARTESIAN_POINT('',(-1.309999980479,-1.099999983609,
    -2.235174146464E-10));
#2563 = LINE('',#2564,#2565);
#2564 = CARTESIAN_POINT('',(-1.309999980479,-1.099999983609,
    0.209999996647));
#2565 = VECTOR('',#2566,1.);
#2566 = DIRECTION('',(0.,0.,-1.));
#2567 = ORIENTED_EDGE('',*,*,#2568,.F.);
#2568 = EDGE_CURVE('',#2530,#2561,#2569,.T.);
#2569 = LINE('',#2570,#2571);
#2570 = CARTESIAN_POINT('',(-1.449999978393,-1.099999983609,
    -2.235174146464E-10));
#2571 = VECTOR('',#2572,1.);
#2572 = DIRECTION('',(-1.,2.168404344971E-16,0.));
#2573 = ORIENTED_EDGE('',*,*,#2529,.T.);
#2574 = PLANE('',#2575);
#2575 = AXIS2_PLACEMENT_3D('',#2576,#2577,#2578);
#2576 = CARTESIAN_POINT('',(-1.449999978393,-1.099999983609,
    -2.235174146464E-10));
#2577 = DIRECTION('',(2.168404344971E-16,1.,0.));
#2578 = DIRECTION('',(-1.,2.168404344971E-16,0.));
#2579 = ADVANCED_FACE('',(#2580),#2605,.F.);
#2580 = FACE_BOUND('',#2581,.T.);
#2581 = EDGE_LOOP('',(#2582,#2592,#2598,#2599));
#2582 = ORIENTED_EDGE('',*,*,#2583,.F.);
#2583 = EDGE_CURVE('',#2584,#2586,#2588,.T.);
#2584 = VERTEX_POINT('',#2585);
#2585 = CARTESIAN_POINT('',(-1.449999978393,-0.959999985695,
    -2.235174146464E-10));
#2586 = VERTEX_POINT('',#2587);
#2587 = CARTESIAN_POINT('',(-1.449999978393,-0.349999994785,
    -2.235174146464E-10));
#2588 = LINE('',#2589,#2590);
#2589 = CARTESIAN_POINT('',(-1.449999978393,-1.099999983609,
    -2.235174146464E-10));
#2590 = VECTOR('',#2591,1.);
#2591 = DIRECTION('',(0.,1.,0.));
#2592 = ORIENTED_EDGE('',*,*,#2593,.F.);
#2593 = EDGE_CURVE('',#425,#2584,#2594,.T.);
#2594 = LINE('',#2595,#2596);
#2595 = CARTESIAN_POINT('',(-1.449999978393,-0.959999985695,
    0.209999996647));
#2596 = VECTOR('',#2597,1.);
#2597 = DIRECTION('',(0.,0.,-1.));
#2598 = ORIENTED_EDGE('',*,*,#424,.T.);
#2599 = ORIENTED_EDGE('',*,*,#2600,.F.);
#2600 = EDGE_CURVE('',#2586,#417,#2601,.T.);
#2601 = LINE('',#2602,#2603);
#2602 = CARTESIAN_POINT('',(-1.449999978393,-0.349999994785,
    -2.235174146464E-10));
#2603 = VECTOR('',#2604,1.);
#2604 = DIRECTION('',(0.,0.,1.));
#2605 = PLANE('',#2606);
#2606 = AXIS2_PLACEMENT_3D('',#2607,#2608,#2609);
#2607 = CARTESIAN_POINT('',(-1.449999978393,-1.099999983609,
    -2.235174146464E-10));
#2608 = DIRECTION('',(1.,0.,0.));
#2609 = DIRECTION('',(0.,0.,-1.));
#2610 = ADVANCED_FACE('',(#2611),#2622,.F.);
#2611 = FACE_BOUND('',#2612,.T.);
#2612 = EDGE_LOOP('',(#2613,#2614,#2615,#2621));
#2613 = ORIENTED_EDGE('',*,*,#416,.T.);
#2614 = ORIENTED_EDGE('',*,*,#2545,.F.);
#2615 = ORIENTED_EDGE('',*,*,#2616,.F.);
#2616 = EDGE_CURVE('',#2586,#2538,#2617,.T.);
#2617 = LINE('',#2618,#2619);
#2618 = CARTESIAN_POINT('',(-1.449999978393,-0.349999994785,
    -2.235174146464E-10));
#2619 = VECTOR('',#2620,1.);
#2620 = DIRECTION('',(1.,-1.084202172486E-16,0.));
#2621 = ORIENTED_EDGE('',*,*,#2600,.T.);
#2622 = PLANE('',#2623);
#2623 = AXIS2_PLACEMENT_3D('',#2624,#2625,#2626);
#2624 = CARTESIAN_POINT('',(-1.449999978393,-0.349999994785,
    -2.235174146464E-10));
#2625 = DIRECTION('',(-1.084202172486E-16,-1.,0.));
#2626 = DIRECTION('',(1.,-1.084202172486E-16,0.));
#2627 = ADVANCED_FACE('',(#2628),#2657,.T.);
#2628 = FACE_BOUND('',#2629,.T.);
#2629 = EDGE_LOOP('',(#2630,#2631,#2639,#2648,#2654,#2655,#2656));
#2630 = ORIENTED_EDGE('',*,*,#2568,.T.);
#2631 = ORIENTED_EDGE('',*,*,#2632,.T.);
#2632 = EDGE_CURVE('',#2561,#2633,#2635,.T.);
#2633 = VERTEX_POINT('',#2634);
#2634 = CARTESIAN_POINT('',(-1.459999978244,-1.249999981374,
    -2.235174146464E-10));
#2635 = LINE('',#2636,#2637);
#2636 = CARTESIAN_POINT('',(-1.459999978244,-1.249999981374,
    -2.235174146464E-10));
#2637 = VECTOR('',#2638,1.);
#2638 = DIRECTION('',(-0.707106781187,-0.707106781187,-0.));
#2639 = ORIENTED_EDGE('',*,*,#2640,.T.);
#2640 = EDGE_CURVE('',#2633,#2641,#2643,.T.);
#2641 = VERTEX_POINT('',#2642);
#2642 = CARTESIAN_POINT('',(-1.599999976158,-1.10999998346,
    -2.235174146464E-10));
#2643 = CIRCLE('',#2644,0.139999997914);
#2644 = AXIS2_PLACEMENT_3D('',#2645,#2646,#2647);
#2645 = CARTESIAN_POINT('',(-1.599999976158,-1.249999981374,
    -2.235174146464E-10));
#2646 = DIRECTION('',(0.,0.,1.));
#2647 = DIRECTION('',(-1.,0.,0.));
#2648 = ORIENTED_EDGE('',*,*,#2649,.T.);
#2649 = EDGE_CURVE('',#2641,#2584,#2650,.T.);
#2650 = LINE('',#2651,#2652);
#2651 = CARTESIAN_POINT('',(-1.599999976158,-1.10999998346,
    -2.235174146464E-10));
#2652 = VECTOR('',#2653,1.);
#2653 = DIRECTION('',(0.707106781187,0.707106781187,0.));
#2654 = ORIENTED_EDGE('',*,*,#2583,.T.);
#2655 = ORIENTED_EDGE('',*,*,#2616,.T.);
#2656 = ORIENTED_EDGE('',*,*,#2537,.T.);
#2657 = PLANE('',#2658);
#2658 = AXIS2_PLACEMENT_3D('',#2659,#2660,#2661);
#2659 = CARTESIAN_POINT('',(0.,0.,-2.235174146464E-10));
#2660 = DIRECTION('',(0.,0.,-1.));
#2661 = DIRECTION('',(-1.,0.,0.));
#2662 = ADVANCED_FACE('',(#2663),#2681,.F.);
#2663 = FACE_BOUND('',#2664,.T.);
#2664 = EDGE_LOOP('',(#2665,#2666,#2674,#2680));
#2665 = ORIENTED_EDGE('',*,*,#646,.T.);
#2666 = ORIENTED_EDGE('',*,*,#2667,.F.);
#2667 = EDGE_CURVE('',#2668,#639,#2670,.T.);
#2668 = VERTEX_POINT('',#2669);
#2669 = CARTESIAN_POINT('',(0.449999993294,-0.549999991804,
    -2.235174146464E-10));
#2670 = LINE('',#2671,#2672);
#2671 = CARTESIAN_POINT('',(0.449999993294,-0.549999991804,
    -2.235174146464E-10));
#2672 = VECTOR('',#2673,1.);
#2673 = DIRECTION('',(0.,0.,1.));
#2674 = ORIENTED_EDGE('',*,*,#2675,.F.);
#2675 = EDGE_CURVE('',#979,#2668,#2676,.T.);
#2676 = LINE('',#2677,#2678);
#2677 = CARTESIAN_POINT('',(0.449999993294,-1.099999983609,
    -2.235174146464E-10));
#2678 = VECTOR('',#2679,1.);
#2679 = DIRECTION('',(-1.971276677246E-16,1.,0.));
#2680 = ORIENTED_EDGE('',*,*,#978,.T.);
#2681 = PLANE('',#2682);
#2682 = AXIS2_PLACEMENT_3D('',#2683,#2684,#2685);
#2683 = CARTESIAN_POINT('',(0.449999993294,-1.099999983609,
    -2.235174146464E-10));
#2684 = DIRECTION('',(1.,1.971276677246E-16,0.));
#2685 = DIRECTION('',(-1.971276677246E-16,1.,0.));
#2686 = ADVANCED_FACE('',(#2687),#2705,.F.);
#2687 = FACE_BOUND('',#2688,.T.);
#2688 = EDGE_LOOP('',(#2689,#2690,#2698,#2704));
#2689 = ORIENTED_EDGE('',*,*,#638,.T.);
#2690 = ORIENTED_EDGE('',*,*,#2691,.F.);
#2691 = EDGE_CURVE('',#2692,#631,#2694,.T.);
#2692 = VERTEX_POINT('',#2693);
#2693 = CARTESIAN_POINT('',(0.649999990314,-0.349999994785,
    -2.235174146464E-10));
#2694 = LINE('',#2695,#2696);
#2695 = CARTESIAN_POINT('',(0.649999990314,-0.349999994785,
    -2.235174146464E-10));
#2696 = VECTOR('',#2697,1.);
#2697 = DIRECTION('',(0.,0.,1.));
#2698 = ORIENTED_EDGE('',*,*,#2699,.F.);
#2699 = EDGE_CURVE('',#2668,#2692,#2700,.T.);
#2700 = LINE('',#2701,#2702);
#2701 = CARTESIAN_POINT('',(0.649999990314,-0.349999994785,
    -2.235174146464E-10));
#2702 = VECTOR('',#2703,1.);
#2703 = DIRECTION('',(0.707106781187,0.707106781187,0.));
#2704 = ORIENTED_EDGE('',*,*,#2667,.T.);
#2705 = PLANE('',#2706);
#2706 = AXIS2_PLACEMENT_3D('',#2707,#2708,#2709);
#2707 = CARTESIAN_POINT('',(0.649999990314,-0.349999994785,
    -2.235174146464E-10));
#2708 = DIRECTION('',(0.707106781187,-0.707106781187,0.));
#2709 = DIRECTION('',(0.707106781187,0.707106781187,0.));
#2710 = ADVANCED_FACE('',(#2711),#2722,.F.);
#2711 = FACE_BOUND('',#2712,.T.);
#2712 = EDGE_LOOP('',(#2713,#2714,#2715,#2721));
#2713 = ORIENTED_EDGE('',*,*,#630,.T.);
#2714 = ORIENTED_EDGE('',*,*,#954,.F.);
#2715 = ORIENTED_EDGE('',*,*,#2716,.F.);
#2716 = EDGE_CURVE('',#2692,#947,#2717,.T.);
#2717 = LINE('',#2718,#2719);
#2718 = CARTESIAN_POINT('',(1.449999978393,-0.349999994785,
    -2.235174146464E-10));
#2719 = VECTOR('',#2720,1.);
#2720 = DIRECTION('',(1.,2.03287907341E-16,0.));
#2721 = ORIENTED_EDGE('',*,*,#2691,.T.);
#2722 = PLANE('',#2723);
#2723 = AXIS2_PLACEMENT_3D('',#2724,#2725,#2726);
#2724 = CARTESIAN_POINT('',(1.449999978393,-0.349999994785,
    -2.235174146464E-10));
#2725 = DIRECTION('',(2.03287907341E-16,-1.,0.));
#2726 = DIRECTION('',(1.,2.03287907341E-16,0.));
#2727 = ADVANCED_FACE('',(#2728),#2758,.F.);
#2728 = FACE_BOUND('',#2729,.T.);
#2729 = EDGE_LOOP('',(#2730,#2738,#2739,#2740,#2741,#2742,#2743,#2751));
#2730 = ORIENTED_EDGE('',*,*,#2731,.F.);
#2731 = EDGE_CURVE('',#970,#2732,#2734,.T.);
#2732 = VERTEX_POINT('',#2733);
#2733 = CARTESIAN_POINT('',(1.459999978244,-1.249999981374,
    -2.235174146464E-10));
#2734 = LINE('',#2735,#2736);
#2735 = CARTESIAN_POINT('',(1.459999978244,-1.249999981374,
    -2.235174146464E-10));
#2736 = VECTOR('',#2737,1.);
#2737 = DIRECTION('',(0.707106781187,-0.707106781187,0.));
#2738 = ORIENTED_EDGE('',*,*,#986,.T.);
#2739 = ORIENTED_EDGE('',*,*,#2675,.T.);
#2740 = ORIENTED_EDGE('',*,*,#2699,.T.);
#2741 = ORIENTED_EDGE('',*,*,#2716,.T.);
#2742 = ORIENTED_EDGE('',*,*,#946,.T.);
#2743 = ORIENTED_EDGE('',*,*,#2744,.F.);
#2744 = EDGE_CURVE('',#2745,#939,#2747,.T.);
#2745 = VERTEX_POINT('',#2746);
#2746 = CARTESIAN_POINT('',(1.599999976158,-1.10999998346,
    -2.235174146464E-10));
#2747 = LINE('',#2748,#2749);
#2748 = CARTESIAN_POINT('',(1.599999976158,-1.10999998346,
    -2.235174146464E-10));
#2749 = VECTOR('',#2750,1.);
#2750 = DIRECTION('',(-0.707106781187,0.707106781187,0.));
#2751 = ORIENTED_EDGE('',*,*,#2752,.F.);
#2752 = EDGE_CURVE('',#2732,#2745,#2753,.T.);
#2753 = CIRCLE('',#2754,0.139999997914);
#2754 = AXIS2_PLACEMENT_3D('',#2755,#2756,#2757);
#2755 = CARTESIAN_POINT('',(1.599999976158,-1.249999981374,
    -2.235174146464E-10));
#2756 = DIRECTION('',(0.,0.,-1.));
#2757 = DIRECTION('',(1.,0.,0.));
#2758 = PLANE('',#2759);
#2759 = AXIS2_PLACEMENT_3D('',#2760,#2761,#2762);
#2760 = CARTESIAN_POINT('',(0.,0.,-2.235174146464E-10));
#2761 = DIRECTION('',(0.,0.,1.));
#2762 = DIRECTION('',(1.,0.,-0.));
#2763 = ADVANCED_FACE('',(#2764),#2789,.F.);
#2764 = FACE_BOUND('',#2765,.T.);
#2765 = EDGE_LOOP('',(#2766,#2767,#2775,#2783));
#2766 = ORIENTED_EDGE('',*,*,#548,.T.);
#2767 = ORIENTED_EDGE('',*,*,#2768,.T.);
#2768 = EDGE_CURVE('',#541,#2769,#2771,.T.);
#2769 = VERTEX_POINT('',#2770);
#2770 = CARTESIAN_POINT('',(1.309999980479,1.099999983609,
    -2.235174146464E-10));
#2771 = LINE('',#2772,#2773);
#2772 = CARTESIAN_POINT('',(1.309999980479,1.099999983609,0.209999996647
    ));
#2773 = VECTOR('',#2774,1.);
#2774 = DIRECTION('',(0.,0.,-1.));
#2775 = ORIENTED_EDGE('',*,*,#2776,.F.);
#2776 = EDGE_CURVE('',#2777,#2769,#2779,.T.);
#2777 = VERTEX_POINT('',#2778);
#2778 = CARTESIAN_POINT('',(0.449999993294,1.099999983609,
    -2.235174146464E-10));
#2779 = LINE('',#2780,#2781);
#2780 = CARTESIAN_POINT('',(1.449999978393,1.099999983609,
    -2.235174146464E-10));
#2781 = VECTOR('',#2782,1.);
#2782 = DIRECTION('',(1.,-6.505213034913E-16,0.));
#2783 = ORIENTED_EDGE('',*,*,#2784,.T.);
#2784 = EDGE_CURVE('',#2777,#549,#2785,.T.);
#2785 = LINE('',#2786,#2787);
#2786 = CARTESIAN_POINT('',(0.449999993294,1.099999983609,
    -2.235174146464E-10));
#2787 = VECTOR('',#2788,1.);
#2788 = DIRECTION('',(0.,0.,1.));
#2789 = PLANE('',#2790);
#2790 = AXIS2_PLACEMENT_3D('',#2791,#2792,#2793);
#2791 = CARTESIAN_POINT('',(1.449999978393,1.099999983609,
    -2.235174146464E-10));
#2792 = DIRECTION('',(-6.505213034913E-16,-1.,0.));
#2793 = DIRECTION('',(1.,-6.505213034913E-16,0.));
#2794 = ADVANCED_FACE('',(#2795),#2820,.F.);
#2795 = FACE_BOUND('',#2796,.T.);
#2796 = EDGE_LOOP('',(#2797,#2807,#2813,#2814));
#2797 = ORIENTED_EDGE('',*,*,#2798,.F.);
#2798 = EDGE_CURVE('',#2799,#2801,#2803,.T.);
#2799 = VERTEX_POINT('',#2800);
#2800 = CARTESIAN_POINT('',(1.449999978393,0.959999985695,
    -2.235174146464E-10));
#2801 = VERTEX_POINT('',#2802);
#2802 = CARTESIAN_POINT('',(1.449999978393,0.349999994785,
    -2.235174146464E-10));
#2803 = LINE('',#2804,#2805);
#2804 = CARTESIAN_POINT('',(1.449999978393,1.099999983609,
    -2.235174146464E-10));
#2805 = VECTOR('',#2806,1.);
#2806 = DIRECTION('',(-2.891205793295E-16,-1.,0.));
#2807 = ORIENTED_EDGE('',*,*,#2808,.F.);
#2808 = EDGE_CURVE('',#573,#2799,#2809,.T.);
#2809 = LINE('',#2810,#2811);
#2810 = CARTESIAN_POINT('',(1.449999978393,0.959999985695,0.209999996647
    ));
#2811 = VECTOR('',#2812,1.);
#2812 = DIRECTION('',(0.,0.,-1.));
#2813 = ORIENTED_EDGE('',*,*,#572,.T.);
#2814 = ORIENTED_EDGE('',*,*,#2815,.F.);
#2815 = EDGE_CURVE('',#2801,#565,#2816,.T.);
#2816 = LINE('',#2817,#2818);
#2817 = CARTESIAN_POINT('',(1.449999978393,0.349999994785,
    -2.235174146464E-10));
#2818 = VECTOR('',#2819,1.);
#2819 = DIRECTION('',(0.,0.,1.));
#2820 = PLANE('',#2821);
#2821 = AXIS2_PLACEMENT_3D('',#2822,#2823,#2824);
#2822 = CARTESIAN_POINT('',(1.449999978393,1.099999983609,
    -2.235174146464E-10));
#2823 = DIRECTION('',(-1.,2.891205793295E-16,0.));
#2824 = DIRECTION('',(-2.891205793295E-16,-1.,0.));
#2825 = ADVANCED_FACE('',(#2826),#2844,.F.);
#2826 = FACE_BOUND('',#2827,.T.);
#2827 = EDGE_LOOP('',(#2828,#2829,#2837,#2843));
#2828 = ORIENTED_EDGE('',*,*,#564,.T.);
#2829 = ORIENTED_EDGE('',*,*,#2830,.F.);
#2830 = EDGE_CURVE('',#2831,#557,#2833,.T.);
#2831 = VERTEX_POINT('',#2832);
#2832 = CARTESIAN_POINT('',(0.449999993294,0.349999994785,
    -2.235174146464E-10));
#2833 = LINE('',#2834,#2835);
#2834 = CARTESIAN_POINT('',(0.449999993294,0.349999994785,
    -2.235174146464E-10));
#2835 = VECTOR('',#2836,1.);
#2836 = DIRECTION('',(0.,0.,1.));
#2837 = ORIENTED_EDGE('',*,*,#2838,.F.);
#2838 = EDGE_CURVE('',#2801,#2831,#2839,.T.);
#2839 = LINE('',#2840,#2841);
#2840 = CARTESIAN_POINT('',(1.449999978393,0.349999994785,
    -2.235174146464E-10));
#2841 = VECTOR('',#2842,1.);
#2842 = DIRECTION('',(-1.,3.252606517457E-16,0.));
#2843 = ORIENTED_EDGE('',*,*,#2815,.T.);
#2844 = PLANE('',#2845);
#2845 = AXIS2_PLACEMENT_3D('',#2846,#2847,#2848);
#2846 = CARTESIAN_POINT('',(1.449999978393,0.349999994785,
    -2.235174146464E-10));
#2847 = DIRECTION('',(3.252606517457E-16,1.,0.));
#2848 = DIRECTION('',(-1.,3.252606517457E-16,0.));
#2849 = ADVANCED_FACE('',(#2850),#2861,.F.);
#2850 = FACE_BOUND('',#2851,.T.);
#2851 = EDGE_LOOP('',(#2852,#2853,#2854,#2860));
#2852 = ORIENTED_EDGE('',*,*,#556,.T.);
#2853 = ORIENTED_EDGE('',*,*,#2784,.F.);
#2854 = ORIENTED_EDGE('',*,*,#2855,.F.);
#2855 = EDGE_CURVE('',#2831,#2777,#2856,.T.);
#2856 = LINE('',#2857,#2858);
#2857 = CARTESIAN_POINT('',(0.449999993294,1.099999983609,
    -2.235174146464E-10));
#2858 = VECTOR('',#2859,1.);
#2859 = DIRECTION('',(3.614007241618E-16,1.,0.));
#2860 = ORIENTED_EDGE('',*,*,#2830,.T.);
#2861 = PLANE('',#2862);
#2862 = AXIS2_PLACEMENT_3D('',#2863,#2864,#2865);
#2863 = CARTESIAN_POINT('',(0.449999993294,1.099999983609,
    -2.235174146464E-10));
#2864 = DIRECTION('',(1.,-3.614007241618E-16,0.));
#2865 = DIRECTION('',(3.614007241618E-16,1.,0.));
#2866 = ADVANCED_FACE('',(#2867),#2896,.F.);
#2867 = FACE_BOUND('',#2868,.T.);
#2868 = EDGE_LOOP('',(#2869,#2870,#2878,#2887,#2893,#2894,#2895));
#2869 = ORIENTED_EDGE('',*,*,#2776,.T.);
#2870 = ORIENTED_EDGE('',*,*,#2871,.T.);
#2871 = EDGE_CURVE('',#2769,#2872,#2874,.T.);
#2872 = VERTEX_POINT('',#2873);
#2873 = CARTESIAN_POINT('',(1.459999978244,1.249999981374,
    -2.235174146464E-10));
#2874 = LINE('',#2875,#2876);
#2875 = CARTESIAN_POINT('',(1.459999978244,1.249999981374,
    -2.235174146464E-10));
#2876 = VECTOR('',#2877,1.);
#2877 = DIRECTION('',(0.707106781187,0.707106781187,0.));
#2878 = ORIENTED_EDGE('',*,*,#2879,.T.);
#2879 = EDGE_CURVE('',#2872,#2880,#2882,.T.);
#2880 = VERTEX_POINT('',#2881);
#2881 = CARTESIAN_POINT('',(1.599999976158,1.10999998346,
    -2.235174146464E-10));
#2882 = CIRCLE('',#2883,0.139999997914);
#2883 = AXIS2_PLACEMENT_3D('',#2884,#2885,#2886);
#2884 = CARTESIAN_POINT('',(1.599999976158,1.249999981374,
    -2.235174146464E-10));
#2885 = DIRECTION('',(0.,0.,1.));
#2886 = DIRECTION('',(1.,0.,-0.));
#2887 = ORIENTED_EDGE('',*,*,#2888,.T.);
#2888 = EDGE_CURVE('',#2880,#2799,#2889,.T.);
#2889 = LINE('',#2890,#2891);
#2890 = CARTESIAN_POINT('',(1.599999976158,1.10999998346,
    -2.235174146464E-10));
#2891 = VECTOR('',#2892,1.);
#2892 = DIRECTION('',(-0.707106781187,-0.707106781187,0.));
#2893 = ORIENTED_EDGE('',*,*,#2798,.T.);
#2894 = ORIENTED_EDGE('',*,*,#2838,.T.);
#2895 = ORIENTED_EDGE('',*,*,#2855,.T.);
#2896 = PLANE('',#2897);
#2897 = AXIS2_PLACEMENT_3D('',#2898,#2899,#2900);
#2898 = CARTESIAN_POINT('',(0.,0.,-2.235174146464E-10));
#2899 = DIRECTION('',(0.,0.,1.));
#2900 = DIRECTION('',(1.,0.,-0.));
#2901 = ADVANCED_FACE('',(#2902),#2920,.F.);
#2902 = FACE_BOUND('',#2903,.T.);
#2903 = EDGE_LOOP('',(#2904,#2905,#2913,#2919));
#2904 = ORIENTED_EDGE('',*,*,#490,.T.);
#2905 = ORIENTED_EDGE('',*,*,#2906,.F.);
#2906 = EDGE_CURVE('',#2907,#483,#2909,.T.);
#2907 = VERTEX_POINT('',#2908);
#2908 = CARTESIAN_POINT('',(-0.449999993294,0.349999994785,
    -2.235174146464E-10));
#2909 = LINE('',#2910,#2911);
#2910 = CARTESIAN_POINT('',(-0.449999993294,0.349999994785,
    -2.235174146464E-10));
#2911 = VECTOR('',#2912,1.);
#2912 = DIRECTION('',(0.,0.,1.));
#2913 = ORIENTED_EDGE('',*,*,#2914,.F.);
#2914 = EDGE_CURVE('',#1097,#2907,#2915,.T.);
#2915 = LINE('',#2916,#2917);
#2916 = CARTESIAN_POINT('',(-0.449999993294,1.099999983609,
    -2.235174146464E-10));
#2917 = VECTOR('',#2918,1.);
#2918 = DIRECTION('',(6.505213034913E-16,-1.,0.));
#2919 = ORIENTED_EDGE('',*,*,#1096,.T.);
#2920 = PLANE('',#2921);
#2921 = AXIS2_PLACEMENT_3D('',#2922,#2923,#2924);
#2922 = CARTESIAN_POINT('',(-0.449999993294,1.099999983609,
    -2.235174146464E-10));
#2923 = DIRECTION('',(-1.,-6.505213034913E-16,0.));
#2924 = DIRECTION('',(6.505213034913E-16,-1.,0.));
#2925 = ADVANCED_FACE('',(#2926),#2937,.F.);
#2926 = FACE_BOUND('',#2927,.T.);
#2927 = EDGE_LOOP('',(#2928,#2929,#2930,#2936));
#2928 = ORIENTED_EDGE('',*,*,#482,.T.);
#2929 = ORIENTED_EDGE('',*,*,#1072,.F.);
#2930 = ORIENTED_EDGE('',*,*,#2931,.F.);
#2931 = EDGE_CURVE('',#2907,#1065,#2932,.T.);
#2932 = LINE('',#2933,#2934);
#2933 = CARTESIAN_POINT('',(-1.449999978393,0.349999994785,
    -2.235174146464E-10));
#2934 = VECTOR('',#2935,1.);
#2935 = DIRECTION('',(-1.,-5.421010862428E-16,-0.));
#2936 = ORIENTED_EDGE('',*,*,#2906,.T.);
#2937 = PLANE('',#2938);
#2938 = AXIS2_PLACEMENT_3D('',#2939,#2940,#2941);
#2939 = CARTESIAN_POINT('',(-1.449999978393,0.349999994785,
    -2.235174146464E-10));
#2940 = DIRECTION('',(-5.421010862428E-16,1.,0.));
#2941 = DIRECTION('',(-1.,-5.421010862428E-16,0.));
#2942 = ADVANCED_FACE('',(#2943),#2972,.F.);
#2943 = FACE_BOUND('',#2944,.T.);
#2944 = EDGE_LOOP('',(#2945,#2953,#2954,#2955,#2956,#2957,#2965));
#2945 = ORIENTED_EDGE('',*,*,#2946,.F.);
#2946 = EDGE_CURVE('',#1088,#2947,#2949,.T.);
#2947 = VERTEX_POINT('',#2948);
#2948 = CARTESIAN_POINT('',(-1.459999978244,1.249999981374,
    -2.235174146464E-10));
#2949 = LINE('',#2950,#2951);
#2950 = CARTESIAN_POINT('',(-1.459999978244,1.249999981374,
    -2.235174146464E-10));
#2951 = VECTOR('',#2952,1.);
#2952 = DIRECTION('',(-0.707106781187,0.707106781187,0.));
#2953 = ORIENTED_EDGE('',*,*,#1104,.T.);
#2954 = ORIENTED_EDGE('',*,*,#2914,.T.);
#2955 = ORIENTED_EDGE('',*,*,#2931,.T.);
#2956 = ORIENTED_EDGE('',*,*,#1064,.T.);
#2957 = ORIENTED_EDGE('',*,*,#2958,.F.);
#2958 = EDGE_CURVE('',#2959,#1057,#2961,.T.);
#2959 = VERTEX_POINT('',#2960);
#2960 = CARTESIAN_POINT('',(-1.599999976158,1.10999998346,
    -2.235174146464E-10));
#2961 = LINE('',#2962,#2963);
#2962 = CARTESIAN_POINT('',(-1.599999976158,1.10999998346,
    -2.235174146464E-10));
#2963 = VECTOR('',#2964,1.);
#2964 = DIRECTION('',(0.707106781187,-0.707106781187,0.));
#2965 = ORIENTED_EDGE('',*,*,#2966,.F.);
#2966 = EDGE_CURVE('',#2947,#2959,#2967,.T.);
#2967 = CIRCLE('',#2968,0.139999997914);
#2968 = AXIS2_PLACEMENT_3D('',#2969,#2970,#2971);
#2969 = CARTESIAN_POINT('',(-1.599999976158,1.249999981374,
    -2.235174146464E-10));
#2970 = DIRECTION('',(0.,0.,-1.));
#2971 = DIRECTION('',(-1.,0.,0.));
#2972 = PLANE('',#2973);
#2973 = AXIS2_PLACEMENT_3D('',#2974,#2975,#2976);
#2974 = CARTESIAN_POINT('',(0.,0.,-2.235174146464E-10));
#2975 = DIRECTION('',(0.,0.,1.));
#2976 = DIRECTION('',(1.,0.,-0.));
#2977 = ADVANCED_FACE('',(#2978),#3004,.F.);
#2978 = FACE_BOUND('',#2979,.T.);
#2979 = EDGE_LOOP('',(#2980,#2988,#2989,#2997));
#2980 = ORIENTED_EDGE('',*,*,#2981,.F.);
#2981 = EDGE_CURVE('',#2433,#2982,#2984,.T.);
#2982 = VERTEX_POINT('',#2983);
#2983 = CARTESIAN_POINT('',(-1.459999978244,-1.249999981374,
    0.209999996647));
#2984 = LINE('',#2985,#2986);
#2985 = CARTESIAN_POINT('',(-1.459999978244,-1.249999981374,
    0.209999996647));
#2986 = VECTOR('',#2987,1.);
#2987 = DIRECTION('',(-0.707106781187,-0.707106781187,-0.));
#2988 = ORIENTED_EDGE('',*,*,#2440,.T.);
#2989 = ORIENTED_EDGE('',*,*,#2990,.F.);
#2990 = EDGE_CURVE('',#2991,#2441,#2993,.T.);
#2991 = VERTEX_POINT('',#2992);
#2992 = CARTESIAN_POINT('',(-1.599999976158,-1.10999998346,
    0.209999996647));
#2993 = LINE('',#2994,#2995);
#2994 = CARTESIAN_POINT('',(-1.599999976158,-1.10999998346,
    0.209999996647));
#2995 = VECTOR('',#2996,1.);
#2996 = DIRECTION('',(0.707106781187,0.707106781187,0.));
#2997 = ORIENTED_EDGE('',*,*,#2998,.F.);
#2998 = EDGE_CURVE('',#2982,#2991,#2999,.T.);
#2999 = CIRCLE('',#3000,0.139999997914);
#3000 = AXIS2_PLACEMENT_3D('',#3001,#3002,#3003);
#3001 = CARTESIAN_POINT('',(-1.599999976158,-1.249999981374,
    0.209999996647));
#3002 = DIRECTION('',(0.,0.,1.));
#3003 = DIRECTION('',(-1.,0.,0.));
#3004 = PLANE('',#3005);
#3005 = AXIS2_PLACEMENT_3D('',#3006,#3007,#3008);
#3006 = CARTESIAN_POINT('',(-1.599999976158,-1.249999981374,
    0.209999996647));
#3007 = DIRECTION('',(0.,0.,-1.));
#3008 = DIRECTION('',(-1.,0.,0.));
#3009 = ADVANCED_FACE('',(#3010),#3023,.T.);
#3010 = FACE_BOUND('',#3011,.T.);
#3011 = EDGE_LOOP('',(#3012,#3013,#3014,#3015,#3021,#3022));
#3012 = ORIENTED_EDGE('',*,*,#392,.F.);
#3013 = ORIENTED_EDGE('',*,*,#2432,.F.);
#3014 = ORIENTED_EDGE('',*,*,#2981,.T.);
#3015 = ORIENTED_EDGE('',*,*,#3016,.T.);
#3016 = EDGE_CURVE('',#2982,#2633,#3017,.T.);
#3017 = LINE('',#3018,#3019);
#3018 = CARTESIAN_POINT('',(-1.459999978244,-1.249999981374,
    0.209999996647));
#3019 = VECTOR('',#3020,1.);
#3020 = DIRECTION('',(0.,0.,-1.));
#3021 = ORIENTED_EDGE('',*,*,#2632,.F.);
#3022 = ORIENTED_EDGE('',*,*,#2560,.F.);
#3023 = PLANE('',#3024);
#3024 = AXIS2_PLACEMENT_3D('',#3025,#3026,#3027);
#3025 = CARTESIAN_POINT('',(-1.459999978244,-1.249999981374,
    0.209999996647));
#3026 = DIRECTION('',(0.707106781187,-0.707106781187,0.));
#3027 = DIRECTION('',(0.707106781187,0.707106781187,0.));
#3028 = ADVANCED_FACE('',(#3029),#3042,.T.);
#3029 = FACE_BOUND('',#3030,.T.);
#3030 = EDGE_LOOP('',(#3031,#3032,#3033,#3034,#3040,#3041));
#3031 = ORIENTED_EDGE('',*,*,#432,.F.);
#3032 = ORIENTED_EDGE('',*,*,#2593,.T.);
#3033 = ORIENTED_EDGE('',*,*,#2649,.F.);
#3034 = ORIENTED_EDGE('',*,*,#3035,.F.);
#3035 = EDGE_CURVE('',#2991,#2641,#3036,.T.);
#3036 = LINE('',#3037,#3038);
#3037 = CARTESIAN_POINT('',(-1.599999976158,-1.10999998346,
    0.209999996647));
#3038 = VECTOR('',#3039,1.);
#3039 = DIRECTION('',(0.,0.,-1.));
#3040 = ORIENTED_EDGE('',*,*,#2990,.T.);
#3041 = ORIENTED_EDGE('',*,*,#2449,.F.);
#3042 = PLANE('',#3043);
#3043 = AXIS2_PLACEMENT_3D('',#3044,#3045,#3046);
#3044 = CARTESIAN_POINT('',(-1.599999976158,-1.10999998346,
    0.209999996647));
#3045 = DIRECTION('',(-0.707106781187,0.707106781187,0.));
#3046 = DIRECTION('',(-0.707106781187,-0.707106781187,0.));
#3047 = ADVANCED_FACE('',(#3048),#3054,.F.);
#3048 = FACE_BOUND('',#3049,.F.);
#3049 = EDGE_LOOP('',(#3050,#3051,#3052,#3053));
#3050 = ORIENTED_EDGE('',*,*,#2998,.F.);
#3051 = ORIENTED_EDGE('',*,*,#3016,.T.);
#3052 = ORIENTED_EDGE('',*,*,#2640,.T.);
#3053 = ORIENTED_EDGE('',*,*,#3035,.F.);
#3054 = CYLINDRICAL_SURFACE('',#3055,0.139999997914);
#3055 = AXIS2_PLACEMENT_3D('',#3056,#3057,#3058);
#3056 = CARTESIAN_POINT('',(-1.599999976158,-1.249999981374,
    0.209999996647));
#3057 = DIRECTION('',(0.,0.,-1.));
#3058 = DIRECTION('',(-1.,0.,0.));
#3059 = ADVANCED_FACE('',(#3060),#3086,.F.);
#3060 = FACE_BOUND('',#3061,.T.);
#3061 = EDGE_LOOP('',(#3062,#3070,#3071,#3079));
#3062 = ORIENTED_EDGE('',*,*,#3063,.T.);
#3063 = EDGE_CURVE('',#3064,#1026,#3066,.T.);
#3064 = VERTEX_POINT('',#3065);
#3065 = CARTESIAN_POINT('',(-1.599999976158,1.10999998346,0.209999996647
    ));
#3066 = LINE('',#3067,#3068);
#3067 = CARTESIAN_POINT('',(-1.599999976158,1.10999998346,0.209999996647
    ));
#3068 = VECTOR('',#3069,1.);
#3069 = DIRECTION('',(0.707106781187,-0.707106781187,0.));
#3070 = ORIENTED_EDGE('',*,*,#1033,.T.);
#3071 = ORIENTED_EDGE('',*,*,#3072,.T.);
#3072 = EDGE_CURVE('',#1034,#3073,#3075,.T.);
#3073 = VERTEX_POINT('',#3074);
#3074 = CARTESIAN_POINT('',(-1.459999978244,1.249999981374,
    0.209999996647));
#3075 = LINE('',#3076,#3077);
#3076 = CARTESIAN_POINT('',(-1.459999978244,1.249999981374,
    0.209999996647));
#3077 = VECTOR('',#3078,1.);
#3078 = DIRECTION('',(-0.707106781187,0.707106781187,0.));
#3079 = ORIENTED_EDGE('',*,*,#3080,.T.);
#3080 = EDGE_CURVE('',#3073,#3064,#3081,.T.);
#3081 = CIRCLE('',#3082,0.139999997914);
#3082 = AXIS2_PLACEMENT_3D('',#3083,#3084,#3085);
#3083 = CARTESIAN_POINT('',(-1.599999976158,1.249999981374,
    0.209999996647));
#3084 = DIRECTION('',(0.,0.,-1.));
#3085 = DIRECTION('',(-1.,0.,0.));
#3086 = PLANE('',#3087);
#3087 = AXIS2_PLACEMENT_3D('',#3088,#3089,#3090);
#3088 = CARTESIAN_POINT('',(-1.599999976158,1.249999981374,
    0.209999996647));
#3089 = DIRECTION('',(0.,0.,-1.));
#3090 = DIRECTION('',(-1.,0.,0.));
#3091 = ADVANCED_FACE('',(#3092),#3105,.F.);
#3092 = FACE_BOUND('',#3093,.T.);
#3093 = EDGE_LOOP('',(#3094,#3095,#3096,#3097,#3098,#3104));
#3094 = ORIENTED_EDGE('',*,*,#1056,.F.);
#3095 = ORIENTED_EDGE('',*,*,#466,.T.);
#3096 = ORIENTED_EDGE('',*,*,#1025,.T.);
#3097 = ORIENTED_EDGE('',*,*,#3063,.F.);
#3098 = ORIENTED_EDGE('',*,*,#3099,.T.);
#3099 = EDGE_CURVE('',#3064,#2959,#3100,.T.);
#3100 = LINE('',#3101,#3102);
#3101 = CARTESIAN_POINT('',(-1.599999976158,1.10999998346,0.209999996647
    ));
#3102 = VECTOR('',#3103,1.);
#3103 = DIRECTION('',(0.,0.,-1.));
#3104 = ORIENTED_EDGE('',*,*,#2958,.T.);
#3105 = PLANE('',#3106);
#3106 = AXIS2_PLACEMENT_3D('',#3107,#3108,#3109);
#3107 = CARTESIAN_POINT('',(-1.599999976158,1.10999998346,0.209999996647
    ));
#3108 = DIRECTION('',(0.707106781187,0.707106781187,0.));
#3109 = DIRECTION('',(-0.707106781187,0.707106781187,0.));
#3110 = ADVANCED_FACE('',(#3111),#3124,.F.);
#3111 = FACE_BOUND('',#3112,.T.);
#3112 = EDGE_LOOP('',(#3113,#3114,#3115,#3116,#3117,#3123));
#3113 = ORIENTED_EDGE('',*,*,#1042,.T.);
#3114 = ORIENTED_EDGE('',*,*,#506,.T.);
#3115 = ORIENTED_EDGE('',*,*,#1087,.T.);
#3116 = ORIENTED_EDGE('',*,*,#2946,.T.);
#3117 = ORIENTED_EDGE('',*,*,#3118,.F.);
#3118 = EDGE_CURVE('',#3073,#2947,#3119,.T.);
#3119 = LINE('',#3120,#3121);
#3120 = CARTESIAN_POINT('',(-1.459999978244,1.249999981374,
    0.209999996647));
#3121 = VECTOR('',#3122,1.);
#3122 = DIRECTION('',(0.,0.,-1.));
#3123 = ORIENTED_EDGE('',*,*,#3072,.F.);
#3124 = PLANE('',#3125);
#3125 = AXIS2_PLACEMENT_3D('',#3126,#3127,#3128);
#3126 = CARTESIAN_POINT('',(-1.459999978244,1.249999981374,
    0.209999996647));
#3127 = DIRECTION('',(-0.707106781187,-0.707106781187,0.));
#3128 = DIRECTION('',(0.707106781187,-0.707106781187,0.));
#3129 = ADVANCED_FACE('',(#3130),#3136,.F.);
#3130 = FACE_BOUND('',#3131,.F.);
#3131 = EDGE_LOOP('',(#3132,#3133,#3134,#3135));
#3132 = ORIENTED_EDGE('',*,*,#3080,.T.);
#3133 = ORIENTED_EDGE('',*,*,#3099,.T.);
#3134 = ORIENTED_EDGE('',*,*,#2966,.F.);
#3135 = ORIENTED_EDGE('',*,*,#3118,.F.);
#3136 = CYLINDRICAL_SURFACE('',#3137,0.139999997914);
#3137 = AXIS2_PLACEMENT_3D('',#3138,#3139,#3140);
#3138 = CARTESIAN_POINT('',(-1.599999976158,1.249999981374,
    0.209999996647));
#3139 = DIRECTION('',(0.,0.,-1.));
#3140 = DIRECTION('',(-1.,0.,0.));
#3141 = ADVANCED_FACE('',(#3142),#3168,.F.);
#3142 = FACE_BOUND('',#3143,.T.);
#3143 = EDGE_LOOP('',(#3144,#3152,#3153,#3161));
#3144 = ORIENTED_EDGE('',*,*,#3145,.F.);
#3145 = EDGE_CURVE('',#2469,#3146,#3148,.T.);
#3146 = VERTEX_POINT('',#3147);
#3147 = CARTESIAN_POINT('',(1.459999978244,1.249999981374,0.209999996647
    ));
#3148 = LINE('',#3149,#3150);
#3149 = CARTESIAN_POINT('',(1.459999978244,1.249999981374,0.209999996647
    ));
#3150 = VECTOR('',#3151,1.);
#3151 = DIRECTION('',(0.707106781187,0.707106781187,0.));
#3152 = ORIENTED_EDGE('',*,*,#2476,.T.);
#3153 = ORIENTED_EDGE('',*,*,#3154,.F.);
#3154 = EDGE_CURVE('',#3155,#2477,#3157,.T.);
#3155 = VERTEX_POINT('',#3156);
#3156 = CARTESIAN_POINT('',(1.599999976158,1.10999998346,0.209999996647)
  );
#3157 = LINE('',#3158,#3159);
#3158 = CARTESIAN_POINT('',(1.599999976158,1.10999998346,0.209999996647)
  );
#3159 = VECTOR('',#3160,1.);
#3160 = DIRECTION('',(-0.707106781187,-0.707106781187,0.));
#3161 = ORIENTED_EDGE('',*,*,#3162,.F.);
#3162 = EDGE_CURVE('',#3146,#3155,#3163,.T.);
#3163 = CIRCLE('',#3164,0.139999997914);
#3164 = AXIS2_PLACEMENT_3D('',#3165,#3166,#3167);
#3165 = CARTESIAN_POINT('',(1.599999976158,1.249999981374,0.209999996647
    ));
#3166 = DIRECTION('',(0.,0.,1.));
#3167 = DIRECTION('',(1.,0.,-0.));
#3168 = PLANE('',#3169);
#3169 = AXIS2_PLACEMENT_3D('',#3170,#3171,#3172);
#3170 = CARTESIAN_POINT('',(1.599999976158,1.249999981374,0.209999996647
    ));
#3171 = DIRECTION('',(0.,0.,-1.));
#3172 = DIRECTION('',(1.,0.,0.));
#3173 = ADVANCED_FACE('',(#3174),#3187,.T.);
#3174 = FACE_BOUND('',#3175,.T.);
#3175 = EDGE_LOOP('',(#3176,#3177,#3178,#3179,#3185,#3186));
#3176 = ORIENTED_EDGE('',*,*,#540,.F.);
#3177 = ORIENTED_EDGE('',*,*,#2468,.F.);
#3178 = ORIENTED_EDGE('',*,*,#3145,.T.);
#3179 = ORIENTED_EDGE('',*,*,#3180,.T.);
#3180 = EDGE_CURVE('',#3146,#2872,#3181,.T.);
#3181 = LINE('',#3182,#3183);
#3182 = CARTESIAN_POINT('',(1.459999978244,1.249999981374,0.209999996647
    ));
#3183 = VECTOR('',#3184,1.);
#3184 = DIRECTION('',(0.,0.,-1.));
#3185 = ORIENTED_EDGE('',*,*,#2871,.F.);
#3186 = ORIENTED_EDGE('',*,*,#2768,.F.);
#3187 = PLANE('',#3188);
#3188 = AXIS2_PLACEMENT_3D('',#3189,#3190,#3191);
#3189 = CARTESIAN_POINT('',(1.459999978244,1.249999981374,0.209999996647
    ));
#3190 = DIRECTION('',(-0.707106781187,0.707106781187,0.));
#3191 = DIRECTION('',(-0.707106781187,-0.707106781187,0.));
#3192 = ADVANCED_FACE('',(#3193),#3206,.T.);
#3193 = FACE_BOUND('',#3194,.T.);
#3194 = EDGE_LOOP('',(#3195,#3196,#3197,#3198,#3204,#3205));
#3195 = ORIENTED_EDGE('',*,*,#580,.F.);
#3196 = ORIENTED_EDGE('',*,*,#2808,.T.);
#3197 = ORIENTED_EDGE('',*,*,#2888,.F.);
#3198 = ORIENTED_EDGE('',*,*,#3199,.F.);
#3199 = EDGE_CURVE('',#3155,#2880,#3200,.T.);
#3200 = LINE('',#3201,#3202);
#3201 = CARTESIAN_POINT('',(1.599999976158,1.10999998346,0.209999996647)
  );
#3202 = VECTOR('',#3203,1.);
#3203 = DIRECTION('',(0.,0.,-1.));
#3204 = ORIENTED_EDGE('',*,*,#3154,.T.);
#3205 = ORIENTED_EDGE('',*,*,#2485,.F.);
#3206 = PLANE('',#3207);
#3207 = AXIS2_PLACEMENT_3D('',#3208,#3209,#3210);
#3208 = CARTESIAN_POINT('',(1.599999976158,1.10999998346,0.209999996647)
  );
#3209 = DIRECTION('',(0.707106781187,-0.707106781187,0.));
#3210 = DIRECTION('',(0.707106781187,0.707106781187,0.));
#3211 = ADVANCED_FACE('',(#3212),#3218,.F.);
#3212 = FACE_BOUND('',#3213,.F.);
#3213 = EDGE_LOOP('',(#3214,#3215,#3216,#3217));
#3214 = ORIENTED_EDGE('',*,*,#3162,.F.);
#3215 = ORIENTED_EDGE('',*,*,#3180,.T.);
#3216 = ORIENTED_EDGE('',*,*,#2879,.T.);
#3217 = ORIENTED_EDGE('',*,*,#3199,.F.);
#3218 = CYLINDRICAL_SURFACE('',#3219,0.139999997914);
#3219 = AXIS2_PLACEMENT_3D('',#3220,#3221,#3222);
#3220 = CARTESIAN_POINT('',(1.599999976158,1.249999981374,0.209999996647
    ));
#3221 = DIRECTION('',(0.,0.,-1.));
#3222 = DIRECTION('',(-1.,0.,0.));
#3223 = ADVANCED_FACE('',(#3224),#3250,.F.);
#3224 = FACE_BOUND('',#3225,.T.);
#3225 = EDGE_LOOP('',(#3226,#3234,#3235,#3243));
#3226 = ORIENTED_EDGE('',*,*,#3227,.T.);
#3227 = EDGE_CURVE('',#3228,#908,#3230,.T.);
#3228 = VERTEX_POINT('',#3229);
#3229 = CARTESIAN_POINT('',(1.599999976158,-1.10999998346,0.209999996647
    ));
#3230 = LINE('',#3231,#3232);
#3231 = CARTESIAN_POINT('',(1.599999976158,-1.10999998346,0.209999996647
    ));
#3232 = VECTOR('',#3233,1.);
#3233 = DIRECTION('',(-0.707106781187,0.707106781187,0.));
#3234 = ORIENTED_EDGE('',*,*,#915,.T.);
#3235 = ORIENTED_EDGE('',*,*,#3236,.T.);
#3236 = EDGE_CURVE('',#916,#3237,#3239,.T.);
#3237 = VERTEX_POINT('',#3238);
#3238 = CARTESIAN_POINT('',(1.459999978244,-1.249999981374,
    0.209999996647));
#3239 = LINE('',#3240,#3241);
#3240 = CARTESIAN_POINT('',(1.459999978244,-1.249999981374,
    0.209999996647));
#3241 = VECTOR('',#3242,1.);
#3242 = DIRECTION('',(0.707106781187,-0.707106781187,0.));
#3243 = ORIENTED_EDGE('',*,*,#3244,.T.);
#3244 = EDGE_CURVE('',#3237,#3228,#3245,.T.);
#3245 = CIRCLE('',#3246,0.139999997914);
#3246 = AXIS2_PLACEMENT_3D('',#3247,#3248,#3249);
#3247 = CARTESIAN_POINT('',(1.599999976158,-1.249999981374,
    0.209999996647));
#3248 = DIRECTION('',(0.,0.,-1.));
#3249 = DIRECTION('',(1.,0.,0.));
#3250 = PLANE('',#3251);
#3251 = AXIS2_PLACEMENT_3D('',#3252,#3253,#3254);
#3252 = CARTESIAN_POINT('',(1.599999976158,-1.249999981374,
    0.209999996647));
#3253 = DIRECTION('',(0.,0.,-1.));
#3254 = DIRECTION('',(1.,0.,0.));
#3255 = ADVANCED_FACE('',(#3256),#3269,.F.);
#3256 = FACE_BOUND('',#3257,.T.);
#3257 = EDGE_LOOP('',(#3258,#3259,#3260,#3261,#3262,#3268));
#3258 = ORIENTED_EDGE('',*,*,#938,.F.);
#3259 = ORIENTED_EDGE('',*,*,#614,.T.);
#3260 = ORIENTED_EDGE('',*,*,#907,.T.);
#3261 = ORIENTED_EDGE('',*,*,#3227,.F.);
#3262 = ORIENTED_EDGE('',*,*,#3263,.T.);
#3263 = EDGE_CURVE('',#3228,#2745,#3264,.T.);
#3264 = LINE('',#3265,#3266);
#3265 = CARTESIAN_POINT('',(1.599999976158,-1.10999998346,0.209999996647
    ));
#3266 = VECTOR('',#3267,1.);
#3267 = DIRECTION('',(0.,0.,-1.));
#3268 = ORIENTED_EDGE('',*,*,#2744,.T.);
#3269 = PLANE('',#3270);
#3270 = AXIS2_PLACEMENT_3D('',#3271,#3272,#3273);
#3271 = CARTESIAN_POINT('',(1.599999976158,-1.10999998346,0.209999996647
    ));
#3272 = DIRECTION('',(-0.707106781187,-0.707106781187,0.));
#3273 = DIRECTION('',(0.707106781187,-0.707106781187,0.));
#3274 = ADVANCED_FACE('',(#3275),#3288,.F.);
#3275 = FACE_BOUND('',#3276,.T.);
#3276 = EDGE_LOOP('',(#3277,#3278,#3279,#3280,#3281,#3287));
#3277 = ORIENTED_EDGE('',*,*,#924,.T.);
#3278 = ORIENTED_EDGE('',*,*,#356,.T.);
#3279 = ORIENTED_EDGE('',*,*,#969,.T.);
#3280 = ORIENTED_EDGE('',*,*,#2731,.T.);
#3281 = ORIENTED_EDGE('',*,*,#3282,.F.);
#3282 = EDGE_CURVE('',#3237,#2732,#3283,.T.);
#3283 = LINE('',#3284,#3285);
#3284 = CARTESIAN_POINT('',(1.459999978244,-1.249999981374,
    0.209999996647));
#3285 = VECTOR('',#3286,1.);
#3286 = DIRECTION('',(0.,0.,-1.));
#3287 = ORIENTED_EDGE('',*,*,#3236,.F.);
#3288 = PLANE('',#3289);
#3289 = AXIS2_PLACEMENT_3D('',#3290,#3291,#3292);
#3290 = CARTESIAN_POINT('',(1.459999978244,-1.249999981374,
    0.209999996647));
#3291 = DIRECTION('',(0.707106781187,0.707106781187,0.));
#3292 = DIRECTION('',(-0.707106781187,0.707106781187,0.));
#3293 = ADVANCED_FACE('',(#3294),#3300,.F.);
#3294 = FACE_BOUND('',#3295,.F.);
#3295 = EDGE_LOOP('',(#3296,#3297,#3298,#3299));
#3296 = ORIENTED_EDGE('',*,*,#3244,.T.);
#3297 = ORIENTED_EDGE('',*,*,#3263,.T.);
#3298 = ORIENTED_EDGE('',*,*,#2752,.F.);
#3299 = ORIENTED_EDGE('',*,*,#3282,.F.);
#3300 = CYLINDRICAL_SURFACE('',#3301,0.139999997914);
#3301 = AXIS2_PLACEMENT_3D('',#3302,#3303,#3304);
#3302 = CARTESIAN_POINT('',(1.599999976158,-1.249999981374,
    0.209999996647));
#3303 = DIRECTION('',(0.,0.,-1.));
#3304 = DIRECTION('',(-1.,0.,0.));
#3305 = ADVANCED_FACE('',(#3306),#3331,.T.);
#3306 = FACE_BOUND('',#3307,.T.);
#3307 = EDGE_LOOP('',(#3308,#3309,#3317,#3325));
#3308 = ORIENTED_EDGE('',*,*,#662,.F.);
#3309 = ORIENTED_EDGE('',*,*,#3310,.F.);
#3310 = EDGE_CURVE('',#3311,#663,#3313,.T.);
#3311 = VERTEX_POINT('',#3312);
#3312 = CARTESIAN_POINT('',(-0.206465932738,4.608566397026E-02,
    1.099999961257E-02));
#3313 = LINE('',#3314,#3315);
#3314 = CARTESIAN_POINT('',(-0.206465932738,4.608566397026E-02,
    1.099999961257E-02));
#3315 = VECTOR('',#3316,1.);
#3316 = DIRECTION('',(-0.,-0.,-1.));
#3317 = ORIENTED_EDGE('',*,*,#3318,.T.);
#3318 = EDGE_CURVE('',#3311,#3319,#3321,.T.);
#3319 = VERTEX_POINT('',#3320);
#3320 = CARTESIAN_POINT('',(-0.2454903224,-5.391433453963E-02,
    1.099999961257E-02));
#3321 = LINE('',#3322,#3323);
#3322 = CARTESIAN_POINT('',(-0.206465932738,4.608566397026E-02,
    1.099999961257E-02));
#3323 = VECTOR('',#3324,1.);
#3324 = DIRECTION('',(-0.363542485653,-0.931577619485,0.));
#3325 = ORIENTED_EDGE('',*,*,#3326,.T.);
#3326 = EDGE_CURVE('',#3319,#665,#3327,.T.);
#3327 = LINE('',#3328,#3329);
#3328 = CARTESIAN_POINT('',(-0.2454903224,-5.391433453963E-02,
    1.099999961257E-02));
#3329 = VECTOR('',#3330,1.);
#3330 = DIRECTION('',(-0.,-0.,-1.));
#3331 = PLANE('',#3332);
#3332 = AXIS2_PLACEMENT_3D('',#3333,#3334,#3335);
#3333 = CARTESIAN_POINT('',(-0.206465932738,4.608566397026E-02,
    1.099999961257E-02));
#3334 = DIRECTION('',(0.931577619485,-0.363542485653,0.));
#3335 = DIRECTION('',(0.363542485653,0.931577619485,0.));
#3336 = ADVANCED_FACE('',(#3337),#3355,.T.);
#3337 = FACE_BOUND('',#3338,.T.);
#3338 = EDGE_LOOP('',(#3339,#3340,#3341,#3349));
#3339 = ORIENTED_EDGE('',*,*,#672,.F.);
#3340 = ORIENTED_EDGE('',*,*,#3326,.F.);
#3341 = ORIENTED_EDGE('',*,*,#3342,.T.);
#3342 = EDGE_CURVE('',#3319,#3343,#3345,.T.);
#3343 = VERTEX_POINT('',#3344);
#3344 = CARTESIAN_POINT('',(-0.230856176277,-5.391433453963E-02,
    1.099999961257E-02));
#3345 = LINE('',#3346,#3347);
#3346 = CARTESIAN_POINT('',(-0.2454903224,-5.391433453963E-02,
    1.099999961257E-02));
#3347 = VECTOR('',#3348,1.);
#3348 = DIRECTION('',(1.,0.,0.));
#3349 = ORIENTED_EDGE('',*,*,#3350,.T.);
#3350 = EDGE_CURVE('',#3343,#673,#3351,.T.);
#3351 = LINE('',#3352,#3353);
#3352 = CARTESIAN_POINT('',(-0.230856176277,-5.391433453963E-02,
    1.099999961257E-02));
#3353 = VECTOR('',#3354,1.);
#3354 = DIRECTION('',(-0.,-0.,-1.));
#3355 = PLANE('',#3356);
#3356 = AXIS2_PLACEMENT_3D('',#3357,#3358,#3359);
#3357 = CARTESIAN_POINT('',(-0.2454903224,-5.391433453963E-02,
    1.099999961257E-02));
#3358 = DIRECTION('',(0.,1.,0.));
#3359 = DIRECTION('',(0.,-0.,1.));
#3360 = ADVANCED_FACE('',(#3361),#3379,.T.);
#3361 = FACE_BOUND('',#3362,.T.);
#3362 = EDGE_LOOP('',(#3363,#3364,#3365,#3373));
#3363 = ORIENTED_EDGE('',*,*,#680,.F.);
#3364 = ORIENTED_EDGE('',*,*,#3350,.F.);
#3365 = ORIENTED_EDGE('',*,*,#3366,.T.);
#3366 = EDGE_CURVE('',#3343,#3367,#3369,.T.);
#3367 = VERTEX_POINT('',#3368);
#3368 = CARTESIAN_POINT('',(-0.220738036184,-2.586555446978E-02,
    1.099999961257E-02));
#3369 = LINE('',#3370,#3371);
#3370 = CARTESIAN_POINT('',(-0.230856176277,-5.391433453963E-02,
    1.099999961257E-02));
#3371 = VECTOR('',#3372,1.);
#3372 = DIRECTION('',(0.339330377275,0.940667260544,0.));
#3373 = ORIENTED_EDGE('',*,*,#3374,.T.);
#3374 = EDGE_CURVE('',#3367,#681,#3375,.T.);
#3375 = LINE('',#3376,#3377);
#3376 = CARTESIAN_POINT('',(-0.220738036184,-2.586555446978E-02,
    1.099999961257E-02));
#3377 = VECTOR('',#3378,1.);
#3378 = DIRECTION('',(-0.,-0.,-1.));
#3379 = PLANE('',#3380);
#3380 = AXIS2_PLACEMENT_3D('',#3381,#3382,#3383);
#3381 = CARTESIAN_POINT('',(-0.230856176277,-5.391433453963E-02,
    1.099999961257E-02));
#3382 = DIRECTION('',(-0.940667260544,0.339330377275,0.));
#3383 = DIRECTION('',(-0.339330377275,-0.940667260544,0.));
#3384 = ADVANCED_FACE('',(#3385),#3403,.T.);
#3385 = FACE_BOUND('',#3386,.T.);
#3386 = EDGE_LOOP('',(#3387,#3388,#3389,#3397));
#3387 = ORIENTED_EDGE('',*,*,#688,.F.);
#3388 = ORIENTED_EDGE('',*,*,#3374,.F.);
#3389 = ORIENTED_EDGE('',*,*,#3390,.T.);
#3390 = EDGE_CURVE('',#3367,#3391,#3393,.T.);
#3391 = VERTEX_POINT('',#3392);
#3392 = CARTESIAN_POINT('',(-0.179427061189,-2.586555446978E-02,
    1.099999961257E-02));
#3393 = LINE('',#3394,#3395);
#3394 = CARTESIAN_POINT('',(-0.220738036184,-2.586555446978E-02,
    1.099999961257E-02));
#3395 = VECTOR('',#3396,1.);
#3396 = DIRECTION('',(1.,0.,0.));
#3397 = ORIENTED_EDGE('',*,*,#3398,.T.);
#3398 = EDGE_CURVE('',#3391,#689,#3399,.T.);
#3399 = LINE('',#3400,#3401);
#3400 = CARTESIAN_POINT('',(-0.179427061189,-2.586555446978E-02,
    1.099999961257E-02));
#3401 = VECTOR('',#3402,1.);
#3402 = DIRECTION('',(-0.,-0.,-1.));
#3403 = PLANE('',#3404);
#3404 = AXIS2_PLACEMENT_3D('',#3405,#3406,#3407);
#3405 = CARTESIAN_POINT('',(-0.220738036184,-2.586555446978E-02,
    1.099999961257E-02));
#3406 = DIRECTION('',(0.,1.,0.));
#3407 = DIRECTION('',(0.,-0.,1.));
#3408 = ADVANCED_FACE('',(#3409),#3427,.T.);
#3409 = FACE_BOUND('',#3410,.T.);
#3410 = EDGE_LOOP('',(#3411,#3412,#3413,#3421));
#3411 = ORIENTED_EDGE('',*,*,#696,.F.);
#3412 = ORIENTED_EDGE('',*,*,#3398,.F.);
#3413 = ORIENTED_EDGE('',*,*,#3414,.T.);
#3414 = EDGE_CURVE('',#3391,#3415,#3417,.T.);
#3415 = VERTEX_POINT('',#3416);
#3416 = CARTESIAN_POINT('',(-0.169880567429,-5.391433453963E-02,
    1.099999961257E-02));
#3417 = LINE('',#3418,#3419);
#3418 = CARTESIAN_POINT('',(-0.179427061189,-2.586555446978E-02,
    1.099999961257E-02));
#3419 = VECTOR('',#3420,1.);
#3420 = DIRECTION('',(0.322202485606,-0.946670776072,0.));
#3421 = ORIENTED_EDGE('',*,*,#3422,.T.);
#3422 = EDGE_CURVE('',#3415,#697,#3423,.T.);
#3423 = LINE('',#3424,#3425);
#3424 = CARTESIAN_POINT('',(-0.169880567429,-5.391433453963E-02,
    1.099999961257E-02));
#3425 = VECTOR('',#3426,1.);
#3426 = DIRECTION('',(-0.,-0.,-1.));
#3427 = PLANE('',#3428);
#3428 = AXIS2_PLACEMENT_3D('',#3429,#3430,#3431);
#3429 = CARTESIAN_POINT('',(-0.179427061189,-2.586555446978E-02,
    1.099999961257E-02));
#3430 = DIRECTION('',(0.946670776072,0.322202485606,0.));
#3431 = DIRECTION('',(-0.322202485606,0.946670776072,0.));
#3432 = ADVANCED_FACE('',(#3433),#3451,.T.);
#3433 = FACE_BOUND('',#3434,.T.);
#3434 = EDGE_LOOP('',(#3435,#3436,#3437,#3445));
#3435 = ORIENTED_EDGE('',*,*,#704,.F.);
#3436 = ORIENTED_EDGE('',*,*,#3422,.F.);
#3437 = ORIENTED_EDGE('',*,*,#3438,.T.);
#3438 = EDGE_CURVE('',#3415,#3439,#3441,.T.);
#3439 = VERTEX_POINT('',#3440);
#3440 = CARTESIAN_POINT('',(-0.155246421306,-5.391433453963E-02,
    1.099999961257E-02));
#3441 = LINE('',#3442,#3443);
#3442 = CARTESIAN_POINT('',(-0.169880567429,-5.391433453963E-02,
    1.099999961257E-02));
#3443 = VECTOR('',#3444,1.);
#3444 = DIRECTION('',(1.,0.,0.));
#3445 = ORIENTED_EDGE('',*,*,#3446,.T.);
#3446 = EDGE_CURVE('',#3439,#705,#3447,.T.);
#3447 = LINE('',#3448,#3449);
#3448 = CARTESIAN_POINT('',(-0.155246421306,-5.391433453963E-02,
    1.099999961257E-02));
#3449 = VECTOR('',#3450,1.);
#3450 = DIRECTION('',(-0.,-0.,-1.));
#3451 = PLANE('',#3452);
#3452 = AXIS2_PLACEMENT_3D('',#3453,#3454,#3455);
#3453 = CARTESIAN_POINT('',(-0.169880567429,-5.391433453963E-02,
    1.099999961257E-02));
#3454 = DIRECTION('',(0.,1.,0.));
#3455 = DIRECTION('',(0.,-0.,1.));
#3456 = ADVANCED_FACE('',(#3457),#3475,.T.);
#3457 = FACE_BOUND('',#3458,.T.);
#3458 = EDGE_LOOP('',(#3459,#3460,#3461,#3469));
#3459 = ORIENTED_EDGE('',*,*,#712,.F.);
#3460 = ORIENTED_EDGE('',*,*,#3446,.F.);
#3461 = ORIENTED_EDGE('',*,*,#3462,.T.);
#3462 = EDGE_CURVE('',#3439,#3463,#3465,.T.);
#3463 = VERTEX_POINT('',#3464);
#3464 = CARTESIAN_POINT('',(-0.193051298791,4.608566397026E-02,
    1.099999961257E-02));
#3465 = LINE('',#3466,#3467);
#3466 = CARTESIAN_POINT('',(-0.155246421306,-5.391433453963E-02,
    1.099999961257E-02));
#3467 = VECTOR('',#3468,1.);
#3468 = DIRECTION('',(-0.353622392329,0.93538826358,0.));
#3469 = ORIENTED_EDGE('',*,*,#3470,.T.);
#3470 = EDGE_CURVE('',#3463,#713,#3471,.T.);
#3471 = LINE('',#3472,#3473);
#3472 = CARTESIAN_POINT('',(-0.193051298791,4.608566397026E-02,
    1.099999961257E-02));
#3473 = VECTOR('',#3474,1.);
#3474 = DIRECTION('',(-0.,-0.,-1.));
#3475 = PLANE('',#3476);
#3476 = AXIS2_PLACEMENT_3D('',#3477,#3478,#3479);
#3477 = CARTESIAN_POINT('',(-0.155246421306,-5.391433453963E-02,
    1.099999961257E-02));
#3478 = DIRECTION('',(-0.93538826358,-0.353622392329,0.));
#3479 = DIRECTION('',(0.353622392329,-0.93538826358,0.));
#3480 = ADVANCED_FACE('',(#3481),#3492,.T.);
#3481 = FACE_BOUND('',#3482,.T.);
#3482 = EDGE_LOOP('',(#3483,#3484,#3485,#3491));
#3483 = ORIENTED_EDGE('',*,*,#720,.F.);
#3484 = ORIENTED_EDGE('',*,*,#3470,.F.);
#3485 = ORIENTED_EDGE('',*,*,#3486,.T.);
#3486 = EDGE_CURVE('',#3463,#3311,#3487,.T.);
#3487 = LINE('',#3488,#3489);
#3488 = CARTESIAN_POINT('',(-0.193051298791,4.608566397026E-02,
    1.099999961257E-02));
#3489 = VECTOR('',#3490,1.);
#3490 = DIRECTION('',(-1.,0.,0.));
#3491 = ORIENTED_EDGE('',*,*,#3310,.T.);
#3492 = PLANE('',#3493);
#3493 = AXIS2_PLACEMENT_3D('',#3494,#3495,#3496);
#3494 = CARTESIAN_POINT('',(-0.193051298791,4.608566397026E-02,
    1.099999961257E-02));
#3495 = DIRECTION('',(0.,-1.,0.));
#3496 = DIRECTION('',(0.,0.,-1.));
#3497 = ADVANCED_FACE('',(#3498,#3556),#3566,.F.);
#3498 = FACE_BOUND('',#3499,.T.);
#3499 = EDGE_LOOP('',(#3500,#3510,#3518,#3530,#3538,#3550));
#3500 = ORIENTED_EDGE('',*,*,#3501,.F.);
#3501 = EDGE_CURVE('',#3502,#3504,#3506,.T.);
#3502 = VERTEX_POINT('',#3503);
#3503 = CARTESIAN_POINT('',(-0.182799774554,-1.488994487723E-02,
    1.099999961257E-02));
#3504 = VERTEX_POINT('',#3505);
#3505 = CARTESIAN_POINT('',(-0.216241085031,-1.488994487723E-02,
    1.099999961257E-02));
#3506 = LINE('',#3507,#3508);
#3507 = CARTESIAN_POINT('',(-0.182799774554,-1.488994487723E-02,
    1.099999961257E-02));
#3508 = VECTOR('',#3509,1.);
#3509 = DIRECTION('',(-1.,0.,0.));
#3510 = ORIENTED_EDGE('',*,*,#3511,.F.);
#3511 = EDGE_CURVE('',#3512,#3502,#3514,.T.);
#3512 = VERTEX_POINT('',#3513);
#3513 = CARTESIAN_POINT('',(-0.197719743844,2.68783471833E-02,
    1.099999961257E-02));
#3514 = LINE('',#3515,#3516);
#3515 = CARTESIAN_POINT('',(-0.197719743844,2.68783471833E-02,
    1.099999961257E-02));
#3516 = VECTOR('',#3517,1.);
#3517 = DIRECTION('',(0.336390827665,-0.941722470297,0.));
#3518 = ORIENTED_EDGE('',*,*,#3519,.F.);
#3519 = EDGE_CURVE('',#3520,#3512,#3522,.T.);
#3520 = VERTEX_POINT('',#3521);
#3521 = CARTESIAN_POINT('',(-0.199320353576,3.389054220076E-02,
    1.099999961257E-02));
#3522 = B_SPLINE_CURVE_WITH_KNOTS('',3,(#3523,#3524,#3525,#3526,#3527,
    #3528,#3529),.UNSPECIFIED.,.F.,.F.,(4,1,1,1,4),(0.,0.300541113159,
    0.567747146484,0.800033613737,1.),.UNSPECIFIED.);
#3523 = CARTESIAN_POINT('',(-0.199320353576,3.389054220076E-02,
    1.099999961257E-02));
#3524 = CARTESIAN_POINT('',(-0.19920374533,3.317845298255E-02,
    1.099999961257E-02));
#3525 = CARTESIAN_POINT('',(-0.198983462661,3.183325725398E-02,
    1.099999961257E-02));
#3526 = CARTESIAN_POINT('',(-0.198611613846,2.994835953634E-02,
    1.099999961257E-02));
#3527 = CARTESIAN_POINT('',(-0.198197599793,2.831937843828E-02,
    1.099999961257E-02));
#3528 = CARTESIAN_POINT('',(-0.197870886234,2.733413497718E-02,
    1.099999961257E-02));
#3529 = CARTESIAN_POINT('',(-0.197719743844,2.68783471833E-02,
    1.099999961257E-02));
#3530 = ORIENTED_EDGE('',*,*,#3531,.F.);
#3531 = EDGE_CURVE('',#3532,#3520,#3534,.T.);
#3532 = VERTEX_POINT('',#3533);
#3533 = CARTESIAN_POINT('',(-0.199644286498,3.389054220076E-02,
    1.099999961257E-02));
#3534 = LINE('',#3535,#3536);
#3535 = CARTESIAN_POINT('',(-0.199644286498,3.389054220076E-02,
    1.099999961257E-02));
#3536 = VECTOR('',#3537,1.);
#3537 = DIRECTION('',(1.,0.,0.));
#3538 = ORIENTED_EDGE('',*,*,#3539,.F.);
#3539 = EDGE_CURVE('',#3540,#3532,#3542,.T.);
#3540 = VERTEX_POINT('',#3541);
#3541 = CARTESIAN_POINT('',(-0.201187731597,2.68783471833E-02,
    1.099999961257E-02));
#3542 = B_SPLINE_CURVE_WITH_KNOTS('',3,(#3543,#3544,#3545,#3546,#3547,
    #3548,#3549),.UNSPECIFIED.,.F.,.F.,(4,1,1,1,4),(0.,0.174481715317,
    0.398285759128,0.673897847399,1.),.UNSPECIFIED.);
#3543 = CARTESIAN_POINT('',(-0.201187731597,2.68783471833E-02,
    1.099999961257E-02));
#3544 = CARTESIAN_POINT('',(-0.201062941086,2.727733062266E-02,
    1.099999961257E-02));
#3545 = CARTESIAN_POINT('',(-0.2007780844,2.818808176778E-02,
    1.099999961257E-02));
#3546 = CARTESIAN_POINT('',(-0.200404803609,2.975998770174E-02,
    1.099999961257E-02));
#3547 = CARTESIAN_POINT('',(-0.20003882522,3.170335287071E-02,
    1.099999961257E-02));
#3548 = CARTESIAN_POINT('',(-0.199782956096,3.312180481511E-02,
    1.099999961257E-02));
#3549 = CARTESIAN_POINT('',(-0.199644286498,3.389054220076E-02,
    1.099999961257E-02));
#3550 = ORIENTED_EDGE('',*,*,#3551,.F.);
#3551 = EDGE_CURVE('',#3504,#3540,#3552,.T.);
#3552 = LINE('',#3553,#3554);
#3553 = CARTESIAN_POINT('',(-0.216241085031,-1.488994487723E-02,
    1.099999961257E-02));
#3554 = VECTOR('',#3555,1.);
#3555 = DIRECTION('',(0.339053795485,0.940766986967,0.));
#3556 = FACE_BOUND('',#3557,.T.);
#3557 = EDGE_LOOP('',(#3558,#3559,#3560,#3561,#3562,#3563,#3564,#3565));
#3558 = ORIENTED_EDGE('',*,*,#3318,.F.);
#3559 = ORIENTED_EDGE('',*,*,#3486,.F.);
#3560 = ORIENTED_EDGE('',*,*,#3462,.F.);
#3561 = ORIENTED_EDGE('',*,*,#3438,.F.);
#3562 = ORIENTED_EDGE('',*,*,#3414,.F.);
#3563 = ORIENTED_EDGE('',*,*,#3390,.F.);
#3564 = ORIENTED_EDGE('',*,*,#3366,.F.);
#3565 = ORIENTED_EDGE('',*,*,#3342,.F.);
#3566 = PLANE('',#3567);
#3567 = AXIS2_PLACEMENT_3D('',#3568,#3569,#3570);
#3568 = CARTESIAN_POINT('',(0.,0.,1.099999961257E-02));
#3569 = DIRECTION('',(0.,0.,1.));
#3570 = DIRECTION('',(1.,0.,-0.));
#3571 = ADVANCED_FACE('',(#3572),#3597,.T.);
#3572 = FACE_BOUND('',#3573,.T.);
#3573 = EDGE_LOOP('',(#3574,#3584,#3590,#3591));
#3574 = ORIENTED_EDGE('',*,*,#3575,.F.);
#3575 = EDGE_CURVE('',#3576,#3578,#3580,.T.);
#3576 = VERTEX_POINT('',#3577);
#3577 = CARTESIAN_POINT('',(-0.182799774554,-1.488994487723E-02,
    9.999999627471E-03));
#3578 = VERTEX_POINT('',#3579);
#3579 = CARTESIAN_POINT('',(-0.216241085031,-1.488994487723E-02,
    9.999999627471E-03));
#3580 = LINE('',#3581,#3582);
#3581 = CARTESIAN_POINT('',(-0.182799774554,-1.488994487723E-02,
    9.999999627471E-03));
#3582 = VECTOR('',#3583,1.);
#3583 = DIRECTION('',(-1.,0.,0.));
#3584 = ORIENTED_EDGE('',*,*,#3585,.F.);
#3585 = EDGE_CURVE('',#3502,#3576,#3586,.T.);
#3586 = LINE('',#3587,#3588);
#3587 = CARTESIAN_POINT('',(-0.182799774554,-1.488994487723E-02,
    1.099999961257E-02));
#3588 = VECTOR('',#3589,1.);
#3589 = DIRECTION('',(-0.,-0.,-1.));
#3590 = ORIENTED_EDGE('',*,*,#3501,.T.);
#3591 = ORIENTED_EDGE('',*,*,#3592,.T.);
#3592 = EDGE_CURVE('',#3504,#3578,#3593,.T.);
#3593 = LINE('',#3594,#3595);
#3594 = CARTESIAN_POINT('',(-0.216241085031,-1.488994487723E-02,
    1.099999961257E-02));
#3595 = VECTOR('',#3596,1.);
#3596 = DIRECTION('',(-0.,-0.,-1.));
#3597 = PLANE('',#3598);
#3598 = AXIS2_PLACEMENT_3D('',#3599,#3600,#3601);
#3599 = CARTESIAN_POINT('',(-0.182799774554,-1.488994487723E-02,
    1.099999961257E-02));
#3600 = DIRECTION('',(0.,-1.,0.));
#3601 = DIRECTION('',(0.,0.,-1.));
#3602 = ADVANCED_FACE('',(#3603),#3621,.T.);
#3603 = FACE_BOUND('',#3604,.T.);
#3604 = EDGE_LOOP('',(#3605,#3613,#3619,#3620));
#3605 = ORIENTED_EDGE('',*,*,#3606,.F.);
#3606 = EDGE_CURVE('',#3607,#3576,#3609,.T.);
#3607 = VERTEX_POINT('',#3608);
#3608 = CARTESIAN_POINT('',(-0.197719743844,2.68783471833E-02,
    9.999999627471E-03));
#3609 = LINE('',#3610,#3611);
#3610 = CARTESIAN_POINT('',(-0.197719743844,2.68783471833E-02,
    9.999999627471E-03));
#3611 = VECTOR('',#3612,1.);
#3612 = DIRECTION('',(0.336390827665,-0.941722470297,0.));
#3613 = ORIENTED_EDGE('',*,*,#3614,.F.);
#3614 = EDGE_CURVE('',#3512,#3607,#3615,.T.);
#3615 = LINE('',#3616,#3617);
#3616 = CARTESIAN_POINT('',(-0.197719743844,2.68783471833E-02,
    1.099999961257E-02));
#3617 = VECTOR('',#3618,1.);
#3618 = DIRECTION('',(-0.,-0.,-1.));
#3619 = ORIENTED_EDGE('',*,*,#3511,.T.);
#3620 = ORIENTED_EDGE('',*,*,#3585,.T.);
#3621 = PLANE('',#3622);
#3622 = AXIS2_PLACEMENT_3D('',#3623,#3624,#3625);
#3623 = CARTESIAN_POINT('',(-0.197719743844,2.68783471833E-02,
    1.099999961257E-02));
#3624 = DIRECTION('',(0.941722470297,0.336390827665,0.));
#3625 = DIRECTION('',(-0.336390827665,0.941722470297,0.));
#3626 = ADVANCED_FACE('',(#3627),#3649,.T.);
#3627 = FACE_BOUND('',#3628,.T.);
#3628 = EDGE_LOOP('',(#3629,#3641,#3647,#3648));
#3629 = ORIENTED_EDGE('',*,*,#3630,.F.);
#3630 = EDGE_CURVE('',#3631,#3607,#3633,.T.);
#3631 = VERTEX_POINT('',#3632);
#3632 = CARTESIAN_POINT('',(-0.199320353576,3.389054220076E-02,
    9.999999627471E-03));
#3633 = B_SPLINE_CURVE_WITH_KNOTS('',3,(#3634,#3635,#3636,#3637,#3638,
    #3639,#3640),.UNSPECIFIED.,.F.,.F.,(4,1,1,1,4),(0.,0.300541113159,
    0.567747146484,0.800033613737,1.),.UNSPECIFIED.);
#3634 = CARTESIAN_POINT('',(-0.199320353576,3.389054220076E-02,
    9.999999627471E-03));
#3635 = CARTESIAN_POINT('',(-0.19920374533,3.317845298255E-02,
    9.999999627471E-03));
#3636 = CARTESIAN_POINT('',(-0.198983462661,3.183325725398E-02,
    9.999999627471E-03));
#3637 = CARTESIAN_POINT('',(-0.198611613846,2.994835953634E-02,
    9.999999627471E-03));
#3638 = CARTESIAN_POINT('',(-0.198197599793,2.831937843828E-02,
    9.999999627471E-03));
#3639 = CARTESIAN_POINT('',(-0.197870886234,2.733413497718E-02,
    9.999999627471E-03));
#3640 = CARTESIAN_POINT('',(-0.197719743844,2.68783471833E-02,
    9.999999627471E-03));
#3641 = ORIENTED_EDGE('',*,*,#3642,.F.);
#3642 = EDGE_CURVE('',#3520,#3631,#3643,.T.);
#3643 = LINE('',#3644,#3645);
#3644 = CARTESIAN_POINT('',(-0.199320353576,3.389054220076E-02,
    1.099999961257E-02));
#3645 = VECTOR('',#3646,1.);
#3646 = DIRECTION('',(-0.,-0.,-1.));
#3647 = ORIENTED_EDGE('',*,*,#3519,.T.);
#3648 = ORIENTED_EDGE('',*,*,#3614,.T.);
#3649 = B_SPLINE_SURFACE_WITH_KNOTS('',3,1,(
    (#3650,#3651)
    ,(#3652,#3653)
    ,(#3654,#3655)
    ,(#3656,#3657)
    ,(#3658,#3659)
    ,(#3660,#3661)
    ,(#3662,#3663
    )),.UNSPECIFIED.,.F.,.F.,.F.,(4,1,1,1,4),(2,2),(0.,0.300541113159,
    0.567747146484,0.800033613737,1.),(0.,1.),.UNSPECIFIED.);
#3650 = CARTESIAN_POINT('',(-0.199320353576,3.389054220076E-02,
    1.099999961257E-02));
#3651 = CARTESIAN_POINT('',(-0.199320353576,3.389054220076E-02,
    9.999999627471E-03));
#3652 = CARTESIAN_POINT('',(-0.19920374533,3.317845298255E-02,
    1.099999961257E-02));
#3653 = CARTESIAN_POINT('',(-0.19920374533,3.317845298255E-02,
    9.999999627471E-03));
#3654 = CARTESIAN_POINT('',(-0.198983462661,3.183325725398E-02,
    1.099999961257E-02));
#3655 = CARTESIAN_POINT('',(-0.198983462661,3.183325725398E-02,
    9.999999627471E-03));
#3656 = CARTESIAN_POINT('',(-0.198611613846,2.994835953634E-02,
    1.099999961257E-02));
#3657 = CARTESIAN_POINT('',(-0.198611613846,2.994835953634E-02,
    9.999999627471E-03));
#3658 = CARTESIAN_POINT('',(-0.198197599793,2.831937843828E-02,
    1.099999961257E-02));
#3659 = CARTESIAN_POINT('',(-0.198197599793,2.831937843828E-02,
    9.999999627471E-03));
#3660 = CARTESIAN_POINT('',(-0.197870886234,2.733413497718E-02,
    1.099999961257E-02));
#3661 = CARTESIAN_POINT('',(-0.197870886234,2.733413497718E-02,
    9.999999627471E-03));
#3662 = CARTESIAN_POINT('',(-0.197719743844,2.68783471833E-02,
    1.099999961257E-02));
#3663 = CARTESIAN_POINT('',(-0.197719743844,2.68783471833E-02,
    9.999999627471E-03));
#3664 = ADVANCED_FACE('',(#3665),#3683,.T.);
#3665 = FACE_BOUND('',#3666,.T.);
#3666 = EDGE_LOOP('',(#3667,#3675,#3681,#3682));
#3667 = ORIENTED_EDGE('',*,*,#3668,.F.);
#3668 = EDGE_CURVE('',#3669,#3631,#3671,.T.);
#3669 = VERTEX_POINT('',#3670);
#3670 = CARTESIAN_POINT('',(-0.199644286498,3.389054220076E-02,
    9.999999627471E-03));
#3671 = LINE('',#3672,#3673);
#3672 = CARTESIAN_POINT('',(-0.199644286498,3.389054220076E-02,
    9.999999627471E-03));
#3673 = VECTOR('',#3674,1.);
#3674 = DIRECTION('',(1.,0.,0.));
#3675 = ORIENTED_EDGE('',*,*,#3676,.F.);
#3676 = EDGE_CURVE('',#3532,#3669,#3677,.T.);
#3677 = LINE('',#3678,#3679);
#3678 = CARTESIAN_POINT('',(-0.199644286498,3.389054220076E-02,
    1.099999961257E-02));
#3679 = VECTOR('',#3680,1.);
#3680 = DIRECTION('',(-0.,-0.,-1.));
#3681 = ORIENTED_EDGE('',*,*,#3531,.T.);
#3682 = ORIENTED_EDGE('',*,*,#3642,.T.);
#3683 = PLANE('',#3684);
#3684 = AXIS2_PLACEMENT_3D('',#3685,#3686,#3687);
#3685 = CARTESIAN_POINT('',(-0.199644286498,3.389054220076E-02,
    1.099999961257E-02));
#3686 = DIRECTION('',(0.,1.,0.));
#3687 = DIRECTION('',(0.,-0.,1.));
#3688 = ADVANCED_FACE('',(#3689),#3711,.T.);
#3689 = FACE_BOUND('',#3690,.T.);
#3690 = EDGE_LOOP('',(#3691,#3703,#3709,#3710));
#3691 = ORIENTED_EDGE('',*,*,#3692,.F.);
#3692 = EDGE_CURVE('',#3693,#3669,#3695,.T.);
#3693 = VERTEX_POINT('',#3694);
#3694 = CARTESIAN_POINT('',(-0.201187731597,2.68783471833E-02,
    9.999999627471E-03));
#3695 = B_SPLINE_CURVE_WITH_KNOTS('',3,(#3696,#3697,#3698,#3699,#3700,
    #3701,#3702),.UNSPECIFIED.,.F.,.F.,(4,1,1,1,4),(0.,0.174481715317,
    0.398285759128,0.673897847399,1.),.UNSPECIFIED.);
#3696 = CARTESIAN_POINT('',(-0.201187731597,2.68783471833E-02,
    9.999999627471E-03));
#3697 = CARTESIAN_POINT('',(-0.201062941086,2.727733062266E-02,
    9.999999627471E-03));
#3698 = CARTESIAN_POINT('',(-0.2007780844,2.818808176778E-02,
    9.999999627471E-03));
#3699 = CARTESIAN_POINT('',(-0.200404803609,2.975998770174E-02,
    9.999999627471E-03));
#3700 = CARTESIAN_POINT('',(-0.20003882522,3.170335287071E-02,
    9.999999627471E-03));
#3701 = CARTESIAN_POINT('',(-0.199782956096,3.312180481511E-02,
    9.999999627471E-03));
#3702 = CARTESIAN_POINT('',(-0.199644286498,3.389054220076E-02,
    9.999999627471E-03));
#3703 = ORIENTED_EDGE('',*,*,#3704,.F.);
#3704 = EDGE_CURVE('',#3540,#3693,#3705,.T.);
#3705 = LINE('',#3706,#3707);
#3706 = CARTESIAN_POINT('',(-0.201187731597,2.68783471833E-02,
    1.099999961257E-02));
#3707 = VECTOR('',#3708,1.);
#3708 = DIRECTION('',(-0.,-0.,-1.));
#3709 = ORIENTED_EDGE('',*,*,#3539,.T.);
#3710 = ORIENTED_EDGE('',*,*,#3676,.T.);
#3711 = B_SPLINE_SURFACE_WITH_KNOTS('',3,1,(
    (#3712,#3713)
    ,(#3714,#3715)
    ,(#3716,#3717)
    ,(#3718,#3719)
    ,(#3720,#3721)
    ,(#3722,#3723)
    ,(#3724,#3725
    )),.UNSPECIFIED.,.F.,.F.,.F.,(4,1,1,1,4),(2,2),(0.,0.174481715317,
    0.398285759128,0.673897847399,1.),(0.,1.),.UNSPECIFIED.);
#3712 = CARTESIAN_POINT('',(-0.201187731597,2.68783471833E-02,
    1.099999961257E-02));
#3713 = CARTESIAN_POINT('',(-0.201187731597,2.68783471833E-02,
    9.999999627471E-03));
#3714 = CARTESIAN_POINT('',(-0.201062941086,2.727733062266E-02,
    1.099999961257E-02));
#3715 = CARTESIAN_POINT('',(-0.201062941086,2.727733062266E-02,
    9.999999627471E-03));
#3716 = CARTESIAN_POINT('',(-0.2007780844,2.818808176778E-02,
    1.099999961257E-02));
#3717 = CARTESIAN_POINT('',(-0.2007780844,2.818808176778E-02,
    9.999999627471E-03));
#3718 = CARTESIAN_POINT('',(-0.200404803609,2.975998770174E-02,
    1.099999961257E-02));
#3719 = CARTESIAN_POINT('',(-0.200404803609,2.975998770174E-02,
    9.999999627471E-03));
#3720 = CARTESIAN_POINT('',(-0.20003882522,3.170335287071E-02,
    1.099999961257E-02));
#3721 = CARTESIAN_POINT('',(-0.20003882522,3.170335287071E-02,
    9.999999627471E-03));
#3722 = CARTESIAN_POINT('',(-0.199782956096,3.312180481511E-02,
    1.099999961257E-02));
#3723 = CARTESIAN_POINT('',(-0.199782956096,3.312180481511E-02,
    9.999999627471E-03));
#3724 = CARTESIAN_POINT('',(-0.199644286498,3.389054220076E-02,
    1.099999961257E-02));
#3725 = CARTESIAN_POINT('',(-0.199644286498,3.389054220076E-02,
    9.999999627471E-03));
#3726 = ADVANCED_FACE('',(#3727),#3738,.T.);
#3727 = FACE_BOUND('',#3728,.T.);
#3728 = EDGE_LOOP('',(#3729,#3735,#3736,#3737));
#3729 = ORIENTED_EDGE('',*,*,#3730,.F.);
#3730 = EDGE_CURVE('',#3578,#3693,#3731,.T.);
#3731 = LINE('',#3732,#3733);
#3732 = CARTESIAN_POINT('',(-0.216241085031,-1.488994487723E-02,
    9.999999627471E-03));
#3733 = VECTOR('',#3734,1.);
#3734 = DIRECTION('',(0.339053795485,0.940766986967,0.));
#3735 = ORIENTED_EDGE('',*,*,#3592,.F.);
#3736 = ORIENTED_EDGE('',*,*,#3551,.T.);
#3737 = ORIENTED_EDGE('',*,*,#3704,.T.);
#3738 = PLANE('',#3739);
#3739 = AXIS2_PLACEMENT_3D('',#3740,#3741,#3742);
#3740 = CARTESIAN_POINT('',(-0.216241085031,-1.488994487723E-02,
    1.099999961257E-02));
#3741 = DIRECTION('',(-0.940766986967,0.339053795485,0.));
#3742 = DIRECTION('',(-0.339053795485,-0.940766986967,0.));
#3743 = ADVANCED_FACE('',(#3744),#3769,.T.);
#3744 = FACE_BOUND('',#3745,.T.);
#3745 = EDGE_LOOP('',(#3746,#3747,#3755,#3763));
#3746 = ORIENTED_EDGE('',*,*,#282,.F.);
#3747 = ORIENTED_EDGE('',*,*,#3748,.F.);
#3748 = EDGE_CURVE('',#3749,#283,#3751,.T.);
#3749 = VERTEX_POINT('',#3750);
#3750 = CARTESIAN_POINT('',(-9.463285513586E-02,-5.391433453963E-02,
    1.099999961257E-02));
#3751 = LINE('',#3752,#3753);
#3752 = CARTESIAN_POINT('',(-9.463285513586E-02,-5.391433453963E-02,
    1.099999961257E-02));
#3753 = VECTOR('',#3754,1.);
#3754 = DIRECTION('',(-0.,-0.,-1.));
#3755 = ORIENTED_EDGE('',*,*,#3756,.T.);
#3756 = EDGE_CURVE('',#3749,#3757,#3759,.T.);
#3757 = VERTEX_POINT('',#3758);
#3758 = CARTESIAN_POINT('',(-6.744154456543E-02,-5.391433453963E-02,
    1.099999961257E-02));
#3759 = LINE('',#3760,#3761);
#3760 = CARTESIAN_POINT('',(-9.463285513586E-02,-5.391433453963E-02,
    1.099999961257E-02));
#3761 = VECTOR('',#3762,1.);
#3762 = DIRECTION('',(1.,0.,0.));
#3763 = ORIENTED_EDGE('',*,*,#3764,.T.);
#3764 = EDGE_CURVE('',#3757,#285,#3765,.T.);
#3765 = LINE('',#3766,#3767);
#3766 = CARTESIAN_POINT('',(-6.744154456543E-02,-5.391433453963E-02,
    1.099999961257E-02));
#3767 = VECTOR('',#3768,1.);
#3768 = DIRECTION('',(-0.,-0.,-1.));
#3769 = PLANE('',#3770);
#3770 = AXIS2_PLACEMENT_3D('',#3771,#3772,#3773);
#3771 = CARTESIAN_POINT('',(-9.463285513586E-02,-5.391433453963E-02,
    1.099999961257E-02));
#3772 = DIRECTION('',(0.,1.,0.));
#3773 = DIRECTION('',(0.,-0.,1.));
#3774 = ADVANCED_FACE('',(#3775),#3793,.T.);
#3775 = FACE_BOUND('',#3776,.T.);
#3776 = EDGE_LOOP('',(#3777,#3778,#3779,#3787));
#3777 = ORIENTED_EDGE('',*,*,#292,.F.);
#3778 = ORIENTED_EDGE('',*,*,#3764,.F.);
#3779 = ORIENTED_EDGE('',*,*,#3780,.T.);
#3780 = EDGE_CURVE('',#3757,#3781,#3783,.T.);
#3781 = VERTEX_POINT('',#3782);
#3782 = CARTESIAN_POINT('',(-6.744154456543E-02,4.608566397026E-02,
    1.099999961257E-02));
#3783 = LINE('',#3784,#3785);
#3784 = CARTESIAN_POINT('',(-6.744154456543E-02,-5.391433453963E-02,
    1.099999961257E-02));
#3785 = VECTOR('',#3786,1.);
#3786 = DIRECTION('',(0.,1.,0.));
#3787 = ORIENTED_EDGE('',*,*,#3788,.T.);
#3788 = EDGE_CURVE('',#3781,#293,#3789,.T.);
#3789 = LINE('',#3790,#3791);
#3790 = CARTESIAN_POINT('',(-6.744154456543E-02,4.608566397026E-02,
    1.099999961257E-02));
#3791 = VECTOR('',#3792,1.);
#3792 = DIRECTION('',(-0.,-0.,-1.));
#3793 = PLANE('',#3794);
#3794 = AXIS2_PLACEMENT_3D('',#3795,#3796,#3797);
#3795 = CARTESIAN_POINT('',(-6.744154456543E-02,-5.391433453963E-02,
    1.099999961257E-02));
#3796 = DIRECTION('',(-1.,0.,0.));
#3797 = DIRECTION('',(0.,0.,1.));
#3798 = ADVANCED_FACE('',(#3799),#3817,.T.);
#3799 = FACE_BOUND('',#3800,.T.);
#3800 = EDGE_LOOP('',(#3801,#3802,#3803,#3811));
#3801 = ORIENTED_EDGE('',*,*,#300,.F.);
#3802 = ORIENTED_EDGE('',*,*,#3788,.F.);
#3803 = ORIENTED_EDGE('',*,*,#3804,.T.);
#3804 = EDGE_CURVE('',#3781,#3805,#3807,.T.);
#3805 = VERTEX_POINT('',#3806);
#3806 = CARTESIAN_POINT('',(-9.566181853516E-02,4.608566397026E-02,
    1.099999961257E-02));
#3807 = LINE('',#3808,#3809);
#3808 = CARTESIAN_POINT('',(-6.744154456543E-02,4.608566397026E-02,
    1.099999961257E-02));
#3809 = VECTOR('',#3810,1.);
#3810 = DIRECTION('',(-1.,0.,0.));
#3811 = ORIENTED_EDGE('',*,*,#3812,.T.);
#3812 = EDGE_CURVE('',#3805,#301,#3813,.T.);
#3813 = LINE('',#3814,#3815);
#3814 = CARTESIAN_POINT('',(-9.566181853516E-02,4.608566397026E-02,
    1.099999961257E-02));
#3815 = VECTOR('',#3816,1.);
#3816 = DIRECTION('',(-0.,-0.,-1.));
#3817 = PLANE('',#3818);
#3818 = AXIS2_PLACEMENT_3D('',#3819,#3820,#3821);
#3819 = CARTESIAN_POINT('',(-6.744154456543E-02,4.608566397026E-02,
    1.099999961257E-02));
#3820 = DIRECTION('',(0.,-1.,0.));
#3821 = DIRECTION('',(0.,0.,-1.));
#3822 = ADVANCED_FACE('',(#3823),#3857,.T.);
#3823 = FACE_BOUND('',#3824,.T.);
#3824 = EDGE_LOOP('',(#3825,#3826,#3827,#3851));
#3825 = ORIENTED_EDGE('',*,*,#308,.F.);
#3826 = ORIENTED_EDGE('',*,*,#3812,.F.);
#3827 = ORIENTED_EDGE('',*,*,#3828,.T.);
#3828 = EDGE_CURVE('',#3805,#3829,#3831,.T.);
#3829 = VERTEX_POINT('',#3830);
#3830 = CARTESIAN_POINT('',(-0.147929348244,-2.656713352206E-03,
    1.099999961257E-02));
#3831 = B_SPLINE_CURVE_WITH_KNOTS('',3,(#3832,#3833,#3834,#3835,#3836,
    #3837,#3838,#3839,#3840,#3841,#3842,#3843,#3844,#3845,#3846,#3847,
    #3848,#3849,#3850),.UNSPECIFIED.,.F.,.F.,(4,1,1,1,1,1,1,1,1,1,1,1,1,
    1,1,1,4),(0.,6.86311786766E-02,0.134566466039,0.198328154011,
    0.260789766641,0.321999151484,0.382721746503,0.443537474036,
    0.505133429485,0.566213874765,0.626105864618,0.685349322161,
    0.744995870348,0.805415841815,0.867636266346,0.932307782302,1.),
  .UNSPECIFIED.);
#3832 = CARTESIAN_POINT('',(-9.566181853516E-02,4.608566397026E-02,
    1.099999961257E-02));
#3833 = CARTESIAN_POINT('',(-9.749900491442E-02,4.604471477561E-02,
    1.099999961257E-02));
#3834 = CARTESIAN_POINT('',(-0.101101211423,4.596442490565E-02,
    1.099999961257E-02));
#3835 = CARTESIAN_POINT('',(-0.106383625763,4.535452939045E-02,
    1.099999961257E-02));
#3836 = CARTESIAN_POINT('',(-0.111423209989,4.429616242534E-02,
    1.099999961257E-02));
#3837 = CARTESIAN_POINT('',(-0.11623382262,4.285231257389E-02,
    1.099999961257E-02));
#3838 = CARTESIAN_POINT('',(-0.120821035957,4.100781014686E-02,
    1.099999961257E-02));
#3839 = CARTESIAN_POINT('',(-0.125141634673,3.869714100877E-02,
    1.099999961257E-02));
#3840 = CARTESIAN_POINT('',(-0.129243025017,3.600061218906E-02,
    1.099999961257E-02));
#3841 = CARTESIAN_POINT('',(-0.133071836207,3.291237540669E-02,
    1.099999961257E-02));
#3842 = CARTESIAN_POINT('',(-0.136561663711,2.947856000907E-02,
    1.099999961257E-02));
#3843 = CARTESIAN_POINT('',(-0.139603875756,2.572309269873E-02,
    1.099999961257E-02));
#3844 = CARTESIAN_POINT('',(-0.142208481751,2.169620229844E-02,
    1.099999961257E-02));
#3845 = CARTESIAN_POINT('',(-0.144304504149,1.736604857763E-02,
    1.099999961257E-02));
#3846 = CARTESIAN_POINT('',(-0.14593200297,1.275596240423E-02,
    1.099999961257E-02));
#3847 = CARTESIAN_POINT('',(-0.147084484368,7.869286682333E-03,
    1.099999961257E-02));
#3848 = CARTESIAN_POINT('',(-0.147811379127,2.700486650662E-03,
    1.099999961257E-02));
#3849 = CARTESIAN_POINT('',(-0.147889431455,-8.44016722119E-04,
    1.099999961257E-02));
#3850 = CARTESIAN_POINT('',(-0.147929348244,-2.656713352206E-03,
    1.099999961257E-02));
#3851 = ORIENTED_EDGE('',*,*,#3852,.T.);
#3852 = EDGE_CURVE('',#3829,#309,#3853,.T.);
#3853 = LINE('',#3854,#3855);
#3854 = CARTESIAN_POINT('',(-0.147929348244,-2.656713352206E-03,
    1.099999961257E-02));
#3855 = VECTOR('',#3856,1.);
#3856 = DIRECTION('',(-0.,-0.,-1.));
#3857 = B_SPLINE_SURFACE_WITH_KNOTS('',3,1,(
    (#3858,#3859)
    ,(#3860,#3861)
    ,(#3862,#3863)
    ,(#3864,#3865)
    ,(#3866,#3867)
    ,(#3868,#3869)
    ,(#3870,#3871)
    ,(#3872,#3873)
    ,(#3874,#3875)
    ,(#3876,#3877)
    ,(#3878,#3879)
    ,(#3880,#3881)
    ,(#3882,#3883)
    ,(#3884,#3885)
    ,(#3886,#3887)
    ,(#3888,#3889)
    ,(#3890,#3891)
    ,(#3892,#3893)
    ,(#3894,#3895
    )),.UNSPECIFIED.,.F.,.F.,.F.,(4,1,1,1,1,1,1,1,1,1,1,1,1,1,1,1,4),(2,
    2),(0.,6.86311786766E-02,0.134566466039,0.198328154011,
    0.260789766641,0.321999151484,0.382721746503,0.443537474036,
    0.505133429485,0.566213874765,0.626105864618,0.685349322161,
    0.744995870348,0.805415841815,0.867636266346,0.932307782302,1.),(0.,
    1.),.UNSPECIFIED.);
#3858 = CARTESIAN_POINT('',(-9.566181853516E-02,4.608566397026E-02,
    1.099999961257E-02));
#3859 = CARTESIAN_POINT('',(-9.566181853516E-02,4.608566397026E-02,
    9.999999627471E-03));
#3860 = CARTESIAN_POINT('',(-9.749900491442E-02,4.604471477561E-02,
    1.099999961257E-02));
#3861 = CARTESIAN_POINT('',(-9.749900491442E-02,4.604471477561E-02,
    9.999999627471E-03));
#3862 = CARTESIAN_POINT('',(-0.101101211423,4.596442490565E-02,
    1.099999961257E-02));
#3863 = CARTESIAN_POINT('',(-0.101101211423,4.596442490565E-02,
    9.999999627471E-03));
#3864 = CARTESIAN_POINT('',(-0.106383625763,4.535452939045E-02,
    1.099999961257E-02));
#3865 = CARTESIAN_POINT('',(-0.106383625763,4.535452939045E-02,
    9.999999627471E-03));
#3866 = CARTESIAN_POINT('',(-0.111423209989,4.429616242534E-02,
    1.099999961257E-02));
#3867 = CARTESIAN_POINT('',(-0.111423209989,4.429616242534E-02,
    9.999999627471E-03));
#3868 = CARTESIAN_POINT('',(-0.11623382262,4.285231257389E-02,
    1.099999961257E-02));
#3869 = CARTESIAN_POINT('',(-0.11623382262,4.285231257389E-02,
    9.999999627471E-03));
#3870 = CARTESIAN_POINT('',(-0.120821035957,4.100781014686E-02,
    1.099999961257E-02));
#3871 = CARTESIAN_POINT('',(-0.120821035957,4.100781014686E-02,
    9.999999627471E-03));
#3872 = CARTESIAN_POINT('',(-0.125141634673,3.869714100877E-02,
    1.099999961257E-02));
#3873 = CARTESIAN_POINT('',(-0.125141634673,3.869714100877E-02,
    9.999999627471E-03));
#3874 = CARTESIAN_POINT('',(-0.129243025017,3.600061218906E-02,
    1.099999961257E-02));
#3875 = CARTESIAN_POINT('',(-0.129243025017,3.600061218906E-02,
    9.999999627471E-03));
#3876 = CARTESIAN_POINT('',(-0.133071836207,3.291237540669E-02,
    1.099999961257E-02));
#3877 = CARTESIAN_POINT('',(-0.133071836207,3.291237540669E-02,
    9.999999627471E-03));
#3878 = CARTESIAN_POINT('',(-0.136561663711,2.947856000907E-02,
    1.099999961257E-02));
#3879 = CARTESIAN_POINT('',(-0.136561663711,2.947856000907E-02,
    9.999999627471E-03));
#3880 = CARTESIAN_POINT('',(-0.139603875756,2.572309269873E-02,
    1.099999961257E-02));
#3881 = CARTESIAN_POINT('',(-0.139603875756,2.572309269873E-02,
    9.999999627471E-03));
#3882 = CARTESIAN_POINT('',(-0.142208481751,2.169620229844E-02,
    1.099999961257E-02));
#3883 = CARTESIAN_POINT('',(-0.142208481751,2.169620229844E-02,
    9.999999627471E-03));
#3884 = CARTESIAN_POINT('',(-0.144304504149,1.736604857763E-02,
    1.099999961257E-02));
#3885 = CARTESIAN_POINT('',(-0.144304504149,1.736604857763E-02,
    9.999999627471E-03));
#3886 = CARTESIAN_POINT('',(-0.14593200297,1.275596240423E-02,
    1.099999961257E-02));
#3887 = CARTESIAN_POINT('',(-0.14593200297,1.275596240423E-02,
    9.999999627471E-03));
#3888 = CARTESIAN_POINT('',(-0.147084484368,7.869286682333E-03,
    1.099999961257E-02));
#3889 = CARTESIAN_POINT('',(-0.147084484368,7.869286682333E-03,
    9.999999627471E-03));
#3890 = CARTESIAN_POINT('',(-0.147811379127,2.700486650662E-03,
    1.099999961257E-02));
#3891 = CARTESIAN_POINT('',(-0.147811379127,2.700486650662E-03,
    9.999999627471E-03));
#3892 = CARTESIAN_POINT('',(-0.147889431455,-8.44016722119E-04,
    1.099999961257E-02));
#3893 = CARTESIAN_POINT('',(-0.147889431455,-8.44016722119E-04,
    9.999999627471E-03));
#3894 = CARTESIAN_POINT('',(-0.147929348244,-2.656713352206E-03,
    1.099999961257E-02));
#3895 = CARTESIAN_POINT('',(-0.147929348244,-2.656713352206E-03,
    9.999999627471E-03));
#3896 = ADVANCED_FACE('',(#3897),#3924,.T.);
#3897 = FACE_BOUND('',#3898,.T.);
#3898 = EDGE_LOOP('',(#3899,#3900,#3901,#3923));
#3899 = ORIENTED_EDGE('',*,*,#332,.F.);
#3900 = ORIENTED_EDGE('',*,*,#3852,.F.);
#3901 = ORIENTED_EDGE('',*,*,#3902,.T.);
#3902 = EDGE_CURVE('',#3829,#3749,#3903,.T.);
#3903 = B_SPLINE_CURVE_WITH_KNOTS('',3,(#3904,#3905,#3906,#3907,#3908,
    #3909,#3910,#3911,#3912,#3913,#3914,#3915,#3916,#3917,#3918,#3919,
    #3920,#3921,#3922),.UNSPECIFIED.,.F.,.F.,(4,1,1,1,1,1,1,1,1,1,1,1,1,
    1,1,1,4),(0.,6.806869584499E-02,0.133427432819,0.196146033813,
    0.257048592449,0.316882663159,0.376187208666,0.435960335364,
    0.496535236863,0.557465343481,0.61768686341,0.677943640697,
    0.738805284806,0.800949336767,0.86481466747,0.931024781079,1.),
  .UNSPECIFIED.);
#3904 = CARTESIAN_POINT('',(-0.147929348244,-2.656713352206E-03,
    1.099999961257E-02));
#3905 = CARTESIAN_POINT('',(-0.147888961524,-4.545471774696E-03,
    1.099999961257E-02));
#3906 = CARTESIAN_POINT('',(-0.147809795966,-8.247793148709E-03,
    1.099999961257E-02));
#3907 = CARTESIAN_POINT('',(-0.147086218114,-1.365101257607E-02,
    1.099999961257E-02));
#3908 = CARTESIAN_POINT('',(-0.145931148522,-1.8770715794E-02,
    1.099999961257E-02));
#3909 = CARTESIAN_POINT('',(-0.144309772361,-2.360399420586E-02,
    1.099999961257E-02));
#3910 = CARTESIAN_POINT('',(-0.142210563781,-2.81473616731E-02,
    1.099999961257E-02));
#3911 = CARTESIAN_POINT('',(-0.139607857853,-3.23842193123E-02,
    1.099999961257E-02));
#3912 = CARTESIAN_POINT('',(-0.136571802855,-3.634687176302E-02,
    1.099999961257E-02));
#3913 = CARTESIAN_POINT('',(-0.13308159795,-3.998102743567E-02,
    1.099999961257E-02));
#3914 = CARTESIAN_POINT('',(-0.12922168285,-4.323358380207E-02,
    1.099999961257E-02));
#3915 = CARTESIAN_POINT('',(-0.125094199284,-4.612626498495E-02,
    1.099999961257E-02));
#3916 = CARTESIAN_POINT('',(-0.120663681624,-4.852969751535E-02,
    1.099999961257E-02));
#3917 = CARTESIAN_POINT('',(-0.115967970848,-5.04934162474E-02,
    1.099999961257E-02));
#3918 = CARTESIAN_POINT('',(-0.111015279764,-5.205249153049E-02,
    1.099999961257E-02));
#3919 = CARTESIAN_POINT('',(-0.105784144069,-5.311398936028E-02,
    1.099999961257E-02));
#3920 = CARTESIAN_POINT('',(-0.100298338097,-5.381183121072E-02,
    1.099999961257E-02));
#3921 = CARTESIAN_POINT('',(-9.654692680523E-02,-5.387970400253E-02,
    1.099999961257E-02));
#3922 = CARTESIAN_POINT('',(-9.463285513586E-02,-5.391433453963E-02,
    1.099999961257E-02));
#3923 = ORIENTED_EDGE('',*,*,#3748,.T.);
#3924 = B_SPLINE_SURFACE_WITH_KNOTS('',3,1,(
    (#3925,#3926)
    ,(#3927,#3928)
    ,(#3929,#3930)
    ,(#3931,#3932)
    ,(#3933,#3934)
    ,(#3935,#3936)
    ,(#3937,#3938)
    ,(#3939,#3940)
    ,(#3941,#3942)
    ,(#3943,#3944)
    ,(#3945,#3946)
    ,(#3947,#3948)
    ,(#3949,#3950)
    ,(#3951,#3952)
    ,(#3953,#3954)
    ,(#3955,#3956)
    ,(#3957,#3958)
    ,(#3959,#3960)
    ,(#3961,#3962
    )),.UNSPECIFIED.,.F.,.F.,.F.,(4,1,1,1,1,1,1,1,1,1,1,1,1,1,1,1,4),(2,
    2),(0.,6.806869584499E-02,0.133427432819,0.196146033813,
    0.257048592449,0.316882663159,0.376187208666,0.435960335364,
    0.496535236863,0.557465343481,0.61768686341,0.677943640697,
    0.738805284806,0.800949336767,0.86481466747,0.931024781079,1.),(0.,
    1.),.UNSPECIFIED.);
#3925 = CARTESIAN_POINT('',(-0.147929348244,-2.656713352206E-03,
    1.099999961257E-02));
#3926 = CARTESIAN_POINT('',(-0.147929348244,-2.656713352206E-03,
    9.999999627471E-03));
#3927 = CARTESIAN_POINT('',(-0.147888961524,-4.545471774696E-03,
    1.099999961257E-02));
#3928 = CARTESIAN_POINT('',(-0.147888961524,-4.545471774696E-03,
    9.999999627471E-03));
#3929 = CARTESIAN_POINT('',(-0.147809795966,-8.247793148709E-03,
    1.099999961257E-02));
#3930 = CARTESIAN_POINT('',(-0.147809795966,-8.247793148709E-03,
    9.999999627471E-03));
#3931 = CARTESIAN_POINT('',(-0.147086218114,-1.365101257607E-02,
    1.099999961257E-02));
#3932 = CARTESIAN_POINT('',(-0.147086218114,-1.365101257607E-02,
    9.999999627471E-03));
#3933 = CARTESIAN_POINT('',(-0.145931148522,-1.8770715794E-02,
    1.099999961257E-02));
#3934 = CARTESIAN_POINT('',(-0.145931148522,-1.8770715794E-02,
    9.999999627471E-03));
#3935 = CARTESIAN_POINT('',(-0.144309772361,-2.360399420586E-02,
    1.099999961257E-02));
#3936 = CARTESIAN_POINT('',(-0.144309772361,-2.360399420586E-02,
    9.999999627471E-03));
#3937 = CARTESIAN_POINT('',(-0.142210563781,-2.81473616731E-02,
    1.099999961257E-02));
#3938 = CARTESIAN_POINT('',(-0.142210563781,-2.81473616731E-02,
    9.999999627471E-03));
#3939 = CARTESIAN_POINT('',(-0.139607857853,-3.23842193123E-02,
    1.099999961257E-02));
#3940 = CARTESIAN_POINT('',(-0.139607857853,-3.23842193123E-02,
    9.999999627471E-03));
#3941 = CARTESIAN_POINT('',(-0.136571802855,-3.634687176302E-02,
    1.099999961257E-02));
#3942 = CARTESIAN_POINT('',(-0.136571802855,-3.634687176302E-02,
    9.999999627471E-03));
#3943 = CARTESIAN_POINT('',(-0.13308159795,-3.998102743567E-02,
    1.099999961257E-02));
#3944 = CARTESIAN_POINT('',(-0.13308159795,-3.998102743567E-02,
    9.999999627471E-03));
#3945 = CARTESIAN_POINT('',(-0.12922168285,-4.323358380207E-02,
    1.099999961257E-02));
#3946 = CARTESIAN_POINT('',(-0.12922168285,-4.323358380207E-02,
    9.999999627471E-03));
#3947 = CARTESIAN_POINT('',(-0.125094199284,-4.612626498495E-02,
    1.099999961257E-02));
#3948 = CARTESIAN_POINT('',(-0.125094199284,-4.612626498495E-02,
    9.999999627471E-03));
#3949 = CARTESIAN_POINT('',(-0.120663681624,-4.852969751535E-02,
    1.099999961257E-02));
#3950 = CARTESIAN_POINT('',(-0.120663681624,-4.852969751535E-02,
    9.999999627471E-03));
#3951 = CARTESIAN_POINT('',(-0.115967970848,-5.04934162474E-02,
    1.099999961257E-02));
#3952 = CARTESIAN_POINT('',(-0.115967970848,-5.04934162474E-02,
    9.999999627471E-03));
#3953 = CARTESIAN_POINT('',(-0.111015279764,-5.205249153049E-02,
    1.099999961257E-02));
#3954 = CARTESIAN_POINT('',(-0.111015279764,-5.205249153049E-02,
    9.999999627471E-03));
#3955 = CARTESIAN_POINT('',(-0.105784144069,-5.311398936028E-02,
    1.099999961257E-02));
#3956 = CARTESIAN_POINT('',(-0.105784144069,-5.311398936028E-02,
    9.999999627471E-03));
#3957 = CARTESIAN_POINT('',(-0.100298338097,-5.381183121072E-02,
    1.099999961257E-02));
#3958 = CARTESIAN_POINT('',(-0.100298338097,-5.381183121072E-02,
    9.999999627471E-03));
#3959 = CARTESIAN_POINT('',(-9.654692680523E-02,-5.387970400253E-02,
    1.099999961257E-02));
#3960 = CARTESIAN_POINT('',(-9.654692680523E-02,-5.387970400253E-02,
    9.999999627471E-03));
#3961 = CARTESIAN_POINT('',(-9.463285513586E-02,-5.391433453963E-02,
    1.099999961257E-02));
#3962 = CARTESIAN_POINT('',(-9.463285513586E-02,-5.391433453963E-02,
    9.999999627471E-03));
#3963 = ADVANCED_FACE('',(#3964,#4038),#4045,.T.);
#3964 = FACE_BOUND('',#3965,.T.);
#3965 = EDGE_LOOP('',(#3966,#3992,#4016,#4024,#4032));
#3966 = ORIENTED_EDGE('',*,*,#3967,.F.);
#3967 = EDGE_CURVE('',#3968,#3970,#3972,.T.);
#3968 = VERTEX_POINT('',#3969);
#3969 = CARTESIAN_POINT('',(-0.134514714298,-2.942536518679E-03,
    1.099999961257E-02));
#3970 = VERTEX_POINT('',#3971);
#3971 = CARTESIAN_POINT('',(-9.560465390186E-02,3.511005437771E-02,
    1.099999961257E-02));
#3972 = B_SPLINE_CURVE_WITH_KNOTS('',3,(#3973,#3974,#3975,#3976,#3977,
    #3978,#3979,#3980,#3981,#3982,#3983,#3984,#3985,#3986,#3987,#3988,
    #3989,#3990,#3991),.UNSPECIFIED.,.F.,.F.,(4,1,1,1,1,1,1,1,1,1,1,1,1,
    1,1,1,4),(0.,7.430379644282E-02,0.144393610364,0.210499496103,
    0.273542606503,0.333824744579,0.392529672409,0.4500874546,
    0.507820611556,0.565464912777,0.623148722334,0.681297192791,
    0.740913498157,0.801855752196,0.865241237721,0.930941657047,1.),
  .UNSPECIFIED.);
#3973 = CARTESIAN_POINT('',(-0.134514714298,-2.942536518679E-03,
    1.099999961257E-02));
#3974 = CARTESIAN_POINT('',(-0.13448193624,-1.410448027755E-03,
    1.099999961257E-02));
#3975 = CARTESIAN_POINT('',(-0.134418239063,1.566839798614E-03,
    1.099999961257E-02));
#3976 = CARTESIAN_POINT('',(-0.13392261765,5.884940520987E-03,
    1.099999961257E-02));
#3977 = CARTESIAN_POINT('',(-0.133092019158,9.913637974537E-03,
    1.099999961257E-02));
#3978 = CARTESIAN_POINT('',(-0.131911138108,1.364351259986E-02,
    1.099999961257E-02));
#3979 = CARTESIAN_POINT('',(-0.130403885094,1.708894654327E-02,
    1.099999961257E-02));
#3980 = CARTESIAN_POINT('',(-0.128547901972,2.023019933937E-02,
    1.099999961257E-02));
#3981 = CARTESIAN_POINT('',(-0.126357575299,2.308267097338E-02,
    1.099999961257E-02));
#3982 = CARTESIAN_POINT('',(-0.123833220494,2.561362817545E-02,
    1.099999961257E-02));
#3983 = CARTESIAN_POINT('',(-0.121036818052,2.783870482131E-02,
    1.099999961257E-02));
#3984 = CARTESIAN_POINT('',(-0.118037118651,2.979688180728E-02,
    1.099999961257E-02));
#3985 = CARTESIAN_POINT('',(-0.114808100747,3.144104581786E-02,
    1.099999961257E-02));
#3986 = CARTESIAN_POINT('',(-0.111375057609,3.27921384013E-02,
    1.099999961257E-02));
#3987 = CARTESIAN_POINT('',(-0.107726370386,3.384639374224E-02,
    1.099999961257E-02));
#3988 = CARTESIAN_POINT('',(-0.103873233033,3.457815382504E-02,
    1.099999961257E-02));
#3989 = CARTESIAN_POINT('',(-9.98071990103E-02,3.502358079617E-02,
    1.099999961257E-02));
#3990 = CARTESIAN_POINT('',(-9.702858150129E-02,3.508075496124E-02,
    1.099999961257E-02));
#3991 = CARTESIAN_POINT('',(-9.560465390186E-02,3.511005437771E-02,
    1.099999961257E-02));
#3992 = ORIENTED_EDGE('',*,*,#3993,.F.);
#3993 = EDGE_CURVE('',#3994,#3968,#3996,.T.);
#3994 = VERTEX_POINT('',#3995);
#3995 = CARTESIAN_POINT('',(-9.505206244668E-02,-4.293872494708E-02,
    1.099999961257E-02));
#3996 = B_SPLINE_CURVE_WITH_KNOTS('',3,(#3997,#3998,#3999,#4000,#4001,
    #4002,#4003,#4004,#4005,#4006,#4007,#4008,#4009,#4010,#4011,#4012,
    #4013,#4014,#4015),.UNSPECIFIED.,.F.,.F.,(4,1,1,1,1,1,1,1,1,1,1,1,1,
    1,1,1,4),(0.,7.082657255516E-02,0.13816903328,0.202475331534,
    0.263973754414,0.323380320598,0.381797622713,0.439390074519,
    0.496902724546,0.554662169609,0.612741878492,0.671538836391,
    0.73165572209,0.794297811614,0.859482204979,0.927681325453,1.),
  .UNSPECIFIED.);
#3997 = CARTESIAN_POINT('',(-9.505206244668E-02,-4.293872494708E-02,
    1.099999961257E-02));
#3998 = CARTESIAN_POINT('',(-9.655881930139E-02,-4.290615405589E-02,
    1.099999961257E-02));
#3999 = CARTESIAN_POINT('',(-9.949821239203E-02,-4.284261450587E-02,
    1.099999961257E-02));
#4000 = CARTESIAN_POINT('',(-0.103781867983,-4.23380343521E-02,
    1.099999961257E-02));
#4001 = CARTESIAN_POINT('',(-0.107813554437,-4.152777491252E-02,
    1.099999961257E-02));
#4002 = CARTESIAN_POINT('',(-0.111593805643,-4.039272544687E-02,
    1.099999961257E-02));
#4003 = CARTESIAN_POINT('',(-0.115106244289,-3.888816339838E-02,
    1.099999961257E-02));
#4004 = CARTESIAN_POINT('',(-0.118379205533,-3.708260357765E-02,
    1.099999961257E-02));
#4005 = CARTESIAN_POINT('',(-0.12139020868,-3.493402168841E-02,
    1.099999961257E-02));
#4006 = CARTESIAN_POINT('',(-0.124127048125,-3.246651565397E-02,
    1.099999961257E-02));
#4007 = CARTESIAN_POINT('',(-0.126566522478,-2.969237262344E-02,
    1.099999961257E-02));
#4008 = CARTESIAN_POINT('',(-0.128718759032,-2.665498833288E-02,
    1.099999961257E-02));
#4009 = CARTESIAN_POINT('',(-0.130506910021,-2.333305883327E-02,
    1.099999961257E-02));
#4010 = CARTESIAN_POINT('',(-0.131987659021,-1.975952995202E-02,
    1.099999961257E-02));
#4011 = CARTESIAN_POINT('',(-0.133119160887,-1.591865399901E-02,
    1.099999961257E-02));
#4012 = CARTESIAN_POINT('',(-0.13393938861,-1.182581773786E-02,
    1.099999961257E-02));
#4013 = CARTESIAN_POINT('',(-0.134413145409,-7.469673939827E-03,
    1.099999961257E-02));
#4014 = CARTESIAN_POINT('',(-0.134480202696,-4.480790646156E-03,
    1.099999961257E-02));
#4015 = CARTESIAN_POINT('',(-0.134514714298,-2.942536518679E-03,
    1.099999961257E-02));
#4016 = ORIENTED_EDGE('',*,*,#4017,.F.);
#4017 = EDGE_CURVE('',#4018,#3994,#4020,.T.);
#4018 = VERTEX_POINT('',#4019);
#4019 = CARTESIAN_POINT('',(-8.085617851188E-02,-4.293872494708E-02,
    1.099999961257E-02));
#4020 = LINE('',#4021,#4022);
#4021 = CARTESIAN_POINT('',(-8.085617851188E-02,-4.293872494708E-02,
    1.099999961257E-02));
#4022 = VECTOR('',#4023,1.);
#4023 = DIRECTION('',(-1.,0.,0.));
#4024 = ORIENTED_EDGE('',*,*,#4025,.F.);
#4025 = EDGE_CURVE('',#4026,#4018,#4028,.T.);
#4026 = VERTEX_POINT('',#4027);
#4027 = CARTESIAN_POINT('',(-8.085617851188E-02,3.511005437771E-02,
    1.099999961257E-02));
#4028 = LINE('',#4029,#4030);
#4029 = CARTESIAN_POINT('',(-8.085617851188E-02,3.511005437771E-02,
    1.099999961257E-02));
#4030 = VECTOR('',#4031,1.);
#4031 = DIRECTION('',(0.,-1.,0.));
#4032 = ORIENTED_EDGE('',*,*,#4033,.F.);
#4033 = EDGE_CURVE('',#3970,#4026,#4034,.T.);
#4034 = LINE('',#4035,#4036);
#4035 = CARTESIAN_POINT('',(-9.560465390186E-02,3.511005437771E-02,
    1.099999961257E-02));
#4036 = VECTOR('',#4037,1.);
#4037 = DIRECTION('',(1.,0.,0.));
#4038 = FACE_BOUND('',#4039,.T.);
#4039 = EDGE_LOOP('',(#4040,#4041,#4042,#4043,#4044));
#4040 = ORIENTED_EDGE('',*,*,#3756,.F.);
#4041 = ORIENTED_EDGE('',*,*,#3902,.F.);
#4042 = ORIENTED_EDGE('',*,*,#3828,.F.);
#4043 = ORIENTED_EDGE('',*,*,#3804,.F.);
#4044 = ORIENTED_EDGE('',*,*,#3780,.F.);
#4045 = PLANE('',#4046);
#4046 = AXIS2_PLACEMENT_3D('',#4047,#4048,#4049);
#4047 = CARTESIAN_POINT('',(-0.132719502353,3.311573420646E-02,
    1.099999961257E-02));
#4048 = DIRECTION('',(0.,0.,-1.));
#4049 = DIRECTION('',(-1.,0.,0.));
#4050 = ADVANCED_FACE('',(#4051),#4076,.T.);
#4051 = FACE_BOUND('',#4052,.T.);
#4052 = EDGE_LOOP('',(#4053,#4063,#4069,#4070));
#4053 = ORIENTED_EDGE('',*,*,#4054,.F.);
#4054 = EDGE_CURVE('',#4055,#4057,#4059,.T.);
#4055 = VERTEX_POINT('',#4056);
#4056 = CARTESIAN_POINT('',(-9.560465390186E-02,3.511005437771E-02,
    9.999999627471E-03));
#4057 = VERTEX_POINT('',#4058);
#4058 = CARTESIAN_POINT('',(-8.085617851188E-02,3.511005437771E-02,
    9.999999627471E-03));
#4059 = LINE('',#4060,#4061);
#4060 = CARTESIAN_POINT('',(-9.560465390186E-02,3.511005437771E-02,
    9.999999627471E-03));
#4061 = VECTOR('',#4062,1.);
#4062 = DIRECTION('',(1.,0.,0.));
#4063 = ORIENTED_EDGE('',*,*,#4064,.F.);
#4064 = EDGE_CURVE('',#3970,#4055,#4065,.T.);
#4065 = LINE('',#4066,#4067);
#4066 = CARTESIAN_POINT('',(-9.560465390186E-02,3.511005437771E-02,
    1.099999961257E-02));
#4067 = VECTOR('',#4068,1.);
#4068 = DIRECTION('',(-0.,-0.,-1.));
#4069 = ORIENTED_EDGE('',*,*,#4033,.T.);
#4070 = ORIENTED_EDGE('',*,*,#4071,.T.);
#4071 = EDGE_CURVE('',#4026,#4057,#4072,.T.);
#4072 = LINE('',#4073,#4074);
#4073 = CARTESIAN_POINT('',(-8.085617851188E-02,3.511005437771E-02,
    1.099999961257E-02));
#4074 = VECTOR('',#4075,1.);
#4075 = DIRECTION('',(-0.,-0.,-1.));
#4076 = PLANE('',#4077);
#4077 = AXIS2_PLACEMENT_3D('',#4078,#4079,#4080);
#4078 = CARTESIAN_POINT('',(-9.560465390186E-02,3.511005437771E-02,
    1.099999961257E-02));
#4079 = DIRECTION('',(0.,1.,0.));
#4080 = DIRECTION('',(0.,-0.,1.));
#4081 = ADVANCED_FACE('',(#4082),#4116,.T.);
#4082 = FACE_BOUND('',#4083,.T.);
#4083 = EDGE_LOOP('',(#4084,#4108,#4114,#4115));
#4084 = ORIENTED_EDGE('',*,*,#4085,.F.);
#4085 = EDGE_CURVE('',#4086,#4055,#4088,.T.);
#4086 = VERTEX_POINT('',#4087);
#4087 = CARTESIAN_POINT('',(-0.134514714298,-2.942536518679E-03,
    9.999999627471E-03));
#4088 = B_SPLINE_CURVE_WITH_KNOTS('',3,(#4089,#4090,#4091,#4092,#4093,
    #4094,#4095,#4096,#4097,#4098,#4099,#4100,#4101,#4102,#4103,#4104,
    #4105,#4106,#4107),.UNSPECIFIED.,.F.,.F.,(4,1,1,1,1,1,1,1,1,1,1,1,1,
    1,1,1,4),(0.,7.430379644282E-02,0.144393610364,0.210499496103,
    0.273542606503,0.333824744579,0.392529672409,0.4500874546,
    0.507820611556,0.565464912777,0.623148722334,0.681297192791,
    0.740913498157,0.801855752196,0.865241237721,0.930941657047,1.),
  .UNSPECIFIED.);
#4089 = CARTESIAN_POINT('',(-0.134514714298,-2.942536518679E-03,
    9.999999627471E-03));
#4090 = CARTESIAN_POINT('',(-0.13448193624,-1.410448027755E-03,
    9.999999627471E-03));
#4091 = CARTESIAN_POINT('',(-0.134418239063,1.566839798614E-03,
    9.999999627471E-03));
#4092 = CARTESIAN_POINT('',(-0.13392261765,5.884940520987E-03,
    9.999999627471E-03));
#4093 = CARTESIAN_POINT('',(-0.133092019158,9.913637974537E-03,
    9.999999627471E-03));
#4094 = CARTESIAN_POINT('',(-0.131911138108,1.364351259986E-02,
    9.999999627471E-03));
#4095 = CARTESIAN_POINT('',(-0.130403885094,1.708894654327E-02,
    9.999999627471E-03));
#4096 = CARTESIAN_POINT('',(-0.128547901972,2.023019933937E-02,
    9.999999627471E-03));
#4097 = CARTESIAN_POINT('',(-0.126357575299,2.308267097338E-02,
    9.999999627471E-03));
#4098 = CARTESIAN_POINT('',(-0.123833220494,2.561362817545E-02,
    9.999999627471E-03));
#4099 = CARTESIAN_POINT('',(-0.121036818052,2.783870482131E-02,
    9.999999627471E-03));
#4100 = CARTESIAN_POINT('',(-0.118037118651,2.979688180728E-02,
    9.999999627471E-03));
#4101 = CARTESIAN_POINT('',(-0.114808100747,3.144104581786E-02,
    9.999999627471E-03));
#4102 = CARTESIAN_POINT('',(-0.111375057609,3.27921384013E-02,
    9.999999627471E-03));
#4103 = CARTESIAN_POINT('',(-0.107726370386,3.384639374224E-02,
    9.999999627471E-03));
#4104 = CARTESIAN_POINT('',(-0.103873233033,3.457815382504E-02,
    9.999999627471E-03));
#4105 = CARTESIAN_POINT('',(-9.98071990103E-02,3.502358079617E-02,
    9.999999627471E-03));
#4106 = CARTESIAN_POINT('',(-9.702858150129E-02,3.508075496124E-02,
    9.999999627471E-03));
#4107 = CARTESIAN_POINT('',(-9.560465390186E-02,3.511005437771E-02,
    9.999999627471E-03));
#4108 = ORIENTED_EDGE('',*,*,#4109,.F.);
#4109 = EDGE_CURVE('',#3968,#4086,#4110,.T.);
#4110 = LINE('',#4111,#4112);
#4111 = CARTESIAN_POINT('',(-0.134514714298,-2.942536518679E-03,
    1.099999961257E-02));
#4112 = VECTOR('',#4113,1.);
#4113 = DIRECTION('',(-0.,-0.,-1.));
#4114 = ORIENTED_EDGE('',*,*,#3967,.T.);
#4115 = ORIENTED_EDGE('',*,*,#4064,.T.);
#4116 = B_SPLINE_SURFACE_WITH_KNOTS('',3,1,(
    (#4117,#4118)
    ,(#4119,#4120)
    ,(#4121,#4122)
    ,(#4123,#4124)
    ,(#4125,#4126)
    ,(#4127,#4128)
    ,(#4129,#4130)
    ,(#4131,#4132)
    ,(#4133,#4134)
    ,(#4135,#4136)
    ,(#4137,#4138)
    ,(#4139,#4140)
    ,(#4141,#4142)
    ,(#4143,#4144)
    ,(#4145,#4146)
    ,(#4147,#4148)
    ,(#4149,#4150)
    ,(#4151,#4152)
    ,(#4153,#4154
    )),.UNSPECIFIED.,.F.,.F.,.F.,(4,1,1,1,1,1,1,1,1,1,1,1,1,1,1,1,4),(2,
    2),(0.,7.430379644282E-02,0.144393610364,0.210499496103,
    0.273542606503,0.333824744579,0.392529672409,0.4500874546,
    0.507820611556,0.565464912777,0.623148722334,0.681297192791,
    0.740913498157,0.801855752196,0.865241237721,0.930941657047,1.),(0.,
    1.),.UNSPECIFIED.);
#4117 = CARTESIAN_POINT('',(-0.134514714298,-2.942536518679E-03,
    1.099999961257E-02));
#4118 = CARTESIAN_POINT('',(-0.134514714298,-2.942536518679E-03,
    9.999999627471E-03));
#4119 = CARTESIAN_POINT('',(-0.13448193624,-1.410448027755E-03,
    1.099999961257E-02));
#4120 = CARTESIAN_POINT('',(-0.13448193624,-1.410448027755E-03,
    9.999999627471E-03));
#4121 = CARTESIAN_POINT('',(-0.134418239063,1.566839798614E-03,
    1.099999961257E-02));
#4122 = CARTESIAN_POINT('',(-0.134418239063,1.566839798614E-03,
    9.999999627471E-03));
#4123 = CARTESIAN_POINT('',(-0.13392261765,5.884940520987E-03,
    1.099999961257E-02));
#4124 = CARTESIAN_POINT('',(-0.13392261765,5.884940520987E-03,
    9.999999627471E-03));
#4125 = CARTESIAN_POINT('',(-0.133092019158,9.913637974537E-03,
    1.099999961257E-02));
#4126 = CARTESIAN_POINT('',(-0.133092019158,9.913637974537E-03,
    9.999999627471E-03));
#4127 = CARTESIAN_POINT('',(-0.131911138108,1.364351259986E-02,
    1.099999961257E-02));
#4128 = CARTESIAN_POINT('',(-0.131911138108,1.364351259986E-02,
    9.999999627471E-03));
#4129 = CARTESIAN_POINT('',(-0.130403885094,1.708894654327E-02,
    1.099999961257E-02));
#4130 = CARTESIAN_POINT('',(-0.130403885094,1.708894654327E-02,
    9.999999627471E-03));
#4131 = CARTESIAN_POINT('',(-0.128547901972,2.023019933937E-02,
    1.099999961257E-02));
#4132 = CARTESIAN_POINT('',(-0.128547901972,2.023019933937E-02,
    9.999999627471E-03));
#4133 = CARTESIAN_POINT('',(-0.126357575299,2.308267097338E-02,
    1.099999961257E-02));
#4134 = CARTESIAN_POINT('',(-0.126357575299,2.308267097338E-02,
    9.999999627471E-03));
#4135 = CARTESIAN_POINT('',(-0.123833220494,2.561362817545E-02,
    1.099999961257E-02));
#4136 = CARTESIAN_POINT('',(-0.123833220494,2.561362817545E-02,
    9.999999627471E-03));
#4137 = CARTESIAN_POINT('',(-0.121036818052,2.783870482131E-02,
    1.099999961257E-02));
#4138 = CARTESIAN_POINT('',(-0.121036818052,2.783870482131E-02,
    9.999999627471E-03));
#4139 = CARTESIAN_POINT('',(-0.118037118651,2.979688180728E-02,
    1.099999961257E-02));
#4140 = CARTESIAN_POINT('',(-0.118037118651,2.979688180728E-02,
    9.999999627471E-03));
#4141 = CARTESIAN_POINT('',(-0.114808100747,3.144104581786E-02,
    1.099999961257E-02));
#4142 = CARTESIAN_POINT('',(-0.114808100747,3.144104581786E-02,
    9.999999627471E-03));
#4143 = CARTESIAN_POINT('',(-0.111375057609,3.27921384013E-02,
    1.099999961257E-02));
#4144 = CARTESIAN_POINT('',(-0.111375057609,3.27921384013E-02,
    9.999999627471E-03));
#4145 = CARTESIAN_POINT('',(-0.107726370386,3.384639374224E-02,
    1.099999961257E-02));
#4146 = CARTESIAN_POINT('',(-0.107726370386,3.384639374224E-02,
    9.999999627471E-03));
#4147 = CARTESIAN_POINT('',(-0.103873233033,3.457815382504E-02,
    1.099999961257E-02));
#4148 = CARTESIAN_POINT('',(-0.103873233033,3.457815382504E-02,
    9.999999627471E-03));
#4149 = CARTESIAN_POINT('',(-9.98071990103E-02,3.502358079617E-02,
    1.099999961257E-02));
#4150 = CARTESIAN_POINT('',(-9.98071990103E-02,3.502358079617E-02,
    9.999999627471E-03));
#4151 = CARTESIAN_POINT('',(-9.702858150129E-02,3.508075496124E-02,
    1.099999961257E-02));
#4152 = CARTESIAN_POINT('',(-9.702858150129E-02,3.508075496124E-02,
    9.999999627471E-03));
#4153 = CARTESIAN_POINT('',(-9.560465390186E-02,3.511005437771E-02,
    1.099999961257E-02));
#4154 = CARTESIAN_POINT('',(-9.560465390186E-02,3.511005437771E-02,
    9.999999627471E-03));
#4155 = ADVANCED_FACE('',(#4156),#4190,.T.);
#4156 = FACE_BOUND('',#4157,.T.);
#4157 = EDGE_LOOP('',(#4158,#4182,#4188,#4189));
#4158 = ORIENTED_EDGE('',*,*,#4159,.F.);
#4159 = EDGE_CURVE('',#4160,#4086,#4162,.T.);
#4160 = VERTEX_POINT('',#4161);
#4161 = CARTESIAN_POINT('',(-9.505206244668E-02,-4.293872494708E-02,
    9.999999627471E-03));
#4162 = B_SPLINE_CURVE_WITH_KNOTS('',3,(#4163,#4164,#4165,#4166,#4167,
    #4168,#4169,#4170,#4171,#4172,#4173,#4174,#4175,#4176,#4177,#4178,
    #4179,#4180,#4181),.UNSPECIFIED.,.F.,.F.,(4,1,1,1,1,1,1,1,1,1,1,1,1,
    1,1,1,4),(0.,7.082657255516E-02,0.13816903328,0.202475331534,
    0.263973754414,0.323380320598,0.381797622713,0.439390074519,
    0.496902724546,0.554662169609,0.612741878492,0.671538836391,
    0.73165572209,0.794297811614,0.859482204979,0.927681325453,1.),
  .UNSPECIFIED.);
#4163 = CARTESIAN_POINT('',(-9.505206244668E-02,-4.293872494708E-02,
    9.999999627471E-03));
#4164 = CARTESIAN_POINT('',(-9.655881930139E-02,-4.290615405589E-02,
    9.999999627471E-03));
#4165 = CARTESIAN_POINT('',(-9.949821239203E-02,-4.284261450587E-02,
    9.999999627471E-03));
#4166 = CARTESIAN_POINT('',(-0.103781867983,-4.23380343521E-02,
    9.999999627471E-03));
#4167 = CARTESIAN_POINT('',(-0.107813554437,-4.152777491252E-02,
    9.999999627471E-03));
#4168 = CARTESIAN_POINT('',(-0.111593805643,-4.039272544687E-02,
    9.999999627471E-03));
#4169 = CARTESIAN_POINT('',(-0.115106244289,-3.888816339838E-02,
    9.999999627471E-03));
#4170 = CARTESIAN_POINT('',(-0.118379205533,-3.708260357765E-02,
    9.999999627471E-03));
#4171 = CARTESIAN_POINT('',(-0.12139020868,-3.493402168841E-02,
    9.999999627471E-03));
#4172 = CARTESIAN_POINT('',(-0.124127048125,-3.246651565397E-02,
    9.999999627471E-03));
#4173 = CARTESIAN_POINT('',(-0.126566522478,-2.969237262344E-02,
    9.999999627471E-03));
#4174 = CARTESIAN_POINT('',(-0.128718759032,-2.665498833288E-02,
    9.999999627471E-03));
#4175 = CARTESIAN_POINT('',(-0.130506910021,-2.333305883327E-02,
    9.999999627471E-03));
#4176 = CARTESIAN_POINT('',(-0.131987659021,-1.975952995202E-02,
    9.999999627471E-03));
#4177 = CARTESIAN_POINT('',(-0.133119160887,-1.591865399901E-02,
    9.999999627471E-03));
#4178 = CARTESIAN_POINT('',(-0.13393938861,-1.182581773786E-02,
    9.999999627471E-03));
#4179 = CARTESIAN_POINT('',(-0.134413145409,-7.469673939827E-03,
    9.999999627471E-03));
#4180 = CARTESIAN_POINT('',(-0.134480202696,-4.480790646156E-03,
    9.999999627471E-03));
#4181 = CARTESIAN_POINT('',(-0.134514714298,-2.942536518679E-03,
    9.999999627471E-03));
#4182 = ORIENTED_EDGE('',*,*,#4183,.F.);
#4183 = EDGE_CURVE('',#3994,#4160,#4184,.T.);
#4184 = LINE('',#4185,#4186);
#4185 = CARTESIAN_POINT('',(-9.505206244668E-02,-4.293872494708E-02,
    1.099999961257E-02));
#4186 = VECTOR('',#4187,1.);
#4187 = DIRECTION('',(-0.,-0.,-1.));
#4188 = ORIENTED_EDGE('',*,*,#3993,.T.);
#4189 = ORIENTED_EDGE('',*,*,#4109,.T.);
#4190 = B_SPLINE_SURFACE_WITH_KNOTS('',3,1,(
    (#4191,#4192)
    ,(#4193,#4194)
    ,(#4195,#4196)
    ,(#4197,#4198)
    ,(#4199,#4200)
    ,(#4201,#4202)
    ,(#4203,#4204)
    ,(#4205,#4206)
    ,(#4207,#4208)
    ,(#4209,#4210)
    ,(#4211,#4212)
    ,(#4213,#4214)
    ,(#4215,#4216)
    ,(#4217,#4218)
    ,(#4219,#4220)
    ,(#4221,#4222)
    ,(#4223,#4224)
    ,(#4225,#4226)
    ,(#4227,#4228
    )),.UNSPECIFIED.,.F.,.F.,.F.,(4,1,1,1,1,1,1,1,1,1,1,1,1,1,1,1,4),(2,
    2),(0.,7.082657255516E-02,0.13816903328,0.202475331534,
    0.263973754414,0.323380320598,0.381797622713,0.439390074519,
    0.496902724546,0.554662169609,0.612741878492,0.671538836391,
    0.73165572209,0.794297811614,0.859482204979,0.927681325453,1.),(0.,
    1.),.UNSPECIFIED.);
#4191 = CARTESIAN_POINT('',(-9.505206244668E-02,-4.293872494708E-02,
    1.099999961257E-02));
#4192 = CARTESIAN_POINT('',(-9.505206244668E-02,-4.293872494708E-02,
    9.999999627471E-03));
#4193 = CARTESIAN_POINT('',(-9.655881930139E-02,-4.290615405589E-02,
    1.099999961257E-02));
#4194 = CARTESIAN_POINT('',(-9.655881930139E-02,-4.290615405589E-02,
    9.999999627471E-03));
#4195 = CARTESIAN_POINT('',(-9.949821239203E-02,-4.284261450587E-02,
    1.099999961257E-02));
#4196 = CARTESIAN_POINT('',(-9.949821239203E-02,-4.284261450587E-02,
    9.999999627471E-03));
#4197 = CARTESIAN_POINT('',(-0.103781867983,-4.23380343521E-02,
    1.099999961257E-02));
#4198 = CARTESIAN_POINT('',(-0.103781867983,-4.23380343521E-02,
    9.999999627471E-03));
#4199 = CARTESIAN_POINT('',(-0.107813554437,-4.152777491252E-02,
    1.099999961257E-02));
#4200 = CARTESIAN_POINT('',(-0.107813554437,-4.152777491252E-02,
    9.999999627471E-03));
#4201 = CARTESIAN_POINT('',(-0.111593805643,-4.039272544687E-02,
    1.099999961257E-02));
#4202 = CARTESIAN_POINT('',(-0.111593805643,-4.039272544687E-02,
    9.999999627471E-03));
#4203 = CARTESIAN_POINT('',(-0.115106244289,-3.888816339838E-02,
    1.099999961257E-02));
#4204 = CARTESIAN_POINT('',(-0.115106244289,-3.888816339838E-02,
    9.999999627471E-03));
#4205 = CARTESIAN_POINT('',(-0.118379205533,-3.708260357765E-02,
    1.099999961257E-02));
#4206 = CARTESIAN_POINT('',(-0.118379205533,-3.708260357765E-02,
    9.999999627471E-03));
#4207 = CARTESIAN_POINT('',(-0.12139020868,-3.493402168841E-02,
    1.099999961257E-02));
#4208 = CARTESIAN_POINT('',(-0.12139020868,-3.493402168841E-02,
    9.999999627471E-03));
#4209 = CARTESIAN_POINT('',(-0.124127048125,-3.246651565397E-02,
    1.099999961257E-02));
#4210 = CARTESIAN_POINT('',(-0.124127048125,-3.246651565397E-02,
    9.999999627471E-03));
#4211 = CARTESIAN_POINT('',(-0.126566522478,-2.969237262344E-02,
    1.099999961257E-02));
#4212 = CARTESIAN_POINT('',(-0.126566522478,-2.969237262344E-02,
    9.999999627471E-03));
#4213 = CARTESIAN_POINT('',(-0.128718759032,-2.665498833288E-02,
    1.099999961257E-02));
#4214 = CARTESIAN_POINT('',(-0.128718759032,-2.665498833288E-02,
    9.999999627471E-03));
#4215 = CARTESIAN_POINT('',(-0.130506910021,-2.333305883327E-02,
    1.099999961257E-02));
#4216 = CARTESIAN_POINT('',(-0.130506910021,-2.333305883327E-02,
    9.999999627471E-03));
#4217 = CARTESIAN_POINT('',(-0.131987659021,-1.975952995202E-02,
    1.099999961257E-02));
#4218 = CARTESIAN_POINT('',(-0.131987659021,-1.975952995202E-02,
    9.999999627471E-03));
#4219 = CARTESIAN_POINT('',(-0.133119160887,-1.591865399901E-02,
    1.099999961257E-02));
#4220 = CARTESIAN_POINT('',(-0.133119160887,-1.591865399901E-02,
    9.999999627471E-03));
#4221 = CARTESIAN_POINT('',(-0.13393938861,-1.182581773786E-02,
    1.099999961257E-02));
#4222 = CARTESIAN_POINT('',(-0.13393938861,-1.182581773786E-02,
    9.999999627471E-03));
#4223 = CARTESIAN_POINT('',(-0.134413145409,-7.469673939827E-03,
    1.099999961257E-02));
#4224 = CARTESIAN_POINT('',(-0.134413145409,-7.469673939827E-03,
    9.999999627471E-03));
#4225 = CARTESIAN_POINT('',(-0.134480202696,-4.480790646156E-03,
    1.099999961257E-02));
#4226 = CARTESIAN_POINT('',(-0.134480202696,-4.480790646156E-03,
    9.999999627471E-03));
#4227 = CARTESIAN_POINT('',(-0.134514714298,-2.942536518679E-03,
    1.099999961257E-02));
#4228 = CARTESIAN_POINT('',(-0.134514714298,-2.942536518679E-03,
    9.999999627471E-03));
#4229 = ADVANCED_FACE('',(#4230),#4248,.T.);
#4230 = FACE_BOUND('',#4231,.T.);
#4231 = EDGE_LOOP('',(#4232,#4240,#4246,#4247));
#4232 = ORIENTED_EDGE('',*,*,#4233,.F.);
#4233 = EDGE_CURVE('',#4234,#4160,#4236,.T.);
#4234 = VERTEX_POINT('',#4235);
#4235 = CARTESIAN_POINT('',(-8.085617851188E-02,-4.293872494708E-02,
    9.999999627471E-03));
#4236 = LINE('',#4237,#4238);
#4237 = CARTESIAN_POINT('',(-8.085617851188E-02,-4.293872494708E-02,
    9.999999627471E-03));
#4238 = VECTOR('',#4239,1.);
#4239 = DIRECTION('',(-1.,0.,0.));
#4240 = ORIENTED_EDGE('',*,*,#4241,.F.);
#4241 = EDGE_CURVE('',#4018,#4234,#4242,.T.);
#4242 = LINE('',#4243,#4244);
#4243 = CARTESIAN_POINT('',(-8.085617851188E-02,-4.293872494708E-02,
    1.099999961257E-02));
#4244 = VECTOR('',#4245,1.);
#4245 = DIRECTION('',(-0.,-0.,-1.));
#4246 = ORIENTED_EDGE('',*,*,#4017,.T.);
#4247 = ORIENTED_EDGE('',*,*,#4183,.T.);
#4248 = PLANE('',#4249);
#4249 = AXIS2_PLACEMENT_3D('',#4250,#4251,#4252);
#4250 = CARTESIAN_POINT('',(-8.085617851188E-02,-4.293872494708E-02,
    1.099999961257E-02));
#4251 = DIRECTION('',(0.,-1.,0.));
#4252 = DIRECTION('',(0.,0.,-1.));
#4253 = ADVANCED_FACE('',(#4254),#4265,.T.);
#4254 = FACE_BOUND('',#4255,.T.);
#4255 = EDGE_LOOP('',(#4256,#4262,#4263,#4264));
#4256 = ORIENTED_EDGE('',*,*,#4257,.F.);
#4257 = EDGE_CURVE('',#4057,#4234,#4258,.T.);
#4258 = LINE('',#4259,#4260);
#4259 = CARTESIAN_POINT('',(-8.085617851188E-02,3.511005437771E-02,
    9.999999627471E-03));
#4260 = VECTOR('',#4261,1.);
#4261 = DIRECTION('',(0.,-1.,0.));
#4262 = ORIENTED_EDGE('',*,*,#4071,.F.);
#4263 = ORIENTED_EDGE('',*,*,#4025,.T.);
#4264 = ORIENTED_EDGE('',*,*,#4241,.T.);
#4265 = PLANE('',#4266);
#4266 = AXIS2_PLACEMENT_3D('',#4267,#4268,#4269);
#4267 = CARTESIAN_POINT('',(-8.085617851188E-02,3.511005437771E-02,
    1.099999961257E-02));
#4268 = DIRECTION('',(1.,0.,0.));
#4269 = DIRECTION('',(0.,0.,-1.));
#4270 = ADVANCED_FACE('',(#4271),#4296,.T.);
#4271 = FACE_BOUND('',#4272,.T.);
#4272 = EDGE_LOOP('',(#4273,#4274,#4282,#4290));
#4273 = ORIENTED_EDGE('',*,*,#728,.F.);
#4274 = ORIENTED_EDGE('',*,*,#4275,.F.);
#4275 = EDGE_CURVE('',#4276,#729,#4278,.T.);
#4276 = VERTEX_POINT('',#4277);
#4277 = CARTESIAN_POINT('',(-4.792934973423E-02,-4.293872494708E-02,
    1.099999961257E-02));
#4278 = LINE('',#4279,#4280);
#4279 = CARTESIAN_POINT('',(-4.792934973423E-02,-4.293872494708E-02,
    1.099999961257E-02));
#4280 = VECTOR('',#4281,1.);
#4281 = DIRECTION('',(-0.,-0.,-1.));
#4282 = ORIENTED_EDGE('',*,*,#4283,.T.);
#4283 = EDGE_CURVE('',#4276,#4284,#4286,.T.);
#4284 = VERTEX_POINT('',#4285);
#4285 = CARTESIAN_POINT('',(-4.792934973423E-02,-5.391433453963E-02,
    1.099999961257E-02));
#4286 = LINE('',#4287,#4288);
#4287 = CARTESIAN_POINT('',(-4.792934973423E-02,-4.293872494708E-02,
    1.099999961257E-02));
#4288 = VECTOR('',#4289,1.);
#4289 = DIRECTION('',(0.,-1.,0.));
#4290 = ORIENTED_EDGE('',*,*,#4291,.T.);
#4291 = EDGE_CURVE('',#4284,#731,#4292,.T.);
#4292 = LINE('',#4293,#4294);
#4293 = CARTESIAN_POINT('',(-4.792934973423E-02,-5.391433453963E-02,
    1.099999961257E-02));
#4294 = VECTOR('',#4295,1.);
#4295 = DIRECTION('',(-0.,-0.,-1.));
#4296 = PLANE('',#4297);
#4297 = AXIS2_PLACEMENT_3D('',#4298,#4299,#4300);
#4298 = CARTESIAN_POINT('',(-4.792934973423E-02,-4.293872494708E-02,
    1.099999961257E-02));
#4299 = DIRECTION('',(1.,0.,0.));
#4300 = DIRECTION('',(0.,0.,-1.));
#4301 = ADVANCED_FACE('',(#4302),#4320,.T.);
#4302 = FACE_BOUND('',#4303,.T.);
#4303 = EDGE_LOOP('',(#4304,#4305,#4306,#4314));
#4304 = ORIENTED_EDGE('',*,*,#738,.F.);
#4305 = ORIENTED_EDGE('',*,*,#4291,.F.);
#4306 = ORIENTED_EDGE('',*,*,#4307,.T.);
#4307 = EDGE_CURVE('',#4284,#4308,#4310,.T.);
#4308 = VERTEX_POINT('',#4309);
#4309 = CARTESIAN_POINT('',(5.72918605156E-03,-5.391433453963E-02,
    1.099999961257E-02));
#4310 = LINE('',#4311,#4312);
#4311 = CARTESIAN_POINT('',(-4.792934973423E-02,-5.391433453963E-02,
    1.099999961257E-02));
#4312 = VECTOR('',#4313,1.);
#4313 = DIRECTION('',(1.,0.,0.));
#4314 = ORIENTED_EDGE('',*,*,#4315,.T.);
#4315 = EDGE_CURVE('',#4308,#739,#4316,.T.);
#4316 = LINE('',#4317,#4318);
#4317 = CARTESIAN_POINT('',(5.72918605156E-03,-5.391433453963E-02,
    1.099999961257E-02));
#4318 = VECTOR('',#4319,1.);
#4319 = DIRECTION('',(-0.,-0.,-1.));
#4320 = PLANE('',#4321);
#4321 = AXIS2_PLACEMENT_3D('',#4322,#4323,#4324);
#4322 = CARTESIAN_POINT('',(-4.792934973423E-02,-5.391433453963E-02,
    1.099999961257E-02));
#4323 = DIRECTION('',(0.,1.,0.));
#4324 = DIRECTION('',(0.,-0.,1.));
#4325 = ADVANCED_FACE('',(#4326),#4344,.T.);
#4326 = FACE_BOUND('',#4327,.T.);
#4327 = EDGE_LOOP('',(#4328,#4329,#4330,#4338));
#4328 = ORIENTED_EDGE('',*,*,#746,.F.);
#4329 = ORIENTED_EDGE('',*,*,#4315,.F.);
#4330 = ORIENTED_EDGE('',*,*,#4331,.T.);
#4331 = EDGE_CURVE('',#4308,#4332,#4334,.T.);
#4332 = VERTEX_POINT('',#4333);
#4333 = CARTESIAN_POINT('',(5.72918605156E-03,4.608566397026E-02,
    1.099999961257E-02));
#4334 = LINE('',#4335,#4336);
#4335 = CARTESIAN_POINT('',(5.72918605156E-03,-5.391433453963E-02,
    1.099999961257E-02));
#4336 = VECTOR('',#4337,1.);
#4337 = DIRECTION('',(0.,1.,0.));
#4338 = ORIENTED_EDGE('',*,*,#4339,.T.);
#4339 = EDGE_CURVE('',#4332,#747,#4340,.T.);
#4340 = LINE('',#4341,#4342);
#4341 = CARTESIAN_POINT('',(5.72918605156E-03,4.608566397026E-02,
    1.099999961257E-02));
#4342 = VECTOR('',#4343,1.);
#4343 = DIRECTION('',(-0.,-0.,-1.));
#4344 = PLANE('',#4345);
#4345 = AXIS2_PLACEMENT_3D('',#4346,#4347,#4348);
#4346 = CARTESIAN_POINT('',(5.72918605156E-03,-5.391433453963E-02,
    1.099999961257E-02));
#4347 = DIRECTION('',(-1.,0.,0.));
#4348 = DIRECTION('',(0.,0.,1.));
#4349 = ADVANCED_FACE('',(#4350),#4368,.T.);
#4350 = FACE_BOUND('',#4351,.T.);
#4351 = EDGE_LOOP('',(#4352,#4353,#4354,#4362));
#4352 = ORIENTED_EDGE('',*,*,#754,.F.);
#4353 = ORIENTED_EDGE('',*,*,#4339,.F.);
#4354 = ORIENTED_EDGE('',*,*,#4355,.T.);
#4355 = EDGE_CURVE('',#4332,#4356,#4358,.T.);
#4356 = VERTEX_POINT('',#4357);
#4357 = CARTESIAN_POINT('',(-4.549032538033E-02,4.608566397026E-02,
    1.099999961257E-02));
#4358 = LINE('',#4359,#4360);
#4359 = CARTESIAN_POINT('',(5.72918605156E-03,4.608566397026E-02,
    1.099999961257E-02));
#4360 = VECTOR('',#4361,1.);
#4361 = DIRECTION('',(-1.,0.,0.));
#4362 = ORIENTED_EDGE('',*,*,#4363,.T.);
#4363 = EDGE_CURVE('',#4356,#755,#4364,.T.);
#4364 = LINE('',#4365,#4366);
#4365 = CARTESIAN_POINT('',(-4.549032538033E-02,4.608566397026E-02,
    1.099999961257E-02));
#4366 = VECTOR('',#4367,1.);
#4367 = DIRECTION('',(-0.,-0.,-1.));
#4368 = PLANE('',#4369);
#4369 = AXIS2_PLACEMENT_3D('',#4370,#4371,#4372);
#4370 = CARTESIAN_POINT('',(5.72918605156E-03,4.608566397026E-02,
    1.099999961257E-02));
#4371 = DIRECTION('',(0.,-1.,0.));
#4372 = DIRECTION('',(0.,0.,-1.));
#4373 = ADVANCED_FACE('',(#4374),#4392,.T.);
#4374 = FACE_BOUND('',#4375,.T.);
#4375 = EDGE_LOOP('',(#4376,#4377,#4378,#4386));
#4376 = ORIENTED_EDGE('',*,*,#762,.F.);
#4377 = ORIENTED_EDGE('',*,*,#4363,.F.);
#4378 = ORIENTED_EDGE('',*,*,#4379,.T.);
#4379 = EDGE_CURVE('',#4356,#4380,#4382,.T.);
#4380 = VERTEX_POINT('',#4381);
#4381 = CARTESIAN_POINT('',(-4.549032538033E-02,3.511005437771E-02,
    1.099999961257E-02));
#4382 = LINE('',#4383,#4384);
#4383 = CARTESIAN_POINT('',(-4.549032538033E-02,4.608566397026E-02,
    1.099999961257E-02));
#4384 = VECTOR('',#4385,1.);
#4385 = DIRECTION('',(0.,-1.,0.));
#4386 = ORIENTED_EDGE('',*,*,#4387,.T.);
#4387 = EDGE_CURVE('',#4380,#763,#4388,.T.);
#4388 = LINE('',#4389,#4390);
#4389 = CARTESIAN_POINT('',(-4.549032538033E-02,3.511005437771E-02,
    1.099999961257E-02));
#4390 = VECTOR('',#4391,1.);
#4391 = DIRECTION('',(-0.,-0.,-1.));
#4392 = PLANE('',#4393);
#4393 = AXIS2_PLACEMENT_3D('',#4394,#4395,#4396);
#4394 = CARTESIAN_POINT('',(-4.549032538033E-02,4.608566397026E-02,
    1.099999961257E-02));
#4395 = DIRECTION('',(1.,0.,0.));
#4396 = DIRECTION('',(0.,0.,-1.));
#4397 = ADVANCED_FACE('',(#4398),#4416,.T.);
#4398 = FACE_BOUND('',#4399,.T.);
#4399 = EDGE_LOOP('',(#4400,#4401,#4402,#4410));
#4400 = ORIENTED_EDGE('',*,*,#770,.F.);
#4401 = ORIENTED_EDGE('',*,*,#4387,.F.);
#4402 = ORIENTED_EDGE('',*,*,#4403,.T.);
#4403 = EDGE_CURVE('',#4380,#4404,#4406,.T.);
#4404 = VERTEX_POINT('',#4405);
#4405 = CARTESIAN_POINT('',(-7.685447894887E-03,3.511005437771E-02,
    1.099999961257E-02));
#4406 = LINE('',#4407,#4408);
#4407 = CARTESIAN_POINT('',(-4.549032538033E-02,3.511005437771E-02,
    1.099999961257E-02));
#4408 = VECTOR('',#4409,1.);
#4409 = DIRECTION('',(1.,0.,0.));
#4410 = ORIENTED_EDGE('',*,*,#4411,.T.);
#4411 = EDGE_CURVE('',#4404,#771,#4412,.T.);
#4412 = LINE('',#4413,#4414);
#4413 = CARTESIAN_POINT('',(-7.685447894887E-03,3.511005437771E-02,
    1.099999961257E-02));
#4414 = VECTOR('',#4415,1.);
#4415 = DIRECTION('',(-0.,-0.,-1.));
#4416 = PLANE('',#4417);
#4417 = AXIS2_PLACEMENT_3D('',#4418,#4419,#4420);
#4418 = CARTESIAN_POINT('',(-4.549032538033E-02,3.511005437771E-02,
    1.099999961257E-02));
#4419 = DIRECTION('',(0.,1.,0.));
#4420 = DIRECTION('',(0.,-0.,1.));
#4421 = ADVANCED_FACE('',(#4422),#4440,.T.);
#4422 = FACE_BOUND('',#4423,.T.);
#4423 = EDGE_LOOP('',(#4424,#4425,#4426,#4434));
#4424 = ORIENTED_EDGE('',*,*,#778,.F.);
#4425 = ORIENTED_EDGE('',*,*,#4411,.F.);
#4426 = ORIENTED_EDGE('',*,*,#4427,.T.);
#4427 = EDGE_CURVE('',#4404,#4428,#4430,.T.);
#4428 = VERTEX_POINT('',#4429);
#4429 = CARTESIAN_POINT('',(-7.685447894887E-03,2.183225600063E-03,
    1.099999961257E-02));
#4430 = LINE('',#4431,#4432);
#4431 = CARTESIAN_POINT('',(-7.685447894887E-03,3.511005437771E-02,
    1.099999961257E-02));
#4432 = VECTOR('',#4433,1.);
#4433 = DIRECTION('',(0.,-1.,0.));
#4434 = ORIENTED_EDGE('',*,*,#4435,.T.);
#4435 = EDGE_CURVE('',#4428,#779,#4436,.T.);
#4436 = LINE('',#4437,#4438);
#4437 = CARTESIAN_POINT('',(-7.685447894887E-03,2.183225600063E-03,
    1.099999961257E-02));
#4438 = VECTOR('',#4439,1.);
#4439 = DIRECTION('',(-0.,-0.,-1.));
#4440 = PLANE('',#4441);
#4441 = AXIS2_PLACEMENT_3D('',#4442,#4443,#4444);
#4442 = CARTESIAN_POINT('',(-7.685447894887E-03,3.511005437771E-02,
    1.099999961257E-02));
#4443 = DIRECTION('',(1.,0.,0.));
#4444 = DIRECTION('',(0.,0.,-1.));
#4445 = ADVANCED_FACE('',(#4446),#4464,.T.);
#4446 = FACE_BOUND('',#4447,.T.);
#4447 = EDGE_LOOP('',(#4448,#4449,#4450,#4458));
#4448 = ORIENTED_EDGE('',*,*,#786,.F.);
#4449 = ORIENTED_EDGE('',*,*,#4435,.F.);
#4450 = ORIENTED_EDGE('',*,*,#4451,.T.);
#4451 = EDGE_CURVE('',#4428,#4452,#4454,.T.);
#4452 = VERTEX_POINT('',#4453);
#4453 = CARTESIAN_POINT('',(-4.305130102643E-02,2.183225600063E-03,
    1.099999961257E-02));
#4454 = LINE('',#4455,#4456);
#4455 = CARTESIAN_POINT('',(-7.685447894887E-03,2.183225600063E-03,
    1.099999961257E-02));
#4456 = VECTOR('',#4457,1.);
#4457 = DIRECTION('',(-1.,0.,0.));
#4458 = ORIENTED_EDGE('',*,*,#4459,.T.);
#4459 = EDGE_CURVE('',#4452,#787,#4460,.T.);
#4460 = LINE('',#4461,#4462);
#4461 = CARTESIAN_POINT('',(-4.305130102643E-02,2.183225600063E-03,
    1.099999961257E-02));
#4462 = VECTOR('',#4463,1.);
#4463 = DIRECTION('',(-0.,-0.,-1.));
#4464 = PLANE('',#4465);
#4465 = AXIS2_PLACEMENT_3D('',#4466,#4467,#4468);
#4466 = CARTESIAN_POINT('',(-7.685447894887E-03,2.183225600063E-03,
    1.099999961257E-02));
#4467 = DIRECTION('',(0.,-1.,0.));
#4468 = DIRECTION('',(0.,0.,-1.));
#4469 = ADVANCED_FACE('',(#4470),#4488,.T.);
#4470 = FACE_BOUND('',#4471,.T.);
#4471 = EDGE_LOOP('',(#4472,#4473,#4474,#4482));
#4472 = ORIENTED_EDGE('',*,*,#794,.F.);
#4473 = ORIENTED_EDGE('',*,*,#4459,.F.);
#4474 = ORIENTED_EDGE('',*,*,#4475,.T.);
#4475 = EDGE_CURVE('',#4452,#4476,#4478,.T.);
#4476 = VERTEX_POINT('',#4477);
#4477 = CARTESIAN_POINT('',(-4.305130102643E-02,-8.792383992485E-03,
    1.099999961257E-02));
#4478 = LINE('',#4479,#4480);
#4479 = CARTESIAN_POINT('',(-4.305130102643E-02,2.183225600063E-03,
    1.099999961257E-02));
#4480 = VECTOR('',#4481,1.);
#4481 = DIRECTION('',(0.,-1.,0.));
#4482 = ORIENTED_EDGE('',*,*,#4483,.T.);
#4483 = EDGE_CURVE('',#4476,#795,#4484,.T.);
#4484 = LINE('',#4485,#4486);
#4485 = CARTESIAN_POINT('',(-4.305130102643E-02,-8.792383992485E-03,
    1.099999961257E-02));
#4486 = VECTOR('',#4487,1.);
#4487 = DIRECTION('',(-0.,-0.,-1.));
#4488 = PLANE('',#4489);
#4489 = AXIS2_PLACEMENT_3D('',#4490,#4491,#4492);
#4490 = CARTESIAN_POINT('',(-4.305130102643E-02,2.183225600063E-03,
    1.099999961257E-02));
#4491 = DIRECTION('',(1.,0.,0.));
#4492 = DIRECTION('',(0.,0.,-1.));
#4493 = ADVANCED_FACE('',(#4494),#4512,.T.);
#4494 = FACE_BOUND('',#4495,.T.);
#4495 = EDGE_LOOP('',(#4496,#4497,#4498,#4506));
#4496 = ORIENTED_EDGE('',*,*,#802,.F.);
#4497 = ORIENTED_EDGE('',*,*,#4483,.F.);
#4498 = ORIENTED_EDGE('',*,*,#4499,.T.);
#4499 = EDGE_CURVE('',#4476,#4500,#4502,.T.);
#4500 = VERTEX_POINT('',#4501);
#4501 = CARTESIAN_POINT('',(-7.685447894887E-03,-8.792383992485E-03,
    1.099999961257E-02));
#4502 = LINE('',#4503,#4504);
#4503 = CARTESIAN_POINT('',(-4.305130102643E-02,-8.792383992485E-03,
    1.099999961257E-02));
#4504 = VECTOR('',#4505,1.);
#4505 = DIRECTION('',(1.,0.,0.));
#4506 = ORIENTED_EDGE('',*,*,#4507,.T.);
#4507 = EDGE_CURVE('',#4500,#803,#4508,.T.);
#4508 = LINE('',#4509,#4510);
#4509 = CARTESIAN_POINT('',(-7.685447894887E-03,-8.792383992485E-03,
    1.099999961257E-02));
#4510 = VECTOR('',#4511,1.);
#4511 = DIRECTION('',(-0.,-0.,-1.));
#4512 = PLANE('',#4513);
#4513 = AXIS2_PLACEMENT_3D('',#4514,#4515,#4516);
#4514 = CARTESIAN_POINT('',(-4.305130102643E-02,-8.792383992485E-03,
    1.099999961257E-02));
#4515 = DIRECTION('',(0.,1.,0.));
#4516 = DIRECTION('',(0.,-0.,1.));
#4517 = ADVANCED_FACE('',(#4518),#4536,.T.);
#4518 = FACE_BOUND('',#4519,.T.);
#4519 = EDGE_LOOP('',(#4520,#4521,#4522,#4530));
#4520 = ORIENTED_EDGE('',*,*,#810,.F.);
#4521 = ORIENTED_EDGE('',*,*,#4507,.F.);
#4522 = ORIENTED_EDGE('',*,*,#4523,.T.);
#4523 = EDGE_CURVE('',#4500,#4524,#4526,.T.);
#4524 = VERTEX_POINT('',#4525);
#4525 = CARTESIAN_POINT('',(-7.685447894887E-03,-4.293872494708E-02,
    1.099999961257E-02));
#4526 = LINE('',#4527,#4528);
#4527 = CARTESIAN_POINT('',(-7.685447894887E-03,-8.792383992485E-03,
    1.099999961257E-02));
#4528 = VECTOR('',#4529,1.);
#4529 = DIRECTION('',(0.,-1.,0.));
#4530 = ORIENTED_EDGE('',*,*,#4531,.T.);
#4531 = EDGE_CURVE('',#4524,#811,#4532,.T.);
#4532 = LINE('',#4533,#4534);
#4533 = CARTESIAN_POINT('',(-7.685447894887E-03,-4.293872494708E-02,
    1.099999961257E-02));
#4534 = VECTOR('',#4535,1.);
#4535 = DIRECTION('',(-0.,-0.,-1.));
#4536 = PLANE('',#4537);
#4537 = AXIS2_PLACEMENT_3D('',#4538,#4539,#4540);
#4538 = CARTESIAN_POINT('',(-7.685447894887E-03,-8.792383992485E-03,
    1.099999961257E-02));
#4539 = DIRECTION('',(1.,0.,0.));
#4540 = DIRECTION('',(0.,0.,-1.));
#4541 = ADVANCED_FACE('',(#4542),#4553,.T.);
#4542 = FACE_BOUND('',#4543,.T.);
#4543 = EDGE_LOOP('',(#4544,#4545,#4546,#4552));
#4544 = ORIENTED_EDGE('',*,*,#818,.F.);
#4545 = ORIENTED_EDGE('',*,*,#4531,.F.);
#4546 = ORIENTED_EDGE('',*,*,#4547,.T.);
#4547 = EDGE_CURVE('',#4524,#4276,#4548,.T.);
#4548 = LINE('',#4549,#4550);
#4549 = CARTESIAN_POINT('',(-7.685447894887E-03,-4.293872494708E-02,
    1.099999961257E-02));
#4550 = VECTOR('',#4551,1.);
#4551 = DIRECTION('',(-1.,0.,0.));
#4552 = ORIENTED_EDGE('',*,*,#4275,.T.);
#4553 = PLANE('',#4554);
#4554 = AXIS2_PLACEMENT_3D('',#4555,#4556,#4557);
#4555 = CARTESIAN_POINT('',(-7.685447894887E-03,-4.293872494708E-02,
    1.099999961257E-02));
#4556 = DIRECTION('',(0.,-1.,0.));
#4557 = DIRECTION('',(0.,0.,-1.));
#4558 = ADVANCED_FACE('',(#4559),#4573,.F.);
#4559 = FACE_BOUND('',#4560,.T.);
#4560 = EDGE_LOOP('',(#4561,#4562,#4563,#4564,#4565,#4566,#4567,#4568,
    #4569,#4570,#4571,#4572));
#4561 = ORIENTED_EDGE('',*,*,#4283,.F.);
#4562 = ORIENTED_EDGE('',*,*,#4547,.F.);
#4563 = ORIENTED_EDGE('',*,*,#4523,.F.);
#4564 = ORIENTED_EDGE('',*,*,#4499,.F.);
#4565 = ORIENTED_EDGE('',*,*,#4475,.F.);
#4566 = ORIENTED_EDGE('',*,*,#4451,.F.);
#4567 = ORIENTED_EDGE('',*,*,#4427,.F.);
#4568 = ORIENTED_EDGE('',*,*,#4403,.F.);
#4569 = ORIENTED_EDGE('',*,*,#4379,.F.);
#4570 = ORIENTED_EDGE('',*,*,#4355,.F.);
#4571 = ORIENTED_EDGE('',*,*,#4331,.F.);
#4572 = ORIENTED_EDGE('',*,*,#4307,.F.);
#4573 = PLANE('',#4574);
#4574 = AXIS2_PLACEMENT_3D('',#4575,#4576,#4577);
#4575 = CARTESIAN_POINT('',(0.,0.,1.099999961257E-02));
#4576 = DIRECTION('',(0.,0.,1.));
#4577 = DIRECTION('',(1.,0.,-0.));
#4578 = ADVANCED_FACE('',(#4579),#4604,.T.);
#4579 = FACE_BOUND('',#4580,.T.);
#4580 = EDGE_LOOP('',(#4581,#4582,#4590,#4598));
#4581 = ORIENTED_EDGE('',*,*,#104,.F.);
#4582 = ORIENTED_EDGE('',*,*,#4583,.F.);
#4583 = EDGE_CURVE('',#4584,#105,#4586,.T.);
#4584 = VERTEX_POINT('',#4585);
#4585 = CARTESIAN_POINT('',(2.524138088276E-02,-3.775579819504E-02,
    1.099999961257E-02));
#4586 = LINE('',#4587,#4588);
#4587 = CARTESIAN_POINT('',(2.524138088276E-02,-3.775579819504E-02,
    1.099999961257E-02));
#4588 = VECTOR('',#4589,1.);
#4589 = DIRECTION('',(-0.,-0.,-1.));
#4590 = ORIENTED_EDGE('',*,*,#4591,.T.);
#4591 = EDGE_CURVE('',#4584,#4592,#4594,.T.);
#4592 = VERTEX_POINT('',#4593);
#4593 = CARTESIAN_POINT('',(2.524138088276E-02,-4.873140778759E-02,
    1.099999961257E-02));
#4594 = LINE('',#4595,#4596);
#4595 = CARTESIAN_POINT('',(2.524138088276E-02,-3.775579819504E-02,
    1.099999961257E-02));
#4596 = VECTOR('',#4597,1.);
#4597 = DIRECTION('',(0.,-1.,0.));
#4598 = ORIENTED_EDGE('',*,*,#4599,.T.);
#4599 = EDGE_CURVE('',#4592,#107,#4600,.T.);
#4600 = LINE('',#4601,#4602);
#4601 = CARTESIAN_POINT('',(2.524138088276E-02,-4.873140778759E-02,
    1.099999961257E-02));
#4602 = VECTOR('',#4603,1.);
#4603 = DIRECTION('',(-0.,-0.,-1.));
#4604 = PLANE('',#4605);
#4605 = AXIS2_PLACEMENT_3D('',#4606,#4607,#4608);
#4606 = CARTESIAN_POINT('',(2.524138088276E-02,-3.775579819504E-02,
    1.099999961257E-02));
#4607 = DIRECTION('',(1.,0.,0.));
#4608 = DIRECTION('',(0.,0.,-1.));
#4609 = ADVANCED_FACE('',(#4610),#4636,.T.);
#4610 = FACE_BOUND('',#4611,.T.);
#4611 = EDGE_LOOP('',(#4612,#4613,#4614,#4630));
#4612 = ORIENTED_EDGE('',*,*,#114,.F.);
#4613 = ORIENTED_EDGE('',*,*,#4599,.F.);
#4614 = ORIENTED_EDGE('',*,*,#4615,.T.);
#4615 = EDGE_CURVE('',#4592,#4616,#4618,.T.);
#4616 = VERTEX_POINT('',#4617);
#4617 = CARTESIAN_POINT('',(5.275662437519E-02,-5.513384671658E-02,
    1.099999961257E-02));
#4618 = B_SPLINE_CURVE_WITH_KNOTS('',3,(#4619,#4620,#4621,#4622,#4623,
    #4624,#4625,#4626,#4627,#4628,#4629),.UNSPECIFIED.,.F.,.F.,(4,1,1,1,
    1,1,1,1,4),(0.,0.112448389909,0.226527675213,0.344401949326,
    0.465864972487,0.591659449352,0.722168487025,0.858606387555,1.),
  .UNSPECIFIED.);
#4619 = CARTESIAN_POINT('',(2.524138088276E-02,-4.873140778759E-02,
    1.099999961257E-02));
#4620 = CARTESIAN_POINT('',(2.617971994627E-02,-4.924933274686E-02,
    1.099999961257E-02));
#4621 = CARTESIAN_POINT('',(2.807000727535E-02,-5.029269439084E-02,
    1.099999961257E-02));
#4622 = CARTESIAN_POINT('',(3.109297367876E-02,-5.158010338288E-02,
    1.099999961257E-02));
#4623 = CARTESIAN_POINT('',(3.427386692366E-02,-5.269055422736E-02,
    1.099999961257E-02));
#4624 = CARTESIAN_POINT('',(3.764052812143E-02,-5.35760391703E-02,
    1.099999961257E-02));
#4625 = CARTESIAN_POINT('',(4.117057670012E-02,-5.428768073461E-02,
    1.099999961257E-02));
#4626 = CARTESIAN_POINT('',(4.488271756834E-02,-5.47697010661E-02,
    1.099999961257E-02));
#4627 = CARTESIAN_POINT('',(4.876224440365E-02,-5.508699936252E-02,
    1.099999961257E-02));
#4628 = CARTESIAN_POINT('',(5.14094250319E-02,-5.511804633577E-02,
    1.099999961257E-02));
#4629 = CARTESIAN_POINT('',(5.275662437519E-02,-5.513384671658E-02,
    1.099999961257E-02));
#4630 = ORIENTED_EDGE('',*,*,#4631,.T.);
#4631 = EDGE_CURVE('',#4616,#115,#4632,.T.);
#4632 = LINE('',#4633,#4634);
#4633 = CARTESIAN_POINT('',(5.275662437519E-02,-5.513384671658E-02,
    1.099999961257E-02));
#4634 = VECTOR('',#4635,1.);
#4635 = DIRECTION('',(-0.,-0.,-1.));
#4636 = B_SPLINE_SURFACE_WITH_KNOTS('',3,1,(
    (#4637,#4638)
    ,(#4639,#4640)
    ,(#4641,#4642)
    ,(#4643,#4644)
    ,(#4645,#4646)
    ,(#4647,#4648)
    ,(#4649,#4650)
    ,(#4651,#4652)
    ,(#4653,#4654)
    ,(#4655,#4656)
    ,(#4657,#4658
  )),.UNSPECIFIED.,.F.,.F.,.F.,(4,1,1,1,1,1,1,1,4),(2,2),(0.,
    0.112448389909,0.226527675213,0.344401949326,0.465864972487,
    0.591659449352,0.722168487025,0.858606387555,1.),(0.,1.),
  .UNSPECIFIED.);
#4637 = CARTESIAN_POINT('',(2.524138088276E-02,-4.873140778759E-02,
    1.099999961257E-02));
#4638 = CARTESIAN_POINT('',(2.524138088276E-02,-4.873140778759E-02,
    9.999999627471E-03));
#4639 = CARTESIAN_POINT('',(2.617971994627E-02,-4.924933274686E-02,
    1.099999961257E-02));
#4640 = CARTESIAN_POINT('',(2.617971994627E-02,-4.924933274686E-02,
    9.999999627471E-03));
#4641 = CARTESIAN_POINT('',(2.807000727535E-02,-5.029269439084E-02,
    1.099999961257E-02));
#4642 = CARTESIAN_POINT('',(2.807000727535E-02,-5.029269439084E-02,
    9.999999627471E-03));
#4643 = CARTESIAN_POINT('',(3.109297367876E-02,-5.158010338288E-02,
    1.099999961257E-02));
#4644 = CARTESIAN_POINT('',(3.109297367876E-02,-5.158010338288E-02,
    9.999999627471E-03));
#4645 = CARTESIAN_POINT('',(3.427386692366E-02,-5.269055422736E-02,
    1.099999961257E-02));
#4646 = CARTESIAN_POINT('',(3.427386692366E-02,-5.269055422736E-02,
    9.999999627471E-03));
#4647 = CARTESIAN_POINT('',(3.764052812143E-02,-5.35760391703E-02,
    1.099999961257E-02));
#4648 = CARTESIAN_POINT('',(3.764052812143E-02,-5.35760391703E-02,
    9.999999627471E-03));
#4649 = CARTESIAN_POINT('',(4.117057670012E-02,-5.428768073461E-02,
    1.099999961257E-02));
#4650 = CARTESIAN_POINT('',(4.117057670012E-02,-5.428768073461E-02,
    9.999999627471E-03));
#4651 = CARTESIAN_POINT('',(4.488271756834E-02,-5.47697010661E-02,
    1.099999961257E-02));
#4652 = CARTESIAN_POINT('',(4.488271756834E-02,-5.47697010661E-02,
    9.999999627471E-03));
#4653 = CARTESIAN_POINT('',(4.876224440365E-02,-5.508699936252E-02,
    1.099999961257E-02));
#4654 = CARTESIAN_POINT('',(4.876224440365E-02,-5.508699936252E-02,
    9.999999627471E-03));
#4655 = CARTESIAN_POINT('',(5.14094250319E-02,-5.511804633577E-02,
    1.099999961257E-02));
#4656 = CARTESIAN_POINT('',(5.14094250319E-02,-5.511804633577E-02,
    9.999999627471E-03));
#4657 = CARTESIAN_POINT('',(5.275662437519E-02,-5.513384671658E-02,
    1.099999961257E-02));
#4658 = CARTESIAN_POINT('',(5.275662437519E-02,-5.513384671658E-02,
    9.999999627471E-03));
#4659 = ADVANCED_FACE('',(#4660),#4694,.T.);
#4660 = FACE_BOUND('',#4661,.T.);
#4661 = EDGE_LOOP('',(#4662,#4663,#4664,#4688));
#4662 = ORIENTED_EDGE('',*,*,#130,.F.);
#4663 = ORIENTED_EDGE('',*,*,#4631,.F.);
#4664 = ORIENTED_EDGE('',*,*,#4665,.T.);
#4665 = EDGE_CURVE('',#4616,#4666,#4668,.T.);
#4666 = VERTEX_POINT('',#4667);
#4667 = CARTESIAN_POINT('',(9.96316236767E-02,-5.800768183405E-03,
    1.099999961257E-02));
#4668 = B_SPLINE_CURVE_WITH_KNOTS('',3,(#4669,#4670,#4671,#4672,#4673,
    #4674,#4675,#4676,#4677,#4678,#4679,#4680,#4681,#4682,#4683,#4684,
    #4685,#4686,#4687),.UNSPECIFIED.,.F.,.F.,(4,1,1,1,1,1,1,1,1,1,1,1,1,
    1,1,1,4),(0.,6.783324845577E-02,0.132655536508,0.195050884051,
    0.255582933069,0.314799834147,0.373600472826,0.432545595327,
    0.492430629284,0.552671255963,0.612513044188,0.672610250357,
    0.733838369314,0.796594238568,0.861449799291,0.929198942351,1.),
  .UNSPECIFIED.);
#4669 = CARTESIAN_POINT('',(5.275662437519E-02,-5.513384671658E-02,
    1.099999961257E-02));
#4670 = CARTESIAN_POINT('',(5.449253050447E-02,-5.509513100867E-02,
    1.099999961257E-02));
#4671 = CARTESIAN_POINT('',(5.788728992039E-02,-5.501941809324E-02,
    1.099999961257E-02));
#4672 = CARTESIAN_POINT('',(6.284653603304E-02,-5.438256287683E-02,
    1.099999961257E-02));
#4673 = CARTESIAN_POINT('',(6.753816364113E-02,-5.3319311403E-02,
    1.099999961257E-02));
#4674 = CARTESIAN_POINT('',(7.196054319896E-02,-5.182540399407E-02,
    1.099999961257E-02));
#4675 = CARTESIAN_POINT('',(7.612914626273E-02,-4.993769625224E-02,
    1.099999961257E-02));
#4676 = CARTESIAN_POINT('',(8.002237905285E-02,-4.760430324756E-02,
    1.099999961257E-02));
#4677 = CARTESIAN_POINT('',(8.361447786648E-02,-4.480684875121E-02,
    1.099999961257E-02));
#4678 = CARTESIAN_POINT('',(8.695297561591E-02,-4.165809969485E-02,
    1.099999961257E-02));
#4679 = CARTESIAN_POINT('',(8.993181073502E-02,-3.813508904124E-02,
    1.099999961257E-02));
#4680 = CARTESIAN_POINT('',(9.253921872847E-02,-3.432442061627E-02,
    1.099999961257E-02));
#4681 = CARTESIAN_POINT('',(9.474507355331E-02,-3.023794691443E-02,
    1.099999961257E-02));
#4682 = CARTESIAN_POINT('',(9.653497567659E-02,-2.587342451074E-02,
    1.099999961257E-02));
#4683 = CARTESIAN_POINT('',(9.792983899769E-02,-2.123971302053E-02,
    1.099999961257E-02));
#4684 = CARTESIAN_POINT('',(9.890529266568E-02,-1.63326414504E-02,
    1.099999961257E-02));
#4685 = CARTESIAN_POINT('',(9.953920638626E-02,-1.115909433894E-02,
    1.099999961257E-02));
#4686 = CARTESIAN_POINT('',(9.960036882798E-02,-7.612914726087E-03,
    1.099999961257E-02));
#4687 = CARTESIAN_POINT('',(9.96316236767E-02,-5.800768183405E-03,
    1.099999961257E-02));
#4688 = ORIENTED_EDGE('',*,*,#4689,.T.);
#4689 = EDGE_CURVE('',#4666,#131,#4690,.T.);
#4690 = LINE('',#4691,#4692);
#4691 = CARTESIAN_POINT('',(9.96316236767E-02,-5.800768183405E-03,
    1.099999961257E-02));
#4692 = VECTOR('',#4693,1.);
#4693 = DIRECTION('',(-0.,-0.,-1.));
#4694 = B_SPLINE_SURFACE_WITH_KNOTS('',3,1,(
    (#4695,#4696)
    ,(#4697,#4698)
    ,(#4699,#4700)
    ,(#4701,#4702)
    ,(#4703,#4704)
    ,(#4705,#4706)
    ,(#4707,#4708)
    ,(#4709,#4710)
    ,(#4711,#4712)
    ,(#4713,#4714)
    ,(#4715,#4716)
    ,(#4717,#4718)
    ,(#4719,#4720)
    ,(#4721,#4722)
    ,(#4723,#4724)
    ,(#4725,#4726)
    ,(#4727,#4728)
    ,(#4729,#4730)
    ,(#4731,#4732
    )),.UNSPECIFIED.,.F.,.F.,.F.,(4,1,1,1,1,1,1,1,1,1,1,1,1,1,1,1,4),(2,
    2),(0.,6.783324845577E-02,0.132655536508,0.195050884051,
    0.255582933069,0.314799834147,0.373600472826,0.432545595327,
    0.492430629284,0.552671255963,0.612513044188,0.672610250357,
    0.733838369314,0.796594238568,0.861449799291,0.929198942351,1.),(0.,
    1.),.UNSPECIFIED.);
#4695 = CARTESIAN_POINT('',(5.275662437519E-02,-5.513384671658E-02,
    1.099999961257E-02));
#4696 = CARTESIAN_POINT('',(5.275662437519E-02,-5.513384671658E-02,
    9.999999627471E-03));
#4697 = CARTESIAN_POINT('',(5.449253050447E-02,-5.509513100867E-02,
    1.099999961257E-02));
#4698 = CARTESIAN_POINT('',(5.449253050447E-02,-5.509513100867E-02,
    9.999999627471E-03));
#4699 = CARTESIAN_POINT('',(5.788728992039E-02,-5.501941809324E-02,
    1.099999961257E-02));
#4700 = CARTESIAN_POINT('',(5.788728992039E-02,-5.501941809324E-02,
    9.999999627471E-03));
#4701 = CARTESIAN_POINT('',(6.284653603304E-02,-5.438256287683E-02,
    1.099999961257E-02));
#4702 = CARTESIAN_POINT('',(6.284653603304E-02,-5.438256287683E-02,
    9.999999627471E-03));
#4703 = CARTESIAN_POINT('',(6.753816364113E-02,-5.3319311403E-02,
    1.099999961257E-02));
#4704 = CARTESIAN_POINT('',(6.753816364113E-02,-5.3319311403E-02,
    9.999999627471E-03));
#4705 = CARTESIAN_POINT('',(7.196054319896E-02,-5.182540399407E-02,
    1.099999961257E-02));
#4706 = CARTESIAN_POINT('',(7.196054319896E-02,-5.182540399407E-02,
    9.999999627471E-03));
#4707 = CARTESIAN_POINT('',(7.612914626273E-02,-4.993769625224E-02,
    1.099999961257E-02));
#4708 = CARTESIAN_POINT('',(7.612914626273E-02,-4.993769625224E-02,
    9.999999627471E-03));
#4709 = CARTESIAN_POINT('',(8.002237905285E-02,-4.760430324756E-02,
    1.099999961257E-02));
#4710 = CARTESIAN_POINT('',(8.002237905285E-02,-4.760430324756E-02,
    9.999999627471E-03));
#4711 = CARTESIAN_POINT('',(8.361447786648E-02,-4.480684875121E-02,
    1.099999961257E-02));
#4712 = CARTESIAN_POINT('',(8.361447786648E-02,-4.480684875121E-02,
    9.999999627471E-03));
#4713 = CARTESIAN_POINT('',(8.695297561591E-02,-4.165809969485E-02,
    1.099999961257E-02));
#4714 = CARTESIAN_POINT('',(8.695297561591E-02,-4.165809969485E-02,
    9.999999627471E-03));
#4715 = CARTESIAN_POINT('',(8.993181073502E-02,-3.813508904124E-02,
    1.099999961257E-02));
#4716 = CARTESIAN_POINT('',(8.993181073502E-02,-3.813508904124E-02,
    9.999999627471E-03));
#4717 = CARTESIAN_POINT('',(9.253921872847E-02,-3.432442061627E-02,
    1.099999961257E-02));
#4718 = CARTESIAN_POINT('',(9.253921872847E-02,-3.432442061627E-02,
    9.999999627471E-03));
#4719 = CARTESIAN_POINT('',(9.474507355331E-02,-3.023794691443E-02,
    1.099999961257E-02));
#4720 = CARTESIAN_POINT('',(9.474507355331E-02,-3.023794691443E-02,
    9.999999627471E-03));
#4721 = CARTESIAN_POINT('',(9.653497567659E-02,-2.587342451074E-02,
    1.099999961257E-02));
#4722 = CARTESIAN_POINT('',(9.653497567659E-02,-2.587342451074E-02,
    9.999999627471E-03));
#4723 = CARTESIAN_POINT('',(9.792983899769E-02,-2.123971302053E-02,
    1.099999961257E-02));
#4724 = CARTESIAN_POINT('',(9.792983899769E-02,-2.123971302053E-02,
    9.999999627471E-03));
#4725 = CARTESIAN_POINT('',(9.890529266568E-02,-1.63326414504E-02,
    1.099999961257E-02));
#4726 = CARTESIAN_POINT('',(9.890529266568E-02,-1.63326414504E-02,
    9.999999627471E-03));
#4727 = CARTESIAN_POINT('',(9.953920638626E-02,-1.115909433894E-02,
    1.099999961257E-02));
#4728 = CARTESIAN_POINT('',(9.953920638626E-02,-1.115909433894E-02,
    9.999999627471E-03));
#4729 = CARTESIAN_POINT('',(9.960036882798E-02,-7.612914726087E-03,
    1.099999961257E-02));
#4730 = CARTESIAN_POINT('',(9.960036882798E-02,-7.612914726087E-03,
    9.999999627471E-03));
#4731 = CARTESIAN_POINT('',(9.96316236767E-02,-5.800768183405E-03,
    1.099999961257E-02));
#4732 = CARTESIAN_POINT('',(9.96316236767E-02,-5.800768183405E-03,
    9.999999627471E-03));
#4733 = ADVANCED_FACE('',(#4734),#4768,.T.);
#4734 = FACE_BOUND('',#4735,.T.);
#4735 = EDGE_LOOP('',(#4736,#4737,#4738,#4762));
#4736 = ORIENTED_EDGE('',*,*,#154,.F.);
#4737 = ORIENTED_EDGE('',*,*,#4689,.F.);
#4738 = ORIENTED_EDGE('',*,*,#4739,.T.);
#4739 = EDGE_CURVE('',#4666,#4740,#4742,.T.);
#4740 = VERTEX_POINT('',#4741);
#4741 = CARTESIAN_POINT('',(4.877415492234E-02,4.730517614721E-02,
    1.099999961257E-02));
#4742 = B_SPLINE_CURVE_WITH_KNOTS('',3,(#4743,#4744,#4745,#4746,#4747,
    #4748,#4749,#4750,#4751,#4752,#4753,#4754,#4755,#4756,#4757,#4758,
    #4759,#4760,#4761),.UNSPECIFIED.,.F.,.F.,(4,1,1,1,1,1,1,1,1,1,1,1,1,
    1,1,1,4),(0.,7.064371857535E-02,0.138256715509,0.203364124218,
    0.266324093803,0.327904761543,0.388737715173,0.449423528109,
    0.510861011459,0.572079396048,0.631734428731,0.691117210579,
    0.75036002949,0.810032900531,0.871362450829,0.934427141231,1.),
  .UNSPECIFIED.);
#4743 = CARTESIAN_POINT('',(9.96316236767E-02,-5.800768183405E-03,
    1.099999961257E-02));
#4744 = CARTESIAN_POINT('',(9.958807133183E-02,-3.855217101416E-03,
    1.099999961257E-02));
#4745 = CARTESIAN_POINT('',(9.950283510311E-02,-4.758200129549E-05,
    1.099999961257E-02));
#4746 = CARTESIAN_POINT('',(9.882532354462E-02,5.520113753453E-03,
    1.099999961257E-02));
#4747 = CARTESIAN_POINT('',(9.771363772084E-02,1.07995132203E-02,
    1.099999961257E-02));
#4748 = CARTESIAN_POINT('',(9.612266931062E-02,1.578260241399E-02,
    1.099999961257E-02));
#4749 = CARTESIAN_POINT('',(9.409670031895E-02,2.047611630243E-02,
    1.099999961257E-02));
#4750 = CARTESIAN_POINT('',(9.163400887433E-02,2.488630002611E-02,
    1.099999961257E-02));
#4751 = CARTESIAN_POINT('',(8.869457880063E-02,2.899043094368E-02,
    1.099999961257E-02));
#4752 = CARTESIAN_POINT('',(8.532522140177E-02,3.276061348953E-02,
    1.099999961257E-02));
#4753 = CARTESIAN_POINT('',(8.163742598447E-02,3.617796408873E-02,
    1.099999961257E-02));
#4754 = CARTESIAN_POINT('',(7.76583103261E-02,3.916000632505E-02,
    1.099999961257E-02));
#4755 = CARTESIAN_POINT('',(7.34358723982E-02,4.168008117647E-02,
    1.099999961257E-02));
#4756 = CARTESIAN_POINT('',(6.897608885477E-02,4.375480678656E-02,
    1.099999961257E-02));
#4757 = CARTESIAN_POINT('',(6.426256479154E-02,4.533853304943E-02,
    1.099999961257E-02));
#4758 = CARTESIAN_POINT('',(5.931735348713E-02,4.647592318125E-02,
    1.099999961257E-02));
#4759 = CARTESIAN_POINT('',(5.412342375209E-02,4.718071600988E-02,
    1.099999961257E-02));
#4760 = CARTESIAN_POINT('',(5.058027259239E-02,4.726315364649E-02,
    1.099999961257E-02));
#4761 = CARTESIAN_POINT('',(4.877415492234E-02,4.730517614721E-02,
    1.099999961257E-02));
#4762 = ORIENTED_EDGE('',*,*,#4763,.T.);
#4763 = EDGE_CURVE('',#4740,#155,#4764,.T.);
#4764 = LINE('',#4765,#4766);
#4765 = CARTESIAN_POINT('',(4.877415492234E-02,4.730517614721E-02,
    1.099999961257E-02));
#4766 = VECTOR('',#4767,1.);
#4767 = DIRECTION('',(-0.,-0.,-1.));
#4768 = B_SPLINE_SURFACE_WITH_KNOTS('',3,1,(
    (#4769,#4770)
    ,(#4771,#4772)
    ,(#4773,#4774)
    ,(#4775,#4776)
    ,(#4777,#4778)
    ,(#4779,#4780)
    ,(#4781,#4782)
    ,(#4783,#4784)
    ,(#4785,#4786)
    ,(#4787,#4788)
    ,(#4789,#4790)
    ,(#4791,#4792)
    ,(#4793,#4794)
    ,(#4795,#4796)
    ,(#4797,#4798)
    ,(#4799,#4800)
    ,(#4801,#4802)
    ,(#4803,#4804)
    ,(#4805,#4806
    )),.UNSPECIFIED.,.F.,.F.,.F.,(4,1,1,1,1,1,1,1,1,1,1,1,1,1,1,1,4),(2,
    2),(0.,7.064371857535E-02,0.138256715509,0.203364124218,
    0.266324093803,0.327904761543,0.388737715173,0.449423528109,
    0.510861011459,0.572079396048,0.631734428731,0.691117210579,
    0.75036002949,0.810032900531,0.871362450829,0.934427141231,1.),(0.,
    1.),.UNSPECIFIED.);
#4769 = CARTESIAN_POINT('',(9.96316236767E-02,-5.800768183405E-03,
    1.099999961257E-02));
#4770 = CARTESIAN_POINT('',(9.96316236767E-02,-5.800768183405E-03,
    9.999999627471E-03));
#4771 = CARTESIAN_POINT('',(9.958807133183E-02,-3.855217101416E-03,
    1.099999961257E-02));
#4772 = CARTESIAN_POINT('',(9.958807133183E-02,-3.855217101416E-03,
    9.999999627471E-03));
#4773 = CARTESIAN_POINT('',(9.950283510311E-02,-4.758200129549E-05,
    1.099999961257E-02));
#4774 = CARTESIAN_POINT('',(9.950283510311E-02,-4.758200129549E-05,
    9.999999627471E-03));
#4775 = CARTESIAN_POINT('',(9.882532354462E-02,5.520113753453E-03,
    1.099999961257E-02));
#4776 = CARTESIAN_POINT('',(9.882532354462E-02,5.520113753453E-03,
    9.999999627471E-03));
#4777 = CARTESIAN_POINT('',(9.771363772084E-02,1.07995132203E-02,
    1.099999961257E-02));
#4778 = CARTESIAN_POINT('',(9.771363772084E-02,1.07995132203E-02,
    9.999999627471E-03));
#4779 = CARTESIAN_POINT('',(9.612266931062E-02,1.578260241399E-02,
    1.099999961257E-02));
#4780 = CARTESIAN_POINT('',(9.612266931062E-02,1.578260241399E-02,
    9.999999627471E-03));
#4781 = CARTESIAN_POINT('',(9.409670031895E-02,2.047611630243E-02,
    1.099999961257E-02));
#4782 = CARTESIAN_POINT('',(9.409670031895E-02,2.047611630243E-02,
    9.999999627471E-03));
#4783 = CARTESIAN_POINT('',(9.163400887433E-02,2.488630002611E-02,
    1.099999961257E-02));
#4784 = CARTESIAN_POINT('',(9.163400887433E-02,2.488630002611E-02,
    9.999999627471E-03));
#4785 = CARTESIAN_POINT('',(8.869457880063E-02,2.899043094368E-02,
    1.099999961257E-02));
#4786 = CARTESIAN_POINT('',(8.869457880063E-02,2.899043094368E-02,
    9.999999627471E-03));
#4787 = CARTESIAN_POINT('',(8.532522140177E-02,3.276061348953E-02,
    1.099999961257E-02));
#4788 = CARTESIAN_POINT('',(8.532522140177E-02,3.276061348953E-02,
    9.999999627471E-03));
#4789 = CARTESIAN_POINT('',(8.163742598447E-02,3.617796408873E-02,
    1.099999961257E-02));
#4790 = CARTESIAN_POINT('',(8.163742598447E-02,3.617796408873E-02,
    9.999999627471E-03));
#4791 = CARTESIAN_POINT('',(7.76583103261E-02,3.916000632505E-02,
    1.099999961257E-02));
#4792 = CARTESIAN_POINT('',(7.76583103261E-02,3.916000632505E-02,
    9.999999627471E-03));
#4793 = CARTESIAN_POINT('',(7.34358723982E-02,4.168008117647E-02,
    1.099999961257E-02));
#4794 = CARTESIAN_POINT('',(7.34358723982E-02,4.168008117647E-02,
    9.999999627471E-03));
#4795 = CARTESIAN_POINT('',(6.897608885477E-02,4.375480678656E-02,
    1.099999961257E-02));
#4796 = CARTESIAN_POINT('',(6.897608885477E-02,4.375480678656E-02,
    9.999999627471E-03));
#4797 = CARTESIAN_POINT('',(6.426256479154E-02,4.533853304943E-02,
    1.099999961257E-02));
#4798 = CARTESIAN_POINT('',(6.426256479154E-02,4.533853304943E-02,
    9.999999627471E-03));
#4799 = CARTESIAN_POINT('',(5.931735348713E-02,4.647592318125E-02,
    1.099999961257E-02));
#4800 = CARTESIAN_POINT('',(5.931735348713E-02,4.647592318125E-02,
    9.999999627471E-03));
#4801 = CARTESIAN_POINT('',(5.412342375209E-02,4.718071600988E-02,
    1.099999961257E-02));
#4802 = CARTESIAN_POINT('',(5.412342375209E-02,4.718071600988E-02,
    9.999999627471E-03));
#4803 = CARTESIAN_POINT('',(5.058027259239E-02,4.726315364649E-02,
    1.099999961257E-02));
#4804 = CARTESIAN_POINT('',(5.058027259239E-02,4.726315364649E-02,
    9.999999627471E-03));
#4805 = CARTESIAN_POINT('',(4.877415492234E-02,4.730517614721E-02,
    1.099999961257E-02));
#4806 = CARTESIAN_POINT('',(4.877415492234E-02,4.730517614721E-02,
    9.999999627471E-03));
#4807 = ADVANCED_FACE('',(#4808),#4834,.T.);
#4808 = FACE_BOUND('',#4809,.T.);
#4809 = EDGE_LOOP('',(#4810,#4811,#4812,#4828));
#4810 = ORIENTED_EDGE('',*,*,#178,.F.);
#4811 = ORIENTED_EDGE('',*,*,#4763,.F.);
#4812 = ORIENTED_EDGE('',*,*,#4813,.T.);
#4813 = EDGE_CURVE('',#4740,#4814,#4816,.T.);
#4814 = VERTEX_POINT('',#4815);
#4815 = CARTESIAN_POINT('',(2.524138088276E-02,4.334176157212E-02,
    1.099999961257E-02));
#4816 = B_SPLINE_CURVE_WITH_KNOTS('',3,(#4817,#4818,#4819,#4820,#4821,
    #4822,#4823,#4824,#4825,#4826,#4827),.UNSPECIFIED.,.F.,.F.,(4,1,1,1,
    1,1,1,1,4),(0.,0.145186866472,0.28344261092,0.416524365929,
    0.543181123535,0.665153082638,0.781360206313,0.892756655642,1.),
  .UNSPECIFIED.);
#4817 = CARTESIAN_POINT('',(4.877415492234E-02,4.730517614721E-02,
    1.099999961257E-02));
#4818 = CARTESIAN_POINT('',(4.761146887728E-02,4.729684170377E-02,
    1.099999961257E-02));
#4819 = CARTESIAN_POINT('',(4.53416026263E-02,4.728057069754E-02,
    1.099999961257E-02));
#4820 = CARTESIAN_POINT('',(4.201167817906E-02,4.707653077401E-02,
    1.099999961257E-02));
#4821 = CARTESIAN_POINT('',(3.883695051356E-02,4.678815990649E-02,
    1.099999961257E-02));
#4822 = CARTESIAN_POINT('',(3.581282542456E-02,4.633849773959E-02,
    1.099999961257E-02));
#4823 = CARTESIAN_POINT('',(3.29394585193E-02,4.580322180838E-02,
    1.099999961257E-02));
#4824 = CARTESIAN_POINT('',(3.022761386359E-02,4.510546396624E-02,
    1.099999961257E-02));
#4825 = CARTESIAN_POINT('',(2.766024426841E-02,4.432363154936E-02,
    1.099999961257E-02));
#4826 = CARTESIAN_POINT('',(2.603739322196E-02,4.366488053039E-02,
    1.099999961257E-02));
#4827 = CARTESIAN_POINT('',(2.524138088276E-02,4.334176157212E-02,
    1.099999961257E-02));
#4828 = ORIENTED_EDGE('',*,*,#4829,.T.);
#4829 = EDGE_CURVE('',#4814,#179,#4830,.T.);
#4830 = LINE('',#4831,#4832);
#4831 = CARTESIAN_POINT('',(2.524138088276E-02,4.334176157212E-02,
    1.099999961257E-02));
#4832 = VECTOR('',#4833,1.);
#4833 = DIRECTION('',(-0.,-0.,-1.));
#4834 = B_SPLINE_SURFACE_WITH_KNOTS('',3,1,(
    (#4835,#4836)
    ,(#4837,#4838)
    ,(#4839,#4840)
    ,(#4841,#4842)
    ,(#4843,#4844)
    ,(#4845,#4846)
    ,(#4847,#4848)
    ,(#4849,#4850)
    ,(#4851,#4852)
    ,(#4853,#4854)
    ,(#4855,#4856
  )),.UNSPECIFIED.,.F.,.F.,.F.,(4,1,1,1,1,1,1,1,4),(2,2),(0.,
    0.145186866472,0.28344261092,0.416524365929,0.543181123535,
    0.665153082638,0.781360206313,0.892756655642,1.),(0.,1.),
  .UNSPECIFIED.);
#4835 = CARTESIAN_POINT('',(4.877415492234E-02,4.730517614721E-02,
    1.099999961257E-02));
#4836 = CARTESIAN_POINT('',(4.877415492234E-02,4.730517614721E-02,
    9.999999627471E-03));
#4837 = CARTESIAN_POINT('',(4.761146887728E-02,4.729684170377E-02,
    1.099999961257E-02));
#4838 = CARTESIAN_POINT('',(4.761146887728E-02,4.729684170377E-02,
    9.999999627471E-03));
#4839 = CARTESIAN_POINT('',(4.53416026263E-02,4.728057069754E-02,
    1.099999961257E-02));
#4840 = CARTESIAN_POINT('',(4.53416026263E-02,4.728057069754E-02,
    9.999999627471E-03));
#4841 = CARTESIAN_POINT('',(4.201167817906E-02,4.707653077401E-02,
    1.099999961257E-02));
#4842 = CARTESIAN_POINT('',(4.201167817906E-02,4.707653077401E-02,
    9.999999627471E-03));
#4843 = CARTESIAN_POINT('',(3.883695051356E-02,4.678815990649E-02,
    1.099999961257E-02));
#4844 = CARTESIAN_POINT('',(3.883695051356E-02,4.678815990649E-02,
    9.999999627471E-03));
#4845 = CARTESIAN_POINT('',(3.581282542456E-02,4.633849773959E-02,
    1.099999961257E-02));
#4846 = CARTESIAN_POINT('',(3.581282542456E-02,4.633849773959E-02,
    9.999999627471E-03));
#4847 = CARTESIAN_POINT('',(3.29394585193E-02,4.580322180838E-02,
    1.099999961257E-02));
#4848 = CARTESIAN_POINT('',(3.29394585193E-02,4.580322180838E-02,
    9.999999627471E-03));
#4849 = CARTESIAN_POINT('',(3.022761386359E-02,4.510546396624E-02,
    1.099999961257E-02));
#4850 = CARTESIAN_POINT('',(3.022761386359E-02,4.510546396624E-02,
    9.999999627471E-03));
#4851 = CARTESIAN_POINT('',(2.766024426841E-02,4.432363154936E-02,
    1.099999961257E-02));
#4852 = CARTESIAN_POINT('',(2.766024426841E-02,4.432363154936E-02,
    9.999999627471E-03));
#4853 = CARTESIAN_POINT('',(2.603739322196E-02,4.366488053039E-02,
    1.099999961257E-02));
#4854 = CARTESIAN_POINT('',(2.603739322196E-02,4.366488053039E-02,
    9.999999627471E-03));
#4855 = CARTESIAN_POINT('',(2.524138088276E-02,4.334176157212E-02,
    1.099999961257E-02));
#4856 = CARTESIAN_POINT('',(2.524138088276E-02,4.334176157212E-02,
    9.999999627471E-03));
#4857 = ADVANCED_FACE('',(#4858),#4876,.T.);
#4858 = FACE_BOUND('',#4859,.T.);
#4859 = EDGE_LOOP('',(#4860,#4861,#4862,#4870));
#4860 = ORIENTED_EDGE('',*,*,#194,.F.);
#4861 = ORIENTED_EDGE('',*,*,#4829,.F.);
#4862 = ORIENTED_EDGE('',*,*,#4863,.T.);
#4863 = EDGE_CURVE('',#4814,#4864,#4866,.T.);
#4864 = VERTEX_POINT('',#4865);
#4865 = CARTESIAN_POINT('',(2.524138088276E-02,2.992712762567E-02,
    1.099999961257E-02));
#4866 = LINE('',#4867,#4868);
#4867 = CARTESIAN_POINT('',(2.524138088276E-02,4.334176157212E-02,
    1.099999961257E-02));
#4868 = VECTOR('',#4869,1.);
#4869 = DIRECTION('',(0.,-1.,0.));
#4870 = ORIENTED_EDGE('',*,*,#4871,.T.);
#4871 = EDGE_CURVE('',#4864,#195,#4872,.T.);
#4872 = LINE('',#4873,#4874);
#4873 = CARTESIAN_POINT('',(2.524138088276E-02,2.992712762567E-02,
    1.099999961257E-02));
#4874 = VECTOR('',#4875,1.);
#4875 = DIRECTION('',(-0.,-0.,-1.));
#4876 = PLANE('',#4877);
#4877 = AXIS2_PLACEMENT_3D('',#4878,#4879,#4880);
#4878 = CARTESIAN_POINT('',(2.524138088276E-02,4.334176157212E-02,
    1.099999961257E-02));
#4879 = DIRECTION('',(1.,0.,0.));
#4880 = DIRECTION('',(0.,0.,-1.));
#4881 = ADVANCED_FACE('',(#4882),#4908,.T.);
#4882 = FACE_BOUND('',#4883,.T.);
#4883 = EDGE_LOOP('',(#4884,#4885,#4886,#4902));
#4884 = ORIENTED_EDGE('',*,*,#202,.F.);
#4885 = ORIENTED_EDGE('',*,*,#4871,.F.);
#4886 = ORIENTED_EDGE('',*,*,#4887,.T.);
#4887 = EDGE_CURVE('',#4864,#4888,#4890,.T.);
#4888 = VERTEX_POINT('',#4889);
#4889 = CARTESIAN_POINT('',(4.865982565575E-02,3.632956655466E-02,
    1.099999961257E-02));
#4890 = B_SPLINE_CURVE_WITH_KNOTS('',3,(#4891,#4892,#4893,#4894,#4895,
    #4896,#4897,#4898,#4899,#4900,#4901),.UNSPECIFIED.,.F.,.F.,(4,1,1,1,
    1,1,1,1,4),(0.,0.125279696736,0.249419970742,0.373356799493,
    0.496681278782,0.620202915744,0.745086320161,0.871269195019,1.),
  .UNSPECIFIED.);
#4891 = CARTESIAN_POINT('',(2.524138088276E-02,2.992712762567E-02,
    1.099999961257E-02));
#4892 = CARTESIAN_POINT('',(2.61294194323E-02,3.044314491713E-02,
    1.099999961257E-02));
#4893 = CARTESIAN_POINT('',(2.789741979322E-02,3.147048630677E-02,
    1.099999961257E-02));
#4894 = CARTESIAN_POINT('',(3.067816291317E-02,3.275486523024E-02,
    1.099999961257E-02));
#4895 = CARTESIAN_POINT('',(3.351248718603E-02,3.386887903105E-02,
    1.099999961257E-02));
#4896 = CARTESIAN_POINT('',(3.642023429819E-02,3.475817910077E-02,
    1.099999961257E-02));
#4897 = CARTESIAN_POINT('',(3.938310375346E-02,3.547629573219E-02,
    1.099999961257E-02));
#4898 = CARTESIAN_POINT('',(4.241663224228E-02,3.595795679629E-02,
    1.099999961257E-02));
#4899 = CARTESIAN_POINT('',(4.551507230289E-02,3.628202015037E-02,
    1.099999961257E-02));
#4900 = CARTESIAN_POINT('',(4.760461270053E-02,3.631361249526E-02,
    1.099999961257E-02));
#4901 = CARTESIAN_POINT('',(4.865982565575E-02,3.632956655466E-02,
    1.099999961257E-02));
#4902 = ORIENTED_EDGE('',*,*,#4903,.T.);
#4903 = EDGE_CURVE('',#4888,#203,#4904,.T.);
#4904 = LINE('',#4905,#4906);
#4905 = CARTESIAN_POINT('',(4.865982565575E-02,3.632956655466E-02,
    1.099999961257E-02));
#4906 = VECTOR('',#4907,1.);
#4907 = DIRECTION('',(-0.,-0.,-1.));
#4908 = B_SPLINE_SURFACE_WITH_KNOTS('',3,1,(
    (#4909,#4910)
    ,(#4911,#4912)
    ,(#4913,#4914)
    ,(#4915,#4916)
    ,(#4917,#4918)
    ,(#4919,#4920)
    ,(#4921,#4922)
    ,(#4923,#4924)
    ,(#4925,#4926)
    ,(#4927,#4928)
    ,(#4929,#4930
  )),.UNSPECIFIED.,.F.,.F.,.F.,(4,1,1,1,1,1,1,1,4),(2,2),(0.,
    0.125279696736,0.249419970742,0.373356799493,0.496681278782,
    0.620202915744,0.745086320161,0.871269195019,1.),(0.,1.),
  .UNSPECIFIED.);
#4909 = CARTESIAN_POINT('',(2.524138088276E-02,2.992712762567E-02,
    1.099999961257E-02));
#4910 = CARTESIAN_POINT('',(2.524138088276E-02,2.992712762567E-02,
    9.999999627471E-03));
#4911 = CARTESIAN_POINT('',(2.61294194323E-02,3.044314491713E-02,
    1.099999961257E-02));
#4912 = CARTESIAN_POINT('',(2.61294194323E-02,3.044314491713E-02,
    9.999999627471E-03));
#4913 = CARTESIAN_POINT('',(2.789741979322E-02,3.147048630677E-02,
    1.099999961257E-02));
#4914 = CARTESIAN_POINT('',(2.789741979322E-02,3.147048630677E-02,
    9.999999627471E-03));
#4915 = CARTESIAN_POINT('',(3.067816291317E-02,3.275486523024E-02,
    1.099999961257E-02));
#4916 = CARTESIAN_POINT('',(3.067816291317E-02,3.275486523024E-02,
    9.999999627471E-03));
#4917 = CARTESIAN_POINT('',(3.351248718603E-02,3.386887903105E-02,
    1.099999961257E-02));
#4918 = CARTESIAN_POINT('',(3.351248718603E-02,3.386887903105E-02,
    9.999999627471E-03));
#4919 = CARTESIAN_POINT('',(3.642023429819E-02,3.475817910077E-02,
    1.099999961257E-02));
#4920 = CARTESIAN_POINT('',(3.642023429819E-02,3.475817910077E-02,
    9.999999627471E-03));
#4921 = CARTESIAN_POINT('',(3.938310375346E-02,3.547629573219E-02,
    1.099999961257E-02));
#4922 = CARTESIAN_POINT('',(3.938310375346E-02,3.547629573219E-02,
    9.999999627471E-03));
#4923 = CARTESIAN_POINT('',(4.241663224228E-02,3.595795679629E-02,
    1.099999961257E-02));
#4924 = CARTESIAN_POINT('',(4.241663224228E-02,3.595795679629E-02,
    9.999999627471E-03));
#4925 = CARTESIAN_POINT('',(4.551507230289E-02,3.628202015037E-02,
    1.099999961257E-02));
#4926 = CARTESIAN_POINT('',(4.551507230289E-02,3.628202015037E-02,
    9.999999627471E-03));
#4927 = CARTESIAN_POINT('',(4.760461270053E-02,3.631361249526E-02,
    1.099999961257E-02));
#4928 = CARTESIAN_POINT('',(4.760461270053E-02,3.631361249526E-02,
    9.999999627471E-03));
#4929 = CARTESIAN_POINT('',(4.865982565575E-02,3.632956655466E-02,
    1.099999961257E-02));
#4930 = CARTESIAN_POINT('',(4.865982565575E-02,3.632956655466E-02,
    9.999999627471E-03));
#4931 = ADVANCED_FACE('',(#4932),#4966,.T.);
#4932 = FACE_BOUND('',#4933,.T.);
#4933 = EDGE_LOOP('',(#4934,#4935,#4936,#4960));
#4934 = ORIENTED_EDGE('',*,*,#218,.F.);
#4935 = ORIENTED_EDGE('',*,*,#4903,.F.);
#4936 = ORIENTED_EDGE('',*,*,#4937,.T.);
#4937 = EDGE_CURVE('',#4888,#4938,#4940,.T.);
#4938 = VERTEX_POINT('',#4939);
#4939 = CARTESIAN_POINT('',(8.621698973025E-02,-4.981408439517E-03,
    1.099999961257E-02));
#4940 = B_SPLINE_CURVE_WITH_KNOTS('',3,(#4941,#4942,#4943,#4944,#4945,
    #4946,#4947,#4948,#4949,#4950,#4951,#4952,#4953,#4954,#4955,#4956,
    #4957,#4958,#4959),.UNSPECIFIED.,.F.,.F.,(4,1,1,1,1,1,1,1,1,1,1,1,1,
    1,1,1,4),(0.,6.460397028839E-02,0.126702413963,0.186756814036,
    0.245505687365,0.30365202445,0.361503073971,0.420240222928,
    0.480033340777,0.540678134776,0.601191806381,0.662333502477,
    0.724739510297,0.789467736173,0.856504860044,0.926312095839,1.),
  .UNSPECIFIED.);
#4941 = CARTESIAN_POINT('',(4.865982565575E-02,3.632956655466E-02,
    1.099999961257E-02));
#4942 = CARTESIAN_POINT('',(5.001476182201E-02,3.630043294649E-02,
    1.099999961257E-02));
#4943 = CARTESIAN_POINT('',(5.267208585743E-02,3.624329561476E-02,
    1.099999961257E-02));
#4944 = CARTESIAN_POINT('',(5.655423357073E-02,3.568231265457E-02,
    1.099999961257E-02));
#4945 = CARTESIAN_POINT('',(6.025697283373E-02,3.484301874385E-02,
    1.099999961257E-02));
#4946 = CARTESIAN_POINT('',(6.376545591331E-02,3.361464703427E-02,
    1.099999961257E-02));
#4947 = CARTESIAN_POINT('',(6.707569891067E-02,3.202924402337E-02,
    1.099999961257E-02));
#4948 = CARTESIAN_POINT('',(7.018483126421E-02,3.00808633212E-02,
    1.099999961257E-02));
#4949 = CARTESIAN_POINT('',(7.31119473263E-02,2.781127811756E-02,
    1.099999961257E-02));
#4950 = CARTESIAN_POINT('',(7.581239493602E-02,2.519217443118E-02,
    1.099999961257E-02));
#4951 = CARTESIAN_POINT('',(7.827325387693E-02,2.229586409668E-02,
    1.099999961257E-02));
#4952 = CARTESIAN_POINT('',(8.0385536879E-02,1.910319307723E-02,
    1.099999961257E-02));
#4953 = CARTESIAN_POINT('',(8.22172068738E-02,1.570057511916E-02,
    1.099999961257E-02));
#4954 = CARTESIAN_POINT('',(8.368400464433E-02,1.202831215055E-02,
    1.099999961257E-02));
#4955 = CARTESIAN_POINT('',(8.481995455184E-02,8.114579821958E-03,
    1.099999961257E-02));
#4956 = CARTESIAN_POINT('',(8.563987094258E-02,3.96471841719E-03,
    1.099999961257E-02));
#4957 = CARTESIAN_POINT('',(8.611491920374E-02,-4.289258592545E-04,
    1.099999961257E-02));
#4958 = CARTESIAN_POINT('',(8.618235828282E-02,-3.436799368251E-03,
    1.099999961257E-02));
#4959 = CARTESIAN_POINT('',(8.621698973025E-02,-4.981408439517E-03,
    1.099999961257E-02));
#4960 = ORIENTED_EDGE('',*,*,#4961,.T.);
#4961 = EDGE_CURVE('',#4938,#219,#4962,.T.);
#4962 = LINE('',#4963,#4964);
#4963 = CARTESIAN_POINT('',(8.621698973025E-02,-4.981408439517E-03,
    1.099999961257E-02));
#4964 = VECTOR('',#4965,1.);
#4965 = DIRECTION('',(-0.,-0.,-1.));
#4966 = B_SPLINE_SURFACE_WITH_KNOTS('',3,1,(
    (#4967,#4968)
    ,(#4969,#4970)
    ,(#4971,#4972)
    ,(#4973,#4974)
    ,(#4975,#4976)
    ,(#4977,#4978)
    ,(#4979,#4980)
    ,(#4981,#4982)
    ,(#4983,#4984)
    ,(#4985,#4986)
    ,(#4987,#4988)
    ,(#4989,#4990)
    ,(#4991,#4992)
    ,(#4993,#4994)
    ,(#4995,#4996)
    ,(#4997,#4998)
    ,(#4999,#5000)
    ,(#5001,#5002)
    ,(#5003,#5004
    )),.UNSPECIFIED.,.F.,.F.,.F.,(4,1,1,1,1,1,1,1,1,1,1,1,1,1,1,1,4),(2,
    2),(0.,6.460397028839E-02,0.126702413963,0.186756814036,
    0.245505687365,0.30365202445,0.361503073971,0.420240222928,
    0.480033340777,0.540678134776,0.601191806381,0.662333502477,
    0.724739510297,0.789467736173,0.856504860044,0.926312095839,1.),(0.,
    1.),.UNSPECIFIED.);
#4967 = CARTESIAN_POINT('',(4.865982565575E-02,3.632956655466E-02,
    1.099999961257E-02));
#4968 = CARTESIAN_POINT('',(4.865982565575E-02,3.632956655466E-02,
    9.999999627471E-03));
#4969 = CARTESIAN_POINT('',(5.001476182201E-02,3.630043294649E-02,
    1.099999961257E-02));
#4970 = CARTESIAN_POINT('',(5.001476182201E-02,3.630043294649E-02,
    9.999999627471E-03));
#4971 = CARTESIAN_POINT('',(5.267208585743E-02,3.624329561476E-02,
    1.099999961257E-02));
#4972 = CARTESIAN_POINT('',(5.267208585743E-02,3.624329561476E-02,
    9.999999627471E-03));
#4973 = CARTESIAN_POINT('',(5.655423357073E-02,3.568231265457E-02,
    1.099999961257E-02));
#4974 = CARTESIAN_POINT('',(5.655423357073E-02,3.568231265457E-02,
    9.999999627471E-03));
#4975 = CARTESIAN_POINT('',(6.025697283373E-02,3.484301874385E-02,
    1.099999961257E-02));
#4976 = CARTESIAN_POINT('',(6.025697283373E-02,3.484301874385E-02,
    9.999999627471E-03));
#4977 = CARTESIAN_POINT('',(6.376545591331E-02,3.361464703427E-02,
    1.099999961257E-02));
#4978 = CARTESIAN_POINT('',(6.376545591331E-02,3.361464703427E-02,
    9.999999627471E-03));
#4979 = CARTESIAN_POINT('',(6.707569891067E-02,3.202924402337E-02,
    1.099999961257E-02));
#4980 = CARTESIAN_POINT('',(6.707569891067E-02,3.202924402337E-02,
    9.999999627471E-03));
#4981 = CARTESIAN_POINT('',(7.018483126421E-02,3.00808633212E-02,
    1.099999961257E-02));
#4982 = CARTESIAN_POINT('',(7.018483126421E-02,3.00808633212E-02,
    9.999999627471E-03));
#4983 = CARTESIAN_POINT('',(7.31119473263E-02,2.781127811756E-02,
    1.099999961257E-02));
#4984 = CARTESIAN_POINT('',(7.31119473263E-02,2.781127811756E-02,
    9.999999627471E-03));
#4985 = CARTESIAN_POINT('',(7.581239493602E-02,2.519217443118E-02,
    1.099999961257E-02));
#4986 = CARTESIAN_POINT('',(7.581239493602E-02,2.519217443118E-02,
    9.999999627471E-03));
#4987 = CARTESIAN_POINT('',(7.827325387693E-02,2.229586409668E-02,
    1.099999961257E-02));
#4988 = CARTESIAN_POINT('',(7.827325387693E-02,2.229586409668E-02,
    9.999999627471E-03));
#4989 = CARTESIAN_POINT('',(8.0385536879E-02,1.910319307723E-02,
    1.099999961257E-02));
#4990 = CARTESIAN_POINT('',(8.0385536879E-02,1.910319307723E-02,
    9.999999627471E-03));
#4991 = CARTESIAN_POINT('',(8.22172068738E-02,1.570057511916E-02,
    1.099999961257E-02));
#4992 = CARTESIAN_POINT('',(8.22172068738E-02,1.570057511916E-02,
    9.999999627471E-03));
#4993 = CARTESIAN_POINT('',(8.368400464433E-02,1.202831215055E-02,
    1.099999961257E-02));
#4994 = CARTESIAN_POINT('',(8.368400464433E-02,1.202831215055E-02,
    9.999999627471E-03));
#4995 = CARTESIAN_POINT('',(8.481995455184E-02,8.114579821958E-03,
    1.099999961257E-02));
#4996 = CARTESIAN_POINT('',(8.481995455184E-02,8.114579821958E-03,
    9.999999627471E-03));
#4997 = CARTESIAN_POINT('',(8.563987094258E-02,3.96471841719E-03,
    1.099999961257E-02));
#4998 = CARTESIAN_POINT('',(8.563987094258E-02,3.96471841719E-03,
    9.999999627471E-03));
#4999 = CARTESIAN_POINT('',(8.611491920374E-02,-4.289258592545E-04,
    1.099999961257E-02));
#5000 = CARTESIAN_POINT('',(8.611491920374E-02,-4.289258592545E-04,
    9.999999627471E-03));
#5001 = CARTESIAN_POINT('',(8.618235828282E-02,-3.436799368251E-03,
    1.099999961257E-02));
#5002 = CARTESIAN_POINT('',(8.618235828282E-02,-3.436799368251E-03,
    9.999999627471E-03));
#5003 = CARTESIAN_POINT('',(8.621698973025E-02,-4.981408439517E-03,
    1.099999961257E-02));
#5004 = CARTESIAN_POINT('',(8.621698973025E-02,-4.981408439517E-03,
    9.999999627471E-03));
#5005 = ADVANCED_FACE('',(#5006),#5040,.T.);
#5006 = FACE_BOUND('',#5007,.T.);
#5007 = EDGE_LOOP('',(#5008,#5009,#5010,#5034));
#5008 = ORIENTED_EDGE('',*,*,#242,.F.);
#5009 = ORIENTED_EDGE('',*,*,#4961,.F.);
#5010 = ORIENTED_EDGE('',*,*,#5011,.T.);
#5011 = EDGE_CURVE('',#4938,#5012,#5014,.T.);
#5012 = VERTEX_POINT('',#5013);
#5013 = CARTESIAN_POINT('',(5.0908301232E-02,-4.415823712403E-02,
    1.099999961257E-02));
#5014 = B_SPLINE_CURVE_WITH_KNOTS('',3,(#5015,#5016,#5017,#5018,#5019,
    #5020,#5021,#5022,#5023,#5024,#5025,#5026,#5027,#5028,#5029,#5030,
    #5031,#5032,#5033),.UNSPECIFIED.,.F.,.F.,(4,1,1,1,1,1,1,1,1,1,1,1,1,
    1,1,1,4),(0.,7.377411937406E-02,0.144079114726,0.211348518309,
    0.27607688574,0.33852091582,0.399885116693,0.460254067465,
    0.520588964391,0.580207684563,0.638632908553,0.696364549491,
    0.75400177466,0.812805681374,0.872754425526,0.935181996978,1.),
  .UNSPECIFIED.);
#5015 = CARTESIAN_POINT('',(8.621698973025E-02,-4.981408439517E-03,
    1.099999961257E-02));
#5016 = CARTESIAN_POINT('',(8.618920774565E-02,-6.443528987306E-03,
    1.099999961257E-02));
#5017 = CARTESIAN_POINT('',(8.613495018513E-02,-9.29901592413E-03,
    1.099999961257E-02));
#5018 = CARTESIAN_POINT('',(8.566879152975E-02,-1.346678365431E-02,
    1.099999961257E-02));
#5019 = CARTESIAN_POINT('',(8.491366711668E-02,-1.740745578005E-02,
    1.099999961257E-02));
#5020 = CARTESIAN_POINT('',(8.385243296272E-02,-2.111755884273E-02,
    1.099999961257E-02));
#5021 = CARTESIAN_POINT('',(8.246862246444E-02,-2.459365939858E-02,
    1.099999961257E-02));
#5022 = CARTESIAN_POINT('',(8.079702788078E-02,-2.78449934355E-02,
    1.099999961257E-02));
#5023 = CARTESIAN_POINT('',(7.879842613525E-02,-3.085687855406E-02,
    1.099999961257E-02));
#5024 = CARTESIAN_POINT('',(7.65169361895E-02,-3.361521443765E-02,
    1.099999961257E-02));
#5025 = CARTESIAN_POINT('',(7.398388139181E-02,-3.60887796118E-02,
    1.099999961257E-02));
#5026 = CARTESIAN_POINT('',(7.125230563853E-02,-3.826112561168E-02,
    1.099999961257E-02));
#5027 = CARTESIAN_POINT('',(6.831625766854E-02,-4.007435826774E-02,
    1.099999961257E-02));
#5028 = CARTESIAN_POINT('',(6.52031156473E-02,-4.157794833348E-02,
    1.099999961257E-02));
#5029 = CARTESIAN_POINT('',(6.18988137913E-02,-4.274043083547E-02,
    1.099999961257E-02));
#5030 = CARTESIAN_POINT('',(5.839716681237E-02,-4.3555371838E-02,
    1.099999961257E-02));
#5031 = CARTESIAN_POINT('',(5.471492625868E-02,-4.406012876126E-02,
    1.099999961257E-02));
#5032 = CARTESIAN_POINT('',(5.219296871398E-02,-4.412512731613E-02,
    1.099999961257E-02));
#5033 = CARTESIAN_POINT('',(5.0908301232E-02,-4.415823712403E-02,
    1.099999961257E-02));
#5034 = ORIENTED_EDGE('',*,*,#5035,.T.);
#5035 = EDGE_CURVE('',#5012,#243,#5036,.T.);
#5036 = LINE('',#5037,#5038);
#5037 = CARTESIAN_POINT('',(5.0908301232E-02,-4.415823712403E-02,
    1.099999961257E-02));
#5038 = VECTOR('',#5039,1.);
#5039 = DIRECTION('',(-0.,-0.,-1.));
#5040 = B_SPLINE_SURFACE_WITH_KNOTS('',3,1,(
    (#5041,#5042)
    ,(#5043,#5044)
    ,(#5045,#5046)
    ,(#5047,#5048)
    ,(#5049,#5050)
    ,(#5051,#5052)
    ,(#5053,#5054)
    ,(#5055,#5056)
    ,(#5057,#5058)
    ,(#5059,#5060)
    ,(#5061,#5062)
    ,(#5063,#5064)
    ,(#5065,#5066)
    ,(#5067,#5068)
    ,(#5069,#5070)
    ,(#5071,#5072)
    ,(#5073,#5074)
    ,(#5075,#5076)
    ,(#5077,#5078
    )),.UNSPECIFIED.,.F.,.F.,.F.,(4,1,1,1,1,1,1,1,1,1,1,1,1,1,1,1,4),(2,
    2),(0.,7.377411937406E-02,0.144079114726,0.211348518309,
    0.27607688574,0.33852091582,0.399885116693,0.460254067465,
    0.520588964391,0.580207684563,0.638632908553,0.696364549491,
    0.75400177466,0.812805681374,0.872754425526,0.935181996978,1.),(0.,
    1.),.UNSPECIFIED.);
#5041 = CARTESIAN_POINT('',(8.621698973025E-02,-4.981408439517E-03,
    1.099999961257E-02));
#5042 = CARTESIAN_POINT('',(8.621698973025E-02,-4.981408439517E-03,
    9.999999627471E-03));
#5043 = CARTESIAN_POINT('',(8.618920774565E-02,-6.443528987306E-03,
    1.099999961257E-02));
#5044 = CARTESIAN_POINT('',(8.618920774565E-02,-6.443528987306E-03,
    9.999999627471E-03));
#5045 = CARTESIAN_POINT('',(8.613495018513E-02,-9.29901592413E-03,
    1.099999961257E-02));
#5046 = CARTESIAN_POINT('',(8.613495018513E-02,-9.29901592413E-03,
    9.999999627471E-03));
#5047 = CARTESIAN_POINT('',(8.566879152975E-02,-1.346678365431E-02,
    1.099999961257E-02));
#5048 = CARTESIAN_POINT('',(8.566879152975E-02,-1.346678365431E-02,
    9.999999627471E-03));
#5049 = CARTESIAN_POINT('',(8.491366711668E-02,-1.740745578005E-02,
    1.099999961257E-02));
#5050 = CARTESIAN_POINT('',(8.491366711668E-02,-1.740745578005E-02,
    9.999999627471E-03));
#5051 = CARTESIAN_POINT('',(8.385243296272E-02,-2.111755884273E-02,
    1.099999961257E-02));
#5052 = CARTESIAN_POINT('',(8.385243296272E-02,-2.111755884273E-02,
    9.999999627471E-03));
#5053 = CARTESIAN_POINT('',(8.246862246444E-02,-2.459365939858E-02,
    1.099999961257E-02));
#5054 = CARTESIAN_POINT('',(8.246862246444E-02,-2.459365939858E-02,
    9.999999627471E-03));
#5055 = CARTESIAN_POINT('',(8.079702788078E-02,-2.78449934355E-02,
    1.099999961257E-02));
#5056 = CARTESIAN_POINT('',(8.079702788078E-02,-2.78449934355E-02,
    9.999999627471E-03));
#5057 = CARTESIAN_POINT('',(7.879842613525E-02,-3.085687855406E-02,
    1.099999961257E-02));
#5058 = CARTESIAN_POINT('',(7.879842613525E-02,-3.085687855406E-02,
    9.999999627471E-03));
#5059 = CARTESIAN_POINT('',(7.65169361895E-02,-3.361521443765E-02,
    1.099999961257E-02));
#5060 = CARTESIAN_POINT('',(7.65169361895E-02,-3.361521443765E-02,
    9.999999627471E-03));
#5061 = CARTESIAN_POINT('',(7.398388139181E-02,-3.60887796118E-02,
    1.099999961257E-02));
#5062 = CARTESIAN_POINT('',(7.398388139181E-02,-3.60887796118E-02,
    9.999999627471E-03));
#5063 = CARTESIAN_POINT('',(7.125230563853E-02,-3.826112561168E-02,
    1.099999961257E-02));
#5064 = CARTESIAN_POINT('',(7.125230563853E-02,-3.826112561168E-02,
    9.999999627471E-03));
#5065 = CARTESIAN_POINT('',(6.831625766854E-02,-4.007435826774E-02,
    1.099999961257E-02));
#5066 = CARTESIAN_POINT('',(6.831625766854E-02,-4.007435826774E-02,
    9.999999627471E-03));
#5067 = CARTESIAN_POINT('',(6.52031156473E-02,-4.157794833348E-02,
    1.099999961257E-02));
#5068 = CARTESIAN_POINT('',(6.52031156473E-02,-4.157794833348E-02,
    9.999999627471E-03));
#5069 = CARTESIAN_POINT('',(6.18988137913E-02,-4.274043083547E-02,
    1.099999961257E-02));
#5070 = CARTESIAN_POINT('',(6.18988137913E-02,-4.274043083547E-02,
    9.999999627471E-03));
#5071 = CARTESIAN_POINT('',(5.839716681237E-02,-4.3555371838E-02,
    1.099999961257E-02));
#5072 = CARTESIAN_POINT('',(5.839716681237E-02,-4.3555371838E-02,
    9.999999627471E-03));
#5073 = CARTESIAN_POINT('',(5.471492625868E-02,-4.406012876126E-02,
    1.099999961257E-02));
#5074 = CARTESIAN_POINT('',(5.471492625868E-02,-4.406012876126E-02,
    9.999999627471E-03));
#5075 = CARTESIAN_POINT('',(5.219296871398E-02,-4.412512731613E-02,
    1.099999961257E-02));
#5076 = CARTESIAN_POINT('',(5.219296871398E-02,-4.412512731613E-02,
    9.999999627471E-03));
#5077 = CARTESIAN_POINT('',(5.0908301232E-02,-4.415823712403E-02,
    1.099999961257E-02));
#5078 = CARTESIAN_POINT('',(5.0908301232E-02,-4.415823712403E-02,
    9.999999627471E-03));
#5079 = ADVANCED_FACE('',(#5080),#5099,.T.);
#5080 = FACE_BOUND('',#5081,.T.);
#5081 = EDGE_LOOP('',(#5082,#5083,#5084,#5098));
#5082 = ORIENTED_EDGE('',*,*,#266,.F.);
#5083 = ORIENTED_EDGE('',*,*,#5035,.F.);
#5084 = ORIENTED_EDGE('',*,*,#5085,.T.);
#5085 = EDGE_CURVE('',#5012,#4584,#5086,.T.);
#5086 = B_SPLINE_CURVE_WITH_KNOTS('',3,(#5087,#5088,#5089,#5090,#5091,
    #5092,#5093,#5094,#5095,#5096,#5097),.UNSPECIFIED.,.F.,.F.,(4,1,1,1,
    1,1,1,1,4),(0.,0.135294604763,0.266765657925,0.394816018836,
    0.520051654434,0.642175702971,0.762651820558,0.881834004381,1.),
  .UNSPECIFIED.);
#5087 = CARTESIAN_POINT('',(5.0908301232E-02,-4.415823712403E-02,
    1.099999961257E-02));
#5088 = CARTESIAN_POINT('',(4.970075919342E-02,-4.414238306952E-02,
    1.099999961257E-02));
#5089 = CARTESIAN_POINT('',(4.731980137949E-02,-4.411112301087E-02,
    1.099999961257E-02));
#5090 = CARTESIAN_POINT('',(4.380861324771E-02,-4.379032552076E-02,
    1.099999961257E-02));
#5091 = CARTESIAN_POINT('',(4.04075904202E-02,-4.330750359645E-02,
    1.099999961257E-02));
#5092 = CARTESIAN_POINT('',(3.713151538366E-02,-4.259683213485E-02,
    1.099999961257E-02));
#5093 = CARTESIAN_POINT('',(3.396915603301E-02,-4.17072318631E-02,
    1.099999961257E-02));
#5094 = CARTESIAN_POINT('',(3.093844077973E-02,-4.058982576902E-02,
    1.099999961257E-02));
#5095 = CARTESIAN_POINT('',(2.800698497792E-02,-3.931351694938E-02,
    1.099999961257E-02));
#5096 = CARTESIAN_POINT('',(2.616061388194E-02,-3.827355360513E-02,
    1.099999961257E-02));
#5097 = CARTESIAN_POINT('',(2.524138088276E-02,-3.775579819504E-02,
    1.099999961257E-02));
#5098 = ORIENTED_EDGE('',*,*,#4583,.T.);
#5099 = B_SPLINE_SURFACE_WITH_KNOTS('',3,1,(
    (#5100,#5101)
    ,(#5102,#5103)
    ,(#5104,#5105)
    ,(#5106,#5107)
    ,(#5108,#5109)
    ,(#5110,#5111)
    ,(#5112,#5113)
    ,(#5114,#5115)
    ,(#5116,#5117)
    ,(#5118,#5119)
    ,(#5120,#5121
  )),.UNSPECIFIED.,.F.,.F.,.F.,(4,1,1,1,1,1,1,1,4),(2,2),(0.,
    0.135294604763,0.266765657925,0.394816018836,0.520051654434,
    0.642175702971,0.762651820558,0.881834004381,1.),(0.,1.),
  .UNSPECIFIED.);
#5100 = CARTESIAN_POINT('',(5.0908301232E-02,-4.415823712403E-02,
    1.099999961257E-02));
#5101 = CARTESIAN_POINT('',(5.0908301232E-02,-4.415823712403E-02,
    9.999999627471E-03));
#5102 = CARTESIAN_POINT('',(4.970075919342E-02,-4.414238306952E-02,
    1.099999961257E-02));
#5103 = CARTESIAN_POINT('',(4.970075919342E-02,-4.414238306952E-02,
    9.999999627471E-03));
#5104 = CARTESIAN_POINT('',(4.731980137949E-02,-4.411112301087E-02,
    1.099999961257E-02));
#5105 = CARTESIAN_POINT('',(4.731980137949E-02,-4.411112301087E-02,
    9.999999627471E-03));
#5106 = CARTESIAN_POINT('',(4.380861324771E-02,-4.379032552076E-02,
    1.099999961257E-02));
#5107 = CARTESIAN_POINT('',(4.380861324771E-02,-4.379032552076E-02,
    9.999999627471E-03));
#5108 = CARTESIAN_POINT('',(4.04075904202E-02,-4.330750359645E-02,
    1.099999961257E-02));
#5109 = CARTESIAN_POINT('',(4.04075904202E-02,-4.330750359645E-02,
    9.999999627471E-03));
#5110 = CARTESIAN_POINT('',(3.713151538366E-02,-4.259683213485E-02,
    1.099999961257E-02));
#5111 = CARTESIAN_POINT('',(3.713151538366E-02,-4.259683213485E-02,
    9.999999627471E-03));
#5112 = CARTESIAN_POINT('',(3.396915603301E-02,-4.17072318631E-02,
    1.099999961257E-02));
#5113 = CARTESIAN_POINT('',(3.396915603301E-02,-4.17072318631E-02,
    9.999999627471E-03));
#5114 = CARTESIAN_POINT('',(3.093844077973E-02,-4.058982576902E-02,
    1.099999961257E-02));
#5115 = CARTESIAN_POINT('',(3.093844077973E-02,-4.058982576902E-02,
    9.999999627471E-03));
#5116 = CARTESIAN_POINT('',(2.800698497792E-02,-3.931351694938E-02,
    1.099999961257E-02));
#5117 = CARTESIAN_POINT('',(2.800698497792E-02,-3.931351694938E-02,
    9.999999627471E-03));
#5118 = CARTESIAN_POINT('',(2.616061388194E-02,-3.827355360513E-02,
    1.099999961257E-02));
#5119 = CARTESIAN_POINT('',(2.616061388194E-02,-3.827355360513E-02,
    9.999999627471E-03));
#5120 = CARTESIAN_POINT('',(2.524138088276E-02,-3.775579819504E-02,
    1.099999961257E-02));
#5121 = CARTESIAN_POINT('',(2.524138088276E-02,-3.775579819504E-02,
    9.999999627471E-03));
#5122 = ADVANCED_FACE('',(#5123),#5135,.T.);
#5123 = FACE_BOUND('',#5124,.T.);
#5124 = EDGE_LOOP('',(#5125,#5126,#5127,#5128,#5129,#5130,#5131,#5132,
    #5133,#5134));
#5125 = ORIENTED_EDGE('',*,*,#4591,.F.);
#5126 = ORIENTED_EDGE('',*,*,#5085,.F.);
#5127 = ORIENTED_EDGE('',*,*,#5011,.F.);
#5128 = ORIENTED_EDGE('',*,*,#4937,.F.);
#5129 = ORIENTED_EDGE('',*,*,#4887,.F.);
#5130 = ORIENTED_EDGE('',*,*,#4863,.F.);
#5131 = ORIENTED_EDGE('',*,*,#4813,.F.);
#5132 = ORIENTED_EDGE('',*,*,#4739,.F.);
#5133 = ORIENTED_EDGE('',*,*,#4665,.F.);
#5134 = ORIENTED_EDGE('',*,*,#4615,.F.);
#5135 = PLANE('',#5136);
#5136 = AXIS2_PLACEMENT_3D('',#5137,#5138,#5139);
#5137 = CARTESIAN_POINT('',(3.85601850432E-02,-5.374658009262E-02,
    1.099999961257E-02));
#5138 = DIRECTION('',(0.,0.,-1.));
#5139 = DIRECTION('',(-1.,0.,0.));
#5140 = ADVANCED_FACE('',(#5141),#5166,.T.);
#5141 = FACE_BOUND('',#5142,.T.);
#5142 = EDGE_LOOP('',(#5143,#5144,#5152,#5160));
#5143 = ORIENTED_EDGE('',*,*,#826,.F.);
#5144 = ORIENTED_EDGE('',*,*,#5145,.F.);
#5145 = EDGE_CURVE('',#5146,#827,#5148,.T.);
#5146 = VERTEX_POINT('',#5147);
#5147 = CARTESIAN_POINT('',(0.108168208915,-4.293872494708E-02,
    1.099999961257E-02));
#5148 = LINE('',#5149,#5150);
#5149 = CARTESIAN_POINT('',(0.108168208915,-4.293872494708E-02,
    1.099999961257E-02));
#5150 = VECTOR('',#5151,1.);
#5151 = DIRECTION('',(-0.,-0.,-1.));
#5152 = ORIENTED_EDGE('',*,*,#5153,.T.);
#5153 = EDGE_CURVE('',#5146,#5154,#5156,.T.);
#5154 = VERTEX_POINT('',#5155);
#5155 = CARTESIAN_POINT('',(0.108168208915,-5.391433453963E-02,
    1.099999961257E-02));
#5156 = LINE('',#5157,#5158);
#5157 = CARTESIAN_POINT('',(0.108168208915,-4.293872494708E-02,
    1.099999961257E-02));
#5158 = VECTOR('',#5159,1.);
#5159 = DIRECTION('',(0.,-1.,0.));
#5160 = ORIENTED_EDGE('',*,*,#5161,.T.);
#5161 = EDGE_CURVE('',#5154,#829,#5162,.T.);
#5162 = LINE('',#5163,#5164);
#5163 = CARTESIAN_POINT('',(0.108168208915,-5.391433453963E-02,
    1.099999961257E-02));
#5164 = VECTOR('',#5165,1.);
#5165 = DIRECTION('',(-0.,-0.,-1.));
#5166 = PLANE('',#5167);
#5167 = AXIS2_PLACEMENT_3D('',#5168,#5169,#5170);
#5168 = CARTESIAN_POINT('',(0.108168208915,-4.293872494708E-02,
    1.099999961257E-02));
#5169 = DIRECTION('',(1.,0.,0.));
#5170 = DIRECTION('',(0.,0.,-1.));
#5171 = ADVANCED_FACE('',(#5172),#5190,.T.);
#5172 = FACE_BOUND('',#5173,.T.);
#5173 = EDGE_LOOP('',(#5174,#5175,#5176,#5184));
#5174 = ORIENTED_EDGE('',*,*,#836,.F.);
#5175 = ORIENTED_EDGE('',*,*,#5161,.F.);
#5176 = ORIENTED_EDGE('',*,*,#5177,.T.);
#5177 = EDGE_CURVE('',#5154,#5178,#5180,.T.);
#5178 = VERTEX_POINT('',#5179);
#5179 = CARTESIAN_POINT('',(0.159387720347,-5.391433453963E-02,
    1.099999961257E-02));
#5180 = LINE('',#5181,#5182);
#5181 = CARTESIAN_POINT('',(0.108168208915,-5.391433453963E-02,
    1.099999961257E-02));
#5182 = VECTOR('',#5183,1.);
#5183 = DIRECTION('',(1.,0.,0.));
#5184 = ORIENTED_EDGE('',*,*,#5185,.T.);
#5185 = EDGE_CURVE('',#5178,#837,#5186,.T.);
#5186 = LINE('',#5187,#5188);
#5187 = CARTESIAN_POINT('',(0.159387720347,-5.391433453963E-02,
    1.099999961257E-02));
#5188 = VECTOR('',#5189,1.);
#5189 = DIRECTION('',(-0.,-0.,-1.));
#5190 = PLANE('',#5191);
#5191 = AXIS2_PLACEMENT_3D('',#5192,#5193,#5194);
#5192 = CARTESIAN_POINT('',(0.108168208915,-5.391433453963E-02,
    1.099999961257E-02));
#5193 = DIRECTION('',(0.,1.,0.));
#5194 = DIRECTION('',(0.,-0.,1.));
#5195 = ADVANCED_FACE('',(#5196),#5214,.T.);
#5196 = FACE_BOUND('',#5197,.T.);
#5197 = EDGE_LOOP('',(#5198,#5199,#5200,#5208));
#5198 = ORIENTED_EDGE('',*,*,#844,.F.);
#5199 = ORIENTED_EDGE('',*,*,#5185,.F.);
#5200 = ORIENTED_EDGE('',*,*,#5201,.T.);
#5201 = EDGE_CURVE('',#5178,#5202,#5204,.T.);
#5202 = VERTEX_POINT('',#5203);
#5203 = CARTESIAN_POINT('',(0.159387720347,4.608566397026E-02,
    1.099999961257E-02));
#5204 = LINE('',#5205,#5206);
#5205 = CARTESIAN_POINT('',(0.159387720347,-5.391433453963E-02,
    1.099999961257E-02));
#5206 = VECTOR('',#5207,1.);
#5207 = DIRECTION('',(0.,1.,0.));
#5208 = ORIENTED_EDGE('',*,*,#5209,.T.);
#5209 = EDGE_CURVE('',#5202,#845,#5210,.T.);
#5210 = LINE('',#5211,#5212);
#5211 = CARTESIAN_POINT('',(0.159387720347,4.608566397026E-02,
    1.099999961257E-02));
#5212 = VECTOR('',#5213,1.);
#5213 = DIRECTION('',(-0.,-0.,-1.));
#5214 = PLANE('',#5215);
#5215 = AXIS2_PLACEMENT_3D('',#5216,#5217,#5218);
#5216 = CARTESIAN_POINT('',(0.159387720347,-5.391433453963E-02,
    1.099999961257E-02));
#5217 = DIRECTION('',(-1.,0.,0.));
#5218 = DIRECTION('',(0.,0.,1.));
#5219 = ADVANCED_FACE('',(#5220),#5238,.T.);
#5220 = FACE_BOUND('',#5221,.T.);
#5221 = EDGE_LOOP('',(#5222,#5223,#5224,#5232));
#5222 = ORIENTED_EDGE('',*,*,#852,.F.);
#5223 = ORIENTED_EDGE('',*,*,#5209,.F.);
#5224 = ORIENTED_EDGE('',*,*,#5225,.T.);
#5225 = EDGE_CURVE('',#5202,#5226,#5228,.T.);
#5226 = VERTEX_POINT('',#5227);
#5227 = CARTESIAN_POINT('',(0.145973086401,4.608566397026E-02,
    1.099999961257E-02));
#5228 = LINE('',#5229,#5230);
#5229 = CARTESIAN_POINT('',(0.159387720347,4.608566397026E-02,
    1.099999961257E-02));
#5230 = VECTOR('',#5231,1.);
#5231 = DIRECTION('',(-1.,0.,0.));
#5232 = ORIENTED_EDGE('',*,*,#5233,.T.);
#5233 = EDGE_CURVE('',#5226,#853,#5234,.T.);
#5234 = LINE('',#5235,#5236);
#5235 = CARTESIAN_POINT('',(0.145973086401,4.608566397026E-02,
    1.099999961257E-02));
#5236 = VECTOR('',#5237,1.);
#5237 = DIRECTION('',(-0.,-0.,-1.));
#5238 = PLANE('',#5239);
#5239 = AXIS2_PLACEMENT_3D('',#5240,#5241,#5242);
#5240 = CARTESIAN_POINT('',(0.159387720347,4.608566397026E-02,
    1.099999961257E-02));
#5241 = DIRECTION('',(0.,-1.,0.));
#5242 = DIRECTION('',(0.,0.,-1.));
#5243 = ADVANCED_FACE('',(#5244),#5262,.T.);
#5244 = FACE_BOUND('',#5245,.T.);
#5245 = EDGE_LOOP('',(#5246,#5247,#5248,#5256));
#5246 = ORIENTED_EDGE('',*,*,#860,.F.);
#5247 = ORIENTED_EDGE('',*,*,#5233,.F.);
#5248 = ORIENTED_EDGE('',*,*,#5249,.T.);
#5249 = EDGE_CURVE('',#5226,#5250,#5252,.T.);
#5250 = VERTEX_POINT('',#5251);
#5251 = CARTESIAN_POINT('',(0.145973086401,-4.293872494708E-02,
    1.099999961257E-02));
#5252 = LINE('',#5253,#5254);
#5253 = CARTESIAN_POINT('',(0.145973086401,4.608566397026E-02,
    1.099999961257E-02));
#5254 = VECTOR('',#5255,1.);
#5255 = DIRECTION('',(0.,-1.,0.));
#5256 = ORIENTED_EDGE('',*,*,#5257,.T.);
#5257 = EDGE_CURVE('',#5250,#861,#5258,.T.);
#5258 = LINE('',#5259,#5260);
#5259 = CARTESIAN_POINT('',(0.145973086401,-4.293872494708E-02,
    1.099999961257E-02));
#5260 = VECTOR('',#5261,1.);
#5261 = DIRECTION('',(-0.,-0.,-1.));
#5262 = PLANE('',#5263);
#5263 = AXIS2_PLACEMENT_3D('',#5264,#5265,#5266);
#5264 = CARTESIAN_POINT('',(0.145973086401,4.608566397026E-02,
    1.099999961257E-02));
#5265 = DIRECTION('',(1.,0.,0.));
#5266 = DIRECTION('',(0.,0.,-1.));
#5267 = ADVANCED_FACE('',(#5268),#5279,.T.);
#5268 = FACE_BOUND('',#5269,.T.);
#5269 = EDGE_LOOP('',(#5270,#5271,#5272,#5278));
#5270 = ORIENTED_EDGE('',*,*,#868,.F.);
#5271 = ORIENTED_EDGE('',*,*,#5257,.F.);
#5272 = ORIENTED_EDGE('',*,*,#5273,.T.);
#5273 = EDGE_CURVE('',#5250,#5146,#5274,.T.);
#5274 = LINE('',#5275,#5276);
#5275 = CARTESIAN_POINT('',(0.145973086401,-4.293872494708E-02,
    1.099999961257E-02));
#5276 = VECTOR('',#5277,1.);
#5277 = DIRECTION('',(-1.,0.,0.));
#5278 = ORIENTED_EDGE('',*,*,#5145,.T.);
#5279 = PLANE('',#5280);
#5280 = AXIS2_PLACEMENT_3D('',#5281,#5282,#5283);
#5281 = CARTESIAN_POINT('',(0.145973086401,-4.293872494708E-02,
    1.099999961257E-02));
#5282 = DIRECTION('',(0.,-1.,0.));
#5283 = DIRECTION('',(0.,0.,-1.));
#5284 = ADVANCED_FACE('',(#5285),#5293,.F.);
#5285 = FACE_BOUND('',#5286,.T.);
#5286 = EDGE_LOOP('',(#5287,#5288,#5289,#5290,#5291,#5292));
#5287 = ORIENTED_EDGE('',*,*,#5153,.F.);
#5288 = ORIENTED_EDGE('',*,*,#5273,.F.);
#5289 = ORIENTED_EDGE('',*,*,#5249,.F.);
#5290 = ORIENTED_EDGE('',*,*,#5225,.F.);
#5291 = ORIENTED_EDGE('',*,*,#5201,.F.);
#5292 = ORIENTED_EDGE('',*,*,#5177,.F.);
#5293 = PLANE('',#5294);
#5294 = AXIS2_PLACEMENT_3D('',#5295,#5296,#5297);
#5295 = CARTESIAN_POINT('',(0.,0.,1.099999961257E-02));
#5296 = DIRECTION('',(0.,0.,1.));
#5297 = DIRECTION('',(1.,0.,-0.));
#5298 = ADVANCED_FACE('',(#5299),#5307,.F.);
#5299 = FACE_BOUND('',#5300,.T.);
#5300 = EDGE_LOOP('',(#5301,#5302,#5303,#5304,#5305,#5306));
#5301 = ORIENTED_EDGE('',*,*,#3575,.T.);
#5302 = ORIENTED_EDGE('',*,*,#3730,.T.);
#5303 = ORIENTED_EDGE('',*,*,#3692,.T.);
#5304 = ORIENTED_EDGE('',*,*,#3668,.T.);
#5305 = ORIENTED_EDGE('',*,*,#3630,.T.);
#5306 = ORIENTED_EDGE('',*,*,#3606,.T.);
#5307 = PLANE('',#5308);
#5308 = AXIS2_PLACEMENT_3D('',#5309,#5310,#5311);
#5309 = CARTESIAN_POINT('',(0.,0.,9.999999627471E-03));
#5310 = DIRECTION('',(0.,0.,1.));
#5311 = DIRECTION('',(1.,0.,-0.));
#5312 = ADVANCED_FACE('',(#5313),#5320,.F.);
#5313 = FACE_BOUND('',#5314,.T.);
#5314 = EDGE_LOOP('',(#5315,#5316,#5317,#5318,#5319));
#5315 = ORIENTED_EDGE('',*,*,#4054,.T.);
#5316 = ORIENTED_EDGE('',*,*,#4257,.T.);
#5317 = ORIENTED_EDGE('',*,*,#4233,.T.);
#5318 = ORIENTED_EDGE('',*,*,#4159,.T.);
#5319 = ORIENTED_EDGE('',*,*,#4085,.T.);
#5320 = PLANE('',#5321);
#5321 = AXIS2_PLACEMENT_3D('',#5322,#5323,#5324);
#5322 = CARTESIAN_POINT('',(0.,0.,9.999999627471E-03));
#5323 = DIRECTION('',(0.,0.,1.));
#5324 = DIRECTION('',(1.,0.,-0.));
#5325 = ( GEOMETRIC_REPRESENTATION_CONTEXT(3) 
GLOBAL_UNCERTAINTY_ASSIGNED_CONTEXT((#5329)) 
GLOBAL_UNIT_ASSIGNED_CONTEXT((#5326,#5327,#5328)) REPRESENTATION_CONTEXT
('Context #1','3D Context with UNIT and UNCERTAINTY') );
#5326 = ( LENGTH_UNIT() NAMED_UNIT(*) SI_UNIT(.MILLI.,.METRE.) );
#5327 = ( NAMED_UNIT(*) PLANE_ANGLE_UNIT() SI_UNIT($,.RADIAN.) );
#5328 = ( NAMED_UNIT(*) SI_UNIT($,.STERADIAN.) SOLID_ANGLE_UNIT() );
#5329 = UNCERTAINTY_MEASURE_WITH_UNIT(LENGTH_MEASURE(1.E-07),#5326,
  'distance_accuracy_value','confusion accuracy');
#5330 = CONTEXT_DEPENDENT_SHAPE_REPRESENTATION(#5331,#5333);
#5331 = ( REPRESENTATION_RELATIONSHIP('','',#55,#32) 
REPRESENTATION_RELATIONSHIP_WITH_TRANSFORMATION(#5332) 
SHAPE_REPRESENTATION_RELATIONSHIP() );
#5332 = ITEM_DEFINED_TRANSFORMATION('','',#11,#33);
#5333 = PRODUCT_DEFINITION_SHAPE('Placement','Placement of an item',
  #5334);
#5334 = NEXT_ASSEMBLY_USAGE_OCCURRENCE('1',
  'CRYSTAL-SMD_4P-L3.2-W2.5-BL-1~CRYSTAL-SMD_4P-L3.2-W2.5-BL-1~rTm5','',
  #27,#50,$);
#5335 = PRODUCT_RELATED_PRODUCT_CATEGORY('part',$,(#52));
#5336 = MECHANICAL_DESIGN_GEOMETRIC_PRESENTATION_REPRESENTATION('',(
    #5337,#5348,#5356,#5363,#5370,#5377,#5384,#5391,#5398,#5405,#5412,
    #5419,#5426,#5433,#5440,#5448,#5455,#5462,#5469,#5476,#5483,#5490,
    #5497,#5504,#5511,#5518,#5525,#5532,#5539,#5546,#5553,#5560,#5567,
    #5574,#5581,#5588,#5595,#5602,#5609,#5616,#5623,#5630,#5637,#5644,
    #5651,#5658,#5665,#5672,#5679,#5686,#5693,#5700,#5707,#5714,#5721,
    #5728,#5735,#5742,#5749,#5756,#5763,#5770,#5777,#5784,#5791,#5798,
    #5805,#5812,#5819,#5826,#5833,#5840,#5847,#5854,#5861,#5868,#5875,
    #5882,#5889,#5896,#5903,#5911,#5918,#5925,#5932,#5939,#5946,#5953,
    #5960,#5967,#5974,#5981,#5988,#5995,#6002,#6009,#6016,#6023,#6030,
    #6037,#6044,#6051,#6058,#6065,#6072,#6079,#6086,#6093,#6100,#6107,
    #6114,#6121,#6128,#6135,#6142,#6149,#6156,#6163,#6170,#6177,#6184,
    #6191,#6198,#6205,#6212,#6219,#6226,#6233,#6240,#6247,#6254,#6261,
    #6268,#6275,#6282,#6289,#6296),#5325);
#5337 = STYLED_ITEM('color',(#5338),#56);
#5338 = PRESENTATION_STYLE_ASSIGNMENT((#5339,#5345));
#5339 = SURFACE_STYLE_USAGE(.BOTH.,#5340);
#5340 = SURFACE_SIDE_STYLE('',(#5341));
#5341 = SURFACE_STYLE_FILL_AREA(#5342);
#5342 = FILL_AREA_STYLE('',(#5343));
#5343 = FILL_AREA_STYLE_COLOUR('',#5344);
#5344 = COLOUR_RGB('',0.25098037884,0.25098037884,0.25098037884);
#5345 = CURVE_STYLE('',#5346,POSITIVE_LENGTH_MEASURE(0.1),#5347);
#5346 = DRAUGHTING_PRE_DEFINED_CURVE_FONT('continuous');
#5347 = COLOUR_RGB('',9.803921802644E-02,9.803921802644E-02,
  9.803921802644E-02);
#5348 = OVER_RIDING_STYLED_ITEM('overriding color',(#5349),#934,#5337);
#5349 = PRESENTATION_STYLE_ASSIGNMENT((#5350));
#5350 = SURFACE_STYLE_USAGE(.BOTH.,#5351);
#5351 = SURFACE_SIDE_STYLE('',(#5352));
#5352 = SURFACE_STYLE_FILL_AREA(#5353);
#5353 = FILL_AREA_STYLE('',(#5354));
#5354 = FILL_AREA_STYLE_COLOUR('',#5355);
#5355 = DRAUGHTING_PRE_DEFINED_COLOUR('yellow');
#5356 = OVER_RIDING_STYLED_ITEM('overriding color',(#5357),#965,#5337);
#5357 = PRESENTATION_STYLE_ASSIGNMENT((#5358));
#5358 = SURFACE_STYLE_USAGE(.BOTH.,#5359);
#5359 = SURFACE_SIDE_STYLE('',(#5360));
#5360 = SURFACE_STYLE_FILL_AREA(#5361);
#5361 = FILL_AREA_STYLE('',(#5362));
#5362 = FILL_AREA_STYLE_COLOUR('',#5355);
#5363 = OVER_RIDING_STYLED_ITEM('overriding color',(#5364),#1052,#5337);
#5364 = PRESENTATION_STYLE_ASSIGNMENT((#5365));
#5365 = SURFACE_STYLE_USAGE(.BOTH.,#5366);
#5366 = SURFACE_SIDE_STYLE('',(#5367));
#5367 = SURFACE_STYLE_FILL_AREA(#5368);
#5368 = FILL_AREA_STYLE('',(#5369));
#5369 = FILL_AREA_STYLE_COLOUR('',#5355);
#5370 = OVER_RIDING_STYLED_ITEM('overriding color',(#5371),#1083,#5337);
#5371 = PRESENTATION_STYLE_ASSIGNMENT((#5372));
#5372 = SURFACE_STYLE_USAGE(.BOTH.,#5373);
#5373 = SURFACE_SIDE_STYLE('',(#5374));
#5374 = SURFACE_STYLE_FILL_AREA(#5375);
#5375 = FILL_AREA_STYLE('',(#5376));
#5376 = FILL_AREA_STYLE_COLOUR('',#5355);
#5377 = OVER_RIDING_STYLED_ITEM('overriding color',(#5378),#1308,#5337);
#5378 = PRESENTATION_STYLE_ASSIGNMENT((#5379));
#5379 = SURFACE_STYLE_USAGE(.BOTH.,#5380);
#5380 = SURFACE_SIDE_STYLE('',(#5381));
#5381 = SURFACE_STYLE_FILL_AREA(#5382);
#5382 = FILL_AREA_STYLE('',(#5383));
#5383 = FILL_AREA_STYLE_COLOUR('',#5355);
#5384 = OVER_RIDING_STYLED_ITEM('overriding color',(#5385),#1348,#5337);
#5385 = PRESENTATION_STYLE_ASSIGNMENT((#5386));
#5386 = SURFACE_STYLE_USAGE(.BOTH.,#5387);
#5387 = SURFACE_SIDE_STYLE('',(#5388));
#5388 = SURFACE_STYLE_FILL_AREA(#5389);
#5389 = FILL_AREA_STYLE('',(#5390));
#5390 = FILL_AREA_STYLE_COLOUR('',#5355);
#5391 = OVER_RIDING_STYLED_ITEM('overriding color',(#5392),#1388,#5337);
#5392 = PRESENTATION_STYLE_ASSIGNMENT((#5393));
#5393 = SURFACE_STYLE_USAGE(.BOTH.,#5394);
#5394 = SURFACE_SIDE_STYLE('',(#5395));
#5395 = SURFACE_STYLE_FILL_AREA(#5396);
#5396 = FILL_AREA_STYLE('',(#5397));
#5397 = FILL_AREA_STYLE_COLOUR('',#5355);
#5398 = OVER_RIDING_STYLED_ITEM('overriding color',(#5399),#1428,#5337);
#5399 = PRESENTATION_STYLE_ASSIGNMENT((#5400));
#5400 = SURFACE_STYLE_USAGE(.BOTH.,#5401);
#5401 = SURFACE_SIDE_STYLE('',(#5402));
#5402 = SURFACE_STYLE_FILL_AREA(#5403);
#5403 = FILL_AREA_STYLE('',(#5404));
#5404 = FILL_AREA_STYLE_COLOUR('',#5355);
#5405 = OVER_RIDING_STYLED_ITEM('overriding color',(#5406),#1468,#5337);
#5406 = PRESENTATION_STYLE_ASSIGNMENT((#5407));
#5407 = SURFACE_STYLE_USAGE(.BOTH.,#5408);
#5408 = SURFACE_SIDE_STYLE('',(#5409));
#5409 = SURFACE_STYLE_FILL_AREA(#5410);
#5410 = FILL_AREA_STYLE('',(#5411));
#5411 = FILL_AREA_STYLE_COLOUR('',#5355);
#5412 = OVER_RIDING_STYLED_ITEM('overriding color',(#5413),#1614,#5337);
#5413 = PRESENTATION_STYLE_ASSIGNMENT((#5414));
#5414 = SURFACE_STYLE_USAGE(.BOTH.,#5415);
#5415 = SURFACE_SIDE_STYLE('',(#5416));
#5416 = SURFACE_STYLE_FILL_AREA(#5417);
#5417 = FILL_AREA_STYLE('',(#5418));
#5418 = FILL_AREA_STYLE_COLOUR('',#5355);
#5419 = OVER_RIDING_STYLED_ITEM('overriding color',(#5420),#1638,#5337);
#5420 = PRESENTATION_STYLE_ASSIGNMENT((#5421));
#5421 = SURFACE_STYLE_USAGE(.BOTH.,#5422);
#5422 = SURFACE_SIDE_STYLE('',(#5423));
#5423 = SURFACE_STYLE_FILL_AREA(#5424);
#5424 = FILL_AREA_STYLE('',(#5425));
#5425 = FILL_AREA_STYLE_COLOUR('',#5355);
#5426 = OVER_RIDING_STYLED_ITEM('overriding color',(#5427),#1662,#5337);
#5427 = PRESENTATION_STYLE_ASSIGNMENT((#5428));
#5428 = SURFACE_STYLE_USAGE(.BOTH.,#5429);
#5429 = SURFACE_SIDE_STYLE('',(#5430));
#5430 = SURFACE_STYLE_FILL_AREA(#5431);
#5431 = FILL_AREA_STYLE('',(#5432));
#5432 = FILL_AREA_STYLE_COLOUR('',#5355);
#5433 = OVER_RIDING_STYLED_ITEM('overriding color',(#5434),#1686,#5337);
#5434 = PRESENTATION_STYLE_ASSIGNMENT((#5435));
#5435 = SURFACE_STYLE_USAGE(.BOTH.,#5436);
#5436 = SURFACE_SIDE_STYLE('',(#5437));
#5437 = SURFACE_STYLE_FILL_AREA(#5438);
#5438 = FILL_AREA_STYLE('',(#5439));
#5439 = FILL_AREA_STYLE_COLOUR('',#5355);
#5440 = OVER_RIDING_STYLED_ITEM('overriding color',(#5441),#1710,#5337);
#5441 = PRESENTATION_STYLE_ASSIGNMENT((#5442));
#5442 = SURFACE_STYLE_USAGE(.BOTH.,#5443);
#5443 = SURFACE_SIDE_STYLE('',(#5444));
#5444 = SURFACE_STYLE_FILL_AREA(#5445);
#5445 = FILL_AREA_STYLE('',(#5446));
#5446 = FILL_AREA_STYLE_COLOUR('',#5447);
#5447 = DRAUGHTING_PRE_DEFINED_COLOUR('white');
#5448 = OVER_RIDING_STYLED_ITEM('overriding color',(#5449),#1742,#5337);
#5449 = PRESENTATION_STYLE_ASSIGNMENT((#5450));
#5450 = SURFACE_STYLE_USAGE(.BOTH.,#5451);
#5451 = SURFACE_SIDE_STYLE('',(#5452));
#5452 = SURFACE_STYLE_FILL_AREA(#5453);
#5453 = FILL_AREA_STYLE('',(#5454));
#5454 = FILL_AREA_STYLE_COLOUR('',#5447);
#5455 = OVER_RIDING_STYLED_ITEM('overriding color',(#5456),#1766,#5337);
#5456 = PRESENTATION_STYLE_ASSIGNMENT((#5457));
#5457 = SURFACE_STYLE_USAGE(.BOTH.,#5458);
#5458 = SURFACE_SIDE_STYLE('',(#5459));
#5459 = SURFACE_STYLE_FILL_AREA(#5460);
#5460 = FILL_AREA_STYLE('',(#5461));
#5461 = FILL_AREA_STYLE_COLOUR('',#5447);
#5462 = OVER_RIDING_STYLED_ITEM('overriding color',(#5463),#1791,#5337);
#5463 = PRESENTATION_STYLE_ASSIGNMENT((#5464));
#5464 = SURFACE_STYLE_USAGE(.BOTH.,#5465);
#5465 = SURFACE_SIDE_STYLE('',(#5466));
#5466 = SURFACE_STYLE_FILL_AREA(#5467);
#5467 = FILL_AREA_STYLE('',(#5468));
#5468 = FILL_AREA_STYLE_COLOUR('',#5447);
#5469 = OVER_RIDING_STYLED_ITEM('overriding color',(#5470),#1815,#5337);
#5470 = PRESENTATION_STYLE_ASSIGNMENT((#5471));
#5471 = SURFACE_STYLE_USAGE(.BOTH.,#5472);
#5472 = SURFACE_SIDE_STYLE('',(#5473));
#5473 = SURFACE_STYLE_FILL_AREA(#5474);
#5474 = FILL_AREA_STYLE('',(#5475));
#5475 = FILL_AREA_STYLE_COLOUR('',#5447);
#5476 = OVER_RIDING_STYLED_ITEM('overriding color',(#5477),#1840,#5337);
#5477 = PRESENTATION_STYLE_ASSIGNMENT((#5478));
#5478 = SURFACE_STYLE_USAGE(.BOTH.,#5479);
#5479 = SURFACE_SIDE_STYLE('',(#5480));
#5480 = SURFACE_STYLE_FILL_AREA(#5481);
#5481 = FILL_AREA_STYLE('',(#5482));
#5482 = FILL_AREA_STYLE_COLOUR('',#5447);
#5483 = OVER_RIDING_STYLED_ITEM('overriding color',(#5484),#1864,#5337);
#5484 = PRESENTATION_STYLE_ASSIGNMENT((#5485));
#5485 = SURFACE_STYLE_USAGE(.BOTH.,#5486);
#5486 = SURFACE_SIDE_STYLE('',(#5487));
#5487 = SURFACE_STYLE_FILL_AREA(#5488);
#5488 = FILL_AREA_STYLE('',(#5489));
#5489 = FILL_AREA_STYLE_COLOUR('',#5447);
#5490 = OVER_RIDING_STYLED_ITEM('overriding color',(#5491),#1889,#5337);
#5491 = PRESENTATION_STYLE_ASSIGNMENT((#5492));
#5492 = SURFACE_STYLE_USAGE(.BOTH.,#5493);
#5493 = SURFACE_SIDE_STYLE('',(#5494));
#5494 = SURFACE_STYLE_FILL_AREA(#5495);
#5495 = FILL_AREA_STYLE('',(#5496));
#5496 = FILL_AREA_STYLE_COLOUR('',#5447);
#5497 = OVER_RIDING_STYLED_ITEM('overriding color',(#5498),#1906,#5337);
#5498 = PRESENTATION_STYLE_ASSIGNMENT((#5499));
#5499 = SURFACE_STYLE_USAGE(.BOTH.,#5500);
#5500 = SURFACE_SIDE_STYLE('',(#5501));
#5501 = SURFACE_STYLE_FILL_AREA(#5502);
#5502 = FILL_AREA_STYLE('',(#5503));
#5503 = FILL_AREA_STYLE_COLOUR('',#5447);
#5504 = OVER_RIDING_STYLED_ITEM('overriding color',(#5505),#1992,#5337);
#5505 = PRESENTATION_STYLE_ASSIGNMENT((#5506));
#5506 = SURFACE_STYLE_USAGE(.BOTH.,#5507);
#5507 = SURFACE_SIDE_STYLE('',(#5508));
#5508 = SURFACE_STYLE_FILL_AREA(#5509);
#5509 = FILL_AREA_STYLE('',(#5510));
#5510 = FILL_AREA_STYLE_COLOUR('',#5447);
#5511 = OVER_RIDING_STYLED_ITEM('overriding color',(#5512),#2016,#5337);
#5512 = PRESENTATION_STYLE_ASSIGNMENT((#5513));
#5513 = SURFACE_STYLE_USAGE(.BOTH.,#5514);
#5514 = SURFACE_SIDE_STYLE('',(#5515));
#5515 = SURFACE_STYLE_FILL_AREA(#5516);
#5516 = FILL_AREA_STYLE('',(#5517));
#5517 = FILL_AREA_STYLE_COLOUR('',#5447);
#5518 = OVER_RIDING_STYLED_ITEM('overriding color',(#5519),#2034,#5337);
#5519 = PRESENTATION_STYLE_ASSIGNMENT((#5520));
#5520 = SURFACE_STYLE_USAGE(.BOTH.,#5521);
#5521 = SURFACE_SIDE_STYLE('',(#5522));
#5522 = SURFACE_STYLE_FILL_AREA(#5523);
#5523 = FILL_AREA_STYLE('',(#5524));
#5524 = FILL_AREA_STYLE_COLOUR('',#5447);
#5525 = OVER_RIDING_STYLED_ITEM('overriding color',(#5526),#2052,#5337);
#5526 = PRESENTATION_STYLE_ASSIGNMENT((#5527));
#5527 = SURFACE_STYLE_USAGE(.BOTH.,#5528);
#5528 = SURFACE_SIDE_STYLE('',(#5529));
#5529 = SURFACE_STYLE_FILL_AREA(#5530);
#5530 = FILL_AREA_STYLE('',(#5531));
#5531 = FILL_AREA_STYLE_COLOUR('',#5447);
#5532 = OVER_RIDING_STYLED_ITEM('overriding color',(#5533),#2070,#5337);
#5533 = PRESENTATION_STYLE_ASSIGNMENT((#5534));
#5534 = SURFACE_STYLE_USAGE(.BOTH.,#5535);
#5535 = SURFACE_SIDE_STYLE('',(#5536));
#5536 = SURFACE_STYLE_FILL_AREA(#5537);
#5537 = FILL_AREA_STYLE('',(#5538));
#5538 = FILL_AREA_STYLE_COLOUR('',#5447);
#5539 = OVER_RIDING_STYLED_ITEM('overriding color',(#5540),#2088,#5337);
#5540 = PRESENTATION_STYLE_ASSIGNMENT((#5541));
#5541 = SURFACE_STYLE_USAGE(.BOTH.,#5542);
#5542 = SURFACE_SIDE_STYLE('',(#5543));
#5543 = SURFACE_STYLE_FILL_AREA(#5544);
#5544 = FILL_AREA_STYLE('',(#5545));
#5545 = FILL_AREA_STYLE_COLOUR('',#5447);
#5546 = OVER_RIDING_STYLED_ITEM('overriding color',(#5547),#2106,#5337);
#5547 = PRESENTATION_STYLE_ASSIGNMENT((#5548));
#5548 = SURFACE_STYLE_USAGE(.BOTH.,#5549);
#5549 = SURFACE_SIDE_STYLE('',(#5550));
#5550 = SURFACE_STYLE_FILL_AREA(#5551);
#5551 = FILL_AREA_STYLE('',(#5552));
#5552 = FILL_AREA_STYLE_COLOUR('',#5447);
#5553 = OVER_RIDING_STYLED_ITEM('overriding color',(#5554),#2124,#5337);
#5554 = PRESENTATION_STYLE_ASSIGNMENT((#5555));
#5555 = SURFACE_STYLE_USAGE(.BOTH.,#5556);
#5556 = SURFACE_SIDE_STYLE('',(#5557));
#5557 = SURFACE_STYLE_FILL_AREA(#5558);
#5558 = FILL_AREA_STYLE('',(#5559));
#5559 = FILL_AREA_STYLE_COLOUR('',#5447);
#5560 = OVER_RIDING_STYLED_ITEM('overriding color',(#5561),#2136,#5337);
#5561 = PRESENTATION_STYLE_ASSIGNMENT((#5562));
#5562 = SURFACE_STYLE_USAGE(.BOTH.,#5563);
#5563 = SURFACE_SIDE_STYLE('',(#5564));
#5564 = SURFACE_STYLE_FILL_AREA(#5565);
#5565 = FILL_AREA_STYLE('',(#5566));
#5566 = FILL_AREA_STYLE_COLOUR('',#5355);
#5567 = OVER_RIDING_STYLED_ITEM('overriding color',(#5568),#2160,#5337);
#5568 = PRESENTATION_STYLE_ASSIGNMENT((#5569));
#5569 = SURFACE_STYLE_USAGE(.BOTH.,#5570);
#5570 = SURFACE_SIDE_STYLE('',(#5571));
#5571 = SURFACE_STYLE_FILL_AREA(#5572);
#5572 = FILL_AREA_STYLE('',(#5573));
#5573 = FILL_AREA_STYLE_COLOUR('',#5355);
#5574 = OVER_RIDING_STYLED_ITEM('overriding color',(#5575),#2178,#5337);
#5575 = PRESENTATION_STYLE_ASSIGNMENT((#5576));
#5576 = SURFACE_STYLE_USAGE(.BOTH.,#5577);
#5577 = SURFACE_SIDE_STYLE('',(#5578));
#5578 = SURFACE_STYLE_FILL_AREA(#5579);
#5579 = FILL_AREA_STYLE('',(#5580));
#5580 = FILL_AREA_STYLE_COLOUR('',#5355);
#5581 = OVER_RIDING_STYLED_ITEM('overriding color',(#5582),#2196,#5337);
#5582 = PRESENTATION_STYLE_ASSIGNMENT((#5583));
#5583 = SURFACE_STYLE_USAGE(.BOTH.,#5584);
#5584 = SURFACE_SIDE_STYLE('',(#5585));
#5585 = SURFACE_STYLE_FILL_AREA(#5586);
#5586 = FILL_AREA_STYLE('',(#5587));
#5587 = FILL_AREA_STYLE_COLOUR('',#5355);
#5588 = OVER_RIDING_STYLED_ITEM('overriding color',(#5589),#2214,#5337);
#5589 = PRESENTATION_STYLE_ASSIGNMENT((#5590));
#5590 = SURFACE_STYLE_USAGE(.BOTH.,#5591);
#5591 = SURFACE_SIDE_STYLE('',(#5592));
#5592 = SURFACE_STYLE_FILL_AREA(#5593);
#5593 = FILL_AREA_STYLE('',(#5594));
#5594 = FILL_AREA_STYLE_COLOUR('',#5355);
#5595 = OVER_RIDING_STYLED_ITEM('overriding color',(#5596),#2232,#5337);
#5596 = PRESENTATION_STYLE_ASSIGNMENT((#5597));
#5597 = SURFACE_STYLE_USAGE(.BOTH.,#5598);
#5598 = SURFACE_SIDE_STYLE('',(#5599));
#5599 = SURFACE_STYLE_FILL_AREA(#5600);
#5600 = FILL_AREA_STYLE('',(#5601));
#5601 = FILL_AREA_STYLE_COLOUR('',#5355);
#5602 = OVER_RIDING_STYLED_ITEM('overriding color',(#5603),#2250,#5337);
#5603 = PRESENTATION_STYLE_ASSIGNMENT((#5604));
#5604 = SURFACE_STYLE_USAGE(.BOTH.,#5605);
#5605 = SURFACE_SIDE_STYLE('',(#5606));
#5606 = SURFACE_STYLE_FILL_AREA(#5607);
#5607 = FILL_AREA_STYLE('',(#5608));
#5608 = FILL_AREA_STYLE_COLOUR('',#5355);
#5609 = OVER_RIDING_STYLED_ITEM('overriding color',(#5610),#2268,#5337);
#5610 = PRESENTATION_STYLE_ASSIGNMENT((#5611));
#5611 = SURFACE_STYLE_USAGE(.BOTH.,#5612);
#5612 = SURFACE_SIDE_STYLE('',(#5613));
#5613 = SURFACE_STYLE_FILL_AREA(#5614);
#5614 = FILL_AREA_STYLE('',(#5615));
#5615 = FILL_AREA_STYLE_COLOUR('',#5355);
#5616 = OVER_RIDING_STYLED_ITEM('overriding color',(#5617),#2280,#5337);
#5617 = PRESENTATION_STYLE_ASSIGNMENT((#5618));
#5618 = SURFACE_STYLE_USAGE(.BOTH.,#5619);
#5619 = SURFACE_SIDE_STYLE('',(#5620));
#5620 = SURFACE_STYLE_FILL_AREA(#5621);
#5621 = FILL_AREA_STYLE('',(#5622));
#5622 = FILL_AREA_STYLE_COLOUR('',#5355);
#5623 = OVER_RIDING_STYLED_ITEM('overriding color',(#5624),#2304,#5337);
#5624 = PRESENTATION_STYLE_ASSIGNMENT((#5625));
#5625 = SURFACE_STYLE_USAGE(.BOTH.,#5626);
#5626 = SURFACE_SIDE_STYLE('',(#5627));
#5627 = SURFACE_STYLE_FILL_AREA(#5628);
#5628 = FILL_AREA_STYLE('',(#5629));
#5629 = FILL_AREA_STYLE_COLOUR('',#5355);
#5630 = OVER_RIDING_STYLED_ITEM('overriding color',(#5631),#2322,#5337);
#5631 = PRESENTATION_STYLE_ASSIGNMENT((#5632));
#5632 = SURFACE_STYLE_USAGE(.BOTH.,#5633);
#5633 = SURFACE_SIDE_STYLE('',(#5634));
#5634 = SURFACE_STYLE_FILL_AREA(#5635);
#5635 = FILL_AREA_STYLE('',(#5636));
#5636 = FILL_AREA_STYLE_COLOUR('',#5355);
#5637 = OVER_RIDING_STYLED_ITEM('overriding color',(#5638),#2340,#5337);
#5638 = PRESENTATION_STYLE_ASSIGNMENT((#5639));
#5639 = SURFACE_STYLE_USAGE(.BOTH.,#5640);
#5640 = SURFACE_SIDE_STYLE('',(#5641));
#5641 = SURFACE_STYLE_FILL_AREA(#5642);
#5642 = FILL_AREA_STYLE('',(#5643));
#5643 = FILL_AREA_STYLE_COLOUR('',#5355);
#5644 = OVER_RIDING_STYLED_ITEM('overriding color',(#5645),#2358,#5337);
#5645 = PRESENTATION_STYLE_ASSIGNMENT((#5646));
#5646 = SURFACE_STYLE_USAGE(.BOTH.,#5647);
#5647 = SURFACE_SIDE_STYLE('',(#5648));
#5648 = SURFACE_STYLE_FILL_AREA(#5649);
#5649 = FILL_AREA_STYLE('',(#5650));
#5650 = FILL_AREA_STYLE_COLOUR('',#5355);
#5651 = OVER_RIDING_STYLED_ITEM('overriding color',(#5652),#2376,#5337);
#5652 = PRESENTATION_STYLE_ASSIGNMENT((#5653));
#5653 = SURFACE_STYLE_USAGE(.BOTH.,#5654);
#5654 = SURFACE_SIDE_STYLE('',(#5655));
#5655 = SURFACE_STYLE_FILL_AREA(#5656);
#5656 = FILL_AREA_STYLE('',(#5657));
#5657 = FILL_AREA_STYLE_COLOUR('',#5355);
#5658 = OVER_RIDING_STYLED_ITEM('overriding color',(#5659),#2394,#5337);
#5659 = PRESENTATION_STYLE_ASSIGNMENT((#5660));
#5660 = SURFACE_STYLE_USAGE(.BOTH.,#5661);
#5661 = SURFACE_SIDE_STYLE('',(#5662));
#5662 = SURFACE_STYLE_FILL_AREA(#5663);
#5663 = FILL_AREA_STYLE('',(#5664));
#5664 = FILL_AREA_STYLE_COLOUR('',#5355);
#5665 = OVER_RIDING_STYLED_ITEM('overriding color',(#5666),#2412,#5337);
#5666 = PRESENTATION_STYLE_ASSIGNMENT((#5667));
#5667 = SURFACE_STYLE_USAGE(.BOTH.,#5668);
#5668 = SURFACE_SIDE_STYLE('',(#5669));
#5669 = SURFACE_STYLE_FILL_AREA(#5670);
#5670 = FILL_AREA_STYLE('',(#5671));
#5671 = FILL_AREA_STYLE_COLOUR('',#5355);
#5672 = OVER_RIDING_STYLED_ITEM('overriding color',(#5673),#2524,#5337);
#5673 = PRESENTATION_STYLE_ASSIGNMENT((#5674));
#5674 = SURFACE_STYLE_USAGE(.BOTH.,#5675);
#5675 = SURFACE_SIDE_STYLE('',(#5676));
#5676 = SURFACE_STYLE_FILL_AREA(#5677);
#5677 = FILL_AREA_STYLE('',(#5678));
#5678 = FILL_AREA_STYLE_COLOUR('',#5355);
#5679 = OVER_RIDING_STYLED_ITEM('overriding color',(#5680),#2555,#5337);
#5680 = PRESENTATION_STYLE_ASSIGNMENT((#5681));
#5681 = SURFACE_STYLE_USAGE(.BOTH.,#5682);
#5682 = SURFACE_SIDE_STYLE('',(#5683));
#5683 = SURFACE_STYLE_FILL_AREA(#5684);
#5684 = FILL_AREA_STYLE('',(#5685));
#5685 = FILL_AREA_STYLE_COLOUR('',#5355);
#5686 = OVER_RIDING_STYLED_ITEM('overriding color',(#5687),#2579,#5337);
#5687 = PRESENTATION_STYLE_ASSIGNMENT((#5688));
#5688 = SURFACE_STYLE_USAGE(.BOTH.,#5689);
#5689 = SURFACE_SIDE_STYLE('',(#5690));
#5690 = SURFACE_STYLE_FILL_AREA(#5691);
#5691 = FILL_AREA_STYLE('',(#5692));
#5692 = FILL_AREA_STYLE_COLOUR('',#5355);
#5693 = OVER_RIDING_STYLED_ITEM('overriding color',(#5694),#2610,#5337);
#5694 = PRESENTATION_STYLE_ASSIGNMENT((#5695));
#5695 = SURFACE_STYLE_USAGE(.BOTH.,#5696);
#5696 = SURFACE_SIDE_STYLE('',(#5697));
#5697 = SURFACE_STYLE_FILL_AREA(#5698);
#5698 = FILL_AREA_STYLE('',(#5699));
#5699 = FILL_AREA_STYLE_COLOUR('',#5355);
#5700 = OVER_RIDING_STYLED_ITEM('overriding color',(#5701),#2627,#5337);
#5701 = PRESENTATION_STYLE_ASSIGNMENT((#5702));
#5702 = SURFACE_STYLE_USAGE(.BOTH.,#5703);
#5703 = SURFACE_SIDE_STYLE('',(#5704));
#5704 = SURFACE_STYLE_FILL_AREA(#5705);
#5705 = FILL_AREA_STYLE('',(#5706));
#5706 = FILL_AREA_STYLE_COLOUR('',#5355);
#5707 = OVER_RIDING_STYLED_ITEM('overriding color',(#5708),#2662,#5337);
#5708 = PRESENTATION_STYLE_ASSIGNMENT((#5709));
#5709 = SURFACE_STYLE_USAGE(.BOTH.,#5710);
#5710 = SURFACE_SIDE_STYLE('',(#5711));
#5711 = SURFACE_STYLE_FILL_AREA(#5712);
#5712 = FILL_AREA_STYLE('',(#5713));
#5713 = FILL_AREA_STYLE_COLOUR('',#5355);
#5714 = OVER_RIDING_STYLED_ITEM('overriding color',(#5715),#2686,#5337);
#5715 = PRESENTATION_STYLE_ASSIGNMENT((#5716));
#5716 = SURFACE_STYLE_USAGE(.BOTH.,#5717);
#5717 = SURFACE_SIDE_STYLE('',(#5718));
#5718 = SURFACE_STYLE_FILL_AREA(#5719);
#5719 = FILL_AREA_STYLE('',(#5720));
#5720 = FILL_AREA_STYLE_COLOUR('',#5355);
#5721 = OVER_RIDING_STYLED_ITEM('overriding color',(#5722),#2710,#5337);
#5722 = PRESENTATION_STYLE_ASSIGNMENT((#5723));
#5723 = SURFACE_STYLE_USAGE(.BOTH.,#5724);
#5724 = SURFACE_SIDE_STYLE('',(#5725));
#5725 = SURFACE_STYLE_FILL_AREA(#5726);
#5726 = FILL_AREA_STYLE('',(#5727));
#5727 = FILL_AREA_STYLE_COLOUR('',#5355);
#5728 = OVER_RIDING_STYLED_ITEM('overriding color',(#5729),#2727,#5337);
#5729 = PRESENTATION_STYLE_ASSIGNMENT((#5730));
#5730 = SURFACE_STYLE_USAGE(.BOTH.,#5731);
#5731 = SURFACE_SIDE_STYLE('',(#5732));
#5732 = SURFACE_STYLE_FILL_AREA(#5733);
#5733 = FILL_AREA_STYLE('',(#5734));
#5734 = FILL_AREA_STYLE_COLOUR('',#5355);
#5735 = OVER_RIDING_STYLED_ITEM('overriding color',(#5736),#2763,#5337);
#5736 = PRESENTATION_STYLE_ASSIGNMENT((#5737));
#5737 = SURFACE_STYLE_USAGE(.BOTH.,#5738);
#5738 = SURFACE_SIDE_STYLE('',(#5739));
#5739 = SURFACE_STYLE_FILL_AREA(#5740);
#5740 = FILL_AREA_STYLE('',(#5741));
#5741 = FILL_AREA_STYLE_COLOUR('',#5355);
#5742 = OVER_RIDING_STYLED_ITEM('overriding color',(#5743),#2794,#5337);
#5743 = PRESENTATION_STYLE_ASSIGNMENT((#5744));
#5744 = SURFACE_STYLE_USAGE(.BOTH.,#5745);
#5745 = SURFACE_SIDE_STYLE('',(#5746));
#5746 = SURFACE_STYLE_FILL_AREA(#5747);
#5747 = FILL_AREA_STYLE('',(#5748));
#5748 = FILL_AREA_STYLE_COLOUR('',#5355);
#5749 = OVER_RIDING_STYLED_ITEM('overriding color',(#5750),#2825,#5337);
#5750 = PRESENTATION_STYLE_ASSIGNMENT((#5751));
#5751 = SURFACE_STYLE_USAGE(.BOTH.,#5752);
#5752 = SURFACE_SIDE_STYLE('',(#5753));
#5753 = SURFACE_STYLE_FILL_AREA(#5754);
#5754 = FILL_AREA_STYLE('',(#5755));
#5755 = FILL_AREA_STYLE_COLOUR('',#5355);
#5756 = OVER_RIDING_STYLED_ITEM('overriding color',(#5757),#2849,#5337);
#5757 = PRESENTATION_STYLE_ASSIGNMENT((#5758));
#5758 = SURFACE_STYLE_USAGE(.BOTH.,#5759);
#5759 = SURFACE_SIDE_STYLE('',(#5760));
#5760 = SURFACE_STYLE_FILL_AREA(#5761);
#5761 = FILL_AREA_STYLE('',(#5762));
#5762 = FILL_AREA_STYLE_COLOUR('',#5355);
#5763 = OVER_RIDING_STYLED_ITEM('overriding color',(#5764),#2866,#5337);
#5764 = PRESENTATION_STYLE_ASSIGNMENT((#5765));
#5765 = SURFACE_STYLE_USAGE(.BOTH.,#5766);
#5766 = SURFACE_SIDE_STYLE('',(#5767));
#5767 = SURFACE_STYLE_FILL_AREA(#5768);
#5768 = FILL_AREA_STYLE('',(#5769));
#5769 = FILL_AREA_STYLE_COLOUR('',#5355);
#5770 = OVER_RIDING_STYLED_ITEM('overriding color',(#5771),#2901,#5337);
#5771 = PRESENTATION_STYLE_ASSIGNMENT((#5772));
#5772 = SURFACE_STYLE_USAGE(.BOTH.,#5773);
#5773 = SURFACE_SIDE_STYLE('',(#5774));
#5774 = SURFACE_STYLE_FILL_AREA(#5775);
#5775 = FILL_AREA_STYLE('',(#5776));
#5776 = FILL_AREA_STYLE_COLOUR('',#5355);
#5777 = OVER_RIDING_STYLED_ITEM('overriding color',(#5778),#2925,#5337);
#5778 = PRESENTATION_STYLE_ASSIGNMENT((#5779));
#5779 = SURFACE_STYLE_USAGE(.BOTH.,#5780);
#5780 = SURFACE_SIDE_STYLE('',(#5781));
#5781 = SURFACE_STYLE_FILL_AREA(#5782);
#5782 = FILL_AREA_STYLE('',(#5783));
#5783 = FILL_AREA_STYLE_COLOUR('',#5355);
#5784 = OVER_RIDING_STYLED_ITEM('overriding color',(#5785),#2942,#5337);
#5785 = PRESENTATION_STYLE_ASSIGNMENT((#5786));
#5786 = SURFACE_STYLE_USAGE(.BOTH.,#5787);
#5787 = SURFACE_SIDE_STYLE('',(#5788));
#5788 = SURFACE_STYLE_FILL_AREA(#5789);
#5789 = FILL_AREA_STYLE('',(#5790));
#5790 = FILL_AREA_STYLE_COLOUR('',#5355);
#5791 = OVER_RIDING_STYLED_ITEM('overriding color',(#5792),#2977,#5337);
#5792 = PRESENTATION_STYLE_ASSIGNMENT((#5793));
#5793 = SURFACE_STYLE_USAGE(.BOTH.,#5794);
#5794 = SURFACE_SIDE_STYLE('',(#5795));
#5795 = SURFACE_STYLE_FILL_AREA(#5796);
#5796 = FILL_AREA_STYLE('',(#5797));
#5797 = FILL_AREA_STYLE_COLOUR('',#5355);
#5798 = OVER_RIDING_STYLED_ITEM('overriding color',(#5799),#3009,#5337);
#5799 = PRESENTATION_STYLE_ASSIGNMENT((#5800));
#5800 = SURFACE_STYLE_USAGE(.BOTH.,#5801);
#5801 = SURFACE_SIDE_STYLE('',(#5802));
#5802 = SURFACE_STYLE_FILL_AREA(#5803);
#5803 = FILL_AREA_STYLE('',(#5804));
#5804 = FILL_AREA_STYLE_COLOUR('',#5355);
#5805 = OVER_RIDING_STYLED_ITEM('overriding color',(#5806),#3028,#5337);
#5806 = PRESENTATION_STYLE_ASSIGNMENT((#5807));
#5807 = SURFACE_STYLE_USAGE(.BOTH.,#5808);
#5808 = SURFACE_SIDE_STYLE('',(#5809));
#5809 = SURFACE_STYLE_FILL_AREA(#5810);
#5810 = FILL_AREA_STYLE('',(#5811));
#5811 = FILL_AREA_STYLE_COLOUR('',#5355);
#5812 = OVER_RIDING_STYLED_ITEM('overriding color',(#5813),#3047,#5337);
#5813 = PRESENTATION_STYLE_ASSIGNMENT((#5814));
#5814 = SURFACE_STYLE_USAGE(.BOTH.,#5815);
#5815 = SURFACE_SIDE_STYLE('',(#5816));
#5816 = SURFACE_STYLE_FILL_AREA(#5817);
#5817 = FILL_AREA_STYLE('',(#5818));
#5818 = FILL_AREA_STYLE_COLOUR('',#5355);
#5819 = OVER_RIDING_STYLED_ITEM('overriding color',(#5820),#3059,#5337);
#5820 = PRESENTATION_STYLE_ASSIGNMENT((#5821));
#5821 = SURFACE_STYLE_USAGE(.BOTH.,#5822);
#5822 = SURFACE_SIDE_STYLE('',(#5823));
#5823 = SURFACE_STYLE_FILL_AREA(#5824);
#5824 = FILL_AREA_STYLE('',(#5825));
#5825 = FILL_AREA_STYLE_COLOUR('',#5355);
#5826 = OVER_RIDING_STYLED_ITEM('overriding color',(#5827),#3091,#5337);
#5827 = PRESENTATION_STYLE_ASSIGNMENT((#5828));
#5828 = SURFACE_STYLE_USAGE(.BOTH.,#5829);
#5829 = SURFACE_SIDE_STYLE('',(#5830));
#5830 = SURFACE_STYLE_FILL_AREA(#5831);
#5831 = FILL_AREA_STYLE('',(#5832));
#5832 = FILL_AREA_STYLE_COLOUR('',#5355);
#5833 = OVER_RIDING_STYLED_ITEM('overriding color',(#5834),#3110,#5337);
#5834 = PRESENTATION_STYLE_ASSIGNMENT((#5835));
#5835 = SURFACE_STYLE_USAGE(.BOTH.,#5836);
#5836 = SURFACE_SIDE_STYLE('',(#5837));
#5837 = SURFACE_STYLE_FILL_AREA(#5838);
#5838 = FILL_AREA_STYLE('',(#5839));
#5839 = FILL_AREA_STYLE_COLOUR('',#5355);
#5840 = OVER_RIDING_STYLED_ITEM('overriding color',(#5841),#3129,#5337);
#5841 = PRESENTATION_STYLE_ASSIGNMENT((#5842));
#5842 = SURFACE_STYLE_USAGE(.BOTH.,#5843);
#5843 = SURFACE_SIDE_STYLE('',(#5844));
#5844 = SURFACE_STYLE_FILL_AREA(#5845);
#5845 = FILL_AREA_STYLE('',(#5846));
#5846 = FILL_AREA_STYLE_COLOUR('',#5355);
#5847 = OVER_RIDING_STYLED_ITEM('overriding color',(#5848),#3141,#5337);
#5848 = PRESENTATION_STYLE_ASSIGNMENT((#5849));
#5849 = SURFACE_STYLE_USAGE(.BOTH.,#5850);
#5850 = SURFACE_SIDE_STYLE('',(#5851));
#5851 = SURFACE_STYLE_FILL_AREA(#5852);
#5852 = FILL_AREA_STYLE('',(#5853));
#5853 = FILL_AREA_STYLE_COLOUR('',#5355);
#5854 = OVER_RIDING_STYLED_ITEM('overriding color',(#5855),#3173,#5337);
#5855 = PRESENTATION_STYLE_ASSIGNMENT((#5856));
#5856 = SURFACE_STYLE_USAGE(.BOTH.,#5857);
#5857 = SURFACE_SIDE_STYLE('',(#5858));
#5858 = SURFACE_STYLE_FILL_AREA(#5859);
#5859 = FILL_AREA_STYLE('',(#5860));
#5860 = FILL_AREA_STYLE_COLOUR('',#5355);
#5861 = OVER_RIDING_STYLED_ITEM('overriding color',(#5862),#3192,#5337);
#5862 = PRESENTATION_STYLE_ASSIGNMENT((#5863));
#5863 = SURFACE_STYLE_USAGE(.BOTH.,#5864);
#5864 = SURFACE_SIDE_STYLE('',(#5865));
#5865 = SURFACE_STYLE_FILL_AREA(#5866);
#5866 = FILL_AREA_STYLE('',(#5867));
#5867 = FILL_AREA_STYLE_COLOUR('',#5355);
#5868 = OVER_RIDING_STYLED_ITEM('overriding color',(#5869),#3211,#5337);
#5869 = PRESENTATION_STYLE_ASSIGNMENT((#5870));
#5870 = SURFACE_STYLE_USAGE(.BOTH.,#5871);
#5871 = SURFACE_SIDE_STYLE('',(#5872));
#5872 = SURFACE_STYLE_FILL_AREA(#5873);
#5873 = FILL_AREA_STYLE('',(#5874));
#5874 = FILL_AREA_STYLE_COLOUR('',#5355);
#5875 = OVER_RIDING_STYLED_ITEM('overriding color',(#5876),#3223,#5337);
#5876 = PRESENTATION_STYLE_ASSIGNMENT((#5877));
#5877 = SURFACE_STYLE_USAGE(.BOTH.,#5878);
#5878 = SURFACE_SIDE_STYLE('',(#5879));
#5879 = SURFACE_STYLE_FILL_AREA(#5880);
#5880 = FILL_AREA_STYLE('',(#5881));
#5881 = FILL_AREA_STYLE_COLOUR('',#5355);
#5882 = OVER_RIDING_STYLED_ITEM('overriding color',(#5883),#3255,#5337);
#5883 = PRESENTATION_STYLE_ASSIGNMENT((#5884));
#5884 = SURFACE_STYLE_USAGE(.BOTH.,#5885);
#5885 = SURFACE_SIDE_STYLE('',(#5886));
#5886 = SURFACE_STYLE_FILL_AREA(#5887);
#5887 = FILL_AREA_STYLE('',(#5888));
#5888 = FILL_AREA_STYLE_COLOUR('',#5355);
#5889 = OVER_RIDING_STYLED_ITEM('overriding color',(#5890),#3274,#5337);
#5890 = PRESENTATION_STYLE_ASSIGNMENT((#5891));
#5891 = SURFACE_STYLE_USAGE(.BOTH.,#5892);
#5892 = SURFACE_SIDE_STYLE('',(#5893));
#5893 = SURFACE_STYLE_FILL_AREA(#5894);
#5894 = FILL_AREA_STYLE('',(#5895));
#5895 = FILL_AREA_STYLE_COLOUR('',#5355);
#5896 = OVER_RIDING_STYLED_ITEM('overriding color',(#5897),#3293,#5337);
#5897 = PRESENTATION_STYLE_ASSIGNMENT((#5898));
#5898 = SURFACE_STYLE_USAGE(.BOTH.,#5899);
#5899 = SURFACE_SIDE_STYLE('',(#5900));
#5900 = SURFACE_STYLE_FILL_AREA(#5901);
#5901 = FILL_AREA_STYLE('',(#5902));
#5902 = FILL_AREA_STYLE_COLOUR('',#5355);
#5903 = OVER_RIDING_STYLED_ITEM('overriding color',(#5904),#3305,#5337);
#5904 = PRESENTATION_STYLE_ASSIGNMENT((#5905));
#5905 = SURFACE_STYLE_USAGE(.BOTH.,#5906);
#5906 = SURFACE_SIDE_STYLE('',(#5907));
#5907 = SURFACE_STYLE_FILL_AREA(#5908);
#5908 = FILL_AREA_STYLE('',(#5909));
#5909 = FILL_AREA_STYLE_COLOUR('',#5910);
#5910 = DRAUGHTING_PRE_DEFINED_COLOUR('black');
#5911 = OVER_RIDING_STYLED_ITEM('overriding color',(#5912),#3336,#5337);
#5912 = PRESENTATION_STYLE_ASSIGNMENT((#5913));
#5913 = SURFACE_STYLE_USAGE(.BOTH.,#5914);
#5914 = SURFACE_SIDE_STYLE('',(#5915));
#5915 = SURFACE_STYLE_FILL_AREA(#5916);
#5916 = FILL_AREA_STYLE('',(#5917));
#5917 = FILL_AREA_STYLE_COLOUR('',#5910);
#5918 = OVER_RIDING_STYLED_ITEM('overriding color',(#5919),#3360,#5337);
#5919 = PRESENTATION_STYLE_ASSIGNMENT((#5920));
#5920 = SURFACE_STYLE_USAGE(.BOTH.,#5921);
#5921 = SURFACE_SIDE_STYLE('',(#5922));
#5922 = SURFACE_STYLE_FILL_AREA(#5923);
#5923 = FILL_AREA_STYLE('',(#5924));
#5924 = FILL_AREA_STYLE_COLOUR('',#5910);
#5925 = OVER_RIDING_STYLED_ITEM('overriding color',(#5926),#3384,#5337);
#5926 = PRESENTATION_STYLE_ASSIGNMENT((#5927));
#5927 = SURFACE_STYLE_USAGE(.BOTH.,#5928);
#5928 = SURFACE_SIDE_STYLE('',(#5929));
#5929 = SURFACE_STYLE_FILL_AREA(#5930);
#5930 = FILL_AREA_STYLE('',(#5931));
#5931 = FILL_AREA_STYLE_COLOUR('',#5910);
#5932 = OVER_RIDING_STYLED_ITEM('overriding color',(#5933),#3408,#5337);
#5933 = PRESENTATION_STYLE_ASSIGNMENT((#5934));
#5934 = SURFACE_STYLE_USAGE(.BOTH.,#5935);
#5935 = SURFACE_SIDE_STYLE('',(#5936));
#5936 = SURFACE_STYLE_FILL_AREA(#5937);
#5937 = FILL_AREA_STYLE('',(#5938));
#5938 = FILL_AREA_STYLE_COLOUR('',#5910);
#5939 = OVER_RIDING_STYLED_ITEM('overriding color',(#5940),#3432,#5337);
#5940 = PRESENTATION_STYLE_ASSIGNMENT((#5941));
#5941 = SURFACE_STYLE_USAGE(.BOTH.,#5942);
#5942 = SURFACE_SIDE_STYLE('',(#5943));
#5943 = SURFACE_STYLE_FILL_AREA(#5944);
#5944 = FILL_AREA_STYLE('',(#5945));
#5945 = FILL_AREA_STYLE_COLOUR('',#5910);
#5946 = OVER_RIDING_STYLED_ITEM('overriding color',(#5947),#3456,#5337);
#5947 = PRESENTATION_STYLE_ASSIGNMENT((#5948));
#5948 = SURFACE_STYLE_USAGE(.BOTH.,#5949);
#5949 = SURFACE_SIDE_STYLE('',(#5950));
#5950 = SURFACE_STYLE_FILL_AREA(#5951);
#5951 = FILL_AREA_STYLE('',(#5952));
#5952 = FILL_AREA_STYLE_COLOUR('',#5910);
#5953 = OVER_RIDING_STYLED_ITEM('overriding color',(#5954),#3480,#5337);
#5954 = PRESENTATION_STYLE_ASSIGNMENT((#5955));
#5955 = SURFACE_STYLE_USAGE(.BOTH.,#5956);
#5956 = SURFACE_SIDE_STYLE('',(#5957));
#5957 = SURFACE_STYLE_FILL_AREA(#5958);
#5958 = FILL_AREA_STYLE('',(#5959));
#5959 = FILL_AREA_STYLE_COLOUR('',#5910);
#5960 = OVER_RIDING_STYLED_ITEM('overriding color',(#5961),#3497,#5337);
#5961 = PRESENTATION_STYLE_ASSIGNMENT((#5962));
#5962 = SURFACE_STYLE_USAGE(.BOTH.,#5963);
#5963 = SURFACE_SIDE_STYLE('',(#5964));
#5964 = SURFACE_STYLE_FILL_AREA(#5965);
#5965 = FILL_AREA_STYLE('',(#5966));
#5966 = FILL_AREA_STYLE_COLOUR('',#5910);
#5967 = OVER_RIDING_STYLED_ITEM('overriding color',(#5968),#3571,#5337);
#5968 = PRESENTATION_STYLE_ASSIGNMENT((#5969));
#5969 = SURFACE_STYLE_USAGE(.BOTH.,#5970);
#5970 = SURFACE_SIDE_STYLE('',(#5971));
#5971 = SURFACE_STYLE_FILL_AREA(#5972);
#5972 = FILL_AREA_STYLE('',(#5973));
#5973 = FILL_AREA_STYLE_COLOUR('',#5910);
#5974 = OVER_RIDING_STYLED_ITEM('overriding color',(#5975),#3602,#5337);
#5975 = PRESENTATION_STYLE_ASSIGNMENT((#5976));
#5976 = SURFACE_STYLE_USAGE(.BOTH.,#5977);
#5977 = SURFACE_SIDE_STYLE('',(#5978));
#5978 = SURFACE_STYLE_FILL_AREA(#5979);
#5979 = FILL_AREA_STYLE('',(#5980));
#5980 = FILL_AREA_STYLE_COLOUR('',#5910);
#5981 = OVER_RIDING_STYLED_ITEM('overriding color',(#5982),#3626,#5337);
#5982 = PRESENTATION_STYLE_ASSIGNMENT((#5983));
#5983 = SURFACE_STYLE_USAGE(.BOTH.,#5984);
#5984 = SURFACE_SIDE_STYLE('',(#5985));
#5985 = SURFACE_STYLE_FILL_AREA(#5986);
#5986 = FILL_AREA_STYLE('',(#5987));
#5987 = FILL_AREA_STYLE_COLOUR('',#5910);
#5988 = OVER_RIDING_STYLED_ITEM('overriding color',(#5989),#3664,#5337);
#5989 = PRESENTATION_STYLE_ASSIGNMENT((#5990));
#5990 = SURFACE_STYLE_USAGE(.BOTH.,#5991);
#5991 = SURFACE_SIDE_STYLE('',(#5992));
#5992 = SURFACE_STYLE_FILL_AREA(#5993);
#5993 = FILL_AREA_STYLE('',(#5994));
#5994 = FILL_AREA_STYLE_COLOUR('',#5910);
#5995 = OVER_RIDING_STYLED_ITEM('overriding color',(#5996),#3688,#5337);
#5996 = PRESENTATION_STYLE_ASSIGNMENT((#5997));
#5997 = SURFACE_STYLE_USAGE(.BOTH.,#5998);
#5998 = SURFACE_SIDE_STYLE('',(#5999));
#5999 = SURFACE_STYLE_FILL_AREA(#6000);
#6000 = FILL_AREA_STYLE('',(#6001));
#6001 = FILL_AREA_STYLE_COLOUR('',#5910);
#6002 = OVER_RIDING_STYLED_ITEM('overriding color',(#6003),#3726,#5337);
#6003 = PRESENTATION_STYLE_ASSIGNMENT((#6004));
#6004 = SURFACE_STYLE_USAGE(.BOTH.,#6005);
#6005 = SURFACE_SIDE_STYLE('',(#6006));
#6006 = SURFACE_STYLE_FILL_AREA(#6007);
#6007 = FILL_AREA_STYLE('',(#6008));
#6008 = FILL_AREA_STYLE_COLOUR('',#5910);
#6009 = OVER_RIDING_STYLED_ITEM('overriding color',(#6010),#3743,#5337);
#6010 = PRESENTATION_STYLE_ASSIGNMENT((#6011));
#6011 = SURFACE_STYLE_USAGE(.BOTH.,#6012);
#6012 = SURFACE_SIDE_STYLE('',(#6013));
#6013 = SURFACE_STYLE_FILL_AREA(#6014);
#6014 = FILL_AREA_STYLE('',(#6015));
#6015 = FILL_AREA_STYLE_COLOUR('',#5910);
#6016 = OVER_RIDING_STYLED_ITEM('overriding color',(#6017),#3774,#5337);
#6017 = PRESENTATION_STYLE_ASSIGNMENT((#6018));
#6018 = SURFACE_STYLE_USAGE(.BOTH.,#6019);
#6019 = SURFACE_SIDE_STYLE('',(#6020));
#6020 = SURFACE_STYLE_FILL_AREA(#6021);
#6021 = FILL_AREA_STYLE('',(#6022));
#6022 = FILL_AREA_STYLE_COLOUR('',#5910);
#6023 = OVER_RIDING_STYLED_ITEM('overriding color',(#6024),#3798,#5337);
#6024 = PRESENTATION_STYLE_ASSIGNMENT((#6025));
#6025 = SURFACE_STYLE_USAGE(.BOTH.,#6026);
#6026 = SURFACE_SIDE_STYLE('',(#6027));
#6027 = SURFACE_STYLE_FILL_AREA(#6028);
#6028 = FILL_AREA_STYLE('',(#6029));
#6029 = FILL_AREA_STYLE_COLOUR('',#5910);
#6030 = OVER_RIDING_STYLED_ITEM('overriding color',(#6031),#3822,#5337);
#6031 = PRESENTATION_STYLE_ASSIGNMENT((#6032));
#6032 = SURFACE_STYLE_USAGE(.BOTH.,#6033);
#6033 = SURFACE_SIDE_STYLE('',(#6034));
#6034 = SURFACE_STYLE_FILL_AREA(#6035);
#6035 = FILL_AREA_STYLE('',(#6036));
#6036 = FILL_AREA_STYLE_COLOUR('',#5910);
#6037 = OVER_RIDING_STYLED_ITEM('overriding color',(#6038),#3896,#5337);
#6038 = PRESENTATION_STYLE_ASSIGNMENT((#6039));
#6039 = SURFACE_STYLE_USAGE(.BOTH.,#6040);
#6040 = SURFACE_SIDE_STYLE('',(#6041));
#6041 = SURFACE_STYLE_FILL_AREA(#6042);
#6042 = FILL_AREA_STYLE('',(#6043));
#6043 = FILL_AREA_STYLE_COLOUR('',#5910);
#6044 = OVER_RIDING_STYLED_ITEM('overriding color',(#6045),#3963,#5337);
#6045 = PRESENTATION_STYLE_ASSIGNMENT((#6046));
#6046 = SURFACE_STYLE_USAGE(.BOTH.,#6047);
#6047 = SURFACE_SIDE_STYLE('',(#6048));
#6048 = SURFACE_STYLE_FILL_AREA(#6049);
#6049 = FILL_AREA_STYLE('',(#6050));
#6050 = FILL_AREA_STYLE_COLOUR('',#5910);
#6051 = OVER_RIDING_STYLED_ITEM('overriding color',(#6052),#4050,#5337);
#6052 = PRESENTATION_STYLE_ASSIGNMENT((#6053));
#6053 = SURFACE_STYLE_USAGE(.BOTH.,#6054);
#6054 = SURFACE_SIDE_STYLE('',(#6055));
#6055 = SURFACE_STYLE_FILL_AREA(#6056);
#6056 = FILL_AREA_STYLE('',(#6057));
#6057 = FILL_AREA_STYLE_COLOUR('',#5910);
#6058 = OVER_RIDING_STYLED_ITEM('overriding color',(#6059),#4081,#5337);
#6059 = PRESENTATION_STYLE_ASSIGNMENT((#6060));
#6060 = SURFACE_STYLE_USAGE(.BOTH.,#6061);
#6061 = SURFACE_SIDE_STYLE('',(#6062));
#6062 = SURFACE_STYLE_FILL_AREA(#6063);
#6063 = FILL_AREA_STYLE('',(#6064));
#6064 = FILL_AREA_STYLE_COLOUR('',#5910);
#6065 = OVER_RIDING_STYLED_ITEM('overriding color',(#6066),#4155,#5337);
#6066 = PRESENTATION_STYLE_ASSIGNMENT((#6067));
#6067 = SURFACE_STYLE_USAGE(.BOTH.,#6068);
#6068 = SURFACE_SIDE_STYLE('',(#6069));
#6069 = SURFACE_STYLE_FILL_AREA(#6070);
#6070 = FILL_AREA_STYLE('',(#6071));
#6071 = FILL_AREA_STYLE_COLOUR('',#5910);
#6072 = OVER_RIDING_STYLED_ITEM('overriding color',(#6073),#4229,#5337);
#6073 = PRESENTATION_STYLE_ASSIGNMENT((#6074));
#6074 = SURFACE_STYLE_USAGE(.BOTH.,#6075);
#6075 = SURFACE_SIDE_STYLE('',(#6076));
#6076 = SURFACE_STYLE_FILL_AREA(#6077);
#6077 = FILL_AREA_STYLE('',(#6078));
#6078 = FILL_AREA_STYLE_COLOUR('',#5910);
#6079 = OVER_RIDING_STYLED_ITEM('overriding color',(#6080),#4253,#5337);
#6080 = PRESENTATION_STYLE_ASSIGNMENT((#6081));
#6081 = SURFACE_STYLE_USAGE(.BOTH.,#6082);
#6082 = SURFACE_SIDE_STYLE('',(#6083));
#6083 = SURFACE_STYLE_FILL_AREA(#6084);
#6084 = FILL_AREA_STYLE('',(#6085));
#6085 = FILL_AREA_STYLE_COLOUR('',#5910);
#6086 = OVER_RIDING_STYLED_ITEM('overriding color',(#6087),#4270,#5337);
#6087 = PRESENTATION_STYLE_ASSIGNMENT((#6088));
#6088 = SURFACE_STYLE_USAGE(.BOTH.,#6089);
#6089 = SURFACE_SIDE_STYLE('',(#6090));
#6090 = SURFACE_STYLE_FILL_AREA(#6091);
#6091 = FILL_AREA_STYLE('',(#6092));
#6092 = FILL_AREA_STYLE_COLOUR('',#5910);
#6093 = OVER_RIDING_STYLED_ITEM('overriding color',(#6094),#4301,#5337);
#6094 = PRESENTATION_STYLE_ASSIGNMENT((#6095));
#6095 = SURFACE_STYLE_USAGE(.BOTH.,#6096);
#6096 = SURFACE_SIDE_STYLE('',(#6097));
#6097 = SURFACE_STYLE_FILL_AREA(#6098);
#6098 = FILL_AREA_STYLE('',(#6099));
#6099 = FILL_AREA_STYLE_COLOUR('',#5910);
#6100 = OVER_RIDING_STYLED_ITEM('overriding color',(#6101),#4325,#5337);
#6101 = PRESENTATION_STYLE_ASSIGNMENT((#6102));
#6102 = SURFACE_STYLE_USAGE(.BOTH.,#6103);
#6103 = SURFACE_SIDE_STYLE('',(#6104));
#6104 = SURFACE_STYLE_FILL_AREA(#6105);
#6105 = FILL_AREA_STYLE('',(#6106));
#6106 = FILL_AREA_STYLE_COLOUR('',#5910);
#6107 = OVER_RIDING_STYLED_ITEM('overriding color',(#6108),#4349,#5337);
#6108 = PRESENTATION_STYLE_ASSIGNMENT((#6109));
#6109 = SURFACE_STYLE_USAGE(.BOTH.,#6110);
#6110 = SURFACE_SIDE_STYLE('',(#6111));
#6111 = SURFACE_STYLE_FILL_AREA(#6112);
#6112 = FILL_AREA_STYLE('',(#6113));
#6113 = FILL_AREA_STYLE_COLOUR('',#5910);
#6114 = OVER_RIDING_STYLED_ITEM('overriding color',(#6115),#4373,#5337);
#6115 = PRESENTATION_STYLE_ASSIGNMENT((#6116));
#6116 = SURFACE_STYLE_USAGE(.BOTH.,#6117);
#6117 = SURFACE_SIDE_STYLE('',(#6118));
#6118 = SURFACE_STYLE_FILL_AREA(#6119);
#6119 = FILL_AREA_STYLE('',(#6120));
#6120 = FILL_AREA_STYLE_COLOUR('',#5910);
#6121 = OVER_RIDING_STYLED_ITEM('overriding color',(#6122),#4397,#5337);
#6122 = PRESENTATION_STYLE_ASSIGNMENT((#6123));
#6123 = SURFACE_STYLE_USAGE(.BOTH.,#6124);
#6124 = SURFACE_SIDE_STYLE('',(#6125));
#6125 = SURFACE_STYLE_FILL_AREA(#6126);
#6126 = FILL_AREA_STYLE('',(#6127));
#6127 = FILL_AREA_STYLE_COLOUR('',#5910);
#6128 = OVER_RIDING_STYLED_ITEM('overriding color',(#6129),#4421,#5337);
#6129 = PRESENTATION_STYLE_ASSIGNMENT((#6130));
#6130 = SURFACE_STYLE_USAGE(.BOTH.,#6131);
#6131 = SURFACE_SIDE_STYLE('',(#6132));
#6132 = SURFACE_STYLE_FILL_AREA(#6133);
#6133 = FILL_AREA_STYLE('',(#6134));
#6134 = FILL_AREA_STYLE_COLOUR('',#5910);
#6135 = OVER_RIDING_STYLED_ITEM('overriding color',(#6136),#4445,#5337);
#6136 = PRESENTATION_STYLE_ASSIGNMENT((#6137));
#6137 = SURFACE_STYLE_USAGE(.BOTH.,#6138);
#6138 = SURFACE_SIDE_STYLE('',(#6139));
#6139 = SURFACE_STYLE_FILL_AREA(#6140);
#6140 = FILL_AREA_STYLE('',(#6141));
#6141 = FILL_AREA_STYLE_COLOUR('',#5910);
#6142 = OVER_RIDING_STYLED_ITEM('overriding color',(#6143),#4469,#5337);
#6143 = PRESENTATION_STYLE_ASSIGNMENT((#6144));
#6144 = SURFACE_STYLE_USAGE(.BOTH.,#6145);
#6145 = SURFACE_SIDE_STYLE('',(#6146));
#6146 = SURFACE_STYLE_FILL_AREA(#6147);
#6147 = FILL_AREA_STYLE('',(#6148));
#6148 = FILL_AREA_STYLE_COLOUR('',#5910);
#6149 = OVER_RIDING_STYLED_ITEM('overriding color',(#6150),#4493,#5337);
#6150 = PRESENTATION_STYLE_ASSIGNMENT((#6151));
#6151 = SURFACE_STYLE_USAGE(.BOTH.,#6152);
#6152 = SURFACE_SIDE_STYLE('',(#6153));
#6153 = SURFACE_STYLE_FILL_AREA(#6154);
#6154 = FILL_AREA_STYLE('',(#6155));
#6155 = FILL_AREA_STYLE_COLOUR('',#5910);
#6156 = OVER_RIDING_STYLED_ITEM('overriding color',(#6157),#4517,#5337);
#6157 = PRESENTATION_STYLE_ASSIGNMENT((#6158));
#6158 = SURFACE_STYLE_USAGE(.BOTH.,#6159);
#6159 = SURFACE_SIDE_STYLE('',(#6160));
#6160 = SURFACE_STYLE_FILL_AREA(#6161);
#6161 = FILL_AREA_STYLE('',(#6162));
#6162 = FILL_AREA_STYLE_COLOUR('',#5910);
#6163 = OVER_RIDING_STYLED_ITEM('overriding color',(#6164),#4541,#5337);
#6164 = PRESENTATION_STYLE_ASSIGNMENT((#6165));
#6165 = SURFACE_STYLE_USAGE(.BOTH.,#6166);
#6166 = SURFACE_SIDE_STYLE('',(#6167));
#6167 = SURFACE_STYLE_FILL_AREA(#6168);
#6168 = FILL_AREA_STYLE('',(#6169));
#6169 = FILL_AREA_STYLE_COLOUR('',#5910);
#6170 = OVER_RIDING_STYLED_ITEM('overriding color',(#6171),#4558,#5337);
#6171 = PRESENTATION_STYLE_ASSIGNMENT((#6172));
#6172 = SURFACE_STYLE_USAGE(.BOTH.,#6173);
#6173 = SURFACE_SIDE_STYLE('',(#6174));
#6174 = SURFACE_STYLE_FILL_AREA(#6175);
#6175 = FILL_AREA_STYLE('',(#6176));
#6176 = FILL_AREA_STYLE_COLOUR('',#5910);
#6177 = OVER_RIDING_STYLED_ITEM('overriding color',(#6178),#4578,#5337);
#6178 = PRESENTATION_STYLE_ASSIGNMENT((#6179));
#6179 = SURFACE_STYLE_USAGE(.BOTH.,#6180);
#6180 = SURFACE_SIDE_STYLE('',(#6181));
#6181 = SURFACE_STYLE_FILL_AREA(#6182);
#6182 = FILL_AREA_STYLE('',(#6183));
#6183 = FILL_AREA_STYLE_COLOUR('',#5910);
#6184 = OVER_RIDING_STYLED_ITEM('overriding color',(#6185),#4609,#5337);
#6185 = PRESENTATION_STYLE_ASSIGNMENT((#6186));
#6186 = SURFACE_STYLE_USAGE(.BOTH.,#6187);
#6187 = SURFACE_SIDE_STYLE('',(#6188));
#6188 = SURFACE_STYLE_FILL_AREA(#6189);
#6189 = FILL_AREA_STYLE('',(#6190));
#6190 = FILL_AREA_STYLE_COLOUR('',#5910);
#6191 = OVER_RIDING_STYLED_ITEM('overriding color',(#6192),#4659,#5337);
#6192 = PRESENTATION_STYLE_ASSIGNMENT((#6193));
#6193 = SURFACE_STYLE_USAGE(.BOTH.,#6194);
#6194 = SURFACE_SIDE_STYLE('',(#6195));
#6195 = SURFACE_STYLE_FILL_AREA(#6196);
#6196 = FILL_AREA_STYLE('',(#6197));
#6197 = FILL_AREA_STYLE_COLOUR('',#5910);
#6198 = OVER_RIDING_STYLED_ITEM('overriding color',(#6199),#4733,#5337);
#6199 = PRESENTATION_STYLE_ASSIGNMENT((#6200));
#6200 = SURFACE_STYLE_USAGE(.BOTH.,#6201);
#6201 = SURFACE_SIDE_STYLE('',(#6202));
#6202 = SURFACE_STYLE_FILL_AREA(#6203);
#6203 = FILL_AREA_STYLE('',(#6204));
#6204 = FILL_AREA_STYLE_COLOUR('',#5910);
#6205 = OVER_RIDING_STYLED_ITEM('overriding color',(#6206),#4807,#5337);
#6206 = PRESENTATION_STYLE_ASSIGNMENT((#6207));
#6207 = SURFACE_STYLE_USAGE(.BOTH.,#6208);
#6208 = SURFACE_SIDE_STYLE('',(#6209));
#6209 = SURFACE_STYLE_FILL_AREA(#6210);
#6210 = FILL_AREA_STYLE('',(#6211));
#6211 = FILL_AREA_STYLE_COLOUR('',#5910);
#6212 = OVER_RIDING_STYLED_ITEM('overriding color',(#6213),#4857,#5337);
#6213 = PRESENTATION_STYLE_ASSIGNMENT((#6214));
#6214 = SURFACE_STYLE_USAGE(.BOTH.,#6215);
#6215 = SURFACE_SIDE_STYLE('',(#6216));
#6216 = SURFACE_STYLE_FILL_AREA(#6217);
#6217 = FILL_AREA_STYLE('',(#6218));
#6218 = FILL_AREA_STYLE_COLOUR('',#5910);
#6219 = OVER_RIDING_STYLED_ITEM('overriding color',(#6220),#4881,#5337);
#6220 = PRESENTATION_STYLE_ASSIGNMENT((#6221));
#6221 = SURFACE_STYLE_USAGE(.BOTH.,#6222);
#6222 = SURFACE_SIDE_STYLE('',(#6223));
#6223 = SURFACE_STYLE_FILL_AREA(#6224);
#6224 = FILL_AREA_STYLE('',(#6225));
#6225 = FILL_AREA_STYLE_COLOUR('',#5910);
#6226 = OVER_RIDING_STYLED_ITEM('overriding color',(#6227),#4931,#5337);
#6227 = PRESENTATION_STYLE_ASSIGNMENT((#6228));
#6228 = SURFACE_STYLE_USAGE(.BOTH.,#6229);
#6229 = SURFACE_SIDE_STYLE('',(#6230));
#6230 = SURFACE_STYLE_FILL_AREA(#6231);
#6231 = FILL_AREA_STYLE('',(#6232));
#6232 = FILL_AREA_STYLE_COLOUR('',#5910);
#6233 = OVER_RIDING_STYLED_ITEM('overriding color',(#6234),#5005,#5337);
#6234 = PRESENTATION_STYLE_ASSIGNMENT((#6235));
#6235 = SURFACE_STYLE_USAGE(.BOTH.,#6236);
#6236 = SURFACE_SIDE_STYLE('',(#6237));
#6237 = SURFACE_STYLE_FILL_AREA(#6238);
#6238 = FILL_AREA_STYLE('',(#6239));
#6239 = FILL_AREA_STYLE_COLOUR('',#5910);
#6240 = OVER_RIDING_STYLED_ITEM('overriding color',(#6241),#5079,#5337);
#6241 = PRESENTATION_STYLE_ASSIGNMENT((#6242));
#6242 = SURFACE_STYLE_USAGE(.BOTH.,#6243);
#6243 = SURFACE_SIDE_STYLE('',(#6244));
#6244 = SURFACE_STYLE_FILL_AREA(#6245);
#6245 = FILL_AREA_STYLE('',(#6246));
#6246 = FILL_AREA_STYLE_COLOUR('',#5910);
#6247 = OVER_RIDING_STYLED_ITEM('overriding color',(#6248),#5122,#5337);
#6248 = PRESENTATION_STYLE_ASSIGNMENT((#6249));
#6249 = SURFACE_STYLE_USAGE(.BOTH.,#6250);
#6250 = SURFACE_SIDE_STYLE('',(#6251));
#6251 = SURFACE_STYLE_FILL_AREA(#6252);
#6252 = FILL_AREA_STYLE('',(#6253));
#6253 = FILL_AREA_STYLE_COLOUR('',#5910);
#6254 = OVER_RIDING_STYLED_ITEM('overriding color',(#6255),#5140,#5337);
#6255 = PRESENTATION_STYLE_ASSIGNMENT((#6256));
#6256 = SURFACE_STYLE_USAGE(.BOTH.,#6257);
#6257 = SURFACE_SIDE_STYLE('',(#6258));
#6258 = SURFACE_STYLE_FILL_AREA(#6259);
#6259 = FILL_AREA_STYLE('',(#6260));
#6260 = FILL_AREA_STYLE_COLOUR('',#5910);
#6261 = OVER_RIDING_STYLED_ITEM('overriding color',(#6262),#5171,#5337);
#6262 = PRESENTATION_STYLE_ASSIGNMENT((#6263));
#6263 = SURFACE_STYLE_USAGE(.BOTH.,#6264);
#6264 = SURFACE_SIDE_STYLE('',(#6265));
#6265 = SURFACE_STYLE_FILL_AREA(#6266);
#6266 = FILL_AREA_STYLE('',(#6267));
#6267 = FILL_AREA_STYLE_COLOUR('',#5910);
#6268 = OVER_RIDING_STYLED_ITEM('overriding color',(#6269),#5195,#5337);
#6269 = PRESENTATION_STYLE_ASSIGNMENT((#6270));
#6270 = SURFACE_STYLE_USAGE(.BOTH.,#6271);
#6271 = SURFACE_SIDE_STYLE('',(#6272));
#6272 = SURFACE_STYLE_FILL_AREA(#6273);
#6273 = FILL_AREA_STYLE('',(#6274));
#6274 = FILL_AREA_STYLE_COLOUR('',#5910);
#6275 = OVER_RIDING_STYLED_ITEM('overriding color',(#6276),#5219,#5337);
#6276 = PRESENTATION_STYLE_ASSIGNMENT((#6277));
#6277 = SURFACE_STYLE_USAGE(.BOTH.,#6278);
#6278 = SURFACE_SIDE_STYLE('',(#6279));
#6279 = SURFACE_STYLE_FILL_AREA(#6280);
#6280 = FILL_AREA_STYLE('',(#6281));
#6281 = FILL_AREA_STYLE_COLOUR('',#5910);
#6282 = OVER_RIDING_STYLED_ITEM('overriding color',(#6283),#5243,#5337);
#6283 = PRESENTATION_STYLE_ASSIGNMENT((#6284));
#6284 = SURFACE_STYLE_USAGE(.BOTH.,#6285);
#6285 = SURFACE_SIDE_STYLE('',(#6286));
#6286 = SURFACE_STYLE_FILL_AREA(#6287);
#6287 = FILL_AREA_STYLE('',(#6288));
#6288 = FILL_AREA_STYLE_COLOUR('',#5910);
#6289 = OVER_RIDING_STYLED_ITEM('overriding color',(#6290),#5267,#5337);
#6290 = PRESENTATION_STYLE_ASSIGNMENT((#6291));
#6291 = SURFACE_STYLE_USAGE(.BOTH.,#6292);
#6292 = SURFACE_SIDE_STYLE('',(#6293));
#6293 = SURFACE_STYLE_FILL_AREA(#6294);
#6294 = FILL_AREA_STYLE('',(#6295));
#6295 = FILL_AREA_STYLE_COLOUR('',#5910);
#6296 = OVER_RIDING_STYLED_ITEM('overriding color',(#6297),#5284,#5337);
#6297 = PRESENTATION_STYLE_ASSIGNMENT((#6298));
#6298 = SURFACE_STYLE_USAGE(.BOTH.,#6299);
#6299 = SURFACE_SIDE_STYLE('',(#6300));
#6300 = SURFACE_STYLE_FILL_AREA(#6301);
#6301 = FILL_AREA_STYLE('',(#6302));
#6302 = FILL_AREA_STYLE_COLOUR('',#5910);
ENDSEC;
END-ISO-10303-21;
