ISO-10303-21;
HEADER;
FILE_DESCRIPTION(('FreeCAD Model'),'2;1');
FILE_NAME('Open CASCADE Shape Model','2026-03-30T12:56:33',('Author'),(
    ''),'Open CASCADE STEP processor 7.8','FreeCAD','Unknown');
FILE_SCHEMA(('AUTOMOTIVE_DESIGN { 1 0 10303 214 1 1 1 1 }'));
ENDSEC;
DATA;
#1 = APPLICATION_PROTOCOL_DEFINITION('international standard',
  'automotive_design',2000,#2);
#2 = APPLICATION_CONTEXT(
  'core data for automotive mechanical design processes');
#3 = SHAPE_DEFINITION_REPRESENTATION(#4,#10);
#4 = PRODUCT_DEFINITION_SHAPE('','',#5);
#5 = PRODUCT_DEFINITION('design','',#6,#9);
#6 = PRODUCT_DEFINITION_FORMATION('','',#7);
#7 = PRODUCT('EasyEDA PCB Model~TpNm','EasyEDA PCB Model~TpNm','',(#8));
#8 = PRODUCT_CONTEXT('',#2,'mechanical');
#9 = PRODUCT_DEFINITION_CONTEXT('part definition',#2,'design');
#10 = SHAPE_REPRESENTATION('',(#11,#15),#19);
#11 = AXIS2_PLACEMENT_3D('',#12,#13,#14);
#12 = CARTESIAN_POINT('',(0.,0.,0.));
#13 = DIRECTION('',(0.,0.,1.));
#14 = DIRECTION('',(1.,0.,-0.));
#15 = AXIS2_PLACEMENT_3D('',#16,#17,#18);
#16 = CARTESIAN_POINT('',(3.84000508001,-7.730048260097,1.600050800102)
  );
#17 = DIRECTION('',(0.,0.,1.));
#18 = DIRECTION('',(1.,0.,0.));
#19 = ( GEOMETRIC_REPRESENTATION_CONTEXT(3) 
GLOBAL_UNCERTAINTY_ASSIGNED_CONTEXT((#23)) GLOBAL_UNIT_ASSIGNED_CONTEXT(
(#20,#21,#22)) REPRESENTATION_CONTEXT('Context #1',
  '3D Context with UNIT and UNCERTAINTY') );
#20 = ( LENGTH_UNIT() NAMED_UNIT(*) SI_UNIT(.MILLI.,.METRE.) );
#21 = ( NAMED_UNIT(*) PLANE_ANGLE_UNIT() SI_UNIT($,.RADIAN.) );
#22 = ( NAMED_UNIT(*) SI_UNIT($,.STERADIAN.) SOLID_ANGLE_UNIT() );
#23 = UNCERTAINTY_MEASURE_WITH_UNIT(LENGTH_MEASURE(1.E-07),#20,
  'distance_accuracy_value','confusion accuracy');
#24 = PRODUCT_RELATED_PRODUCT_CATEGORY('part',$,(#7));
#25 = SHAPE_DEFINITION_REPRESENTATION(#26,#32);
#26 = PRODUCT_DEFINITION_SHAPE('','',#27);
#27 = PRODUCT_DEFINITION('design','',#28,#31);
#28 = PRODUCT_DEFINITION_FORMATION('','',#29);
#29 = PRODUCT(
'U1~OSC-SMD_10P-L7.0-W5.0-BL_OHXXXXXXX~OSC-SMD_10P-L7.0-W5.0-BL_
OHXXXXXXX~TpNm',
'U1~OSC-SMD_10P-L7.0-W5.0-BL_OHXXXXXXX~OSC-SMD_10P-L7.0-W5.0-BL_
OHXXXXXXX~TpNm','',(#30));
#30 = PRODUCT_CONTEXT('',#2,'mechanical');
#31 = PRODUCT_DEFINITION_CONTEXT('part definition',#2,'design');
#32 = SHAPE_REPRESENTATION('',(#11,#33),#37);
#33 = AXIS2_PLACEMENT_3D('',#34,#35,#36);
#34 = CARTESIAN_POINT('',(0.,0.,0.));
#35 = DIRECTION('',(0.,0.,1.));
#36 = DIRECTION('',(1.,0.,0.));
#37 = ( GEOMETRIC_REPRESENTATION_CONTEXT(3) 
GLOBAL_UNCERTAINTY_ASSIGNED_CONTEXT((#41)) GLOBAL_UNIT_ASSIGNED_CONTEXT(
(#38,#39,#40)) REPRESENTATION_CONTEXT('Context #1',
  '3D Context with UNIT and UNCERTAINTY') );
#38 = ( LENGTH_UNIT() NAMED_UNIT(*) SI_UNIT(.MILLI.,.METRE.) );
#39 = ( NAMED_UNIT(*) PLANE_ANGLE_UNIT() SI_UNIT($,.RADIAN.) );
#40 = ( NAMED_UNIT(*) SI_UNIT($,.STERADIAN.) SOLID_ANGLE_UNIT() );
#41 = UNCERTAINTY_MEASURE_WITH_UNIT(LENGTH_MEASURE(1.E-07),#38,
  'distance_accuracy_value','confusion accuracy');
#42 = CONTEXT_DEPENDENT_SHAPE_REPRESENTATION(#43,#45);
#43 = ( REPRESENTATION_RELATIONSHIP('','',#32,#10) 
REPRESENTATION_RELATIONSHIP_WITH_TRANSFORMATION(#44) 
SHAPE_REPRESENTATION_RELATIONSHIP() );
#44 = ITEM_DEFINED_TRANSFORMATION('','',#11,#15);
#45 = PRODUCT_DEFINITION_SHAPE('Placement','Placement of an item',#46);
#46 = NEXT_ASSEMBLY_USAGE_OCCURRENCE('4',
'U1~OSC-SMD_10P-L7.0-W5.0-BL_OHXXXXXXX~OSC-SMD_10P-L7.0-W5.0-BL_
OHXXXXXXX~TpNm','',#5,#27,$);
#47 = PRODUCT_RELATED_PRODUCT_CATEGORY('part',$,(#29));
#48 = SHAPE_DEFINITION_REPRESENTATION(#49,#55);
#49 = PRODUCT_DEFINITION_SHAPE('','',#50);
#50 = PRODUCT_DEFINITION('design','',#51,#54);
#51 = PRODUCT_DEFINITION_FORMATION('','',#52);
#52 = PRODUCT(
'OSC-SMD_10P-L7.0-W5.0-BL_OHXXXXXXX~OSC-SMD_10P-L7.0-W5.0-BL_
OHXXXXXXX~TpNm002',
'OSC-SMD_10P-L7.0-W5.0-BL_OHXXXXXXX~OSC-SMD_10P-L7.0-W5.0-BL_
OHXXXXXXX~TpNm002','',(#53));
#53 = PRODUCT_CONTEXT('',#2,'mechanical');
#54 = PRODUCT_DEFINITION_CONTEXT('part definition',#2,'design');
#55 = SHAPE_REPRESENTATION('',(#11,#56,#60),#64);
#56 = AXIS2_PLACEMENT_3D('',#57,#58,#59);
#57 = CARTESIAN_POINT('',(0.,0.,0.));
#58 = DIRECTION('',(0.,0.,1.));
#59 = DIRECTION('',(1.,0.,0.));
#60 = AXIS2_PLACEMENT_3D('',#61,#62,#63);
#61 = CARTESIAN_POINT('',(0.,0.,0.));
#62 = DIRECTION('',(0.,0.,1.));
#63 = DIRECTION('',(1.,0.,0.));
#64 = ( GEOMETRIC_REPRESENTATION_CONTEXT(3) 
GLOBAL_UNCERTAINTY_ASSIGNED_CONTEXT((#68)) GLOBAL_UNIT_ASSIGNED_CONTEXT(
(#65,#66,#67)) REPRESENTATION_CONTEXT('Context #1',
  '3D Context with UNIT and UNCERTAINTY') );
#65 = ( LENGTH_UNIT() NAMED_UNIT(*) SI_UNIT(.MILLI.,.METRE.) );
#66 = ( NAMED_UNIT(*) PLANE_ANGLE_UNIT() SI_UNIT($,.RADIAN.) );
#67 = ( NAMED_UNIT(*) SI_UNIT($,.STERADIAN.) SOLID_ANGLE_UNIT() );
#68 = UNCERTAINTY_MEASURE_WITH_UNIT(LENGTH_MEASURE(1.E-07),#65,
  'distance_accuracy_value','confusion accuracy');
#69 = CONTEXT_DEPENDENT_SHAPE_REPRESENTATION(#70,#72);
#70 = ( REPRESENTATION_RELATIONSHIP('','',#55,#32) 
REPRESENTATION_RELATIONSHIP_WITH_TRANSFORMATION(#71) 
SHAPE_REPRESENTATION_RELATIONSHIP() );
#71 = ITEM_DEFINED_TRANSFORMATION('','',#11,#33);
#72 = PRODUCT_DEFINITION_SHAPE('Placement','Placement of an item',#73);
#73 = NEXT_ASSEMBLY_USAGE_OCCURRENCE('3',
'OSC-SMD_10P-L7.0-W5.0-BL_OHXXXXXXX~OSC-SMD_10P-L7.0-W5.0-BL_
OHXXXXXXX~TpNm002','',#27,#50,$);
#74 = PRODUCT_RELATED_PRODUCT_CATEGORY('part',$,(#52));
#75 = SHAPE_DEFINITION_REPRESENTATION(#76,#82);
#76 = PRODUCT_DEFINITION_SHAPE('','',#77);
#77 = PRODUCT_DEFINITION('design','',#78,#81);
#78 = PRODUCT_DEFINITION_FORMATION('','',#79);
#79 = PRODUCT(
'OSC-SMD_10P-L7.0-W5.0-BL_OHXXXXXXX~OSC-SMD_10P-L7.0-W5.0-BL_
OHXXXXXXX~TpNm',
'OSC-SMD_10P-L7.0-W5.0-BL_OHXXXXXXX~OSC-SMD_10P-L7.0-W5.0-BL_
OHXXXXXXX~TpNm','',(#80));
#80 = PRODUCT_CONTEXT('',#2,'mechanical');
#81 = PRODUCT_DEFINITION_CONTEXT('part definition',#2,'design');
#82 = ADVANCED_BREP_SHAPE_REPRESENTATION('',(#11,#83),#2443);
#83 = MANIFOLD_SOLID_BREP('',#84);
#84 = CLOSED_SHELL('',(#85,#127,#169,#565,#688,#735,#798,#861,#908,#971,
    #1018,#1081,#1222,#1269,#1357,#1369,#1381,#1393,#1405,#1429,#1453,
    #1470,#1491,#1508,#1520,#1544,#1568,#1585,#1605,#1621,#1633,#1657,
    #1681,#1698,#1718,#1730,#1754,#1778,#1795,#1815,#1839,#1863,#1880,
    #1900,#1912,#1924,#1948,#1972,#1989,#2009,#2025,#2037,#2061,#2085,
    #2102,#2122,#2146,#2170,#2187,#2207,#2231,#2255,#2280,#2292,#2304,
    #2316,#2340,#2364,#2381,#2402,#2419,#2431));
#85 = ADVANCED_FACE('',(#86),#122,.F.);
#86 = FACE_BOUND('',#87,.F.);
#87 = EDGE_LOOP('',(#88,#98,#107,#115));
#88 = ORIENTED_EDGE('',*,*,#89,.F.);
#89 = EDGE_CURVE('',#90,#92,#94,.T.);
#90 = VERTEX_POINT('',#91);
#91 = CARTESIAN_POINT('',(3.499996900561,-1.019504693776,
    -2.235172203574E-10));
#92 = VERTEX_POINT('',#93);
#93 = CARTESIAN_POINT('',(3.499996900561,-1.019504693776,0.799999291333)
  );
#94 = LINE('',#95,#96);
#95 = CARTESIAN_POINT('',(3.499996900561,-1.019504693776,0.799999291333)
  );
#96 = VECTOR('',#97,1.);
#97 = DIRECTION('',(0.,0.,1.));
#98 = ORIENTED_EDGE('',*,*,#99,.F.);
#99 = EDGE_CURVE('',#100,#90,#102,.T.);
#100 = VERTEX_POINT('',#101);
#101 = CARTESIAN_POINT('',(3.24999712195,-1.269504472387,
    -2.235172463783E-10));
#102 = CIRCLE('',#103,0.249999778612);
#103 = AXIS2_PLACEMENT_3D('',#104,#105,#106);
#104 = CARTESIAN_POINT('',(3.499996900561,-1.269504472387,
    -2.235172463783E-10));
#105 = DIRECTION('',(0.,0.,-1.));
#106 = DIRECTION('',(1.,0.,0.));
#107 = ORIENTED_EDGE('',*,*,#108,.F.);
#108 = EDGE_CURVE('',#109,#100,#111,.T.);
#109 = VERTEX_POINT('',#110);
#110 = CARTESIAN_POINT('',(3.24999712195,-1.269504472387,0.799999291333)
  );
#111 = LINE('',#112,#113);
#112 = CARTESIAN_POINT('',(3.24999712195,-1.269504472387,0.799999291333)
  );
#113 = VECTOR('',#114,1.);
#114 = DIRECTION('',(-0.,-0.,-1.));
#115 = ORIENTED_EDGE('',*,*,#116,.F.);
#116 = EDGE_CURVE('',#92,#109,#117,.T.);
#117 = CIRCLE('',#118,0.249999778612);
#118 = AXIS2_PLACEMENT_3D('',#119,#120,#121);
#119 = CARTESIAN_POINT('',(3.499996900561,-1.269504472387,0.799999291333
    ));
#120 = DIRECTION('',(0.,0.,1.));
#121 = DIRECTION('',(-1.,0.,0.));
#122 = CYLINDRICAL_SURFACE('',#123,0.249999778612);
#123 = AXIS2_PLACEMENT_3D('',#124,#125,#126);
#124 = CARTESIAN_POINT('',(3.499996900561,-1.269504472387,0.799999291333
    ));
#125 = DIRECTION('',(-0.,-0.,-1.));
#126 = DIRECTION('',(-1.,0.,0.));
#127 = ADVANCED_FACE('',(#128),#164,.F.);
#128 = FACE_BOUND('',#129,.F.);
#129 = EDGE_LOOP('',(#130,#140,#149,#157));
#130 = ORIENTED_EDGE('',*,*,#131,.T.);
#131 = EDGE_CURVE('',#132,#134,#136,.T.);
#132 = VERTEX_POINT('',#133);
#133 = CARTESIAN_POINT('',(3.499996900561,1.520493056917,0.799999291333)
  );
#134 = VERTEX_POINT('',#135);
#135 = CARTESIAN_POINT('',(3.499996900561,1.520493056917,
    -2.235172203574E-10));
#136 = LINE('',#137,#138);
#137 = CARTESIAN_POINT('',(3.499996900561,1.520493056917,0.799999291333)
  );
#138 = VECTOR('',#139,1.);
#139 = DIRECTION('',(-0.,-0.,-1.));
#140 = ORIENTED_EDGE('',*,*,#141,.T.);
#141 = EDGE_CURVE('',#134,#142,#144,.T.);
#142 = VERTEX_POINT('',#143);
#143 = CARTESIAN_POINT('',(3.24999712195,1.270493278306,
    -2.235172463783E-10));
#144 = CIRCLE('',#145,0.249999778612);
#145 = AXIS2_PLACEMENT_3D('',#146,#147,#148);
#146 = CARTESIAN_POINT('',(3.499996900561,1.270493278306,
    -2.235172463783E-10));
#147 = DIRECTION('',(0.,0.,1.));
#148 = DIRECTION('',(1.,0.,-0.));
#149 = ORIENTED_EDGE('',*,*,#150,.F.);
#150 = EDGE_CURVE('',#151,#142,#153,.T.);
#151 = VERTEX_POINT('',#152);
#152 = CARTESIAN_POINT('',(3.24999712195,1.270493278306,0.799999291333)
  );
#153 = LINE('',#154,#155);
#154 = CARTESIAN_POINT('',(3.24999712195,1.270493278306,0.799999291333)
  );
#155 = VECTOR('',#156,1.);
#156 = DIRECTION('',(-0.,-0.,-1.));
#157 = ORIENTED_EDGE('',*,*,#158,.T.);
#158 = EDGE_CURVE('',#151,#132,#159,.T.);
#159 = CIRCLE('',#160,0.249999778612);
#160 = AXIS2_PLACEMENT_3D('',#161,#162,#163);
#161 = CARTESIAN_POINT('',(3.499996900561,1.270493278306,0.799999291333)
  );
#162 = DIRECTION('',(0.,0.,-1.));
#163 = DIRECTION('',(-1.,0.,0.));
#164 = CYLINDRICAL_SURFACE('',#165,0.249999778612);
#165 = AXIS2_PLACEMENT_3D('',#166,#167,#168);
#166 = CARTESIAN_POINT('',(3.499996900561,1.270493278306,0.799999291333)
  );
#167 = DIRECTION('',(-0.,-0.,-1.));
#168 = DIRECTION('',(-1.,0.,0.));
#169 = ADVANCED_FACE('',(#170),#560,.F.);
#170 = FACE_BOUND('',#171,.T.);
#171 = EDGE_LOOP('',(#172,#182,#190,#198,#207,#215,#223,#231,#239,#247,
    #255,#263,#271,#279,#288,#296,#304,#312,#320,#328,#336,#344,#352,
    #360,#368,#376,#384,#392,#401,#409,#417,#425,#433,#441,#449,#457,
    #465,#473,#482,#490,#498,#506,#514,#522,#530,#538,#546,#554));
#172 = ORIENTED_EDGE('',*,*,#173,.F.);
#173 = EDGE_CURVE('',#174,#176,#178,.T.);
#174 = VERTEX_POINT('',#175);
#175 = CARTESIAN_POINT('',(-1.56999860968,-1.249504490099,
    9.999990920943E-03));
#176 = VERTEX_POINT('',#177);
#177 = CARTESIAN_POINT('',(-0.969999141013,-1.249504490099,
    9.999990920943E-03));
#178 = LINE('',#179,#180);
#179 = CARTESIAN_POINT('',(-0.969999141013,-1.249504490099,
    9.999990920943E-03));
#180 = VECTOR('',#181,1.);
#181 = DIRECTION('',(1.,0.,0.));
#182 = ORIENTED_EDGE('',*,*,#183,.T.);
#183 = EDGE_CURVE('',#174,#184,#186,.T.);
#184 = VERTEX_POINT('',#185);
#185 = CARTESIAN_POINT('',(-1.56999860968,-2.499503383156,
    9.999990920943E-03));
#186 = LINE('',#187,#188);
#187 = CARTESIAN_POINT('',(-1.56999860968,-1.49950426871,
    9.999990920943E-03));
#188 = VECTOR('',#189,1.);
#189 = DIRECTION('',(0.,-1.,0.));
#190 = ORIENTED_EDGE('',*,*,#191,.F.);
#191 = EDGE_CURVE('',#192,#184,#194,.T.);
#192 = VERTEX_POINT('',#193);
#193 = CARTESIAN_POINT('',(-2.699997609004,-2.499503383156,
    9.999990920943E-03));
#194 = LINE('',#195,#196);
#195 = CARTESIAN_POINT('',(-3.499996900561,-2.499503383156,
    9.999990920943E-03));
#196 = VECTOR('',#197,1.);
#197 = DIRECTION('',(1.,0.,0.));
#198 = ORIENTED_EDGE('',*,*,#199,.T.);
#199 = EDGE_CURVE('',#192,#200,#202,.T.);
#200 = VERTEX_POINT('',#201);
#201 = CARTESIAN_POINT('',(-3.499996900561,-1.699504091599,
    9.999990920943E-03));
#202 = CIRCLE('',#203,0.799999291557);
#203 = AXIS2_PLACEMENT_3D('',#204,#205,#206);
#204 = CARTESIAN_POINT('',(-3.499996900561,-2.499503383156,
    9.999990920943E-03));
#205 = DIRECTION('',(0.,0.,1.));
#206 = DIRECTION('',(-1.,0.,0.));
#207 = ORIENTED_EDGE('',*,*,#208,.F.);
#208 = EDGE_CURVE('',#209,#200,#211,.T.);
#209 = VERTEX_POINT('',#210);
#210 = CARTESIAN_POINT('',(-3.499996900561,-1.669504118166,
    9.999990920943E-03));
#211 = LINE('',#212,#213);
#212 = CARTESIAN_POINT('',(-3.499996900561,2.500492189074,
    9.999990920943E-03));
#213 = VECTOR('',#214,1.);
#214 = DIRECTION('',(0.,-1.,0.));
#215 = ORIENTED_EDGE('',*,*,#216,.F.);
#216 = EDGE_CURVE('',#217,#209,#219,.T.);
#217 = VERTEX_POINT('',#218);
#218 = CARTESIAN_POINT('',(-2.499997786115,-1.669504118166,
    9.999990920943E-03));
#219 = LINE('',#220,#221);
#220 = CARTESIAN_POINT('',(-2.499997786115,-1.669504118166,
    9.999990920943E-03));
#221 = VECTOR('',#222,1.);
#222 = DIRECTION('',(-1.,2.168404344971E-16,0.));
#223 = ORIENTED_EDGE('',*,*,#224,.F.);
#224 = EDGE_CURVE('',#225,#217,#227,.T.);
#225 = VERTEX_POINT('',#226);
#226 = CARTESIAN_POINT('',(-2.499997786115,-0.869504826609,
    9.999990920943E-03));
#227 = LINE('',#228,#229);
#228 = CARTESIAN_POINT('',(-2.499997786115,-1.669504118166,
    9.999990920943E-03));
#229 = VECTOR('',#230,1.);
#230 = DIRECTION('',(0.,-1.,0.));
#231 = ORIENTED_EDGE('',*,*,#232,.F.);
#232 = EDGE_CURVE('',#233,#225,#235,.T.);
#233 = VERTEX_POINT('',#234);
#234 = CARTESIAN_POINT('',(-3.499996900561,-0.869504826609,
    9.999990920943E-03));
#235 = LINE('',#236,#237);
#236 = CARTESIAN_POINT('',(-2.499997786115,-0.869504826609,
    9.999990920943E-03));
#237 = VECTOR('',#238,1.);
#238 = DIRECTION('',(1.,0.,0.));
#239 = ORIENTED_EDGE('',*,*,#240,.F.);
#240 = EDGE_CURVE('',#241,#233,#243,.T.);
#241 = VERTEX_POINT('',#242);
#242 = CARTESIAN_POINT('',(-3.499996900561,0.870493632527,
    9.999990920943E-03));
#243 = LINE('',#244,#245);
#244 = CARTESIAN_POINT('',(-3.499996900561,2.500492189074,
    9.999990920943E-03));
#245 = VECTOR('',#246,1.);
#246 = DIRECTION('',(0.,-1.,0.));
#247 = ORIENTED_EDGE('',*,*,#248,.T.);
#248 = EDGE_CURVE('',#241,#249,#251,.T.);
#249 = VERTEX_POINT('',#250);
#250 = CARTESIAN_POINT('',(-2.499997786115,0.870493632527,
    9.999990920943E-03));
#251 = LINE('',#252,#253);
#252 = CARTESIAN_POINT('',(-2.499997786115,0.870493632527,
    9.999990920943E-03));
#253 = VECTOR('',#254,1.);
#254 = DIRECTION('',(1.,0.,0.));
#255 = ORIENTED_EDGE('',*,*,#256,.T.);
#256 = EDGE_CURVE('',#249,#257,#259,.T.);
#257 = VERTEX_POINT('',#258);
#258 = CARTESIAN_POINT('',(-2.499997786115,1.670492924084,
    9.999990920943E-03));
#259 = LINE('',#260,#261);
#260 = CARTESIAN_POINT('',(-2.499997786115,1.670492924084,
    9.999990920943E-03));
#261 = VECTOR('',#262,1.);
#262 = DIRECTION('',(0.,1.,0.));
#263 = ORIENTED_EDGE('',*,*,#264,.T.);
#264 = EDGE_CURVE('',#257,#265,#267,.T.);
#265 = VERTEX_POINT('',#266);
#266 = CARTESIAN_POINT('',(-3.499996900561,1.670492924084,
    9.999990920943E-03));
#267 = LINE('',#268,#269);
#268 = CARTESIAN_POINT('',(-2.499997786115,1.670492924084,
    9.999990920943E-03));
#269 = VECTOR('',#270,1.);
#270 = DIRECTION('',(-1.,-2.168404344971E-16,0.));
#271 = ORIENTED_EDGE('',*,*,#272,.F.);
#272 = EDGE_CURVE('',#273,#265,#275,.T.);
#273 = VERTEX_POINT('',#274);
#274 = CARTESIAN_POINT('',(-3.499996900561,1.700492897517,
    9.999990920943E-03));
#275 = LINE('',#276,#277);
#276 = CARTESIAN_POINT('',(-3.499996900561,2.500492189074,
    9.999990920943E-03));
#277 = VECTOR('',#278,1.);
#278 = DIRECTION('',(0.,-1.,0.));
#279 = ORIENTED_EDGE('',*,*,#280,.F.);
#280 = EDGE_CURVE('',#281,#273,#283,.T.);
#281 = VERTEX_POINT('',#282);
#282 = CARTESIAN_POINT('',(-2.699997609004,2.500492189074,
    9.999990920943E-03));
#283 = CIRCLE('',#284,0.799999291557);
#284 = AXIS2_PLACEMENT_3D('',#285,#286,#287);
#285 = CARTESIAN_POINT('',(-3.499996900561,2.500492189074,
    9.999990920943E-03));
#286 = DIRECTION('',(0.,0.,-1.));
#287 = DIRECTION('',(-1.,0.,0.));
#288 = ORIENTED_EDGE('',*,*,#289,.F.);
#289 = EDGE_CURVE('',#290,#281,#292,.T.);
#290 = VERTEX_POINT('',#291);
#291 = CARTESIAN_POINT('',(-1.56999860968,2.500492189074,
    9.999990920943E-03));
#292 = LINE('',#293,#294);
#293 = CARTESIAN_POINT('',(-3.499996900561,2.500492189074,
    9.999990920943E-03));
#294 = VECTOR('',#295,1.);
#295 = DIRECTION('',(-1.,-0.,-0.));
#296 = ORIENTED_EDGE('',*,*,#297,.F.);
#297 = EDGE_CURVE('',#298,#290,#300,.T.);
#298 = VERTEX_POINT('',#299);
#299 = CARTESIAN_POINT('',(-1.56999860968,1.500493074628,
    9.999990920943E-03));
#300 = LINE('',#301,#302);
#301 = CARTESIAN_POINT('',(-1.56999860968,1.500493074628,
    9.999990920943E-03));
#302 = VECTOR('',#303,1.);
#303 = DIRECTION('',(0.,1.,0.));
#304 = ORIENTED_EDGE('',*,*,#305,.F.);
#305 = EDGE_CURVE('',#306,#298,#308,.T.);
#306 = VERTEX_POINT('',#307);
#307 = CARTESIAN_POINT('',(-0.969999141013,1.500493074628,
    9.999990920943E-03));
#308 = LINE('',#309,#310);
#309 = CARTESIAN_POINT('',(-0.969999141013,1.500493074628,
    9.999990920943E-03));
#310 = VECTOR('',#311,1.);
#311 = DIRECTION('',(-1.,0.,0.));
#312 = ORIENTED_EDGE('',*,*,#313,.F.);
#313 = EDGE_CURVE('',#314,#306,#316,.T.);
#314 = VERTEX_POINT('',#315);
#315 = CARTESIAN_POINT('',(-0.969999141013,2.500492189074,
    9.999990920943E-03));
#316 = LINE('',#317,#318);
#317 = CARTESIAN_POINT('',(-0.969999141013,1.500493074628,
    9.999990920943E-03));
#318 = VECTOR('',#319,1.);
#319 = DIRECTION('',(2.168404344971E-16,-1.,0.));
#320 = ORIENTED_EDGE('',*,*,#321,.F.);
#321 = EDGE_CURVE('',#322,#314,#324,.T.);
#322 = VERTEX_POINT('',#323);
#323 = CARTESIAN_POINT('',(-0.299999734334,2.500492189074,
    9.999990920943E-03));
#324 = LINE('',#325,#326);
#325 = CARTESIAN_POINT('',(-3.499996900561,2.500492189074,
    9.999990920943E-03));
#326 = VECTOR('',#327,1.);
#327 = DIRECTION('',(-1.,-0.,-0.));
#328 = ORIENTED_EDGE('',*,*,#329,.F.);
#329 = EDGE_CURVE('',#330,#322,#332,.T.);
#330 = VERTEX_POINT('',#331);
#331 = CARTESIAN_POINT('',(-0.299999734334,1.500493074628,
    9.999990920943E-03));
#332 = LINE('',#333,#334);
#333 = CARTESIAN_POINT('',(-0.299999734334,1.500493074628,
    9.999990920943E-03));
#334 = VECTOR('',#335,1.);
#335 = DIRECTION('',(0.,1.,0.));
#336 = ORIENTED_EDGE('',*,*,#337,.F.);
#337 = EDGE_CURVE('',#338,#330,#340,.T.);
#338 = VERTEX_POINT('',#339);
#339 = CARTESIAN_POINT('',(0.299999734334,1.500493074628,
    9.999990920943E-03));
#340 = LINE('',#341,#342);
#341 = CARTESIAN_POINT('',(0.299999734334,1.500493074628,
    9.999990920943E-03));
#342 = VECTOR('',#343,1.);
#343 = DIRECTION('',(-1.,0.,0.));
#344 = ORIENTED_EDGE('',*,*,#345,.F.);
#345 = EDGE_CURVE('',#346,#338,#348,.T.);
#346 = VERTEX_POINT('',#347);
#347 = CARTESIAN_POINT('',(0.299999734334,2.500492189074,
    9.999990920943E-03));
#348 = LINE('',#349,#350);
#349 = CARTESIAN_POINT('',(0.299999734334,1.500493074628,
    9.999990920943E-03));
#350 = VECTOR('',#351,1.);
#351 = DIRECTION('',(2.168404344971E-16,-1.,0.));
#352 = ORIENTED_EDGE('',*,*,#353,.F.);
#353 = EDGE_CURVE('',#354,#346,#356,.T.);
#354 = VERTEX_POINT('',#355);
#355 = CARTESIAN_POINT('',(0.969999141013,2.500492189074,
    9.999990920943E-03));
#356 = LINE('',#357,#358);
#357 = CARTESIAN_POINT('',(-3.499996900561,2.500492189074,
    9.999990920943E-03));
#358 = VECTOR('',#359,1.);
#359 = DIRECTION('',(-1.,-0.,-0.));
#360 = ORIENTED_EDGE('',*,*,#361,.F.);
#361 = EDGE_CURVE('',#362,#354,#364,.T.);
#362 = VERTEX_POINT('',#363);
#363 = CARTESIAN_POINT('',(0.969999141013,1.500493074628,
    9.999990920943E-03));
#364 = LINE('',#365,#366);
#365 = CARTESIAN_POINT('',(0.969999141013,1.500493074628,
    9.999990920943E-03));
#366 = VECTOR('',#367,1.);
#367 = DIRECTION('',(0.,1.,0.));
#368 = ORIENTED_EDGE('',*,*,#369,.F.);
#369 = EDGE_CURVE('',#370,#362,#372,.T.);
#370 = VERTEX_POINT('',#371);
#371 = CARTESIAN_POINT('',(1.56999860968,1.500493074628,
    9.999990920943E-03));
#372 = LINE('',#373,#374);
#373 = CARTESIAN_POINT('',(1.56999860968,1.500493074628,
    9.999990920943E-03));
#374 = VECTOR('',#375,1.);
#375 = DIRECTION('',(-1.,0.,0.));
#376 = ORIENTED_EDGE('',*,*,#377,.F.);
#377 = EDGE_CURVE('',#378,#370,#380,.T.);
#378 = VERTEX_POINT('',#379);
#379 = CARTESIAN_POINT('',(1.56999860968,2.500492189074,
    9.999990920943E-03));
#380 = LINE('',#381,#382);
#381 = CARTESIAN_POINT('',(1.56999860968,1.500493074628,
    9.999990920943E-03));
#382 = VECTOR('',#383,1.);
#383 = DIRECTION('',(2.168404344971E-16,-1.,0.));
#384 = ORIENTED_EDGE('',*,*,#385,.F.);
#385 = EDGE_CURVE('',#386,#378,#388,.T.);
#386 = VERTEX_POINT('',#387);
#387 = CARTESIAN_POINT('',(2.699997609004,2.500492189074,
    9.999990920943E-03));
#388 = LINE('',#389,#390);
#389 = CARTESIAN_POINT('',(-3.499996900561,2.500492189074,
    9.999990920943E-03));
#390 = VECTOR('',#391,1.);
#391 = DIRECTION('',(-1.,-0.,-0.));
#392 = ORIENTED_EDGE('',*,*,#393,.T.);
#393 = EDGE_CURVE('',#386,#394,#396,.T.);
#394 = VERTEX_POINT('',#395);
#395 = CARTESIAN_POINT('',(3.499996900561,1.700492897517,
    9.999990920943E-03));
#396 = CIRCLE('',#397,0.799999291557);
#397 = AXIS2_PLACEMENT_3D('',#398,#399,#400);
#398 = CARTESIAN_POINT('',(3.499996900561,2.500492189074,
    9.999990920943E-03));
#399 = DIRECTION('',(0.,0.,1.));
#400 = DIRECTION('',(1.,0.,-0.));
#401 = ORIENTED_EDGE('',*,*,#402,.F.);
#402 = EDGE_CURVE('',#403,#394,#405,.T.);
#403 = VERTEX_POINT('',#404);
#404 = CARTESIAN_POINT('',(3.499996900561,1.670492924084,
    9.999990920943E-03));
#405 = LINE('',#406,#407);
#406 = CARTESIAN_POINT('',(3.499996900561,2.500492189074,
    9.999990920943E-03));
#407 = VECTOR('',#408,1.);
#408 = DIRECTION('',(-3.469446951954E-16,1.,0.));
#409 = ORIENTED_EDGE('',*,*,#410,.F.);
#410 = EDGE_CURVE('',#411,#403,#413,.T.);
#411 = VERTEX_POINT('',#412);
#412 = CARTESIAN_POINT('',(2.499997786115,1.670492924084,
    9.999990920943E-03));
#413 = LINE('',#414,#415);
#414 = CARTESIAN_POINT('',(2.499997786115,1.670492924084,
    9.999990920943E-03));
#415 = VECTOR('',#416,1.);
#416 = DIRECTION('',(1.,-2.168404344971E-16,0.));
#417 = ORIENTED_EDGE('',*,*,#418,.F.);
#418 = EDGE_CURVE('',#419,#411,#421,.T.);
#419 = VERTEX_POINT('',#420);
#420 = CARTESIAN_POINT('',(2.499997786115,0.870493632527,
    9.999990920943E-03));
#421 = LINE('',#422,#423);
#422 = CARTESIAN_POINT('',(2.499997786115,1.670492924084,
    9.999990920943E-03));
#423 = VECTOR('',#424,1.);
#424 = DIRECTION('',(0.,1.,0.));
#425 = ORIENTED_EDGE('',*,*,#426,.F.);
#426 = EDGE_CURVE('',#427,#419,#429,.T.);
#427 = VERTEX_POINT('',#428);
#428 = CARTESIAN_POINT('',(3.499996900561,0.870493632527,
    9.999990920943E-03));
#429 = LINE('',#430,#431);
#430 = CARTESIAN_POINT('',(2.499997786115,0.870493632527,
    9.999990920943E-03));
#431 = VECTOR('',#432,1.);
#432 = DIRECTION('',(-1.,-0.,-0.));
#433 = ORIENTED_EDGE('',*,*,#434,.F.);
#434 = EDGE_CURVE('',#435,#427,#437,.T.);
#435 = VERTEX_POINT('',#436);
#436 = CARTESIAN_POINT('',(3.499996900561,-0.869504826609,
    9.999990920943E-03));
#437 = LINE('',#438,#439);
#438 = CARTESIAN_POINT('',(3.499996900561,2.500492189074,
    9.999990920943E-03));
#439 = VECTOR('',#440,1.);
#440 = DIRECTION('',(-3.469446951954E-16,1.,0.));
#441 = ORIENTED_EDGE('',*,*,#442,.T.);
#442 = EDGE_CURVE('',#435,#443,#445,.T.);
#443 = VERTEX_POINT('',#444);
#444 = CARTESIAN_POINT('',(2.499997786115,-0.869504826609,
    9.999990920943E-03));
#445 = LINE('',#446,#447);
#446 = CARTESIAN_POINT('',(2.499997786115,-0.869504826609,
    9.999990920943E-03));
#447 = VECTOR('',#448,1.);
#448 = DIRECTION('',(-1.,0.,0.));
#449 = ORIENTED_EDGE('',*,*,#450,.T.);
#450 = EDGE_CURVE('',#443,#451,#453,.T.);
#451 = VERTEX_POINT('',#452);
#452 = CARTESIAN_POINT('',(2.499997786115,-1.669504118166,
    9.999990920943E-03));
#453 = LINE('',#454,#455);
#454 = CARTESIAN_POINT('',(2.499997786115,-1.669504118166,
    9.999990920943E-03));
#455 = VECTOR('',#456,1.);
#456 = DIRECTION('',(0.,-1.,0.));
#457 = ORIENTED_EDGE('',*,*,#458,.T.);
#458 = EDGE_CURVE('',#451,#459,#461,.T.);
#459 = VERTEX_POINT('',#460);
#460 = CARTESIAN_POINT('',(3.499996900561,-1.669504118166,
    9.999990920943E-03));
#461 = LINE('',#462,#463);
#462 = CARTESIAN_POINT('',(2.499997786115,-1.669504118166,
    9.999990920943E-03));
#463 = VECTOR('',#464,1.);
#464 = DIRECTION('',(1.,2.168404344971E-16,0.));
#465 = ORIENTED_EDGE('',*,*,#466,.F.);
#466 = EDGE_CURVE('',#467,#459,#469,.T.);
#467 = VERTEX_POINT('',#468);
#468 = CARTESIAN_POINT('',(3.499996900561,-1.699504091599,
    9.999990920943E-03));
#469 = LINE('',#470,#471);
#470 = CARTESIAN_POINT('',(3.499996900561,2.500492189074,
    9.999990920943E-03));
#471 = VECTOR('',#472,1.);
#472 = DIRECTION('',(-3.469446951954E-16,1.,0.));
#473 = ORIENTED_EDGE('',*,*,#474,.F.);
#474 = EDGE_CURVE('',#475,#467,#477,.T.);
#475 = VERTEX_POINT('',#476);
#476 = CARTESIAN_POINT('',(2.699997609004,-2.499503383156,
    9.999990920943E-03));
#477 = CIRCLE('',#478,0.799999291557);
#478 = AXIS2_PLACEMENT_3D('',#479,#480,#481);
#479 = CARTESIAN_POINT('',(3.499996900561,-2.499503383156,
    9.999990920943E-03));
#480 = DIRECTION('',(0.,0.,-1.));
#481 = DIRECTION('',(1.,0.,0.));
#482 = ORIENTED_EDGE('',*,*,#483,.F.);
#483 = EDGE_CURVE('',#484,#475,#486,.T.);
#484 = VERTEX_POINT('',#485);
#485 = CARTESIAN_POINT('',(1.56999860968,-2.499503383156,
    9.999990920943E-03));
#486 = LINE('',#487,#488);
#487 = CARTESIAN_POINT('',(-3.499996900561,-2.499503383156,
    9.999990920943E-03));
#488 = VECTOR('',#489,1.);
#489 = DIRECTION('',(1.,0.,0.));
#490 = ORIENTED_EDGE('',*,*,#491,.T.);
#491 = EDGE_CURVE('',#484,#492,#494,.T.);
#492 = VERTEX_POINT('',#493);
#493 = CARTESIAN_POINT('',(1.56999860968,-1.49950426871,
    9.999990920943E-03));
#494 = LINE('',#495,#496);
#495 = CARTESIAN_POINT('',(1.56999860968,-1.49950426871,
    9.999990920943E-03));
#496 = VECTOR('',#497,1.);
#497 = DIRECTION('',(2.168404344971E-16,1.,0.));
#498 = ORIENTED_EDGE('',*,*,#499,.T.);
#499 = EDGE_CURVE('',#492,#500,#502,.T.);
#500 = VERTEX_POINT('',#501);
#501 = CARTESIAN_POINT('',(0.969999141013,-1.49950426871,
    9.999990920943E-03));
#502 = LINE('',#503,#504);
#503 = CARTESIAN_POINT('',(1.56999860968,-1.49950426871,
    9.999990920943E-03));
#504 = VECTOR('',#505,1.);
#505 = DIRECTION('',(-1.,0.,0.));
#506 = ORIENTED_EDGE('',*,*,#507,.T.);
#507 = EDGE_CURVE('',#500,#508,#510,.T.);
#508 = VERTEX_POINT('',#509);
#509 = CARTESIAN_POINT('',(0.969999141013,-2.499503383156,
    9.999990920943E-03));
#510 = LINE('',#511,#512);
#511 = CARTESIAN_POINT('',(0.969999141013,-1.49950426871,
    9.999990920943E-03));
#512 = VECTOR('',#513,1.);
#513 = DIRECTION('',(0.,-1.,0.));
#514 = ORIENTED_EDGE('',*,*,#515,.F.);
#515 = EDGE_CURVE('',#516,#508,#518,.T.);
#516 = VERTEX_POINT('',#517);
#517 = CARTESIAN_POINT('',(0.299999734334,-2.499503383156,
    9.999990920943E-03));
#518 = LINE('',#519,#520);
#519 = CARTESIAN_POINT('',(-3.499996900561,-2.499503383156,
    9.999990920943E-03));
#520 = VECTOR('',#521,1.);
#521 = DIRECTION('',(1.,0.,0.));
#522 = ORIENTED_EDGE('',*,*,#523,.T.);
#523 = EDGE_CURVE('',#516,#524,#526,.T.);
#524 = VERTEX_POINT('',#525);
#525 = CARTESIAN_POINT('',(0.299999734334,-1.49950426871,
    9.999990920943E-03));
#526 = LINE('',#527,#528);
#527 = CARTESIAN_POINT('',(0.299999734334,-1.49950426871,
    9.999990920943E-03));
#528 = VECTOR('',#529,1.);
#529 = DIRECTION('',(2.168404344971E-16,1.,0.));
#530 = ORIENTED_EDGE('',*,*,#531,.T.);
#531 = EDGE_CURVE('',#524,#532,#534,.T.);
#532 = VERTEX_POINT('',#533);
#533 = CARTESIAN_POINT('',(-0.299999734334,-1.49950426871,
    9.999990920943E-03));
#534 = LINE('',#535,#536);
#535 = CARTESIAN_POINT('',(0.299999734334,-1.49950426871,
    9.999990920943E-03));
#536 = VECTOR('',#537,1.);
#537 = DIRECTION('',(-1.,0.,0.));
#538 = ORIENTED_EDGE('',*,*,#539,.T.);
#539 = EDGE_CURVE('',#532,#540,#542,.T.);
#540 = VERTEX_POINT('',#541);
#541 = CARTESIAN_POINT('',(-0.299999734334,-2.499503383156,
    9.999990920943E-03));
#542 = LINE('',#543,#544);
#543 = CARTESIAN_POINT('',(-0.299999734334,-1.49950426871,
    9.999990920943E-03));
#544 = VECTOR('',#545,1.);
#545 = DIRECTION('',(0.,-1.,0.));
#546 = ORIENTED_EDGE('',*,*,#547,.F.);
#547 = EDGE_CURVE('',#548,#540,#550,.T.);
#548 = VERTEX_POINT('',#549);
#549 = CARTESIAN_POINT('',(-0.969999141013,-2.499503383156,
    9.999990920943E-03));
#550 = LINE('',#551,#552);
#551 = CARTESIAN_POINT('',(-3.499996900561,-2.499503383156,
    9.999990920943E-03));
#552 = VECTOR('',#553,1.);
#553 = DIRECTION('',(1.,0.,0.));
#554 = ORIENTED_EDGE('',*,*,#555,.T.);
#555 = EDGE_CURVE('',#548,#176,#556,.T.);
#556 = LINE('',#557,#558);
#557 = CARTESIAN_POINT('',(-0.969999141013,-1.49950426871,
    9.999990920943E-03));
#558 = VECTOR('',#559,1.);
#559 = DIRECTION('',(2.168404344971E-16,1.,0.));
#560 = PLANE('',#561);
#561 = AXIS2_PLACEMENT_3D('',#562,#563,#564);
#562 = CARTESIAN_POINT('',(0.,4.944029590408E-04,9.999990920943E-03));
#563 = DIRECTION('',(0.,0.,1.));
#564 = DIRECTION('',(1.,0.,-0.));
#565 = ADVANCED_FACE('',(#566),#683,.F.);
#566 = FACE_BOUND('',#567,.T.);
#567 = EDGE_LOOP('',(#568,#569,#577,#583,#584,#592,#600,#608,#614,#615,
    #623,#629,#630,#638,#646,#652,#653,#661,#669,#677));
#568 = ORIENTED_EDGE('',*,*,#89,.F.);
#569 = ORIENTED_EDGE('',*,*,#570,.T.);
#570 = EDGE_CURVE('',#90,#571,#573,.T.);
#571 = VERTEX_POINT('',#572);
#572 = CARTESIAN_POINT('',(3.499996900561,-0.869504826609,
    -2.235172203574E-10));
#573 = LINE('',#574,#575);
#574 = CARTESIAN_POINT('',(3.499996900561,-1.669504118166,
    -2.235172203574E-10));
#575 = VECTOR('',#576,1.);
#576 = DIRECTION('',(0.,1.,0.));
#577 = ORIENTED_EDGE('',*,*,#578,.T.);
#578 = EDGE_CURVE('',#571,#435,#579,.T.);
#579 = LINE('',#580,#581);
#580 = CARTESIAN_POINT('',(3.499996900561,-0.869504826609,
    -2.235172203574E-10));
#581 = VECTOR('',#582,1.);
#582 = DIRECTION('',(0.,0.,1.));
#583 = ORIENTED_EDGE('',*,*,#434,.T.);
#584 = ORIENTED_EDGE('',*,*,#585,.F.);
#585 = EDGE_CURVE('',#586,#427,#588,.T.);
#586 = VERTEX_POINT('',#587);
#587 = CARTESIAN_POINT('',(3.499996900561,0.870493632527,
    -2.235172203574E-10));
#588 = LINE('',#589,#590);
#589 = CARTESIAN_POINT('',(3.499996900561,0.870493632527,
    -2.235172203574E-10));
#590 = VECTOR('',#591,1.);
#591 = DIRECTION('',(0.,0.,1.));
#592 = ORIENTED_EDGE('',*,*,#593,.F.);
#593 = EDGE_CURVE('',#594,#586,#596,.T.);
#594 = VERTEX_POINT('',#595);
#595 = CARTESIAN_POINT('',(3.499996900561,1.020493499694,
    -2.235172463783E-10));
#596 = LINE('',#597,#598);
#597 = CARTESIAN_POINT('',(3.499996900561,1.670492924084,
    -2.235172203574E-10));
#598 = VECTOR('',#599,1.);
#599 = DIRECTION('',(0.,-1.,0.));
#600 = ORIENTED_EDGE('',*,*,#601,.T.);
#601 = EDGE_CURVE('',#594,#602,#604,.T.);
#602 = VERTEX_POINT('',#603);
#603 = CARTESIAN_POINT('',(3.499996900561,1.020493499694,0.799999291333)
  );
#604 = LINE('',#605,#606);
#605 = CARTESIAN_POINT('',(3.499996900561,1.020493499694,0.799999291333)
  );
#606 = VECTOR('',#607,1.);
#607 = DIRECTION('',(0.,0.,1.));
#608 = ORIENTED_EDGE('',*,*,#609,.F.);
#609 = EDGE_CURVE('',#132,#602,#610,.T.);
#610 = LINE('',#611,#612);
#611 = CARTESIAN_POINT('',(3.499996900561,2.500492189074,0.799999291333)
  );
#612 = VECTOR('',#613,1.);
#613 = DIRECTION('',(3.469446951954E-16,-1.,0.));
#614 = ORIENTED_EDGE('',*,*,#131,.T.);
#615 = ORIENTED_EDGE('',*,*,#616,.F.);
#616 = EDGE_CURVE('',#617,#134,#619,.T.);
#617 = VERTEX_POINT('',#618);
#618 = CARTESIAN_POINT('',(3.499996900561,1.670492924084,
    -2.235172203574E-10));
#619 = LINE('',#620,#621);
#620 = CARTESIAN_POINT('',(3.499996900561,1.670492924084,
    -2.235172203574E-10));
#621 = VECTOR('',#622,1.);
#622 = DIRECTION('',(0.,-1.,0.));
#623 = ORIENTED_EDGE('',*,*,#624,.T.);
#624 = EDGE_CURVE('',#617,#403,#625,.T.);
#625 = LINE('',#626,#627);
#626 = CARTESIAN_POINT('',(3.499996900561,1.670492924084,
    -2.235172203574E-10));
#627 = VECTOR('',#628,1.);
#628 = DIRECTION('',(0.,0.,1.));
#629 = ORIENTED_EDGE('',*,*,#402,.T.);
#630 = ORIENTED_EDGE('',*,*,#631,.T.);
#631 = EDGE_CURVE('',#394,#632,#634,.T.);
#632 = VERTEX_POINT('',#633);
#633 = CARTESIAN_POINT('',(3.499996900561,1.700492897517,0.809999282478)
  );
#634 = LINE('',#635,#636);
#635 = CARTESIAN_POINT('',(3.499996900561,1.700492897517,0.819999273622)
  );
#636 = VECTOR('',#637,1.);
#637 = DIRECTION('',(0.,0.,1.));
#638 = ORIENTED_EDGE('',*,*,#639,.F.);
#639 = EDGE_CURVE('',#640,#632,#642,.T.);
#640 = VERTEX_POINT('',#641);
#641 = CARTESIAN_POINT('',(3.499996900561,-1.699504091599,0.809999282478
    ));
#642 = LINE('',#643,#644);
#643 = CARTESIAN_POINT('',(3.499996900561,2.500492189074,0.809999282478)
  );
#644 = VECTOR('',#645,1.);
#645 = DIRECTION('',(-3.469446951954E-16,1.,0.));
#646 = ORIENTED_EDGE('',*,*,#647,.F.);
#647 = EDGE_CURVE('',#467,#640,#648,.T.);
#648 = LINE('',#649,#650);
#649 = CARTESIAN_POINT('',(3.499996900561,-1.699504091599,0.819999273622
    ));
#650 = VECTOR('',#651,1.);
#651 = DIRECTION('',(0.,0.,1.));
#652 = ORIENTED_EDGE('',*,*,#466,.T.);
#653 = ORIENTED_EDGE('',*,*,#654,.F.);
#654 = EDGE_CURVE('',#655,#459,#657,.T.);
#655 = VERTEX_POINT('',#656);
#656 = CARTESIAN_POINT('',(3.499996900561,-1.669504118166,
    -2.235172203574E-10));
#657 = LINE('',#658,#659);
#658 = CARTESIAN_POINT('',(3.499996900561,-1.669504118166,
    -2.235172203574E-10));
#659 = VECTOR('',#660,1.);
#660 = DIRECTION('',(0.,0.,1.));
#661 = ORIENTED_EDGE('',*,*,#662,.T.);
#662 = EDGE_CURVE('',#655,#663,#665,.T.);
#663 = VERTEX_POINT('',#664);
#664 = CARTESIAN_POINT('',(3.499996900561,-1.519504250999,
    -2.235172463783E-10));
#665 = LINE('',#666,#667);
#666 = CARTESIAN_POINT('',(3.499996900561,-1.669504118166,
    -2.235172203574E-10));
#667 = VECTOR('',#668,1.);
#668 = DIRECTION('',(0.,1.,0.));
#669 = ORIENTED_EDGE('',*,*,#670,.F.);
#670 = EDGE_CURVE('',#671,#663,#673,.T.);
#671 = VERTEX_POINT('',#672);
#672 = CARTESIAN_POINT('',(3.499996900561,-1.519504250999,0.799999291333
    ));
#673 = LINE('',#674,#675);
#674 = CARTESIAN_POINT('',(3.499996900561,-1.519504250999,0.799999291333
    ));
#675 = VECTOR('',#676,1.);
#676 = DIRECTION('',(-0.,-0.,-1.));
#677 = ORIENTED_EDGE('',*,*,#678,.F.);
#678 = EDGE_CURVE('',#92,#671,#679,.T.);
#679 = LINE('',#680,#681);
#680 = CARTESIAN_POINT('',(3.499996900561,2.500492189074,0.799999291333)
  );
#681 = VECTOR('',#682,1.);
#682 = DIRECTION('',(3.469446951954E-16,-1.,0.));
#683 = PLANE('',#684);
#684 = AXIS2_PLACEMENT_3D('',#685,#686,#687);
#685 = CARTESIAN_POINT('',(3.499996900561,2.500492189074,0.809999282478)
  );
#686 = DIRECTION('',(-1.,-3.469446951954E-16,0.));
#687 = DIRECTION('',(3.469446951954E-16,-1.,0.));
#688 = ADVANCED_FACE('',(#689),#730,.F.);
#689 = FACE_BOUND('',#690,.T.);
#690 = EDGE_LOOP('',(#691,#701,#709,#715,#716,#724));
#691 = ORIENTED_EDGE('',*,*,#692,.F.);
#692 = EDGE_CURVE('',#693,#695,#697,.T.);
#693 = VERTEX_POINT('',#694);
#694 = CARTESIAN_POINT('',(1.519998653958,-2.499503383156,
    -2.235172203574E-10));
#695 = VERTEX_POINT('',#696);
#696 = CARTESIAN_POINT('',(1.519998653958,-2.499503383156,0.809999282478
    ));
#697 = LINE('',#698,#699);
#698 = CARTESIAN_POINT('',(1.519998653958,-2.499503383156,0.809999282478
    ));
#699 = VECTOR('',#700,1.);
#700 = DIRECTION('',(0.,0.,1.));
#701 = ORIENTED_EDGE('',*,*,#702,.T.);
#702 = EDGE_CURVE('',#693,#703,#705,.T.);
#703 = VERTEX_POINT('',#704);
#704 = CARTESIAN_POINT('',(1.56999860968,-2.499503383156,
    -2.235172203574E-10));
#705 = LINE('',#706,#707);
#706 = CARTESIAN_POINT('',(1.56999860968,-2.499503383156,
    -2.235172203574E-10));
#707 = VECTOR('',#708,1.);
#708 = DIRECTION('',(1.,0.,0.));
#709 = ORIENTED_EDGE('',*,*,#710,.T.);
#710 = EDGE_CURVE('',#703,#484,#711,.T.);
#711 = LINE('',#712,#713);
#712 = CARTESIAN_POINT('',(1.56999860968,-2.499503383156,
    -2.235172203574E-10));
#713 = VECTOR('',#714,1.);
#714 = DIRECTION('',(0.,0.,1.));
#715 = ORIENTED_EDGE('',*,*,#483,.T.);
#716 = ORIENTED_EDGE('',*,*,#717,.F.);
#717 = EDGE_CURVE('',#718,#475,#720,.T.);
#718 = VERTEX_POINT('',#719);
#719 = CARTESIAN_POINT('',(2.699997609004,-2.499503383156,0.809999282478
    ));
#720 = LINE('',#721,#722);
#721 = CARTESIAN_POINT('',(2.699997609004,-2.499503383156,0.819999273622
    ));
#722 = VECTOR('',#723,1.);
#723 = DIRECTION('',(0.,0.,-1.));
#724 = ORIENTED_EDGE('',*,*,#725,.F.);
#725 = EDGE_CURVE('',#695,#718,#726,.T.);
#726 = LINE('',#727,#728);
#727 = CARTESIAN_POINT('',(-3.499996900561,-2.499503383156,
    0.809999282478));
#728 = VECTOR('',#729,1.);
#729 = DIRECTION('',(1.,0.,0.));
#730 = PLANE('',#731);
#731 = AXIS2_PLACEMENT_3D('',#732,#733,#734);
#732 = CARTESIAN_POINT('',(-3.499996900561,-2.499503383156,
    0.809999282478));
#733 = DIRECTION('',(0.,1.,0.));
#734 = DIRECTION('',(0.,-0.,1.));
#735 = ADVANCED_FACE('',(#736),#793,.F.);
#736 = FACE_BOUND('',#737,.T.);
#737 = EDGE_LOOP('',(#738,#748,#756,#764,#772,#778,#779,#787));
#738 = ORIENTED_EDGE('',*,*,#739,.F.);
#739 = EDGE_CURVE('',#740,#742,#744,.T.);
#740 = VERTEX_POINT('',#741);
#741 = CARTESIAN_POINT('',(1.019999096735,-2.499503383156,0.809999282478
    ));
#742 = VERTEX_POINT('',#743);
#743 = CARTESIAN_POINT('',(1.019999096735,-2.499503383156,
    -2.235172463783E-10));
#744 = LINE('',#745,#746);
#745 = CARTESIAN_POINT('',(1.019999096735,-2.499503383156,0.809999282478
    ));
#746 = VECTOR('',#747,1.);
#747 = DIRECTION('',(-0.,-0.,-1.));
#748 = ORIENTED_EDGE('',*,*,#749,.F.);
#749 = EDGE_CURVE('',#750,#740,#752,.T.);
#750 = VERTEX_POINT('',#751);
#751 = CARTESIAN_POINT('',(0.249999778612,-2.499503383156,0.809999282478
    ));
#752 = LINE('',#753,#754);
#753 = CARTESIAN_POINT('',(-3.499996900561,-2.499503383156,
    0.809999282478));
#754 = VECTOR('',#755,1.);
#755 = DIRECTION('',(1.,0.,0.));
#756 = ORIENTED_EDGE('',*,*,#757,.F.);
#757 = EDGE_CURVE('',#758,#750,#760,.T.);
#758 = VERTEX_POINT('',#759);
#759 = CARTESIAN_POINT('',(0.249999778612,-2.499503383156,
    -2.235172203574E-10));
#760 = LINE('',#761,#762);
#761 = CARTESIAN_POINT('',(0.249999778612,-2.499503383156,0.809999282478
    ));
#762 = VECTOR('',#763,1.);
#763 = DIRECTION('',(0.,0.,1.));
#764 = ORIENTED_EDGE('',*,*,#765,.T.);
#765 = EDGE_CURVE('',#758,#766,#768,.T.);
#766 = VERTEX_POINT('',#767);
#767 = CARTESIAN_POINT('',(0.299999734334,-2.499503383156,
    -2.235172203574E-10));
#768 = LINE('',#769,#770);
#769 = CARTESIAN_POINT('',(0.299999734334,-2.499503383156,
    -2.235172203574E-10));
#770 = VECTOR('',#771,1.);
#771 = DIRECTION('',(1.,0.,0.));
#772 = ORIENTED_EDGE('',*,*,#773,.T.);
#773 = EDGE_CURVE('',#766,#516,#774,.T.);
#774 = LINE('',#775,#776);
#775 = CARTESIAN_POINT('',(0.299999734334,-2.499503383156,
    -2.235172203574E-10));
#776 = VECTOR('',#777,1.);
#777 = DIRECTION('',(0.,0.,1.));
#778 = ORIENTED_EDGE('',*,*,#515,.T.);
#779 = ORIENTED_EDGE('',*,*,#780,.F.);
#780 = EDGE_CURVE('',#781,#508,#783,.T.);
#781 = VERTEX_POINT('',#782);
#782 = CARTESIAN_POINT('',(0.969999141013,-2.499503383156,
    -2.235172203574E-10));
#783 = LINE('',#784,#785);
#784 = CARTESIAN_POINT('',(0.969999141013,-2.499503383156,
    -2.235172203574E-10));
#785 = VECTOR('',#786,1.);
#786 = DIRECTION('',(0.,0.,1.));
#787 = ORIENTED_EDGE('',*,*,#788,.T.);
#788 = EDGE_CURVE('',#781,#742,#789,.T.);
#789 = LINE('',#790,#791);
#790 = CARTESIAN_POINT('',(1.56999860968,-2.499503383156,
    -2.235172203574E-10));
#791 = VECTOR('',#792,1.);
#792 = DIRECTION('',(1.,0.,0.));
#793 = PLANE('',#794);
#794 = AXIS2_PLACEMENT_3D('',#795,#796,#797);
#795 = CARTESIAN_POINT('',(-3.499996900561,-2.499503383156,
    0.809999282478));
#796 = DIRECTION('',(0.,1.,0.));
#797 = DIRECTION('',(0.,-0.,1.));
#798 = ADVANCED_FACE('',(#799),#856,.F.);
#799 = FACE_BOUND('',#800,.T.);
#800 = EDGE_LOOP('',(#801,#811,#819,#827,#835,#841,#842,#850));
#801 = ORIENTED_EDGE('',*,*,#802,.F.);
#802 = EDGE_CURVE('',#803,#805,#807,.T.);
#803 = VERTEX_POINT('',#804);
#804 = CARTESIAN_POINT('',(-0.249999778612,-2.499503383156,
    0.809999282478));
#805 = VERTEX_POINT('',#806);
#806 = CARTESIAN_POINT('',(-0.249999778612,-2.499503383156,
    -2.235172463783E-10));
#807 = LINE('',#808,#809);
#808 = CARTESIAN_POINT('',(-0.249999778612,-2.499503383156,
    0.809999282478));
#809 = VECTOR('',#810,1.);
#810 = DIRECTION('',(-0.,-0.,-1.));
#811 = ORIENTED_EDGE('',*,*,#812,.F.);
#812 = EDGE_CURVE('',#813,#803,#815,.T.);
#813 = VERTEX_POINT('',#814);
#814 = CARTESIAN_POINT('',(-1.019999096735,-2.499503383156,
    0.809999282478));
#815 = LINE('',#816,#817);
#816 = CARTESIAN_POINT('',(-3.499996900561,-2.499503383156,
    0.809999282478));
#817 = VECTOR('',#818,1.);
#818 = DIRECTION('',(1.,0.,0.));
#819 = ORIENTED_EDGE('',*,*,#820,.F.);
#820 = EDGE_CURVE('',#821,#813,#823,.T.);
#821 = VERTEX_POINT('',#822);
#822 = CARTESIAN_POINT('',(-1.019999096735,-2.499503383156,
    -2.235172203574E-10));
#823 = LINE('',#824,#825);
#824 = CARTESIAN_POINT('',(-1.019999096735,-2.499503383156,
    0.809999282478));
#825 = VECTOR('',#826,1.);
#826 = DIRECTION('',(0.,0.,1.));
#827 = ORIENTED_EDGE('',*,*,#828,.T.);
#828 = EDGE_CURVE('',#821,#829,#831,.T.);
#829 = VERTEX_POINT('',#830);
#830 = CARTESIAN_POINT('',(-0.969999141013,-2.499503383156,
    -2.235172203574E-10));
#831 = LINE('',#832,#833);
#832 = CARTESIAN_POINT('',(-0.969999141013,-2.499503383156,
    -2.235172203574E-10));
#833 = VECTOR('',#834,1.);
#834 = DIRECTION('',(1.,0.,0.));
#835 = ORIENTED_EDGE('',*,*,#836,.T.);
#836 = EDGE_CURVE('',#829,#548,#837,.T.);
#837 = LINE('',#838,#839);
#838 = CARTESIAN_POINT('',(-0.969999141013,-2.499503383156,
    -2.235172203574E-10));
#839 = VECTOR('',#840,1.);
#840 = DIRECTION('',(0.,0.,1.));
#841 = ORIENTED_EDGE('',*,*,#547,.T.);
#842 = ORIENTED_EDGE('',*,*,#843,.F.);
#843 = EDGE_CURVE('',#844,#540,#846,.T.);
#844 = VERTEX_POINT('',#845);
#845 = CARTESIAN_POINT('',(-0.299999734334,-2.499503383156,
    -2.235172203574E-10));
#846 = LINE('',#847,#848);
#847 = CARTESIAN_POINT('',(-0.299999734334,-2.499503383156,
    -2.235172203574E-10));
#848 = VECTOR('',#849,1.);
#849 = DIRECTION('',(0.,0.,1.));
#850 = ORIENTED_EDGE('',*,*,#851,.T.);
#851 = EDGE_CURVE('',#844,#805,#852,.T.);
#852 = LINE('',#853,#854);
#853 = CARTESIAN_POINT('',(0.299999734334,-2.499503383156,
    -2.235172203574E-10));
#854 = VECTOR('',#855,1.);
#855 = DIRECTION('',(1.,0.,0.));
#856 = PLANE('',#857);
#857 = AXIS2_PLACEMENT_3D('',#858,#859,#860);
#858 = CARTESIAN_POINT('',(-3.499996900561,-2.499503383156,
    0.809999282478));
#859 = DIRECTION('',(0.,1.,0.));
#860 = DIRECTION('',(0.,-0.,1.));
#861 = ADVANCED_FACE('',(#862),#903,.F.);
#862 = FACE_BOUND('',#863,.T.);
#863 = EDGE_LOOP('',(#864,#874,#882,#888,#889,#897));
#864 = ORIENTED_EDGE('',*,*,#865,.F.);
#865 = EDGE_CURVE('',#866,#868,#870,.T.);
#866 = VERTEX_POINT('',#867);
#867 = CARTESIAN_POINT('',(-1.519998653958,-2.499503383156,
    0.809999282478));
#868 = VERTEX_POINT('',#869);
#869 = CARTESIAN_POINT('',(-1.519998653958,-2.499503383156,
    -2.235172463783E-10));
#870 = LINE('',#871,#872);
#871 = CARTESIAN_POINT('',(-1.519998653958,-2.499503383156,
    0.809999282478));
#872 = VECTOR('',#873,1.);
#873 = DIRECTION('',(-0.,-0.,-1.));
#874 = ORIENTED_EDGE('',*,*,#875,.F.);
#875 = EDGE_CURVE('',#876,#866,#878,.T.);
#876 = VERTEX_POINT('',#877);
#877 = CARTESIAN_POINT('',(-2.699997609004,-2.499503383156,
    0.809999282478));
#878 = LINE('',#879,#880);
#879 = CARTESIAN_POINT('',(-3.499996900561,-2.499503383156,
    0.809999282478));
#880 = VECTOR('',#881,1.);
#881 = DIRECTION('',(1.,0.,0.));
#882 = ORIENTED_EDGE('',*,*,#883,.T.);
#883 = EDGE_CURVE('',#876,#192,#884,.T.);
#884 = LINE('',#885,#886);
#885 = CARTESIAN_POINT('',(-2.699997609004,-2.499503383156,
    0.819999273622));
#886 = VECTOR('',#887,1.);
#887 = DIRECTION('',(0.,0.,-1.));
#888 = ORIENTED_EDGE('',*,*,#191,.T.);
#889 = ORIENTED_EDGE('',*,*,#890,.F.);
#890 = EDGE_CURVE('',#891,#184,#893,.T.);
#891 = VERTEX_POINT('',#892);
#892 = CARTESIAN_POINT('',(-1.56999860968,-2.499503383156,
    -2.235172203574E-10));
#893 = LINE('',#894,#895);
#894 = CARTESIAN_POINT('',(-1.56999860968,-2.499503383156,
    -2.235172203574E-10));
#895 = VECTOR('',#896,1.);
#896 = DIRECTION('',(0.,0.,1.));
#897 = ORIENTED_EDGE('',*,*,#898,.T.);
#898 = EDGE_CURVE('',#891,#868,#899,.T.);
#899 = LINE('',#900,#901);
#900 = CARTESIAN_POINT('',(-0.969999141013,-2.499503383156,
    -2.235172203574E-10));
#901 = VECTOR('',#902,1.);
#902 = DIRECTION('',(1.,0.,0.));
#903 = PLANE('',#904);
#904 = AXIS2_PLACEMENT_3D('',#905,#906,#907);
#905 = CARTESIAN_POINT('',(-3.499996900561,-2.499503383156,
    0.809999282478));
#906 = DIRECTION('',(0.,1.,0.));
#907 = DIRECTION('',(0.,-0.,1.));
#908 = ADVANCED_FACE('',(#909),#966,.F.);
#909 = FACE_BOUND('',#910,.T.);
#910 = EDGE_LOOP('',(#911,#921,#929,#937,#943,#944,#952,#960));
#911 = ORIENTED_EDGE('',*,*,#912,.F.);
#912 = EDGE_CURVE('',#913,#915,#917,.T.);
#913 = VERTEX_POINT('',#914);
#914 = CARTESIAN_POINT('',(-0.249999778612,2.500492189074,0.809999282478
    ));
#915 = VERTEX_POINT('',#916);
#916 = CARTESIAN_POINT('',(-1.019999096735,2.500492189074,0.809999282478
    ));
#917 = LINE('',#918,#919);
#918 = CARTESIAN_POINT('',(-3.499996900561,2.500492189074,0.809999282478
    ));
#919 = VECTOR('',#920,1.);
#920 = DIRECTION('',(-1.,-0.,-0.));
#921 = ORIENTED_EDGE('',*,*,#922,.T.);
#922 = EDGE_CURVE('',#913,#923,#925,.T.);
#923 = VERTEX_POINT('',#924);
#924 = CARTESIAN_POINT('',(-0.249999778612,2.500492189074,
    -2.235172203574E-10));
#925 = LINE('',#926,#927);
#926 = CARTESIAN_POINT('',(-0.249999778612,2.500492189074,0.809999282478
    ));
#927 = VECTOR('',#928,1.);
#928 = DIRECTION('',(-0.,-0.,-1.));
#929 = ORIENTED_EDGE('',*,*,#930,.F.);
#930 = EDGE_CURVE('',#931,#923,#933,.T.);
#931 = VERTEX_POINT('',#932);
#932 = CARTESIAN_POINT('',(-0.299999734334,2.500492189074,
    -2.235172203574E-10));
#933 = LINE('',#934,#935);
#934 = CARTESIAN_POINT('',(0.299999734334,2.500492189074,
    -2.235172203574E-10));
#935 = VECTOR('',#936,1.);
#936 = DIRECTION('',(1.,0.,0.));
#937 = ORIENTED_EDGE('',*,*,#938,.T.);
#938 = EDGE_CURVE('',#931,#322,#939,.T.);
#939 = LINE('',#940,#941);
#940 = CARTESIAN_POINT('',(-0.299999734334,2.500492189074,
    -2.235172203574E-10));
#941 = VECTOR('',#942,1.);
#942 = DIRECTION('',(0.,0.,1.));
#943 = ORIENTED_EDGE('',*,*,#321,.T.);
#944 = ORIENTED_EDGE('',*,*,#945,.F.);
#945 = EDGE_CURVE('',#946,#314,#948,.T.);
#946 = VERTEX_POINT('',#947);
#947 = CARTESIAN_POINT('',(-0.969999141013,2.500492189074,
    -2.235172203574E-10));
#948 = LINE('',#949,#950);
#949 = CARTESIAN_POINT('',(-0.969999141013,2.500492189074,
    -2.235172203574E-10));
#950 = VECTOR('',#951,1.);
#951 = DIRECTION('',(0.,0.,1.));
#952 = ORIENTED_EDGE('',*,*,#953,.F.);
#953 = EDGE_CURVE('',#954,#946,#956,.T.);
#954 = VERTEX_POINT('',#955);
#955 = CARTESIAN_POINT('',(-1.019999096735,2.500492189074,
    -2.235172463783E-10));
#956 = LINE('',#957,#958);
#957 = CARTESIAN_POINT('',(-0.969999141013,2.500492189074,
    -2.235172203574E-10));
#958 = VECTOR('',#959,1.);
#959 = DIRECTION('',(1.,0.,0.));
#960 = ORIENTED_EDGE('',*,*,#961,.T.);
#961 = EDGE_CURVE('',#954,#915,#962,.T.);
#962 = LINE('',#963,#964);
#963 = CARTESIAN_POINT('',(-1.019999096735,2.500492189074,0.809999282478
    ));
#964 = VECTOR('',#965,1.);
#965 = DIRECTION('',(0.,0.,1.));
#966 = PLANE('',#967);
#967 = AXIS2_PLACEMENT_3D('',#968,#969,#970);
#968 = CARTESIAN_POINT('',(-3.499996900561,2.500492189074,0.809999282478
    ));
#969 = DIRECTION('',(0.,-1.,0.));
#970 = DIRECTION('',(0.,0.,-1.));
#971 = ADVANCED_FACE('',(#972),#1013,.F.);
#972 = FACE_BOUND('',#973,.T.);
#973 = EDGE_LOOP('',(#974,#984,#992,#1000,#1006,#1007));
#974 = ORIENTED_EDGE('',*,*,#975,.F.);
#975 = EDGE_CURVE('',#976,#978,#980,.T.);
#976 = VERTEX_POINT('',#977);
#977 = CARTESIAN_POINT('',(-1.519998653958,2.500492189074,0.809999282478
    ));
#978 = VERTEX_POINT('',#979);
#979 = CARTESIAN_POINT('',(-2.699997609004,2.500492189074,0.809999282478
    ));
#980 = LINE('',#981,#982);
#981 = CARTESIAN_POINT('',(-3.499996900561,2.500492189074,0.809999282478
    ));
#982 = VECTOR('',#983,1.);
#983 = DIRECTION('',(-1.,-0.,-0.));
#984 = ORIENTED_EDGE('',*,*,#985,.T.);
#985 = EDGE_CURVE('',#976,#986,#988,.T.);
#986 = VERTEX_POINT('',#987);
#987 = CARTESIAN_POINT('',(-1.519998653958,2.500492189074,
    -2.235172203574E-10));
#988 = LINE('',#989,#990);
#989 = CARTESIAN_POINT('',(-1.519998653958,2.500492189074,0.809999282478
    ));
#990 = VECTOR('',#991,1.);
#991 = DIRECTION('',(-0.,-0.,-1.));
#992 = ORIENTED_EDGE('',*,*,#993,.F.);
#993 = EDGE_CURVE('',#994,#986,#996,.T.);
#994 = VERTEX_POINT('',#995);
#995 = CARTESIAN_POINT('',(-1.56999860968,2.500492189074,
    -2.235172203574E-10));
#996 = LINE('',#997,#998);
#997 = CARTESIAN_POINT('',(-0.969999141013,2.500492189074,
    -2.235172203574E-10));
#998 = VECTOR('',#999,1.);
#999 = DIRECTION('',(1.,0.,0.));
#1000 = ORIENTED_EDGE('',*,*,#1001,.T.);
#1001 = EDGE_CURVE('',#994,#290,#1002,.T.);
#1002 = LINE('',#1003,#1004);
#1003 = CARTESIAN_POINT('',(-1.56999860968,2.500492189074,
    -2.235172203574E-10));
#1004 = VECTOR('',#1005,1.);
#1005 = DIRECTION('',(0.,0.,1.));
#1006 = ORIENTED_EDGE('',*,*,#289,.T.);
#1007 = ORIENTED_EDGE('',*,*,#1008,.F.);
#1008 = EDGE_CURVE('',#978,#281,#1009,.T.);
#1009 = LINE('',#1010,#1011);
#1010 = CARTESIAN_POINT('',(-2.699997609004,2.500492189074,
    0.819999273622));
#1011 = VECTOR('',#1012,1.);
#1012 = DIRECTION('',(0.,0.,-1.));
#1013 = PLANE('',#1014);
#1014 = AXIS2_PLACEMENT_3D('',#1015,#1016,#1017);
#1015 = CARTESIAN_POINT('',(-3.499996900561,2.500492189074,
    0.809999282478));
#1016 = DIRECTION('',(0.,-1.,0.));
#1017 = DIRECTION('',(0.,0.,-1.));
#1018 = ADVANCED_FACE('',(#1019),#1076,.F.);
#1019 = FACE_BOUND('',#1020,.T.);
#1020 = EDGE_LOOP('',(#1021,#1031,#1039,#1047,#1055,#1063,#1069,#1070));
#1021 = ORIENTED_EDGE('',*,*,#1022,.F.);
#1022 = EDGE_CURVE('',#1023,#1025,#1027,.T.);
#1023 = VERTEX_POINT('',#1024);
#1024 = CARTESIAN_POINT('',(0.249999778612,2.500492189074,
    -2.235172463783E-10));
#1025 = VERTEX_POINT('',#1026);
#1026 = CARTESIAN_POINT('',(0.299999734334,2.500492189074,
    -2.235172203574E-10));
#1027 = LINE('',#1028,#1029);
#1028 = CARTESIAN_POINT('',(0.299999734334,2.500492189074,
    -2.235172203574E-10));
#1029 = VECTOR('',#1030,1.);
#1030 = DIRECTION('',(1.,0.,0.));
#1031 = ORIENTED_EDGE('',*,*,#1032,.T.);
#1032 = EDGE_CURVE('',#1023,#1033,#1035,.T.);
#1033 = VERTEX_POINT('',#1034);
#1034 = CARTESIAN_POINT('',(0.249999778612,2.500492189074,0.809999282478
    ));
#1035 = LINE('',#1036,#1037);
#1036 = CARTESIAN_POINT('',(0.249999778612,2.500492189074,0.809999282478
    ));
#1037 = VECTOR('',#1038,1.);
#1038 = DIRECTION('',(0.,0.,1.));
#1039 = ORIENTED_EDGE('',*,*,#1040,.F.);
#1040 = EDGE_CURVE('',#1041,#1033,#1043,.T.);
#1041 = VERTEX_POINT('',#1042);
#1042 = CARTESIAN_POINT('',(1.019999096735,2.500492189074,0.809999282478
    ));
#1043 = LINE('',#1044,#1045);
#1044 = CARTESIAN_POINT('',(-3.499996900561,2.500492189074,
    0.809999282478));
#1045 = VECTOR('',#1046,1.);
#1046 = DIRECTION('',(-1.,-0.,-0.));
#1047 = ORIENTED_EDGE('',*,*,#1048,.T.);
#1048 = EDGE_CURVE('',#1041,#1049,#1051,.T.);
#1049 = VERTEX_POINT('',#1050);
#1050 = CARTESIAN_POINT('',(1.019999096735,2.500492189074,
    -2.235172203574E-10));
#1051 = LINE('',#1052,#1053);
#1052 = CARTESIAN_POINT('',(1.019999096735,2.500492189074,0.809999282478
    ));
#1053 = VECTOR('',#1054,1.);
#1054 = DIRECTION('',(-0.,-0.,-1.));
#1055 = ORIENTED_EDGE('',*,*,#1056,.F.);
#1056 = EDGE_CURVE('',#1057,#1049,#1059,.T.);
#1057 = VERTEX_POINT('',#1058);
#1058 = CARTESIAN_POINT('',(0.969999141013,2.500492189074,
    -2.235172203574E-10));
#1059 = LINE('',#1060,#1061);
#1060 = CARTESIAN_POINT('',(1.56999860968,2.500492189074,
    -2.235172203574E-10));
#1061 = VECTOR('',#1062,1.);
#1062 = DIRECTION('',(1.,0.,0.));
#1063 = ORIENTED_EDGE('',*,*,#1064,.T.);
#1064 = EDGE_CURVE('',#1057,#354,#1065,.T.);
#1065 = LINE('',#1066,#1067);
#1066 = CARTESIAN_POINT('',(0.969999141013,2.500492189074,
    -2.235172203574E-10));
#1067 = VECTOR('',#1068,1.);
#1068 = DIRECTION('',(0.,0.,1.));
#1069 = ORIENTED_EDGE('',*,*,#353,.T.);
#1070 = ORIENTED_EDGE('',*,*,#1071,.F.);
#1071 = EDGE_CURVE('',#1025,#346,#1072,.T.);
#1072 = LINE('',#1073,#1074);
#1073 = CARTESIAN_POINT('',(0.299999734334,2.500492189074,
    -2.235172203574E-10));
#1074 = VECTOR('',#1075,1.);
#1075 = DIRECTION('',(0.,0.,1.));
#1076 = PLANE('',#1077);
#1077 = AXIS2_PLACEMENT_3D('',#1078,#1079,#1080);
#1078 = CARTESIAN_POINT('',(-3.499996900561,2.500492189074,
    0.809999282478));
#1079 = DIRECTION('',(0.,-1.,0.));
#1080 = DIRECTION('',(0.,0.,-1.));
#1081 = ADVANCED_FACE('',(#1082),#1217,.F.);
#1082 = FACE_BOUND('',#1083,.T.);
#1083 = EDGE_LOOP('',(#1084,#1094,#1102,#1110,#1116,#1117,#1125,#1133,
    #1139,#1140,#1148,#1156,#1164,#1172,#1180,#1188,#1194,#1195,#1203,
    #1211));
#1084 = ORIENTED_EDGE('',*,*,#1085,.F.);
#1085 = EDGE_CURVE('',#1086,#1088,#1090,.T.);
#1086 = VERTEX_POINT('',#1087);
#1087 = CARTESIAN_POINT('',(-3.499996900561,-1.519504250999,
    0.799999291333));
#1088 = VERTEX_POINT('',#1089);
#1089 = CARTESIAN_POINT('',(-3.499996900561,-1.019504693776,
    0.799999291333));
#1090 = LINE('',#1091,#1092);
#1091 = CARTESIAN_POINT('',(-3.499996900561,2.500492189074,
    0.799999291333));
#1092 = VECTOR('',#1093,1.);
#1093 = DIRECTION('',(0.,1.,0.));
#1094 = ORIENTED_EDGE('',*,*,#1095,.T.);
#1095 = EDGE_CURVE('',#1086,#1096,#1098,.T.);
#1096 = VERTEX_POINT('',#1097);
#1097 = CARTESIAN_POINT('',(-3.499996900561,-1.519504250999,
    -2.235172203574E-10));
#1098 = LINE('',#1099,#1100);
#1099 = CARTESIAN_POINT('',(-3.499996900561,-1.519504250999,
    0.799999291333));
#1100 = VECTOR('',#1101,1.);
#1101 = DIRECTION('',(-0.,-0.,-1.));
#1102 = ORIENTED_EDGE('',*,*,#1103,.F.);
#1103 = EDGE_CURVE('',#1104,#1096,#1106,.T.);
#1104 = VERTEX_POINT('',#1105);
#1105 = CARTESIAN_POINT('',(-3.499996900561,-1.669504118166,
    -2.235172203574E-10));
#1106 = LINE('',#1107,#1108);
#1107 = CARTESIAN_POINT('',(-3.499996900561,-1.669504118166,
    -2.235172203574E-10));
#1108 = VECTOR('',#1109,1.);
#1109 = DIRECTION('',(0.,1.,0.));
#1110 = ORIENTED_EDGE('',*,*,#1111,.T.);
#1111 = EDGE_CURVE('',#1104,#209,#1112,.T.);
#1112 = LINE('',#1113,#1114);
#1113 = CARTESIAN_POINT('',(-3.499996900561,-1.669504118166,
    -2.235172203574E-10));
#1114 = VECTOR('',#1115,1.);
#1115 = DIRECTION('',(0.,0.,1.));
#1116 = ORIENTED_EDGE('',*,*,#208,.T.);
#1117 = ORIENTED_EDGE('',*,*,#1118,.T.);
#1118 = EDGE_CURVE('',#200,#1119,#1121,.T.);
#1119 = VERTEX_POINT('',#1120);
#1120 = CARTESIAN_POINT('',(-3.499996900561,-1.699504091599,
    0.809999282478));
#1121 = LINE('',#1122,#1123);
#1122 = CARTESIAN_POINT('',(-3.499996900561,-1.699504091599,
    0.819999273622));
#1123 = VECTOR('',#1124,1.);
#1124 = DIRECTION('',(0.,0.,1.));
#1125 = ORIENTED_EDGE('',*,*,#1126,.F.);
#1126 = EDGE_CURVE('',#1127,#1119,#1129,.T.);
#1127 = VERTEX_POINT('',#1128);
#1128 = CARTESIAN_POINT('',(-3.499996900561,1.700492897517,
    0.809999282478));
#1129 = LINE('',#1130,#1131);
#1130 = CARTESIAN_POINT('',(-3.499996900561,2.500492189074,
    0.809999282478));
#1131 = VECTOR('',#1132,1.);
#1132 = DIRECTION('',(0.,-1.,0.));
#1133 = ORIENTED_EDGE('',*,*,#1134,.F.);
#1134 = EDGE_CURVE('',#273,#1127,#1135,.T.);
#1135 = LINE('',#1136,#1137);
#1136 = CARTESIAN_POINT('',(-3.499996900561,1.700492897517,
    0.819999273622));
#1137 = VECTOR('',#1138,1.);
#1138 = DIRECTION('',(0.,0.,1.));
#1139 = ORIENTED_EDGE('',*,*,#272,.T.);
#1140 = ORIENTED_EDGE('',*,*,#1141,.F.);
#1141 = EDGE_CURVE('',#1142,#265,#1144,.T.);
#1142 = VERTEX_POINT('',#1143);
#1143 = CARTESIAN_POINT('',(-3.499996900561,1.670492924084,
    -2.235172203574E-10));
#1144 = LINE('',#1145,#1146);
#1145 = CARTESIAN_POINT('',(-3.499996900561,1.670492924084,
    -2.235172203574E-10));
#1146 = VECTOR('',#1147,1.);
#1147 = DIRECTION('',(0.,0.,1.));
#1148 = ORIENTED_EDGE('',*,*,#1149,.T.);
#1149 = EDGE_CURVE('',#1142,#1150,#1152,.T.);
#1150 = VERTEX_POINT('',#1151);
#1151 = CARTESIAN_POINT('',(-3.499996900561,1.520493056917,
    -2.235172463783E-10));
#1152 = LINE('',#1153,#1154);
#1153 = CARTESIAN_POINT('',(-3.499996900561,1.670492924084,
    -2.235172203574E-10));
#1154 = VECTOR('',#1155,1.);
#1155 = DIRECTION('',(0.,-1.,0.));
#1156 = ORIENTED_EDGE('',*,*,#1157,.F.);
#1157 = EDGE_CURVE('',#1158,#1150,#1160,.T.);
#1158 = VERTEX_POINT('',#1159);
#1159 = CARTESIAN_POINT('',(-3.499996900561,1.520493056917,
    0.799999291333));
#1160 = LINE('',#1161,#1162);
#1161 = CARTESIAN_POINT('',(-3.499996900561,1.520493056917,
    0.799999291333));
#1162 = VECTOR('',#1163,1.);
#1163 = DIRECTION('',(-0.,-0.,-1.));
#1164 = ORIENTED_EDGE('',*,*,#1165,.F.);
#1165 = EDGE_CURVE('',#1166,#1158,#1168,.T.);
#1166 = VERTEX_POINT('',#1167);
#1167 = CARTESIAN_POINT('',(-3.499996900561,1.020493499694,
    0.799999291333));
#1168 = LINE('',#1169,#1170);
#1169 = CARTESIAN_POINT('',(-3.499996900561,2.500492189074,
    0.799999291333));
#1170 = VECTOR('',#1171,1.);
#1171 = DIRECTION('',(0.,1.,0.));
#1172 = ORIENTED_EDGE('',*,*,#1173,.F.);
#1173 = EDGE_CURVE('',#1174,#1166,#1176,.T.);
#1174 = VERTEX_POINT('',#1175);
#1175 = CARTESIAN_POINT('',(-3.499996900561,1.020493499694,
    -2.235172203574E-10));
#1176 = LINE('',#1177,#1178);
#1177 = CARTESIAN_POINT('',(-3.499996900561,1.020493499694,
    0.799999291333));
#1178 = VECTOR('',#1179,1.);
#1179 = DIRECTION('',(0.,0.,1.));
#1180 = ORIENTED_EDGE('',*,*,#1181,.T.);
#1181 = EDGE_CURVE('',#1174,#1182,#1184,.T.);
#1182 = VERTEX_POINT('',#1183);
#1183 = CARTESIAN_POINT('',(-3.499996900561,0.870493632527,
    -2.235172203574E-10));
#1184 = LINE('',#1185,#1186);
#1185 = CARTESIAN_POINT('',(-3.499996900561,1.670492924084,
    -2.235172203574E-10));
#1186 = VECTOR('',#1187,1.);
#1187 = DIRECTION('',(0.,-1.,0.));
#1188 = ORIENTED_EDGE('',*,*,#1189,.T.);
#1189 = EDGE_CURVE('',#1182,#241,#1190,.T.);
#1190 = LINE('',#1191,#1192);
#1191 = CARTESIAN_POINT('',(-3.499996900561,0.870493632527,
    -2.235172203574E-10));
#1192 = VECTOR('',#1193,1.);
#1193 = DIRECTION('',(0.,0.,1.));
#1194 = ORIENTED_EDGE('',*,*,#240,.T.);
#1195 = ORIENTED_EDGE('',*,*,#1196,.F.);
#1196 = EDGE_CURVE('',#1197,#233,#1199,.T.);
#1197 = VERTEX_POINT('',#1198);
#1198 = CARTESIAN_POINT('',(-3.499996900561,-0.869504826609,
    -2.235172203574E-10));
#1199 = LINE('',#1200,#1201);
#1200 = CARTESIAN_POINT('',(-3.499996900561,-0.869504826609,
    -2.235172203574E-10));
#1201 = VECTOR('',#1202,1.);
#1202 = DIRECTION('',(0.,0.,1.));
#1203 = ORIENTED_EDGE('',*,*,#1204,.F.);
#1204 = EDGE_CURVE('',#1205,#1197,#1207,.T.);
#1205 = VERTEX_POINT('',#1206);
#1206 = CARTESIAN_POINT('',(-3.499996900561,-1.019504693776,
    -2.235172463783E-10));
#1207 = LINE('',#1208,#1209);
#1208 = CARTESIAN_POINT('',(-3.499996900561,-1.669504118166,
    -2.235172203574E-10));
#1209 = VECTOR('',#1210,1.);
#1210 = DIRECTION('',(0.,1.,0.));
#1211 = ORIENTED_EDGE('',*,*,#1212,.T.);
#1212 = EDGE_CURVE('',#1205,#1088,#1213,.T.);
#1213 = LINE('',#1214,#1215);
#1214 = CARTESIAN_POINT('',(-3.499996900561,-1.019504693776,
    0.799999291333));
#1215 = VECTOR('',#1216,1.);
#1216 = DIRECTION('',(0.,0.,1.));
#1217 = PLANE('',#1218);
#1218 = AXIS2_PLACEMENT_3D('',#1219,#1220,#1221);
#1219 = CARTESIAN_POINT('',(-3.499996900561,2.500492189074,
    0.809999282478));
#1220 = DIRECTION('',(1.,0.,0.));
#1221 = DIRECTION('',(0.,0.,-1.));
#1222 = ADVANCED_FACE('',(#1223),#1264,.F.);
#1223 = FACE_BOUND('',#1224,.T.);
#1224 = EDGE_LOOP('',(#1225,#1235,#1243,#1251,#1257,#1258));
#1225 = ORIENTED_EDGE('',*,*,#1226,.F.);
#1226 = EDGE_CURVE('',#1227,#1229,#1231,.T.);
#1227 = VERTEX_POINT('',#1228);
#1228 = CARTESIAN_POINT('',(1.519998653958,2.500492189074,
    -2.235172463783E-10));
#1229 = VERTEX_POINT('',#1230);
#1230 = CARTESIAN_POINT('',(1.56999860968,2.500492189074,
    -2.235172203574E-10));
#1231 = LINE('',#1232,#1233);
#1232 = CARTESIAN_POINT('',(1.56999860968,2.500492189074,
    -2.235172203574E-10));
#1233 = VECTOR('',#1234,1.);
#1234 = DIRECTION('',(1.,0.,0.));
#1235 = ORIENTED_EDGE('',*,*,#1236,.T.);
#1236 = EDGE_CURVE('',#1227,#1237,#1239,.T.);
#1237 = VERTEX_POINT('',#1238);
#1238 = CARTESIAN_POINT('',(1.519998653958,2.500492189074,0.809999282478
    ));
#1239 = LINE('',#1240,#1241);
#1240 = CARTESIAN_POINT('',(1.519998653958,2.500492189074,0.809999282478
    ));
#1241 = VECTOR('',#1242,1.);
#1242 = DIRECTION('',(0.,0.,1.));
#1243 = ORIENTED_EDGE('',*,*,#1244,.F.);
#1244 = EDGE_CURVE('',#1245,#1237,#1247,.T.);
#1245 = VERTEX_POINT('',#1246);
#1246 = CARTESIAN_POINT('',(2.699997609004,2.500492189074,0.809999282478
    ));
#1247 = LINE('',#1248,#1249);
#1248 = CARTESIAN_POINT('',(-3.499996900561,2.500492189074,
    0.809999282478));
#1249 = VECTOR('',#1250,1.);
#1250 = DIRECTION('',(-1.,-0.,-0.));
#1251 = ORIENTED_EDGE('',*,*,#1252,.T.);
#1252 = EDGE_CURVE('',#1245,#386,#1253,.T.);
#1253 = LINE('',#1254,#1255);
#1254 = CARTESIAN_POINT('',(2.699997609004,2.500492189074,0.819999273622
    ));
#1255 = VECTOR('',#1256,1.);
#1256 = DIRECTION('',(-0.,-0.,-1.));
#1257 = ORIENTED_EDGE('',*,*,#385,.T.);
#1258 = ORIENTED_EDGE('',*,*,#1259,.F.);
#1259 = EDGE_CURVE('',#1229,#378,#1260,.T.);
#1260 = LINE('',#1261,#1262);
#1261 = CARTESIAN_POINT('',(1.56999860968,2.500492189074,
    -2.235172203574E-10));
#1262 = VECTOR('',#1263,1.);
#1263 = DIRECTION('',(0.,0.,1.));
#1264 = PLANE('',#1265);
#1265 = AXIS2_PLACEMENT_3D('',#1266,#1267,#1268);
#1266 = CARTESIAN_POINT('',(-3.499996900561,2.500492189074,
    0.809999282478));
#1267 = DIRECTION('',(0.,-1.,0.));
#1268 = DIRECTION('',(0.,0.,-1.));
#1269 = ADVANCED_FACE('',(#1270),#1352,.T.);
#1270 = FACE_BOUND('',#1271,.T.);
#1271 = EDGE_LOOP('',(#1272,#1273,#1280,#1281,#1288,#1289,#1296,#1297,
    #1304,#1305,#1312,#1313,#1320,#1321,#1328,#1329,#1336,#1337,#1344,
    #1345));
#1272 = ORIENTED_EDGE('',*,*,#749,.T.);
#1273 = ORIENTED_EDGE('',*,*,#1274,.F.);
#1274 = EDGE_CURVE('',#695,#740,#1275,.T.);
#1275 = CIRCLE('',#1276,0.249999778612);
#1276 = AXIS2_PLACEMENT_3D('',#1277,#1278,#1279);
#1277 = CARTESIAN_POINT('',(1.269998875346,-2.499503383156,
    0.809999282478));
#1278 = DIRECTION('',(0.,0.,1.));
#1279 = DIRECTION('',(-1.,0.,0.));
#1280 = ORIENTED_EDGE('',*,*,#725,.T.);
#1281 = ORIENTED_EDGE('',*,*,#1282,.T.);
#1282 = EDGE_CURVE('',#718,#640,#1283,.T.);
#1283 = CIRCLE('',#1284,0.799999291557);
#1284 = AXIS2_PLACEMENT_3D('',#1285,#1286,#1287);
#1285 = CARTESIAN_POINT('',(3.499996900561,-2.499503383156,
    0.809999282478));
#1286 = DIRECTION('',(0.,0.,-1.));
#1287 = DIRECTION('',(1.,0.,0.));
#1288 = ORIENTED_EDGE('',*,*,#639,.T.);
#1289 = ORIENTED_EDGE('',*,*,#1290,.F.);
#1290 = EDGE_CURVE('',#1245,#632,#1291,.T.);
#1291 = CIRCLE('',#1292,0.799999291557);
#1292 = AXIS2_PLACEMENT_3D('',#1293,#1294,#1295);
#1293 = CARTESIAN_POINT('',(3.499996900561,2.500492189074,0.809999282478
    ));
#1294 = DIRECTION('',(0.,0.,1.));
#1295 = DIRECTION('',(1.,0.,-0.));
#1296 = ORIENTED_EDGE('',*,*,#1244,.T.);
#1297 = ORIENTED_EDGE('',*,*,#1298,.T.);
#1298 = EDGE_CURVE('',#1237,#1041,#1299,.T.);
#1299 = CIRCLE('',#1300,0.249999778612);
#1300 = AXIS2_PLACEMENT_3D('',#1301,#1302,#1303);
#1301 = CARTESIAN_POINT('',(1.269998875346,2.500492189074,0.809999282478
    ));
#1302 = DIRECTION('',(0.,0.,-1.));
#1303 = DIRECTION('',(-1.,0.,0.));
#1304 = ORIENTED_EDGE('',*,*,#1040,.T.);
#1305 = ORIENTED_EDGE('',*,*,#1306,.T.);
#1306 = EDGE_CURVE('',#1033,#913,#1307,.T.);
#1307 = CIRCLE('',#1308,0.249999778612);
#1308 = AXIS2_PLACEMENT_3D('',#1309,#1310,#1311);
#1309 = CARTESIAN_POINT('',(0.,2.500492189074,0.809999282478));
#1310 = DIRECTION('',(0.,0.,-1.));
#1311 = DIRECTION('',(-1.,0.,0.));
#1312 = ORIENTED_EDGE('',*,*,#912,.T.);
#1313 = ORIENTED_EDGE('',*,*,#1314,.T.);
#1314 = EDGE_CURVE('',#915,#976,#1315,.T.);
#1315 = CIRCLE('',#1316,0.249999778612);
#1316 = AXIS2_PLACEMENT_3D('',#1317,#1318,#1319);
#1317 = CARTESIAN_POINT('',(-1.269998875346,2.500492189074,
    0.809999282478));
#1318 = DIRECTION('',(0.,0.,-1.));
#1319 = DIRECTION('',(-1.,0.,0.));
#1320 = ORIENTED_EDGE('',*,*,#975,.T.);
#1321 = ORIENTED_EDGE('',*,*,#1322,.T.);
#1322 = EDGE_CURVE('',#978,#1127,#1323,.T.);
#1323 = CIRCLE('',#1324,0.799999291557);
#1324 = AXIS2_PLACEMENT_3D('',#1325,#1326,#1327);
#1325 = CARTESIAN_POINT('',(-3.499996900561,2.500492189074,
    0.809999282478));
#1326 = DIRECTION('',(0.,0.,-1.));
#1327 = DIRECTION('',(-1.,0.,0.));
#1328 = ORIENTED_EDGE('',*,*,#1126,.T.);
#1329 = ORIENTED_EDGE('',*,*,#1330,.F.);
#1330 = EDGE_CURVE('',#876,#1119,#1331,.T.);
#1331 = CIRCLE('',#1332,0.799999291557);
#1332 = AXIS2_PLACEMENT_3D('',#1333,#1334,#1335);
#1333 = CARTESIAN_POINT('',(-3.499996900561,-2.499503383156,
    0.809999282478));
#1334 = DIRECTION('',(0.,0.,1.));
#1335 = DIRECTION('',(-1.,0.,0.));
#1336 = ORIENTED_EDGE('',*,*,#875,.T.);
#1337 = ORIENTED_EDGE('',*,*,#1338,.F.);
#1338 = EDGE_CURVE('',#813,#866,#1339,.T.);
#1339 = CIRCLE('',#1340,0.249999778612);
#1340 = AXIS2_PLACEMENT_3D('',#1341,#1342,#1343);
#1341 = CARTESIAN_POINT('',(-1.269998875346,-2.499503383156,
    0.809999282478));
#1342 = DIRECTION('',(0.,0.,1.));
#1343 = DIRECTION('',(-1.,0.,0.));
#1344 = ORIENTED_EDGE('',*,*,#812,.T.);
#1345 = ORIENTED_EDGE('',*,*,#1346,.F.);
#1346 = EDGE_CURVE('',#750,#803,#1347,.T.);
#1347 = CIRCLE('',#1348,0.249999778612);
#1348 = AXIS2_PLACEMENT_3D('',#1349,#1350,#1351);
#1349 = CARTESIAN_POINT('',(0.,-2.499503383156,0.809999282478));
#1350 = DIRECTION('',(0.,0.,1.));
#1351 = DIRECTION('',(-1.,0.,0.));
#1352 = PLANE('',#1353);
#1353 = AXIS2_PLACEMENT_3D('',#1354,#1355,#1356);
#1354 = CARTESIAN_POINT('',(0.,4.944029590408E-04,0.809999282478));
#1355 = DIRECTION('',(0.,0.,1.));
#1356 = DIRECTION('',(1.,0.,-0.));
#1357 = ADVANCED_FACE('',(#1358),#1364,.F.);
#1358 = FACE_BOUND('',#1359,.F.);
#1359 = EDGE_LOOP('',(#1360,#1361,#1362,#1363));
#1360 = ORIENTED_EDGE('',*,*,#631,.T.);
#1361 = ORIENTED_EDGE('',*,*,#1290,.F.);
#1362 = ORIENTED_EDGE('',*,*,#1252,.T.);
#1363 = ORIENTED_EDGE('',*,*,#393,.T.);
#1364 = CYLINDRICAL_SURFACE('',#1365,0.799999291557);
#1365 = AXIS2_PLACEMENT_3D('',#1366,#1367,#1368);
#1366 = CARTESIAN_POINT('',(3.499996900561,2.500492189074,0.819999273622
    ));
#1367 = DIRECTION('',(-0.,-0.,-1.));
#1368 = DIRECTION('',(-1.,0.,0.));
#1369 = ADVANCED_FACE('',(#1370),#1376,.F.);
#1370 = FACE_BOUND('',#1371,.F.);
#1371 = EDGE_LOOP('',(#1372,#1373,#1374,#1375));
#1372 = ORIENTED_EDGE('',*,*,#1008,.F.);
#1373 = ORIENTED_EDGE('',*,*,#1322,.T.);
#1374 = ORIENTED_EDGE('',*,*,#1134,.F.);
#1375 = ORIENTED_EDGE('',*,*,#280,.F.);
#1376 = CYLINDRICAL_SURFACE('',#1377,0.799999291557);
#1377 = AXIS2_PLACEMENT_3D('',#1378,#1379,#1380);
#1378 = CARTESIAN_POINT('',(-3.499996900561,2.500492189074,
    0.819999273622));
#1379 = DIRECTION('',(0.,0.,-1.));
#1380 = DIRECTION('',(1.,0.,0.));
#1381 = ADVANCED_FACE('',(#1382),#1388,.F.);
#1382 = FACE_BOUND('',#1383,.F.);
#1383 = EDGE_LOOP('',(#1384,#1385,#1386,#1387));
#1384 = ORIENTED_EDGE('',*,*,#1118,.T.);
#1385 = ORIENTED_EDGE('',*,*,#1330,.F.);
#1386 = ORIENTED_EDGE('',*,*,#883,.T.);
#1387 = ORIENTED_EDGE('',*,*,#199,.T.);
#1388 = CYLINDRICAL_SURFACE('',#1389,0.799999291557);
#1389 = AXIS2_PLACEMENT_3D('',#1390,#1391,#1392);
#1390 = CARTESIAN_POINT('',(-3.499996900561,-2.499503383156,
    0.819999273622));
#1391 = DIRECTION('',(0.,0.,-1.));
#1392 = DIRECTION('',(1.,0.,0.));
#1393 = ADVANCED_FACE('',(#1394),#1400,.F.);
#1394 = FACE_BOUND('',#1395,.F.);
#1395 = EDGE_LOOP('',(#1396,#1397,#1398,#1399));
#1396 = ORIENTED_EDGE('',*,*,#717,.F.);
#1397 = ORIENTED_EDGE('',*,*,#1282,.T.);
#1398 = ORIENTED_EDGE('',*,*,#647,.F.);
#1399 = ORIENTED_EDGE('',*,*,#474,.F.);
#1400 = CYLINDRICAL_SURFACE('',#1401,0.799999291557);
#1401 = AXIS2_PLACEMENT_3D('',#1402,#1403,#1404);
#1402 = CARTESIAN_POINT('',(3.499996900561,-2.499503383156,
    0.819999273622));
#1403 = DIRECTION('',(0.,0.,-1.));
#1404 = DIRECTION('',(-1.,0.,0.));
#1405 = ADVANCED_FACE('',(#1406),#1424,.F.);
#1406 = FACE_BOUND('',#1407,.T.);
#1407 = EDGE_LOOP('',(#1408,#1409,#1417,#1423));
#1408 = ORIENTED_EDGE('',*,*,#426,.T.);
#1409 = ORIENTED_EDGE('',*,*,#1410,.F.);
#1410 = EDGE_CURVE('',#1411,#419,#1413,.T.);
#1411 = VERTEX_POINT('',#1412);
#1412 = CARTESIAN_POINT('',(2.499997786115,0.870493632527,
    -2.235172203574E-10));
#1413 = LINE('',#1414,#1415);
#1414 = CARTESIAN_POINT('',(2.499997786115,0.870493632527,
    -2.235172203574E-10));
#1415 = VECTOR('',#1416,1.);
#1416 = DIRECTION('',(0.,0.,1.));
#1417 = ORIENTED_EDGE('',*,*,#1418,.F.);
#1418 = EDGE_CURVE('',#586,#1411,#1419,.T.);
#1419 = LINE('',#1420,#1421);
#1420 = CARTESIAN_POINT('',(2.499997786115,0.870493632527,
    -2.235172203574E-10));
#1421 = VECTOR('',#1422,1.);
#1422 = DIRECTION('',(-1.,-0.,-0.));
#1423 = ORIENTED_EDGE('',*,*,#585,.T.);
#1424 = PLANE('',#1425);
#1425 = AXIS2_PLACEMENT_3D('',#1426,#1427,#1428);
#1426 = CARTESIAN_POINT('',(2.499997786115,0.870493632527,
    -2.235172203574E-10));
#1427 = DIRECTION('',(0.,1.,0.));
#1428 = DIRECTION('',(0.,-0.,1.));
#1429 = ADVANCED_FACE('',(#1430),#1448,.F.);
#1430 = FACE_BOUND('',#1431,.T.);
#1431 = EDGE_LOOP('',(#1432,#1433,#1441,#1447));
#1432 = ORIENTED_EDGE('',*,*,#418,.T.);
#1433 = ORIENTED_EDGE('',*,*,#1434,.F.);
#1434 = EDGE_CURVE('',#1435,#411,#1437,.T.);
#1435 = VERTEX_POINT('',#1436);
#1436 = CARTESIAN_POINT('',(2.499997786115,1.670492924084,
    -2.235172203574E-10));
#1437 = LINE('',#1438,#1439);
#1438 = CARTESIAN_POINT('',(2.499997786115,1.670492924084,
    -2.235172203574E-10));
#1439 = VECTOR('',#1440,1.);
#1440 = DIRECTION('',(0.,0.,1.));
#1441 = ORIENTED_EDGE('',*,*,#1442,.F.);
#1442 = EDGE_CURVE('',#1411,#1435,#1443,.T.);
#1443 = LINE('',#1444,#1445);
#1444 = CARTESIAN_POINT('',(2.499997786115,1.670492924084,
    -2.235172203574E-10));
#1445 = VECTOR('',#1446,1.);
#1446 = DIRECTION('',(0.,1.,0.));
#1447 = ORIENTED_EDGE('',*,*,#1410,.T.);
#1448 = PLANE('',#1449);
#1449 = AXIS2_PLACEMENT_3D('',#1450,#1451,#1452);
#1450 = CARTESIAN_POINT('',(2.499997786115,1.670492924084,
    -2.235172203574E-10));
#1451 = DIRECTION('',(1.,0.,0.));
#1452 = DIRECTION('',(0.,0.,-1.));
#1453 = ADVANCED_FACE('',(#1454),#1465,.F.);
#1454 = FACE_BOUND('',#1455,.T.);
#1455 = EDGE_LOOP('',(#1456,#1457,#1458,#1464));
#1456 = ORIENTED_EDGE('',*,*,#410,.T.);
#1457 = ORIENTED_EDGE('',*,*,#624,.F.);
#1458 = ORIENTED_EDGE('',*,*,#1459,.F.);
#1459 = EDGE_CURVE('',#1435,#617,#1460,.T.);
#1460 = LINE('',#1461,#1462);
#1461 = CARTESIAN_POINT('',(2.499997786115,1.670492924084,
    -2.235172203574E-10));
#1462 = VECTOR('',#1463,1.);
#1463 = DIRECTION('',(1.,-2.168404344971E-16,0.));
#1464 = ORIENTED_EDGE('',*,*,#1434,.T.);
#1465 = PLANE('',#1466);
#1466 = AXIS2_PLACEMENT_3D('',#1467,#1468,#1469);
#1467 = CARTESIAN_POINT('',(2.499997786115,1.670492924084,
    -2.235172203574E-10));
#1468 = DIRECTION('',(-2.168404344971E-16,-1.,0.));
#1469 = DIRECTION('',(1.,-2.168404344971E-16,0.));
#1470 = ADVANCED_FACE('',(#1471),#1486,.F.);
#1471 = FACE_BOUND('',#1472,.T.);
#1472 = EDGE_LOOP('',(#1473,#1474,#1475,#1482,#1483,#1484,#1485));
#1473 = ORIENTED_EDGE('',*,*,#616,.T.);
#1474 = ORIENTED_EDGE('',*,*,#141,.T.);
#1475 = ORIENTED_EDGE('',*,*,#1476,.T.);
#1476 = EDGE_CURVE('',#142,#594,#1477,.T.);
#1477 = CIRCLE('',#1478,0.249999778612);
#1478 = AXIS2_PLACEMENT_3D('',#1479,#1480,#1481);
#1479 = CARTESIAN_POINT('',(3.499996900561,1.270493278306,
    -2.235172463783E-10));
#1480 = DIRECTION('',(0.,0.,1.));
#1481 = DIRECTION('',(1.,0.,-0.));
#1482 = ORIENTED_EDGE('',*,*,#593,.T.);
#1483 = ORIENTED_EDGE('',*,*,#1418,.T.);
#1484 = ORIENTED_EDGE('',*,*,#1442,.T.);
#1485 = ORIENTED_EDGE('',*,*,#1459,.T.);
#1486 = PLANE('',#1487);
#1487 = AXIS2_PLACEMENT_3D('',#1488,#1489,#1490);
#1488 = CARTESIAN_POINT('',(0.,4.944029590408E-04,-2.235172203574E-10));
#1489 = DIRECTION('',(0.,0.,1.));
#1490 = DIRECTION('',(1.,0.,-0.));
#1491 = ADVANCED_FACE('',(#1492),#1503,.T.);
#1492 = FACE_BOUND('',#1493,.T.);
#1493 = EDGE_LOOP('',(#1494,#1495,#1502));
#1494 = ORIENTED_EDGE('',*,*,#609,.T.);
#1495 = ORIENTED_EDGE('',*,*,#1496,.T.);
#1496 = EDGE_CURVE('',#602,#151,#1497,.T.);
#1497 = CIRCLE('',#1498,0.249999778612);
#1498 = AXIS2_PLACEMENT_3D('',#1499,#1500,#1501);
#1499 = CARTESIAN_POINT('',(3.499996900561,1.270493278306,0.799999291333
    ));
#1500 = DIRECTION('',(0.,0.,-1.));
#1501 = DIRECTION('',(-1.,0.,0.));
#1502 = ORIENTED_EDGE('',*,*,#158,.T.);
#1503 = PLANE('',#1504);
#1504 = AXIS2_PLACEMENT_3D('',#1505,#1506,#1507);
#1505 = CARTESIAN_POINT('',(3.499996900561,1.270493278306,0.799999291333
    ));
#1506 = DIRECTION('',(0.,0.,-1.));
#1507 = DIRECTION('',(-1.,0.,0.));
#1508 = ADVANCED_FACE('',(#1509),#1515,.F.);
#1509 = FACE_BOUND('',#1510,.F.);
#1510 = EDGE_LOOP('',(#1511,#1512,#1513,#1514));
#1511 = ORIENTED_EDGE('',*,*,#1476,.T.);
#1512 = ORIENTED_EDGE('',*,*,#601,.T.);
#1513 = ORIENTED_EDGE('',*,*,#1496,.T.);
#1514 = ORIENTED_EDGE('',*,*,#150,.T.);
#1515 = CYLINDRICAL_SURFACE('',#1516,0.249999778612);
#1516 = AXIS2_PLACEMENT_3D('',#1517,#1518,#1519);
#1517 = CARTESIAN_POINT('',(3.499996900561,1.270493278306,0.799999291333
    ));
#1518 = DIRECTION('',(-0.,-0.,-1.));
#1519 = DIRECTION('',(-1.,0.,0.));
#1520 = ADVANCED_FACE('',(#1521),#1539,.T.);
#1521 = FACE_BOUND('',#1522,.T.);
#1522 = EDGE_LOOP('',(#1523,#1524,#1532,#1538));
#1523 = ORIENTED_EDGE('',*,*,#264,.F.);
#1524 = ORIENTED_EDGE('',*,*,#1525,.F.);
#1525 = EDGE_CURVE('',#1526,#257,#1528,.T.);
#1526 = VERTEX_POINT('',#1527);
#1527 = CARTESIAN_POINT('',(-2.499997786115,1.670492924084,
    -2.235172203574E-10));
#1528 = LINE('',#1529,#1530);
#1529 = CARTESIAN_POINT('',(-2.499997786115,1.670492924084,
    -2.235172203574E-10));
#1530 = VECTOR('',#1531,1.);
#1531 = DIRECTION('',(0.,0.,1.));
#1532 = ORIENTED_EDGE('',*,*,#1533,.T.);
#1533 = EDGE_CURVE('',#1526,#1142,#1534,.T.);
#1534 = LINE('',#1535,#1536);
#1535 = CARTESIAN_POINT('',(-2.499997786115,1.670492924084,
    -2.235172203574E-10));
#1536 = VECTOR('',#1537,1.);
#1537 = DIRECTION('',(-1.,-2.168404344971E-16,0.));
#1538 = ORIENTED_EDGE('',*,*,#1141,.T.);
#1539 = PLANE('',#1540);
#1540 = AXIS2_PLACEMENT_3D('',#1541,#1542,#1543);
#1541 = CARTESIAN_POINT('',(-2.499997786115,1.670492924084,
    -2.235172203574E-10));
#1542 = DIRECTION('',(-2.168404344971E-16,1.,0.));
#1543 = DIRECTION('',(-1.,-2.168404344971E-16,0.));
#1544 = ADVANCED_FACE('',(#1545),#1563,.T.);
#1545 = FACE_BOUND('',#1546,.T.);
#1546 = EDGE_LOOP('',(#1547,#1548,#1556,#1562));
#1547 = ORIENTED_EDGE('',*,*,#256,.F.);
#1548 = ORIENTED_EDGE('',*,*,#1549,.F.);
#1549 = EDGE_CURVE('',#1550,#249,#1552,.T.);
#1550 = VERTEX_POINT('',#1551);
#1551 = CARTESIAN_POINT('',(-2.499997786115,0.870493632527,
    -2.235172203574E-10));
#1552 = LINE('',#1553,#1554);
#1553 = CARTESIAN_POINT('',(-2.499997786115,0.870493632527,
    -2.235172203574E-10));
#1554 = VECTOR('',#1555,1.);
#1555 = DIRECTION('',(0.,0.,1.));
#1556 = ORIENTED_EDGE('',*,*,#1557,.T.);
#1557 = EDGE_CURVE('',#1550,#1526,#1558,.T.);
#1558 = LINE('',#1559,#1560);
#1559 = CARTESIAN_POINT('',(-2.499997786115,1.670492924084,
    -2.235172203574E-10));
#1560 = VECTOR('',#1561,1.);
#1561 = DIRECTION('',(0.,1.,0.));
#1562 = ORIENTED_EDGE('',*,*,#1525,.T.);
#1563 = PLANE('',#1564);
#1564 = AXIS2_PLACEMENT_3D('',#1565,#1566,#1567);
#1565 = CARTESIAN_POINT('',(-2.499997786115,1.670492924084,
    -2.235172203574E-10));
#1566 = DIRECTION('',(1.,0.,0.));
#1567 = DIRECTION('',(0.,0.,-1.));
#1568 = ADVANCED_FACE('',(#1569),#1580,.T.);
#1569 = FACE_BOUND('',#1570,.T.);
#1570 = EDGE_LOOP('',(#1571,#1572,#1573,#1579));
#1571 = ORIENTED_EDGE('',*,*,#248,.F.);
#1572 = ORIENTED_EDGE('',*,*,#1189,.F.);
#1573 = ORIENTED_EDGE('',*,*,#1574,.T.);
#1574 = EDGE_CURVE('',#1182,#1550,#1575,.T.);
#1575 = LINE('',#1576,#1577);
#1576 = CARTESIAN_POINT('',(-2.499997786115,0.870493632527,
    -2.235172203574E-10));
#1577 = VECTOR('',#1578,1.);
#1578 = DIRECTION('',(1.,0.,0.));
#1579 = ORIENTED_EDGE('',*,*,#1549,.T.);
#1580 = PLANE('',#1581);
#1581 = AXIS2_PLACEMENT_3D('',#1582,#1583,#1584);
#1582 = CARTESIAN_POINT('',(-2.499997786115,0.870493632527,
    -2.235172203574E-10));
#1583 = DIRECTION('',(0.,-1.,0.));
#1584 = DIRECTION('',(0.,0.,-1.));
#1585 = ADVANCED_FACE('',(#1586),#1600,.F.);
#1586 = FACE_BOUND('',#1587,.T.);
#1587 = EDGE_LOOP('',(#1588,#1595,#1596,#1597,#1598,#1599));
#1588 = ORIENTED_EDGE('',*,*,#1589,.F.);
#1589 = EDGE_CURVE('',#1150,#1174,#1590,.T.);
#1590 = CIRCLE('',#1591,0.249999778612);
#1591 = AXIS2_PLACEMENT_3D('',#1592,#1593,#1594);
#1592 = CARTESIAN_POINT('',(-3.499996900561,1.270493278306,
    -2.235172463783E-10));
#1593 = DIRECTION('',(0.,0.,-1.));
#1594 = DIRECTION('',(1.,0.,0.));
#1595 = ORIENTED_EDGE('',*,*,#1149,.F.);
#1596 = ORIENTED_EDGE('',*,*,#1533,.F.);
#1597 = ORIENTED_EDGE('',*,*,#1557,.F.);
#1598 = ORIENTED_EDGE('',*,*,#1574,.F.);
#1599 = ORIENTED_EDGE('',*,*,#1181,.F.);
#1600 = PLANE('',#1601);
#1601 = AXIS2_PLACEMENT_3D('',#1602,#1603,#1604);
#1602 = CARTESIAN_POINT('',(0.,4.944029590408E-04,-2.235172203574E-10));
#1603 = DIRECTION('',(0.,0.,1.));
#1604 = DIRECTION('',(-1.,0.,0.));
#1605 = ADVANCED_FACE('',(#1606),#1616,.T.);
#1606 = FACE_BOUND('',#1607,.T.);
#1607 = EDGE_LOOP('',(#1608,#1609));
#1608 = ORIENTED_EDGE('',*,*,#1165,.T.);
#1609 = ORIENTED_EDGE('',*,*,#1610,.F.);
#1610 = EDGE_CURVE('',#1166,#1158,#1611,.T.);
#1611 = CIRCLE('',#1612,0.249999778612);
#1612 = AXIS2_PLACEMENT_3D('',#1613,#1614,#1615);
#1613 = CARTESIAN_POINT('',(-3.499996900561,1.270493278306,
    0.799999291333));
#1614 = DIRECTION('',(0.,0.,1.));
#1615 = DIRECTION('',(1.,0.,-0.));
#1616 = PLANE('',#1617);
#1617 = AXIS2_PLACEMENT_3D('',#1618,#1619,#1620);
#1618 = CARTESIAN_POINT('',(-3.499996900561,1.270493278306,
    0.799999291333));
#1619 = DIRECTION('',(0.,0.,-1.));
#1620 = DIRECTION('',(1.,0.,0.));
#1621 = ADVANCED_FACE('',(#1622),#1628,.F.);
#1622 = FACE_BOUND('',#1623,.F.);
#1623 = EDGE_LOOP('',(#1624,#1625,#1626,#1627));
#1624 = ORIENTED_EDGE('',*,*,#1589,.F.);
#1625 = ORIENTED_EDGE('',*,*,#1157,.F.);
#1626 = ORIENTED_EDGE('',*,*,#1610,.F.);
#1627 = ORIENTED_EDGE('',*,*,#1173,.F.);
#1628 = CYLINDRICAL_SURFACE('',#1629,0.249999778612);
#1629 = AXIS2_PLACEMENT_3D('',#1630,#1631,#1632);
#1630 = CARTESIAN_POINT('',(-3.499996900561,1.270493278306,
    0.799999291333));
#1631 = DIRECTION('',(-0.,-0.,-1.));
#1632 = DIRECTION('',(-1.,0.,0.));
#1633 = ADVANCED_FACE('',(#1634),#1652,.F.);
#1634 = FACE_BOUND('',#1635,.T.);
#1635 = EDGE_LOOP('',(#1636,#1637,#1638,#1646));
#1636 = ORIENTED_EDGE('',*,*,#361,.T.);
#1637 = ORIENTED_EDGE('',*,*,#1064,.F.);
#1638 = ORIENTED_EDGE('',*,*,#1639,.F.);
#1639 = EDGE_CURVE('',#1640,#1057,#1642,.T.);
#1640 = VERTEX_POINT('',#1641);
#1641 = CARTESIAN_POINT('',(0.969999141013,1.500493074628,
    -2.235172203574E-10));
#1642 = LINE('',#1643,#1644);
#1643 = CARTESIAN_POINT('',(0.969999141013,1.500493074628,
    -2.235172203574E-10));
#1644 = VECTOR('',#1645,1.);
#1645 = DIRECTION('',(0.,1.,0.));
#1646 = ORIENTED_EDGE('',*,*,#1647,.T.);
#1647 = EDGE_CURVE('',#1640,#362,#1648,.T.);
#1648 = LINE('',#1649,#1650);
#1649 = CARTESIAN_POINT('',(0.969999141013,1.500493074628,
    -2.235172203574E-10));
#1650 = VECTOR('',#1651,1.);
#1651 = DIRECTION('',(0.,0.,1.));
#1652 = PLANE('',#1653);
#1653 = AXIS2_PLACEMENT_3D('',#1654,#1655,#1656);
#1654 = CARTESIAN_POINT('',(0.969999141013,1.500493074628,
    -2.235172203574E-10));
#1655 = DIRECTION('',(1.,0.,0.));
#1656 = DIRECTION('',(0.,0.,-1.));
#1657 = ADVANCED_FACE('',(#1658),#1676,.F.);
#1658 = FACE_BOUND('',#1659,.T.);
#1659 = EDGE_LOOP('',(#1660,#1661,#1669,#1675));
#1660 = ORIENTED_EDGE('',*,*,#377,.T.);
#1661 = ORIENTED_EDGE('',*,*,#1662,.F.);
#1662 = EDGE_CURVE('',#1663,#370,#1665,.T.);
#1663 = VERTEX_POINT('',#1664);
#1664 = CARTESIAN_POINT('',(1.56999860968,1.500493074628,
    -2.235172203574E-10));
#1665 = LINE('',#1666,#1667);
#1666 = CARTESIAN_POINT('',(1.56999860968,1.500493074628,
    -2.235172203574E-10));
#1667 = VECTOR('',#1668,1.);
#1668 = DIRECTION('',(0.,0.,1.));
#1669 = ORIENTED_EDGE('',*,*,#1670,.F.);
#1670 = EDGE_CURVE('',#1229,#1663,#1671,.T.);
#1671 = LINE('',#1672,#1673);
#1672 = CARTESIAN_POINT('',(1.56999860968,1.500493074628,
    -2.235172203574E-10));
#1673 = VECTOR('',#1674,1.);
#1674 = DIRECTION('',(2.168404344971E-16,-1.,0.));
#1675 = ORIENTED_EDGE('',*,*,#1259,.T.);
#1676 = PLANE('',#1677);
#1677 = AXIS2_PLACEMENT_3D('',#1678,#1679,#1680);
#1678 = CARTESIAN_POINT('',(1.56999860968,1.500493074628,
    -2.235172203574E-10));
#1679 = DIRECTION('',(-1.,-2.168404344971E-16,0.));
#1680 = DIRECTION('',(2.168404344971E-16,-1.,0.));
#1681 = ADVANCED_FACE('',(#1682),#1693,.F.);
#1682 = FACE_BOUND('',#1683,.T.);
#1683 = EDGE_LOOP('',(#1684,#1685,#1686,#1692));
#1684 = ORIENTED_EDGE('',*,*,#369,.T.);
#1685 = ORIENTED_EDGE('',*,*,#1647,.F.);
#1686 = ORIENTED_EDGE('',*,*,#1687,.F.);
#1687 = EDGE_CURVE('',#1663,#1640,#1688,.T.);
#1688 = LINE('',#1689,#1690);
#1689 = CARTESIAN_POINT('',(1.56999860968,1.500493074628,
    -2.235172203574E-10));
#1690 = VECTOR('',#1691,1.);
#1691 = DIRECTION('',(-1.,0.,0.));
#1692 = ORIENTED_EDGE('',*,*,#1662,.T.);
#1693 = PLANE('',#1694);
#1694 = AXIS2_PLACEMENT_3D('',#1695,#1696,#1697);
#1695 = CARTESIAN_POINT('',(1.56999860968,1.500493074628,
    -2.235172203574E-10));
#1696 = DIRECTION('',(0.,1.,0.));
#1697 = DIRECTION('',(0.,-0.,1.));
#1698 = ADVANCED_FACE('',(#1699),#1713,.F.);
#1699 = FACE_BOUND('',#1700,.T.);
#1700 = EDGE_LOOP('',(#1701,#1702,#1709,#1710,#1711,#1712));
#1701 = ORIENTED_EDGE('',*,*,#1056,.T.);
#1702 = ORIENTED_EDGE('',*,*,#1703,.T.);
#1703 = EDGE_CURVE('',#1049,#1227,#1704,.T.);
#1704 = CIRCLE('',#1705,0.249999778612);
#1705 = AXIS2_PLACEMENT_3D('',#1706,#1707,#1708);
#1706 = CARTESIAN_POINT('',(1.269998875346,2.500492189074,
    -2.235172463783E-10));
#1707 = DIRECTION('',(0.,0.,1.));
#1708 = DIRECTION('',(1.,0.,-0.));
#1709 = ORIENTED_EDGE('',*,*,#1226,.T.);
#1710 = ORIENTED_EDGE('',*,*,#1670,.T.);
#1711 = ORIENTED_EDGE('',*,*,#1687,.T.);
#1712 = ORIENTED_EDGE('',*,*,#1639,.T.);
#1713 = PLANE('',#1714);
#1714 = AXIS2_PLACEMENT_3D('',#1715,#1716,#1717);
#1715 = CARTESIAN_POINT('',(0.,4.944029590408E-04,-2.235172203574E-10));
#1716 = DIRECTION('',(0.,0.,1.));
#1717 = DIRECTION('',(1.,0.,-0.));
#1718 = ADVANCED_FACE('',(#1719),#1725,.F.);
#1719 = FACE_BOUND('',#1720,.F.);
#1720 = EDGE_LOOP('',(#1721,#1722,#1723,#1724));
#1721 = ORIENTED_EDGE('',*,*,#1048,.T.);
#1722 = ORIENTED_EDGE('',*,*,#1703,.T.);
#1723 = ORIENTED_EDGE('',*,*,#1236,.T.);
#1724 = ORIENTED_EDGE('',*,*,#1298,.T.);
#1725 = CYLINDRICAL_SURFACE('',#1726,0.249999778612);
#1726 = AXIS2_PLACEMENT_3D('',#1727,#1728,#1729);
#1727 = CARTESIAN_POINT('',(1.269998875346,2.500492189074,0.809999282478
    ));
#1728 = DIRECTION('',(-0.,-0.,-1.));
#1729 = DIRECTION('',(-1.,0.,0.));
#1730 = ADVANCED_FACE('',(#1731),#1749,.F.);
#1731 = FACE_BOUND('',#1732,.T.);
#1732 = EDGE_LOOP('',(#1733,#1734,#1735,#1743));
#1733 = ORIENTED_EDGE('',*,*,#329,.T.);
#1734 = ORIENTED_EDGE('',*,*,#938,.F.);
#1735 = ORIENTED_EDGE('',*,*,#1736,.F.);
#1736 = EDGE_CURVE('',#1737,#931,#1739,.T.);
#1737 = VERTEX_POINT('',#1738);
#1738 = CARTESIAN_POINT('',(-0.299999734334,1.500493074628,
    -2.235172203574E-10));
#1739 = LINE('',#1740,#1741);
#1740 = CARTESIAN_POINT('',(-0.299999734334,1.500493074628,
    -2.235172203574E-10));
#1741 = VECTOR('',#1742,1.);
#1742 = DIRECTION('',(0.,1.,0.));
#1743 = ORIENTED_EDGE('',*,*,#1744,.T.);
#1744 = EDGE_CURVE('',#1737,#330,#1745,.T.);
#1745 = LINE('',#1746,#1747);
#1746 = CARTESIAN_POINT('',(-0.299999734334,1.500493074628,
    -2.235172203574E-10));
#1747 = VECTOR('',#1748,1.);
#1748 = DIRECTION('',(0.,0.,1.));
#1749 = PLANE('',#1750);
#1750 = AXIS2_PLACEMENT_3D('',#1751,#1752,#1753);
#1751 = CARTESIAN_POINT('',(-0.299999734334,1.500493074628,
    -2.235172203574E-10));
#1752 = DIRECTION('',(1.,0.,0.));
#1753 = DIRECTION('',(0.,0.,-1.));
#1754 = ADVANCED_FACE('',(#1755),#1773,.F.);
#1755 = FACE_BOUND('',#1756,.T.);
#1756 = EDGE_LOOP('',(#1757,#1758,#1766,#1772));
#1757 = ORIENTED_EDGE('',*,*,#345,.T.);
#1758 = ORIENTED_EDGE('',*,*,#1759,.F.);
#1759 = EDGE_CURVE('',#1760,#338,#1762,.T.);
#1760 = VERTEX_POINT('',#1761);
#1761 = CARTESIAN_POINT('',(0.299999734334,1.500493074628,
    -2.235172203574E-10));
#1762 = LINE('',#1763,#1764);
#1763 = CARTESIAN_POINT('',(0.299999734334,1.500493074628,
    -2.235172203574E-10));
#1764 = VECTOR('',#1765,1.);
#1765 = DIRECTION('',(0.,0.,1.));
#1766 = ORIENTED_EDGE('',*,*,#1767,.F.);
#1767 = EDGE_CURVE('',#1025,#1760,#1768,.T.);
#1768 = LINE('',#1769,#1770);
#1769 = CARTESIAN_POINT('',(0.299999734334,1.500493074628,
    -2.235172203574E-10));
#1770 = VECTOR('',#1771,1.);
#1771 = DIRECTION('',(2.168404344971E-16,-1.,0.));
#1772 = ORIENTED_EDGE('',*,*,#1071,.T.);
#1773 = PLANE('',#1774);
#1774 = AXIS2_PLACEMENT_3D('',#1775,#1776,#1777);
#1775 = CARTESIAN_POINT('',(0.299999734334,1.500493074628,
    -2.235172203574E-10));
#1776 = DIRECTION('',(-1.,-2.168404344971E-16,0.));
#1777 = DIRECTION('',(2.168404344971E-16,-1.,0.));
#1778 = ADVANCED_FACE('',(#1779),#1790,.F.);
#1779 = FACE_BOUND('',#1780,.T.);
#1780 = EDGE_LOOP('',(#1781,#1782,#1783,#1789));
#1781 = ORIENTED_EDGE('',*,*,#337,.T.);
#1782 = ORIENTED_EDGE('',*,*,#1744,.F.);
#1783 = ORIENTED_EDGE('',*,*,#1784,.F.);
#1784 = EDGE_CURVE('',#1760,#1737,#1785,.T.);
#1785 = LINE('',#1786,#1787);
#1786 = CARTESIAN_POINT('',(0.299999734334,1.500493074628,
    -2.235172203574E-10));
#1787 = VECTOR('',#1788,1.);
#1788 = DIRECTION('',(-1.,0.,0.));
#1789 = ORIENTED_EDGE('',*,*,#1759,.T.);
#1790 = PLANE('',#1791);
#1791 = AXIS2_PLACEMENT_3D('',#1792,#1793,#1794);
#1792 = CARTESIAN_POINT('',(0.299999734334,1.500493074628,
    -2.235172203574E-10));
#1793 = DIRECTION('',(0.,1.,0.));
#1794 = DIRECTION('',(0.,-0.,1.));
#1795 = ADVANCED_FACE('',(#1796),#1810,.F.);
#1796 = FACE_BOUND('',#1797,.T.);
#1797 = EDGE_LOOP('',(#1798,#1799,#1806,#1807,#1808,#1809));
#1798 = ORIENTED_EDGE('',*,*,#930,.T.);
#1799 = ORIENTED_EDGE('',*,*,#1800,.T.);
#1800 = EDGE_CURVE('',#923,#1023,#1801,.T.);
#1801 = CIRCLE('',#1802,0.249999778612);
#1802 = AXIS2_PLACEMENT_3D('',#1803,#1804,#1805);
#1803 = CARTESIAN_POINT('',(0.,2.500492189074,-2.235172463783E-10));
#1804 = DIRECTION('',(0.,0.,1.));
#1805 = DIRECTION('',(1.,0.,-0.));
#1806 = ORIENTED_EDGE('',*,*,#1022,.T.);
#1807 = ORIENTED_EDGE('',*,*,#1767,.T.);
#1808 = ORIENTED_EDGE('',*,*,#1784,.T.);
#1809 = ORIENTED_EDGE('',*,*,#1736,.T.);
#1810 = PLANE('',#1811);
#1811 = AXIS2_PLACEMENT_3D('',#1812,#1813,#1814);
#1812 = CARTESIAN_POINT('',(-1.269998875346,4.944029590415E-04,
    -2.235172203574E-10));
#1813 = DIRECTION('',(0.,0.,1.));
#1814 = DIRECTION('',(1.,0.,-0.));
#1815 = ADVANCED_FACE('',(#1816),#1834,.F.);
#1816 = FACE_BOUND('',#1817,.T.);
#1817 = EDGE_LOOP('',(#1818,#1819,#1820,#1828));
#1818 = ORIENTED_EDGE('',*,*,#297,.T.);
#1819 = ORIENTED_EDGE('',*,*,#1001,.F.);
#1820 = ORIENTED_EDGE('',*,*,#1821,.F.);
#1821 = EDGE_CURVE('',#1822,#994,#1824,.T.);
#1822 = VERTEX_POINT('',#1823);
#1823 = CARTESIAN_POINT('',(-1.56999860968,1.500493074628,
    -2.235172203574E-10));
#1824 = LINE('',#1825,#1826);
#1825 = CARTESIAN_POINT('',(-1.56999860968,1.500493074628,
    -2.235172203574E-10));
#1826 = VECTOR('',#1827,1.);
#1827 = DIRECTION('',(0.,1.,0.));
#1828 = ORIENTED_EDGE('',*,*,#1829,.T.);
#1829 = EDGE_CURVE('',#1822,#298,#1830,.T.);
#1830 = LINE('',#1831,#1832);
#1831 = CARTESIAN_POINT('',(-1.56999860968,1.500493074628,
    -2.235172203574E-10));
#1832 = VECTOR('',#1833,1.);
#1833 = DIRECTION('',(0.,0.,1.));
#1834 = PLANE('',#1835);
#1835 = AXIS2_PLACEMENT_3D('',#1836,#1837,#1838);
#1836 = CARTESIAN_POINT('',(-1.56999860968,1.500493074628,
    -2.235172203574E-10));
#1837 = DIRECTION('',(1.,0.,0.));
#1838 = DIRECTION('',(0.,0.,-1.));
#1839 = ADVANCED_FACE('',(#1840),#1858,.F.);
#1840 = FACE_BOUND('',#1841,.T.);
#1841 = EDGE_LOOP('',(#1842,#1843,#1851,#1857));
#1842 = ORIENTED_EDGE('',*,*,#313,.T.);
#1843 = ORIENTED_EDGE('',*,*,#1844,.F.);
#1844 = EDGE_CURVE('',#1845,#306,#1847,.T.);
#1845 = VERTEX_POINT('',#1846);
#1846 = CARTESIAN_POINT('',(-0.969999141013,1.500493074628,
    -2.235172203574E-10));
#1847 = LINE('',#1848,#1849);
#1848 = CARTESIAN_POINT('',(-0.969999141013,1.500493074628,
    -2.235172203574E-10));
#1849 = VECTOR('',#1850,1.);
#1850 = DIRECTION('',(0.,0.,1.));
#1851 = ORIENTED_EDGE('',*,*,#1852,.F.);
#1852 = EDGE_CURVE('',#946,#1845,#1853,.T.);
#1853 = LINE('',#1854,#1855);
#1854 = CARTESIAN_POINT('',(-0.969999141013,1.500493074628,
    -2.235172203574E-10));
#1855 = VECTOR('',#1856,1.);
#1856 = DIRECTION('',(2.168404344971E-16,-1.,0.));
#1857 = ORIENTED_EDGE('',*,*,#945,.T.);
#1858 = PLANE('',#1859);
#1859 = AXIS2_PLACEMENT_3D('',#1860,#1861,#1862);
#1860 = CARTESIAN_POINT('',(-0.969999141013,1.500493074628,
    -2.235172203574E-10));
#1861 = DIRECTION('',(-1.,-2.168404344971E-16,0.));
#1862 = DIRECTION('',(2.168404344971E-16,-1.,0.));
#1863 = ADVANCED_FACE('',(#1864),#1875,.F.);
#1864 = FACE_BOUND('',#1865,.T.);
#1865 = EDGE_LOOP('',(#1866,#1867,#1868,#1874));
#1866 = ORIENTED_EDGE('',*,*,#305,.T.);
#1867 = ORIENTED_EDGE('',*,*,#1829,.F.);
#1868 = ORIENTED_EDGE('',*,*,#1869,.F.);
#1869 = EDGE_CURVE('',#1845,#1822,#1870,.T.);
#1870 = LINE('',#1871,#1872);
#1871 = CARTESIAN_POINT('',(-0.969999141013,1.500493074628,
    -2.235172203574E-10));
#1872 = VECTOR('',#1873,1.);
#1873 = DIRECTION('',(-1.,0.,0.));
#1874 = ORIENTED_EDGE('',*,*,#1844,.T.);
#1875 = PLANE('',#1876);
#1876 = AXIS2_PLACEMENT_3D('',#1877,#1878,#1879);
#1877 = CARTESIAN_POINT('',(-0.969999141013,1.500493074628,
    -2.235172203574E-10));
#1878 = DIRECTION('',(0.,1.,0.));
#1879 = DIRECTION('',(0.,-0.,1.));
#1880 = ADVANCED_FACE('',(#1881),#1895,.F.);
#1881 = FACE_BOUND('',#1882,.T.);
#1882 = EDGE_LOOP('',(#1883,#1884,#1891,#1892,#1893,#1894));
#1883 = ORIENTED_EDGE('',*,*,#993,.T.);
#1884 = ORIENTED_EDGE('',*,*,#1885,.T.);
#1885 = EDGE_CURVE('',#986,#954,#1886,.T.);
#1886 = CIRCLE('',#1887,0.249999778612);
#1887 = AXIS2_PLACEMENT_3D('',#1888,#1889,#1890);
#1888 = CARTESIAN_POINT('',(-1.269998875346,2.500492189074,
    -2.235172463783E-10));
#1889 = DIRECTION('',(0.,0.,1.));
#1890 = DIRECTION('',(1.,0.,-0.));
#1891 = ORIENTED_EDGE('',*,*,#953,.T.);
#1892 = ORIENTED_EDGE('',*,*,#1852,.T.);
#1893 = ORIENTED_EDGE('',*,*,#1869,.T.);
#1894 = ORIENTED_EDGE('',*,*,#1821,.T.);
#1895 = PLANE('',#1896);
#1896 = AXIS2_PLACEMENT_3D('',#1897,#1898,#1899);
#1897 = CARTESIAN_POINT('',(-2.539997750693,4.944029590422E-04,
    -2.235172203574E-10));
#1898 = DIRECTION('',(0.,0.,1.));
#1899 = DIRECTION('',(1.,0.,-0.));
#1900 = ADVANCED_FACE('',(#1901),#1907,.F.);
#1901 = FACE_BOUND('',#1902,.F.);
#1902 = EDGE_LOOP('',(#1903,#1904,#1905,#1906));
#1903 = ORIENTED_EDGE('',*,*,#985,.T.);
#1904 = ORIENTED_EDGE('',*,*,#1885,.T.);
#1905 = ORIENTED_EDGE('',*,*,#961,.T.);
#1906 = ORIENTED_EDGE('',*,*,#1314,.T.);
#1907 = CYLINDRICAL_SURFACE('',#1908,0.249999778612);
#1908 = AXIS2_PLACEMENT_3D('',#1909,#1910,#1911);
#1909 = CARTESIAN_POINT('',(-1.269998875346,2.500492189074,
    0.809999282478));
#1910 = DIRECTION('',(-0.,-0.,-1.));
#1911 = DIRECTION('',(-1.,0.,0.));
#1912 = ADVANCED_FACE('',(#1913),#1919,.F.);
#1913 = FACE_BOUND('',#1914,.F.);
#1914 = EDGE_LOOP('',(#1915,#1916,#1917,#1918));
#1915 = ORIENTED_EDGE('',*,*,#922,.T.);
#1916 = ORIENTED_EDGE('',*,*,#1800,.T.);
#1917 = ORIENTED_EDGE('',*,*,#1032,.T.);
#1918 = ORIENTED_EDGE('',*,*,#1306,.T.);
#1919 = CYLINDRICAL_SURFACE('',#1920,0.249999778612);
#1920 = AXIS2_PLACEMENT_3D('',#1921,#1922,#1923);
#1921 = CARTESIAN_POINT('',(0.,2.500492189074,0.809999282478));
#1922 = DIRECTION('',(-0.,-0.,-1.));
#1923 = DIRECTION('',(-1.,0.,0.));
#1924 = ADVANCED_FACE('',(#1925),#1943,.F.);
#1925 = FACE_BOUND('',#1926,.T.);
#1926 = EDGE_LOOP('',(#1927,#1928,#1936,#1942));
#1927 = ORIENTED_EDGE('',*,*,#232,.T.);
#1928 = ORIENTED_EDGE('',*,*,#1929,.F.);
#1929 = EDGE_CURVE('',#1930,#225,#1932,.T.);
#1930 = VERTEX_POINT('',#1931);
#1931 = CARTESIAN_POINT('',(-2.499997786115,-0.869504826609,
    -2.235172203574E-10));
#1932 = LINE('',#1933,#1934);
#1933 = CARTESIAN_POINT('',(-2.499997786115,-0.869504826609,
    -2.235172203574E-10));
#1934 = VECTOR('',#1935,1.);
#1935 = DIRECTION('',(0.,0.,1.));
#1936 = ORIENTED_EDGE('',*,*,#1937,.F.);
#1937 = EDGE_CURVE('',#1197,#1930,#1938,.T.);
#1938 = LINE('',#1939,#1940);
#1939 = CARTESIAN_POINT('',(-2.499997786115,-0.869504826609,
    -2.235172203574E-10));
#1940 = VECTOR('',#1941,1.);
#1941 = DIRECTION('',(1.,0.,0.));
#1942 = ORIENTED_EDGE('',*,*,#1196,.T.);
#1943 = PLANE('',#1944);
#1944 = AXIS2_PLACEMENT_3D('',#1945,#1946,#1947);
#1945 = CARTESIAN_POINT('',(-2.499997786115,-0.869504826609,
    -2.235172203574E-10));
#1946 = DIRECTION('',(0.,-1.,0.));
#1947 = DIRECTION('',(0.,0.,-1.));
#1948 = ADVANCED_FACE('',(#1949),#1967,.F.);
#1949 = FACE_BOUND('',#1950,.T.);
#1950 = EDGE_LOOP('',(#1951,#1952,#1960,#1966));
#1951 = ORIENTED_EDGE('',*,*,#224,.T.);
#1952 = ORIENTED_EDGE('',*,*,#1953,.F.);
#1953 = EDGE_CURVE('',#1954,#217,#1956,.T.);
#1954 = VERTEX_POINT('',#1955);
#1955 = CARTESIAN_POINT('',(-2.499997786115,-1.669504118166,
    -2.235172203574E-10));
#1956 = LINE('',#1957,#1958);
#1957 = CARTESIAN_POINT('',(-2.499997786115,-1.669504118166,
    -2.235172203574E-10));
#1958 = VECTOR('',#1959,1.);
#1959 = DIRECTION('',(0.,0.,1.));
#1960 = ORIENTED_EDGE('',*,*,#1961,.F.);
#1961 = EDGE_CURVE('',#1930,#1954,#1962,.T.);
#1962 = LINE('',#1963,#1964);
#1963 = CARTESIAN_POINT('',(-2.499997786115,-1.669504118166,
    -2.235172203574E-10));
#1964 = VECTOR('',#1965,1.);
#1965 = DIRECTION('',(0.,-1.,0.));
#1966 = ORIENTED_EDGE('',*,*,#1929,.T.);
#1967 = PLANE('',#1968);
#1968 = AXIS2_PLACEMENT_3D('',#1969,#1970,#1971);
#1969 = CARTESIAN_POINT('',(-2.499997786115,-1.669504118166,
    -2.235172203574E-10));
#1970 = DIRECTION('',(-1.,0.,0.));
#1971 = DIRECTION('',(0.,0.,1.));
#1972 = ADVANCED_FACE('',(#1973),#1984,.F.);
#1973 = FACE_BOUND('',#1974,.T.);
#1974 = EDGE_LOOP('',(#1975,#1976,#1977,#1983));
#1975 = ORIENTED_EDGE('',*,*,#216,.T.);
#1976 = ORIENTED_EDGE('',*,*,#1111,.F.);
#1977 = ORIENTED_EDGE('',*,*,#1978,.F.);
#1978 = EDGE_CURVE('',#1954,#1104,#1979,.T.);
#1979 = LINE('',#1980,#1981);
#1980 = CARTESIAN_POINT('',(-2.499997786115,-1.669504118166,
    -2.235172203574E-10));
#1981 = VECTOR('',#1982,1.);
#1982 = DIRECTION('',(-1.,2.168404344971E-16,0.));
#1983 = ORIENTED_EDGE('',*,*,#1953,.T.);
#1984 = PLANE('',#1985);
#1985 = AXIS2_PLACEMENT_3D('',#1986,#1987,#1988);
#1986 = CARTESIAN_POINT('',(-2.499997786115,-1.669504118166,
    -2.235172203574E-10));
#1987 = DIRECTION('',(2.168404344971E-16,1.,0.));
#1988 = DIRECTION('',(-1.,2.168404344971E-16,0.));
#1989 = ADVANCED_FACE('',(#1990),#2004,.F.);
#1990 = FACE_BOUND('',#1991,.T.);
#1991 = EDGE_LOOP('',(#1992,#1993,#2000,#2001,#2002,#2003));
#1992 = ORIENTED_EDGE('',*,*,#1103,.T.);
#1993 = ORIENTED_EDGE('',*,*,#1994,.T.);
#1994 = EDGE_CURVE('',#1096,#1205,#1995,.T.);
#1995 = CIRCLE('',#1996,0.249999778612);
#1996 = AXIS2_PLACEMENT_3D('',#1997,#1998,#1999);
#1997 = CARTESIAN_POINT('',(-3.499996900561,-1.269504472387,
    -2.235172463783E-10));
#1998 = DIRECTION('',(0.,0.,1.));
#1999 = DIRECTION('',(1.,0.,-0.));
#2000 = ORIENTED_EDGE('',*,*,#1204,.T.);
#2001 = ORIENTED_EDGE('',*,*,#1937,.T.);
#2002 = ORIENTED_EDGE('',*,*,#1961,.T.);
#2003 = ORIENTED_EDGE('',*,*,#1978,.T.);
#2004 = PLANE('',#2005);
#2005 = AXIS2_PLACEMENT_3D('',#2006,#2007,#2008);
#2006 = CARTESIAN_POINT('',(0.,4.944029590408E-04,-2.235172203574E-10));
#2007 = DIRECTION('',(0.,0.,1.));
#2008 = DIRECTION('',(-1.,0.,0.));
#2009 = ADVANCED_FACE('',(#2010),#2020,.T.);
#2010 = FACE_BOUND('',#2011,.T.);
#2011 = EDGE_LOOP('',(#2012,#2013));
#2012 = ORIENTED_EDGE('',*,*,#1085,.T.);
#2013 = ORIENTED_EDGE('',*,*,#2014,.T.);
#2014 = EDGE_CURVE('',#1088,#1086,#2015,.T.);
#2015 = CIRCLE('',#2016,0.249999778612);
#2016 = AXIS2_PLACEMENT_3D('',#2017,#2018,#2019);
#2017 = CARTESIAN_POINT('',(-3.499996900561,-1.269504472387,
    0.799999291333));
#2018 = DIRECTION('',(0.,0.,-1.));
#2019 = DIRECTION('',(1.,0.,0.));
#2020 = PLANE('',#2021);
#2021 = AXIS2_PLACEMENT_3D('',#2022,#2023,#2024);
#2022 = CARTESIAN_POINT('',(-3.499996900561,-1.269504472387,
    0.799999291333));
#2023 = DIRECTION('',(0.,0.,-1.));
#2024 = DIRECTION('',(1.,0.,0.));
#2025 = ADVANCED_FACE('',(#2026),#2032,.F.);
#2026 = FACE_BOUND('',#2027,.F.);
#2027 = EDGE_LOOP('',(#2028,#2029,#2030,#2031));
#2028 = ORIENTED_EDGE('',*,*,#1095,.T.);
#2029 = ORIENTED_EDGE('',*,*,#1994,.T.);
#2030 = ORIENTED_EDGE('',*,*,#1212,.T.);
#2031 = ORIENTED_EDGE('',*,*,#2014,.T.);
#2032 = CYLINDRICAL_SURFACE('',#2033,0.249999778612);
#2033 = AXIS2_PLACEMENT_3D('',#2034,#2035,#2036);
#2034 = CARTESIAN_POINT('',(-3.499996900561,-1.269504472387,
    0.799999291333));
#2035 = DIRECTION('',(-0.,-0.,-1.));
#2036 = DIRECTION('',(-1.,0.,0.));
#2037 = ADVANCED_FACE('',(#2038),#2056,.T.);
#2038 = FACE_BOUND('',#2039,.T.);
#2039 = EDGE_LOOP('',(#2040,#2041,#2049,#2055));
#2040 = ORIENTED_EDGE('',*,*,#507,.F.);
#2041 = ORIENTED_EDGE('',*,*,#2042,.F.);
#2042 = EDGE_CURVE('',#2043,#500,#2045,.T.);
#2043 = VERTEX_POINT('',#2044);
#2044 = CARTESIAN_POINT('',(0.969999141013,-1.49950426871,
    -2.235172203574E-10));
#2045 = LINE('',#2046,#2047);
#2046 = CARTESIAN_POINT('',(0.969999141013,-1.49950426871,
    -2.235172203574E-10));
#2047 = VECTOR('',#2048,1.);
#2048 = DIRECTION('',(0.,0.,1.));
#2049 = ORIENTED_EDGE('',*,*,#2050,.T.);
#2050 = EDGE_CURVE('',#2043,#781,#2051,.T.);
#2051 = LINE('',#2052,#2053);
#2052 = CARTESIAN_POINT('',(0.969999141013,-1.49950426871,
    -2.235172203574E-10));
#2053 = VECTOR('',#2054,1.);
#2054 = DIRECTION('',(0.,-1.,0.));
#2055 = ORIENTED_EDGE('',*,*,#780,.T.);
#2056 = PLANE('',#2057);
#2057 = AXIS2_PLACEMENT_3D('',#2058,#2059,#2060);
#2058 = CARTESIAN_POINT('',(0.969999141013,-1.49950426871,
    -2.235172203574E-10));
#2059 = DIRECTION('',(-1.,0.,0.));
#2060 = DIRECTION('',(0.,0.,1.));
#2061 = ADVANCED_FACE('',(#2062),#2080,.T.);
#2062 = FACE_BOUND('',#2063,.T.);
#2063 = EDGE_LOOP('',(#2064,#2065,#2073,#2079));
#2064 = ORIENTED_EDGE('',*,*,#499,.F.);
#2065 = ORIENTED_EDGE('',*,*,#2066,.F.);
#2066 = EDGE_CURVE('',#2067,#492,#2069,.T.);
#2067 = VERTEX_POINT('',#2068);
#2068 = CARTESIAN_POINT('',(1.56999860968,-1.49950426871,
    -2.235172203574E-10));
#2069 = LINE('',#2070,#2071);
#2070 = CARTESIAN_POINT('',(1.56999860968,-1.49950426871,
    -2.235172203574E-10));
#2071 = VECTOR('',#2072,1.);
#2072 = DIRECTION('',(0.,0.,1.));
#2073 = ORIENTED_EDGE('',*,*,#2074,.T.);
#2074 = EDGE_CURVE('',#2067,#2043,#2075,.T.);
#2075 = LINE('',#2076,#2077);
#2076 = CARTESIAN_POINT('',(1.56999860968,-1.49950426871,
    -2.235172203574E-10));
#2077 = VECTOR('',#2078,1.);
#2078 = DIRECTION('',(-1.,0.,0.));
#2079 = ORIENTED_EDGE('',*,*,#2042,.T.);
#2080 = PLANE('',#2081);
#2081 = AXIS2_PLACEMENT_3D('',#2082,#2083,#2084);
#2082 = CARTESIAN_POINT('',(1.56999860968,-1.49950426871,
    -2.235172203574E-10));
#2083 = DIRECTION('',(0.,1.,0.));
#2084 = DIRECTION('',(0.,-0.,1.));
#2085 = ADVANCED_FACE('',(#2086),#2097,.T.);
#2086 = FACE_BOUND('',#2087,.T.);
#2087 = EDGE_LOOP('',(#2088,#2089,#2090,#2096));
#2088 = ORIENTED_EDGE('',*,*,#491,.F.);
#2089 = ORIENTED_EDGE('',*,*,#710,.F.);
#2090 = ORIENTED_EDGE('',*,*,#2091,.T.);
#2091 = EDGE_CURVE('',#703,#2067,#2092,.T.);
#2092 = LINE('',#2093,#2094);
#2093 = CARTESIAN_POINT('',(1.56999860968,-1.49950426871,
    -2.235172203574E-10));
#2094 = VECTOR('',#2095,1.);
#2095 = DIRECTION('',(2.168404344971E-16,1.,0.));
#2096 = ORIENTED_EDGE('',*,*,#2066,.T.);
#2097 = PLANE('',#2098);
#2098 = AXIS2_PLACEMENT_3D('',#2099,#2100,#2101);
#2099 = CARTESIAN_POINT('',(1.56999860968,-1.49950426871,
    -2.235172203574E-10));
#2100 = DIRECTION('',(1.,-2.168404344971E-16,0.));
#2101 = DIRECTION('',(2.168404344971E-16,1.,0.));
#2102 = ADVANCED_FACE('',(#2103),#2117,.F.);
#2103 = FACE_BOUND('',#2104,.T.);
#2104 = EDGE_LOOP('',(#2105,#2112,#2113,#2114,#2115,#2116));
#2105 = ORIENTED_EDGE('',*,*,#2106,.F.);
#2106 = EDGE_CURVE('',#742,#693,#2107,.T.);
#2107 = CIRCLE('',#2108,0.249999778612);
#2108 = AXIS2_PLACEMENT_3D('',#2109,#2110,#2111);
#2109 = CARTESIAN_POINT('',(1.269998875346,-2.499503383156,
    -2.235172463783E-10));
#2110 = DIRECTION('',(0.,0.,-1.));
#2111 = DIRECTION('',(1.,0.,0.));
#2112 = ORIENTED_EDGE('',*,*,#788,.F.);
#2113 = ORIENTED_EDGE('',*,*,#2050,.F.);
#2114 = ORIENTED_EDGE('',*,*,#2074,.F.);
#2115 = ORIENTED_EDGE('',*,*,#2091,.F.);
#2116 = ORIENTED_EDGE('',*,*,#702,.F.);
#2117 = PLANE('',#2118);
#2118 = AXIS2_PLACEMENT_3D('',#2119,#2120,#2121);
#2119 = CARTESIAN_POINT('',(0.,4.944029590408E-04,-2.235172203574E-10));
#2120 = DIRECTION('',(0.,0.,1.));
#2121 = DIRECTION('',(1.,0.,-0.));
#2122 = ADVANCED_FACE('',(#2123),#2141,.T.);
#2123 = FACE_BOUND('',#2124,.T.);
#2124 = EDGE_LOOP('',(#2125,#2126,#2134,#2140));
#2125 = ORIENTED_EDGE('',*,*,#539,.F.);
#2126 = ORIENTED_EDGE('',*,*,#2127,.F.);
#2127 = EDGE_CURVE('',#2128,#532,#2130,.T.);
#2128 = VERTEX_POINT('',#2129);
#2129 = CARTESIAN_POINT('',(-0.299999734334,-1.49950426871,
    -2.235172203574E-10));
#2130 = LINE('',#2131,#2132);
#2131 = CARTESIAN_POINT('',(-0.299999734334,-1.49950426871,
    -2.235172203574E-10));
#2132 = VECTOR('',#2133,1.);
#2133 = DIRECTION('',(0.,0.,1.));
#2134 = ORIENTED_EDGE('',*,*,#2135,.T.);
#2135 = EDGE_CURVE('',#2128,#844,#2136,.T.);
#2136 = LINE('',#2137,#2138);
#2137 = CARTESIAN_POINT('',(-0.299999734334,-1.49950426871,
    -2.235172203574E-10));
#2138 = VECTOR('',#2139,1.);
#2139 = DIRECTION('',(0.,-1.,0.));
#2140 = ORIENTED_EDGE('',*,*,#843,.T.);
#2141 = PLANE('',#2142);
#2142 = AXIS2_PLACEMENT_3D('',#2143,#2144,#2145);
#2143 = CARTESIAN_POINT('',(-0.299999734334,-1.49950426871,
    -2.235172203574E-10));
#2144 = DIRECTION('',(-1.,0.,0.));
#2145 = DIRECTION('',(0.,0.,1.));
#2146 = ADVANCED_FACE('',(#2147),#2165,.T.);
#2147 = FACE_BOUND('',#2148,.T.);
#2148 = EDGE_LOOP('',(#2149,#2150,#2158,#2164));
#2149 = ORIENTED_EDGE('',*,*,#531,.F.);
#2150 = ORIENTED_EDGE('',*,*,#2151,.F.);
#2151 = EDGE_CURVE('',#2152,#524,#2154,.T.);
#2152 = VERTEX_POINT('',#2153);
#2153 = CARTESIAN_POINT('',(0.299999734334,-1.49950426871,
    -2.235172203574E-10));
#2154 = LINE('',#2155,#2156);
#2155 = CARTESIAN_POINT('',(0.299999734334,-1.49950426871,
    -2.235172203574E-10));
#2156 = VECTOR('',#2157,1.);
#2157 = DIRECTION('',(0.,0.,1.));
#2158 = ORIENTED_EDGE('',*,*,#2159,.T.);
#2159 = EDGE_CURVE('',#2152,#2128,#2160,.T.);
#2160 = LINE('',#2161,#2162);
#2161 = CARTESIAN_POINT('',(0.299999734334,-1.49950426871,
    -2.235172203574E-10));
#2162 = VECTOR('',#2163,1.);
#2163 = DIRECTION('',(-1.,0.,0.));
#2164 = ORIENTED_EDGE('',*,*,#2127,.T.);
#2165 = PLANE('',#2166);
#2166 = AXIS2_PLACEMENT_3D('',#2167,#2168,#2169);
#2167 = CARTESIAN_POINT('',(0.299999734334,-1.49950426871,
    -2.235172203574E-10));
#2168 = DIRECTION('',(0.,1.,0.));
#2169 = DIRECTION('',(0.,-0.,1.));
#2170 = ADVANCED_FACE('',(#2171),#2182,.T.);
#2171 = FACE_BOUND('',#2172,.T.);
#2172 = EDGE_LOOP('',(#2173,#2174,#2175,#2181));
#2173 = ORIENTED_EDGE('',*,*,#523,.F.);
#2174 = ORIENTED_EDGE('',*,*,#773,.F.);
#2175 = ORIENTED_EDGE('',*,*,#2176,.T.);
#2176 = EDGE_CURVE('',#766,#2152,#2177,.T.);
#2177 = LINE('',#2178,#2179);
#2178 = CARTESIAN_POINT('',(0.299999734334,-1.49950426871,
    -2.235172203574E-10));
#2179 = VECTOR('',#2180,1.);
#2180 = DIRECTION('',(2.168404344971E-16,1.,0.));
#2181 = ORIENTED_EDGE('',*,*,#2151,.T.);
#2182 = PLANE('',#2183);
#2183 = AXIS2_PLACEMENT_3D('',#2184,#2185,#2186);
#2184 = CARTESIAN_POINT('',(0.299999734334,-1.49950426871,
    -2.235172203574E-10));
#2185 = DIRECTION('',(1.,-2.168404344971E-16,0.));
#2186 = DIRECTION('',(2.168404344971E-16,1.,0.));
#2187 = ADVANCED_FACE('',(#2188),#2202,.F.);
#2188 = FACE_BOUND('',#2189,.T.);
#2189 = EDGE_LOOP('',(#2190,#2197,#2198,#2199,#2200,#2201));
#2190 = ORIENTED_EDGE('',*,*,#2191,.F.);
#2191 = EDGE_CURVE('',#805,#758,#2192,.T.);
#2192 = CIRCLE('',#2193,0.249999778612);
#2193 = AXIS2_PLACEMENT_3D('',#2194,#2195,#2196);
#2194 = CARTESIAN_POINT('',(0.,-2.499503383156,-2.235172463783E-10));
#2195 = DIRECTION('',(0.,0.,-1.));
#2196 = DIRECTION('',(1.,0.,0.));
#2197 = ORIENTED_EDGE('',*,*,#851,.F.);
#2198 = ORIENTED_EDGE('',*,*,#2135,.F.);
#2199 = ORIENTED_EDGE('',*,*,#2159,.F.);
#2200 = ORIENTED_EDGE('',*,*,#2176,.F.);
#2201 = ORIENTED_EDGE('',*,*,#765,.F.);
#2202 = PLANE('',#2203);
#2203 = AXIS2_PLACEMENT_3D('',#2204,#2205,#2206);
#2204 = CARTESIAN_POINT('',(-1.269998875346,4.944029590401E-04,
    -2.235172203574E-10));
#2205 = DIRECTION('',(0.,0.,1.));
#2206 = DIRECTION('',(1.,0.,-0.));
#2207 = ADVANCED_FACE('',(#2208),#2226,.T.);
#2208 = FACE_BOUND('',#2209,.T.);
#2209 = EDGE_LOOP('',(#2210,#2218,#2219,#2220));
#2210 = ORIENTED_EDGE('',*,*,#2211,.T.);
#2211 = EDGE_CURVE('',#2212,#891,#2214,.T.);
#2212 = VERTEX_POINT('',#2213);
#2213 = CARTESIAN_POINT('',(-1.56999860968,-1.249504490099,
    -2.235172203574E-10));
#2214 = LINE('',#2215,#2216);
#2215 = CARTESIAN_POINT('',(-1.56999860968,-1.49950426871,
    -2.235172203574E-10));
#2216 = VECTOR('',#2217,1.);
#2217 = DIRECTION('',(0.,-1.,0.));
#2218 = ORIENTED_EDGE('',*,*,#890,.T.);
#2219 = ORIENTED_EDGE('',*,*,#183,.F.);
#2220 = ORIENTED_EDGE('',*,*,#2221,.F.);
#2221 = EDGE_CURVE('',#2212,#174,#2222,.T.);
#2222 = LINE('',#2223,#2224);
#2223 = CARTESIAN_POINT('',(-1.56999860968,-1.249504490099,
    -2.235172203574E-10));
#2224 = VECTOR('',#2225,1.);
#2225 = DIRECTION('',(0.,0.,1.));
#2226 = PLANE('',#2227);
#2227 = AXIS2_PLACEMENT_3D('',#2228,#2229,#2230);
#2228 = CARTESIAN_POINT('',(-1.56999860968,-1.49950426871,
    -2.235172203574E-10));
#2229 = DIRECTION('',(-1.,0.,0.));
#2230 = DIRECTION('',(0.,0.,1.));
#2231 = ADVANCED_FACE('',(#2232),#2250,.T.);
#2232 = FACE_BOUND('',#2233,.T.);
#2233 = EDGE_LOOP('',(#2234,#2242,#2243,#2244));
#2234 = ORIENTED_EDGE('',*,*,#2235,.T.);
#2235 = EDGE_CURVE('',#2236,#176,#2238,.T.);
#2236 = VERTEX_POINT('',#2237);
#2237 = CARTESIAN_POINT('',(-0.969999141013,-1.249504490099,
    -2.235172203574E-10));
#2238 = LINE('',#2239,#2240);
#2239 = CARTESIAN_POINT('',(-0.969999141013,-1.249504490099,
    -2.235172203574E-10));
#2240 = VECTOR('',#2241,1.);
#2241 = DIRECTION('',(0.,0.,1.));
#2242 = ORIENTED_EDGE('',*,*,#555,.F.);
#2243 = ORIENTED_EDGE('',*,*,#836,.F.);
#2244 = ORIENTED_EDGE('',*,*,#2245,.T.);
#2245 = EDGE_CURVE('',#829,#2236,#2246,.T.);
#2246 = LINE('',#2247,#2248);
#2247 = CARTESIAN_POINT('',(-0.969999141013,-1.49950426871,
    -2.235172203574E-10));
#2248 = VECTOR('',#2249,1.);
#2249 = DIRECTION('',(2.168404344971E-16,1.,0.));
#2250 = PLANE('',#2251);
#2251 = AXIS2_PLACEMENT_3D('',#2252,#2253,#2254);
#2252 = CARTESIAN_POINT('',(-0.969999141013,-1.49950426871,
    -2.235172203574E-10));
#2253 = DIRECTION('',(1.,-2.168404344971E-16,0.));
#2254 = DIRECTION('',(2.168404344971E-16,1.,0.));
#2255 = ADVANCED_FACE('',(#2256),#2275,.F.);
#2256 = FACE_BOUND('',#2257,.T.);
#2257 = EDGE_LOOP('',(#2258,#2264,#2265,#2266,#2273,#2274));
#2258 = ORIENTED_EDGE('',*,*,#2259,.T.);
#2259 = EDGE_CURVE('',#2212,#2236,#2260,.T.);
#2260 = LINE('',#2261,#2262);
#2261 = CARTESIAN_POINT('',(-0.969999141013,-1.249504490099,
    -2.235172203574E-10));
#2262 = VECTOR('',#2263,1.);
#2263 = DIRECTION('',(1.,0.,0.));
#2264 = ORIENTED_EDGE('',*,*,#2245,.F.);
#2265 = ORIENTED_EDGE('',*,*,#828,.F.);
#2266 = ORIENTED_EDGE('',*,*,#2267,.F.);
#2267 = EDGE_CURVE('',#868,#821,#2268,.T.);
#2268 = CIRCLE('',#2269,0.249999778612);
#2269 = AXIS2_PLACEMENT_3D('',#2270,#2271,#2272);
#2270 = CARTESIAN_POINT('',(-1.269998875346,-2.499503383156,
    -2.235172463783E-10));
#2271 = DIRECTION('',(0.,0.,-1.));
#2272 = DIRECTION('',(1.,0.,0.));
#2273 = ORIENTED_EDGE('',*,*,#898,.F.);
#2274 = ORIENTED_EDGE('',*,*,#2211,.F.);
#2275 = PLANE('',#2276);
#2276 = AXIS2_PLACEMENT_3D('',#2277,#2278,#2279);
#2277 = CARTESIAN_POINT('',(-2.539997750693,4.944029590394E-04,
    -2.235172203574E-10));
#2278 = DIRECTION('',(0.,0.,1.));
#2279 = DIRECTION('',(1.,0.,-0.));
#2280 = ADVANCED_FACE('',(#2281),#2287,.F.);
#2281 = FACE_BOUND('',#2282,.F.);
#2282 = EDGE_LOOP('',(#2283,#2284,#2285,#2286));
#2283 = ORIENTED_EDGE('',*,*,#2267,.F.);
#2284 = ORIENTED_EDGE('',*,*,#865,.F.);
#2285 = ORIENTED_EDGE('',*,*,#1338,.F.);
#2286 = ORIENTED_EDGE('',*,*,#820,.F.);
#2287 = CYLINDRICAL_SURFACE('',#2288,0.249999778612);
#2288 = AXIS2_PLACEMENT_3D('',#2289,#2290,#2291);
#2289 = CARTESIAN_POINT('',(-1.269998875346,-2.499503383156,
    0.809999282478));
#2290 = DIRECTION('',(-0.,-0.,-1.));
#2291 = DIRECTION('',(-1.,0.,0.));
#2292 = ADVANCED_FACE('',(#2293),#2299,.F.);
#2293 = FACE_BOUND('',#2294,.F.);
#2294 = EDGE_LOOP('',(#2295,#2296,#2297,#2298));
#2295 = ORIENTED_EDGE('',*,*,#2191,.F.);
#2296 = ORIENTED_EDGE('',*,*,#802,.F.);
#2297 = ORIENTED_EDGE('',*,*,#1346,.F.);
#2298 = ORIENTED_EDGE('',*,*,#757,.F.);
#2299 = CYLINDRICAL_SURFACE('',#2300,0.249999778612);
#2300 = AXIS2_PLACEMENT_3D('',#2301,#2302,#2303);
#2301 = CARTESIAN_POINT('',(0.,-2.499503383156,0.809999282478));
#2302 = DIRECTION('',(-0.,-0.,-1.));
#2303 = DIRECTION('',(-1.,0.,0.));
#2304 = ADVANCED_FACE('',(#2305),#2311,.F.);
#2305 = FACE_BOUND('',#2306,.F.);
#2306 = EDGE_LOOP('',(#2307,#2308,#2309,#2310));
#2307 = ORIENTED_EDGE('',*,*,#2106,.F.);
#2308 = ORIENTED_EDGE('',*,*,#739,.F.);
#2309 = ORIENTED_EDGE('',*,*,#1274,.F.);
#2310 = ORIENTED_EDGE('',*,*,#692,.F.);
#2311 = CYLINDRICAL_SURFACE('',#2312,0.249999778612);
#2312 = AXIS2_PLACEMENT_3D('',#2313,#2314,#2315);
#2313 = CARTESIAN_POINT('',(1.269998875346,-2.499503383156,
    0.809999282478));
#2314 = DIRECTION('',(-0.,-0.,-1.));
#2315 = DIRECTION('',(-1.,0.,0.));
#2316 = ADVANCED_FACE('',(#2317),#2335,.T.);
#2317 = FACE_BOUND('',#2318,.T.);
#2318 = EDGE_LOOP('',(#2319,#2320,#2328,#2334));
#2319 = ORIENTED_EDGE('',*,*,#458,.F.);
#2320 = ORIENTED_EDGE('',*,*,#2321,.F.);
#2321 = EDGE_CURVE('',#2322,#451,#2324,.T.);
#2322 = VERTEX_POINT('',#2323);
#2323 = CARTESIAN_POINT('',(2.499997786115,-1.669504118166,
    -2.235172203574E-10));
#2324 = LINE('',#2325,#2326);
#2325 = CARTESIAN_POINT('',(2.499997786115,-1.669504118166,
    -2.235172203574E-10));
#2326 = VECTOR('',#2327,1.);
#2327 = DIRECTION('',(0.,0.,1.));
#2328 = ORIENTED_EDGE('',*,*,#2329,.T.);
#2329 = EDGE_CURVE('',#2322,#655,#2330,.T.);
#2330 = LINE('',#2331,#2332);
#2331 = CARTESIAN_POINT('',(2.499997786115,-1.669504118166,
    -2.235172203574E-10));
#2332 = VECTOR('',#2333,1.);
#2333 = DIRECTION('',(1.,2.168404344971E-16,0.));
#2334 = ORIENTED_EDGE('',*,*,#654,.T.);
#2335 = PLANE('',#2336);
#2336 = AXIS2_PLACEMENT_3D('',#2337,#2338,#2339);
#2337 = CARTESIAN_POINT('',(2.499997786115,-1.669504118166,
    -2.235172203574E-10));
#2338 = DIRECTION('',(2.168404344971E-16,-1.,0.));
#2339 = DIRECTION('',(1.,2.168404344971E-16,0.));
#2340 = ADVANCED_FACE('',(#2341),#2359,.T.);
#2341 = FACE_BOUND('',#2342,.T.);
#2342 = EDGE_LOOP('',(#2343,#2344,#2352,#2358));
#2343 = ORIENTED_EDGE('',*,*,#450,.F.);
#2344 = ORIENTED_EDGE('',*,*,#2345,.F.);
#2345 = EDGE_CURVE('',#2346,#443,#2348,.T.);
#2346 = VERTEX_POINT('',#2347);
#2347 = CARTESIAN_POINT('',(2.499997786115,-0.869504826609,
    -2.235172203574E-10));
#2348 = LINE('',#2349,#2350);
#2349 = CARTESIAN_POINT('',(2.499997786115,-0.869504826609,
    -2.235172203574E-10));
#2350 = VECTOR('',#2351,1.);
#2351 = DIRECTION('',(0.,0.,1.));
#2352 = ORIENTED_EDGE('',*,*,#2353,.T.);
#2353 = EDGE_CURVE('',#2346,#2322,#2354,.T.);
#2354 = LINE('',#2355,#2356);
#2355 = CARTESIAN_POINT('',(2.499997786115,-1.669504118166,
    -2.235172203574E-10));
#2356 = VECTOR('',#2357,1.);
#2357 = DIRECTION('',(0.,-1.,0.));
#2358 = ORIENTED_EDGE('',*,*,#2321,.T.);
#2359 = PLANE('',#2360);
#2360 = AXIS2_PLACEMENT_3D('',#2361,#2362,#2363);
#2361 = CARTESIAN_POINT('',(2.499997786115,-1.669504118166,
    -2.235172203574E-10));
#2362 = DIRECTION('',(-1.,0.,0.));
#2363 = DIRECTION('',(0.,0.,1.));
#2364 = ADVANCED_FACE('',(#2365),#2376,.T.);
#2365 = FACE_BOUND('',#2366,.T.);
#2366 = EDGE_LOOP('',(#2367,#2368,#2369,#2375));
#2367 = ORIENTED_EDGE('',*,*,#442,.F.);
#2368 = ORIENTED_EDGE('',*,*,#578,.F.);
#2369 = ORIENTED_EDGE('',*,*,#2370,.T.);
#2370 = EDGE_CURVE('',#571,#2346,#2371,.T.);
#2371 = LINE('',#2372,#2373);
#2372 = CARTESIAN_POINT('',(2.499997786115,-0.869504826609,
    -2.235172203574E-10));
#2373 = VECTOR('',#2374,1.);
#2374 = DIRECTION('',(-1.,0.,0.));
#2375 = ORIENTED_EDGE('',*,*,#2345,.T.);
#2376 = PLANE('',#2377);
#2377 = AXIS2_PLACEMENT_3D('',#2378,#2379,#2380);
#2378 = CARTESIAN_POINT('',(2.499997786115,-0.869504826609,
    -2.235172203574E-10));
#2379 = DIRECTION('',(0.,1.,0.));
#2380 = DIRECTION('',(0.,-0.,1.));
#2381 = ADVANCED_FACE('',(#2382),#2397,.F.);
#2382 = FACE_BOUND('',#2383,.T.);
#2383 = EDGE_LOOP('',(#2384,#2391,#2392,#2393,#2394,#2395,#2396));
#2384 = ORIENTED_EDGE('',*,*,#2385,.F.);
#2385 = EDGE_CURVE('',#663,#100,#2386,.T.);
#2386 = CIRCLE('',#2387,0.249999778612);
#2387 = AXIS2_PLACEMENT_3D('',#2388,#2389,#2390);
#2388 = CARTESIAN_POINT('',(3.499996900561,-1.269504472387,
    -2.235172463783E-10));
#2389 = DIRECTION('',(0.,0.,-1.));
#2390 = DIRECTION('',(1.,0.,0.));
#2391 = ORIENTED_EDGE('',*,*,#662,.F.);
#2392 = ORIENTED_EDGE('',*,*,#2329,.F.);
#2393 = ORIENTED_EDGE('',*,*,#2353,.F.);
#2394 = ORIENTED_EDGE('',*,*,#2370,.F.);
#2395 = ORIENTED_EDGE('',*,*,#570,.F.);
#2396 = ORIENTED_EDGE('',*,*,#99,.F.);
#2397 = PLANE('',#2398);
#2398 = AXIS2_PLACEMENT_3D('',#2399,#2400,#2401);
#2399 = CARTESIAN_POINT('',(0.,4.944029590408E-04,-2.235172203574E-10));
#2400 = DIRECTION('',(0.,0.,1.));
#2401 = DIRECTION('',(1.,0.,-0.));
#2402 = ADVANCED_FACE('',(#2403),#2414,.T.);
#2403 = FACE_BOUND('',#2404,.T.);
#2404 = EDGE_LOOP('',(#2405,#2406,#2413));
#2405 = ORIENTED_EDGE('',*,*,#678,.T.);
#2406 = ORIENTED_EDGE('',*,*,#2407,.F.);
#2407 = EDGE_CURVE('',#109,#671,#2408,.T.);
#2408 = CIRCLE('',#2409,0.249999778612);
#2409 = AXIS2_PLACEMENT_3D('',#2410,#2411,#2412);
#2410 = CARTESIAN_POINT('',(3.499996900561,-1.269504472387,
    0.799999291333));
#2411 = DIRECTION('',(0.,0.,1.));
#2412 = DIRECTION('',(-1.,0.,0.));
#2413 = ORIENTED_EDGE('',*,*,#116,.F.);
#2414 = PLANE('',#2415);
#2415 = AXIS2_PLACEMENT_3D('',#2416,#2417,#2418);
#2416 = CARTESIAN_POINT('',(3.499996900561,-1.269504472387,
    0.799999291333));
#2417 = DIRECTION('',(0.,0.,-1.));
#2418 = DIRECTION('',(-1.,0.,0.));
#2419 = ADVANCED_FACE('',(#2420),#2426,.F.);
#2420 = FACE_BOUND('',#2421,.F.);
#2421 = EDGE_LOOP('',(#2422,#2423,#2424,#2425));
#2422 = ORIENTED_EDGE('',*,*,#2385,.F.);
#2423 = ORIENTED_EDGE('',*,*,#670,.F.);
#2424 = ORIENTED_EDGE('',*,*,#2407,.F.);
#2425 = ORIENTED_EDGE('',*,*,#108,.T.);
#2426 = CYLINDRICAL_SURFACE('',#2427,0.249999778612);
#2427 = AXIS2_PLACEMENT_3D('',#2428,#2429,#2430);
#2428 = CARTESIAN_POINT('',(3.499996900561,-1.269504472387,
    0.799999291333));
#2429 = DIRECTION('',(-0.,-0.,-1.));
#2430 = DIRECTION('',(-1.,0.,0.));
#2431 = ADVANCED_FACE('',(#2432),#2438,.F.);
#2432 = FACE_BOUND('',#2433,.T.);
#2433 = EDGE_LOOP('',(#2434,#2435,#2436,#2437));
#2434 = ORIENTED_EDGE('',*,*,#173,.T.);
#2435 = ORIENTED_EDGE('',*,*,#2235,.F.);
#2436 = ORIENTED_EDGE('',*,*,#2259,.F.);
#2437 = ORIENTED_EDGE('',*,*,#2221,.T.);
#2438 = PLANE('',#2439);
#2439 = AXIS2_PLACEMENT_3D('',#2440,#2441,#2442);
#2440 = CARTESIAN_POINT('',(-0.969999141013,-1.249504490099,
    -2.235172203574E-10));
#2441 = DIRECTION('',(0.,-1.,0.));
#2442 = DIRECTION('',(0.,0.,-1.));
#2443 = ( GEOMETRIC_REPRESENTATION_CONTEXT(3) 
GLOBAL_UNCERTAINTY_ASSIGNED_CONTEXT((#2447)) 
GLOBAL_UNIT_ASSIGNED_CONTEXT((#2444,#2445,#2446)) REPRESENTATION_CONTEXT
('Context #1','3D Context with UNIT and UNCERTAINTY') );
#2444 = ( LENGTH_UNIT() NAMED_UNIT(*) SI_UNIT(.MILLI.,.METRE.) );
#2445 = ( NAMED_UNIT(*) PLANE_ANGLE_UNIT() SI_UNIT($,.RADIAN.) );
#2446 = ( NAMED_UNIT(*) SI_UNIT($,.STERADIAN.) SOLID_ANGLE_UNIT() );
#2447 = UNCERTAINTY_MEASURE_WITH_UNIT(LENGTH_MEASURE(1.E-07),#2444,
  'distance_accuracy_value','confusion accuracy');
#2448 = CONTEXT_DEPENDENT_SHAPE_REPRESENTATION(#2449,#2451);
#2449 = ( REPRESENTATION_RELATIONSHIP('','',#82,#55) 
REPRESENTATION_RELATIONSHIP_WITH_TRANSFORMATION(#2450) 
SHAPE_REPRESENTATION_RELATIONSHIP() );
#2450 = ITEM_DEFINED_TRANSFORMATION('','',#11,#56);
#2451 = PRODUCT_DEFINITION_SHAPE('Placement','Placement of an item',
  #2452);
#2452 = NEXT_ASSEMBLY_USAGE_OCCURRENCE('1',
'OSC-SMD_10P-L7.0-W5.0-BL_OHXXXXXXX~OSC-SMD_10P-L7.0-W5.0-BL_
OHXXXXXXX~TpNm','',#50,#77,$);
#2453 = PRODUCT_RELATED_PRODUCT_CATEGORY('part',$,(#79));
#2454 = SHAPE_DEFINITION_REPRESENTATION(#2455,#2461);
#2455 = PRODUCT_DEFINITION_SHAPE('','',#2456);
#2456 = PRODUCT_DEFINITION('design','',#2457,#2460);
#2457 = PRODUCT_DEFINITION_FORMATION('','',#2458);
#2458 = PRODUCT(
'OSC-SMD_10P-L7.0-W5.0-BL_OHXXXXXXX~OSC-SMD_10P-L7.0-W5.0-BL_
OHXXXXXXX~TpNm001',
'OSC-SMD_10P-L7.0-W5.0-BL_OHXXXXXXX~OSC-SMD_10P-L7.0-W5.0-BL_
OHXXXXXXX~TpNm001','',(#2459));
#2459 = PRODUCT_CONTEXT('',#2,'mechanical');
#2460 = PRODUCT_DEFINITION_CONTEXT('part definition',#2,'design');
#2461 = ADVANCED_BREP_SHAPE_REPRESENTATION('',(#11,#2462),#10967);
#2462 = MANIFOLD_SOLID_BREP('',#2463);
#2463 = CLOSED_SHELL('',(#2464,#2506,#4038,#4072,#4106,#4140,#4164,#4188
    ,#4222,#4256,#4290,#4335,#4380,#4416,#4464,#4486,#4518,#4543,#4561,
    #4572,#4604,#4629,#4647,#4658,#4690,#4715,#4733,#4744,#4776,#4801,
    #4819,#4830,#4848,#4858,#4889,#4913,#4937,#4961,#4985,#5002,#5016,
    #5052,#5076,#5105,#5134,#5163,#5192,#5221,#5250,#5274,#5303,#5332,
    #5361,#5390,#5412,#5434,#5465,#5489,#5513,#5537,#5561,#5585,#5609,
    #5633,#5657,#5681,#5705,#5722,#5742,#5872,#5894,#5915,#5936,#5957,
    #5978,#5995,#6007,#6038,#6062,#6086,#6115,#6144,#6173,#6195,#6210,
    #6334,#6356,#6373,#6390,#6407,#6424,#6441,#6458,#6470,#6501,#6525,
    #6554,#6578,#6607,#6624,#6638,#6669,#6693,#6717,#6741,#6765,#6789,
    #6813,#6837,#6861,#6885,#6909,#6926,#6946,#7146,#7172,#7189,#7210,
    #7231,#7248,#7269,#7290,#7311,#7332,#7349,#7366,#7383,#7400,#7416,
    #7452,#7481,#7510,#7539,#7568,#7597,#7621,#7638,#7654,#7690,#7714,
    #7743,#7772,#7801,#7830,#7859,#7888,#7917,#7946,#7975,#8004,#8028,
    #8057,#8086,#8115,#8144,#8173,#8202,#8231,#8253,#8282,#8313,#8337,
    #8366,#8390,#8414,#8438,#8462,#8486,#8510,#8539,#8568,#8592,#8621,
    #8650,#8667,#8690,#8721,#8745,#8769,#8793,#8817,#8841,#8865,#8889,
    #8913,#8937,#8961,#8978,#8998,#9128,#9150,#9171,#9192,#9213,#9234,
    #9251,#9263,#9294,#9318,#9342,#9371,#9400,#9429,#9451,#9466,#9590,
    #9612,#9629,#9646,#9663,#9680,#9697,#9714,#9726,#9757,#9781,#9810,
    #9834,#9863,#9880,#9894,#10219,#10245,#10266,#10287,#10308,#10329,
    #10350,#10371,#10392,#10413,#10434,#10455,#10476,#10493,#10510,
    #10527,#10544,#10565,#10586,#10607,#10628,#10649,#10670,#10691,
    #10708,#10729,#10750,#10767,#10788,#10809,#10830,#10847,#10868,
    #10884,#10929,#10957));
#2464 = ADVANCED_FACE('',(#2465),#2501,.F.);
#2465 = FACE_BOUND('',#2466,.F.);
#2466 = EDGE_LOOP('',(#2467,#2477,#2486,#2494));
#2467 = ORIENTED_EDGE('',*,*,#2468,.T.);
#2468 = EDGE_CURVE('',#2469,#2471,#2473,.T.);
#2469 = VERTEX_POINT('',#2470);
#2470 = CARTESIAN_POINT('',(-2.461099998581,-1.773977111128,
    3.299997077448));
#2471 = VERTEX_POINT('',#2472);
#2472 = CARTESIAN_POINT('',(-2.461099998581,-1.773977111128,
    3.309997068593));
#2473 = LINE('',#2474,#2475);
#2474 = CARTESIAN_POINT('',(-2.461099998581,-1.773977111128,
    3.299997077448));
#2475 = VECTOR('',#2476,1.);
#2476 = DIRECTION('',(0.,0.,1.));
#2477 = ORIENTED_EDGE('',*,*,#2478,.F.);
#2478 = EDGE_CURVE('',#2479,#2471,#2481,.T.);
#2479 = VERTEX_POINT('',#2480);
#2480 = CARTESIAN_POINT('',(-2.961099555804,-1.773977111128,
    3.309997068593));
#2481 = CIRCLE('',#2482,0.249999778612);
#2482 = AXIS2_PLACEMENT_3D('',#2483,#2484,#2485);
#2483 = CARTESIAN_POINT('',(-2.711099777193,-1.773977111128,
    3.309997068593));
#2484 = DIRECTION('',(0.,0.,1.));
#2485 = DIRECTION('',(1.,0.,-0.));
#2486 = ORIENTED_EDGE('',*,*,#2487,.F.);
#2487 = EDGE_CURVE('',#2488,#2479,#2490,.T.);
#2488 = VERTEX_POINT('',#2489);
#2489 = CARTESIAN_POINT('',(-2.961099555804,-1.773977111128,
    3.299997077448));
#2490 = LINE('',#2491,#2492);
#2491 = CARTESIAN_POINT('',(-2.961099555804,-1.773977111128,
    3.299997077448));
#2492 = VECTOR('',#2493,1.);
#2493 = DIRECTION('',(0.,0.,1.));
#2494 = ORIENTED_EDGE('',*,*,#2495,.T.);
#2495 = EDGE_CURVE('',#2488,#2469,#2496,.T.);
#2496 = CIRCLE('',#2497,0.249999778612);
#2497 = AXIS2_PLACEMENT_3D('',#2498,#2499,#2500);
#2498 = CARTESIAN_POINT('',(-2.711099777193,-1.773977111128,
    3.299997077448));
#2499 = DIRECTION('',(0.,0.,1.));
#2500 = DIRECTION('',(1.,0.,-0.));
#2501 = CYLINDRICAL_SURFACE('',#2502,0.249999778612);
#2502 = AXIS2_PLACEMENT_3D('',#2503,#2504,#2505);
#2503 = CARTESIAN_POINT('',(-2.711099777193,-1.773977111128,
    3.299997077448));
#2504 = DIRECTION('',(0.,0.,1.));
#2505 = DIRECTION('',(1.,0.,-0.));
#2506 = ADVANCED_FACE('',(#2507,#2801,#2928,#3117,#3239,#3305,#3367,
    #3465,#3591,#3659,#3709,#3807,#3905,#3967),#4033,.T.);
#2507 = FACE_BOUND('',#2508,.T.);
#2508 = EDGE_LOOP('',(#2509,#2520,#2529,#2538,#2547,#2555,#2564,#2573,
    #2582,#2590,#2599,#2608,#2617,#2626,#2635,#2644,#2653,#2662,#2671,
    #2680,#2688,#2696,#2704,#2713,#2722,#2731,#2740,#2749,#2758,#2767,
    #2776,#2785,#2794));
#2509 = ORIENTED_EDGE('',*,*,#2510,.F.);
#2510 = EDGE_CURVE('',#2511,#2513,#2515,.T.);
#2511 = VERTEX_POINT('',#2512);
#2512 = CARTESIAN_POINT('',(-0.506708334738,-2.460501803966,
    1.554193746038));
#2513 = VERTEX_POINT('',#2514);
#2514 = CARTESIAN_POINT('',(-0.597805471554,-2.453526902047,
    1.687282802945));
#2515 = B_SPLINE_CURVE_WITH_KNOTS('',3,(#2516,#2517,#2518,#2519),
  .UNSPECIFIED.,.F.,.F.,(4,4),(0.,1.),.PIECEWISE_BEZIER_KNOTS.);
#2516 = CARTESIAN_POINT('',(-0.506708334738,-2.460501803966,
    1.554193746038));
#2517 = CARTESIAN_POINT('',(-0.525265127919,-2.457853107067,
    1.604733893619));
#2518 = CARTESIAN_POINT('',(-0.557317840891,-2.455469280026,
    1.650220023232));
#2519 = CARTESIAN_POINT('',(-0.597805471554,-2.453526902047,
    1.687282802945));
#2520 = ORIENTED_EDGE('',*,*,#2521,.F.);
#2521 = EDGE_CURVE('',#2522,#2511,#2524,.T.);
#2522 = VERTEX_POINT('',#2523);
#2523 = CARTESIAN_POINT('',(-0.339697003047,-2.472067777396,
    1.333501826095));
#2524 = B_SPLINE_CURVE_WITH_KNOTS('',3,(#2525,#2526,#2527,#2528),
  .UNSPECIFIED.,.F.,.F.,(4,4),(35.,36.),.PIECEWISE_BEZIER_KNOTS.);
#2525 = CARTESIAN_POINT('',(-0.339697003047,-2.472067777396,
    1.333501826095));
#2526 = CARTESIAN_POINT('',(-0.341383960844,-2.466770386965,
    1.434582056996));
#2527 = CARTESIAN_POINT('',(-0.410550324531,-2.462091021432,
    1.523869670339));
#2528 = CARTESIAN_POINT('',(-0.506708334738,-2.460501803966,
    1.554193746038));
#2529 = ORIENTED_EDGE('',*,*,#2530,.F.);
#2530 = EDGE_CURVE('',#2531,#2522,#2533,.T.);
#2531 = VERTEX_POINT('',#2532);
#2532 = CARTESIAN_POINT('',(-0.40211540684,-2.480455317578,
    1.173458025415));
#2533 = B_SPLINE_CURVE_WITH_KNOTS('',3,(#2534,#2535,#2536,#2537),
  .UNSPECIFIED.,.F.,.F.,(4,4),(34.,35.),.PIECEWISE_BEZIER_KNOTS.);
#2534 = CARTESIAN_POINT('',(-0.40211540684,-2.480455317578,
    1.173458025415));
#2535 = CARTESIAN_POINT('',(-0.361627776175,-2.478159781612,
    1.217259460947));
#2536 = CARTESIAN_POINT('',(-0.339697003047,-2.475157923779,
    1.274538320581));
#2537 = CARTESIAN_POINT('',(-0.339697003047,-2.472067777396,
    1.333501826095));
#2538 = ORIENTED_EDGE('',*,*,#2539,.F.);
#2539 = EDGE_CURVE('',#2540,#2531,#2542,.T.);
#2540 = VERTEX_POINT('',#2541);
#2541 = CARTESIAN_POINT('',(-0.555630883093,-2.484428362927,
    1.097647804039));
#2542 = B_SPLINE_CURVE_WITH_KNOTS('',3,(#2543,#2544,#2545,#2546),
  .UNSPECIFIED.,.F.,.F.,(4,4),(33.,34.),.PIECEWISE_BEZIER_KNOTS.);
#2543 = CARTESIAN_POINT('',(-0.555630883093,-2.484428362927,
    1.097647804039));
#2544 = CARTESIAN_POINT('',(-0.49658645925,-2.484163493911,
    1.102701805945));
#2545 = CARTESIAN_POINT('',(-0.442602973149,-2.482750853543,
    1.129656589882));
#2546 = CARTESIAN_POINT('',(-0.40211540684,-2.480455317578,
    1.173458025415));
#2547 = ORIENTED_EDGE('',*,*,#2548,.F.);
#2548 = EDGE_CURVE('',#2549,#2540,#2551,.T.);
#2549 = VERTEX_POINT('',#2550);
#2550 = CARTESIAN_POINT('',(-0.655162873248,-2.484428362927,
    1.097647804039));
#2551 = LINE('',#2552,#2553);
#2552 = CARTESIAN_POINT('',(-0.560691820838,-2.484428362927,
    1.097647804039));
#2553 = VECTOR('',#2554,1.);
#2554 = DIRECTION('',(1.,0.,0.));
#2555 = ORIENTED_EDGE('',*,*,#2556,.F.);
#2556 = EDGE_CURVE('',#2557,#2549,#2559,.T.);
#2557 = VERTEX_POINT('',#2558);
#2558 = CARTESIAN_POINT('',(-0.704085421604,-2.481691377478,
    1.149872597503));
#2559 = B_SPLINE_CURVE_WITH_KNOTS('',3,(#2560,#2561,#2562,#2563),
  .UNSPECIFIED.,.F.,.F.,(4,4),(28.,29.),.PIECEWISE_BEZIER_KNOTS.);
#2560 = CARTESIAN_POINT('',(-0.704085421604,-2.481691377478,
    1.149872597503));
#2561 = CARTESIAN_POINT('',(-0.704085421604,-2.483104014477,
    1.122917877831));
#2562 = CARTESIAN_POINT('',(-0.682154648476,-2.484340074378,
    1.099332449918));
#2563 = CARTESIAN_POINT('',(-0.655162873248,-2.484428362927,
    1.097647804039));
#2564 = ORIENTED_EDGE('',*,*,#2565,.F.);
#2565 = EDGE_CURVE('',#2566,#2557,#2568,.T.);
#2566 = VERTEX_POINT('',#2567);
#2567 = CARTESIAN_POINT('',(-0.651788957654,-2.478954392029,
    1.202097390966));
#2568 = B_SPLINE_CURVE_WITH_KNOTS('',3,(#2569,#2570,#2571,#2572),
  .UNSPECIFIED.,.F.,.F.,(4,4),(27.,28.),.PIECEWISE_BEZIER_KNOTS.);
#2569 = CARTESIAN_POINT('',(-0.651788957654,-2.478954392029,
    1.202097390966));
#2570 = CARTESIAN_POINT('',(-0.680467690678,-2.478954392029,
    1.202097390966));
#2571 = CARTESIAN_POINT('',(-0.704085421604,-2.480190451929,
    1.178511963055));
#2572 = CARTESIAN_POINT('',(-0.704085421604,-2.481691377478,
    1.149872597503));
#2573 = ORIENTED_EDGE('',*,*,#2574,.F.);
#2574 = EDGE_CURVE('',#2575,#2566,#2577,.T.);
#2575 = VERTEX_POINT('',#2576);
#2576 = CARTESIAN_POINT('',(-0.641667082165,-2.479042680579,
    1.200412745087));
#2577 = B_SPLINE_CURVE_WITH_KNOTS('',3,(#2578,#2579,#2580,#2581),
  .UNSPECIFIED.,.F.,.F.,(4,4),(26.,27.),.PIECEWISE_BEZIER_KNOTS.);
#2578 = CARTESIAN_POINT('',(-0.641667082165,-2.479042680579,
    1.200412745087));
#2579 = CARTESIAN_POINT('',(-0.645041062112,-2.479042680579,
    1.200412745087));
#2580 = CARTESIAN_POINT('',(-0.64841504206,-2.478954392029,
    1.202097390966));
#2581 = CARTESIAN_POINT('',(-0.651788957654,-2.478954392029,
    1.202097390966));
#2582 = ORIENTED_EDGE('',*,*,#2583,.F.);
#2583 = EDGE_CURVE('',#2584,#2575,#2586,.T.);
#2584 = VERTEX_POINT('',#2585);
#2585 = CARTESIAN_POINT('',(-0.565752822936,-2.479042680579,
    1.200412745087));
#2586 = LINE('',#2587,#2588);
#2587 = CARTESIAN_POINT('',(-0.565752822936,-2.479042680579,
    1.200412745087));
#2588 = VECTOR('',#2589,1.);
#2589 = DIRECTION('',(-1.,0.,0.));
#2590 = ORIENTED_EDGE('',*,*,#2591,.F.);
#2591 = EDGE_CURVE('',#2592,#2584,#2594,.T.);
#2592 = VERTEX_POINT('',#2593);
#2593 = CARTESIAN_POINT('',(-0.444289995299,-2.472156069314,
    1.33181711595));
#2594 = B_SPLINE_CURVE_WITH_KNOTS('',3,(#2595,#2596,#2597,#2598),
  .UNSPECIFIED.,.F.,.F.,(4,4),(24.,25.),.PIECEWISE_BEZIER_KNOTS.);
#2595 = CARTESIAN_POINT('',(-0.444289995299,-2.472156069314,
    1.33181711595));
#2596 = CARTESIAN_POINT('',(-0.444289995299,-2.475775955413,
    1.262745574492));
#2597 = CARTESIAN_POINT('',(-0.49658645925,-2.478777811562,
    1.205466746993));
#2598 = CARTESIAN_POINT('',(-0.565752822936,-2.479042680579,
    1.200412745087));
#2599 = ORIENTED_EDGE('',*,*,#2600,.F.);
#2600 = EDGE_CURVE('',#2601,#2592,#2603,.T.);
#2601 = VERTEX_POINT('',#2602);
#2602 = CARTESIAN_POINT('',(-0.575874698425,-2.465269458049,
    1.463221486813));
#2603 = B_SPLINE_CURVE_WITH_KNOTS('',3,(#2604,#2605,#2606,#2607),
  .UNSPECIFIED.,.F.,.F.,(4,4),(23.,24.),.PIECEWISE_BEZIER_KNOTS.);
#2604 = CARTESIAN_POINT('',(-0.575874698425,-2.465269458049,
    1.463221486813));
#2605 = CARTESIAN_POINT('',(-0.503334419144,-2.465269458049,
    1.463221486813));
#2606 = CARTESIAN_POINT('',(-0.444289995299,-2.468359604431,1.4042579813
    ));
#2607 = CARTESIAN_POINT('',(-0.444289995299,-2.472156069314,
    1.33181711595));
#2608 = ORIENTED_EDGE('',*,*,#2609,.F.);
#2609 = EDGE_CURVE('',#2610,#2601,#2612,.T.);
#2610 = VERTEX_POINT('',#2611);
#2611 = CARTESIAN_POINT('',(-0.589370553862,-2.465269458049,
    1.463221486813));
#2612 = B_SPLINE_CURVE_WITH_KNOTS('',3,(#2613,#2614,#2615,#2616),
  .UNSPECIFIED.,.F.,.F.,(4,4),(22.,23.),.PIECEWISE_BEZIER_KNOTS.);
#2613 = CARTESIAN_POINT('',(-0.589370553862,-2.465269458049,
    1.463221486813));
#2614 = CARTESIAN_POINT('',(-0.584309616118,-2.465269458049,
    1.463221486813));
#2615 = CARTESIAN_POINT('',(-0.58093563617,-2.465269458049,
    1.463221486813));
#2616 = CARTESIAN_POINT('',(-0.575874698425,-2.465269458049,
    1.463221486813));
#2617 = ORIENTED_EDGE('',*,*,#2618,.F.);
#2618 = EDGE_CURVE('',#2619,#2610,#2621,.T.);
#2619 = VERTEX_POINT('',#2620);
#2620 = CARTESIAN_POINT('',(-0.825548249241,-2.454233220967,
    1.673805435077));
#2621 = B_SPLINE_CURVE_WITH_KNOTS('',3,(#2622,#2623,#2624,#2625),
  .UNSPECIFIED.,.F.,.F.,(4,4),(21.,22.),.PIECEWISE_BEZIER_KNOTS.);
#2622 = CARTESIAN_POINT('',(-0.825548249241,-2.454233220967,
    1.673805435077));
#2623 = CARTESIAN_POINT('',(-0.704085421604,-2.454233220967,
    1.673805435077));
#2624 = CARTESIAN_POINT('',(-0.602866409299,-2.459089165283,
    1.581148497841));
#2625 = CARTESIAN_POINT('',(-0.589370553862,-2.465269458049,
    1.463221486813));
#2626 = ORIENTED_EDGE('',*,*,#2627,.F.);
#2627 = EDGE_CURVE('',#2628,#2619,#2630,.T.);
#2628 = VERTEX_POINT('',#2629);
#2629 = CARTESIAN_POINT('',(-1.051604004777,-2.462709046331,
    1.512077052781));
#2630 = B_SPLINE_CURVE_WITH_KNOTS('',3,(#2631,#2632,#2633,#2634),
  .UNSPECIFIED.,.F.,.F.,(4,4),(20.,21.),.PIECEWISE_BEZIER_KNOTS.);
#2631 = CARTESIAN_POINT('',(-1.051604004777,-2.462709046331,
    1.512077052781));
#2632 = CARTESIAN_POINT('',(-1.019551356159,-2.457764816833,
    1.606418571633));
#2633 = CARTESIAN_POINT('',(-0.931828199291,-2.454233220967,
    1.673805435077));
#2634 = CARTESIAN_POINT('',(-0.825548249241,-2.454233220967,
    1.673805435077));
#2635 = ORIENTED_EDGE('',*,*,#2636,.F.);
#2636 = EDGE_CURVE('',#2637,#2628,#2639,.T.);
#2637 = VERTEX_POINT('',#2638);
#2638 = CARTESIAN_POINT('',(-1.141014119443,-2.461384697881,
    1.537347126573));
#2639 = B_SPLINE_CURVE_WITH_KNOTS('',3,(#2640,#2641,#2642,#2643),
  .UNSPECIFIED.,.F.,.F.,(4,4),(19.,20.),.PIECEWISE_BEZIER_KNOTS.);
#2640 = CARTESIAN_POINT('',(-1.141014119443,-2.461384697881,
    1.537347126573));
#2641 = CARTESIAN_POINT('',(-1.108961438648,-2.461384697881,
    1.537347126573));
#2642 = CARTESIAN_POINT('',(-1.076908757853,-2.461914437597,
    1.527239090631));
#2643 = CARTESIAN_POINT('',(-1.051604004777,-2.462709046331,
    1.512077052781));
#2644 = ORIENTED_EDGE('',*,*,#2645,.F.);
#2645 = EDGE_CURVE('',#2646,#2637,#2648,.T.);
#2646 = VERTEX_POINT('',#2647);
#2647 = CARTESIAN_POINT('',(-1.309712473285,-2.470213687546,
    1.368879967962));
#2648 = B_SPLINE_CURVE_WITH_KNOTS('',3,(#2649,#2650,#2651,#2652),
  .UNSPECIFIED.,.F.,.F.,(4,4),(18.,19.),.PIECEWISE_BEZIER_KNOTS.);
#2649 = CARTESIAN_POINT('',(-1.309712473285,-2.470213687546,
    1.368879967962));
#2650 = CARTESIAN_POINT('',(-1.309712473285,-2.46535774323,
    1.461536905199));
#2651 = CARTESIAN_POINT('',(-1.233798214056,-2.461384697881,
    1.537347126573));
#2652 = CARTESIAN_POINT('',(-1.141014119443,-2.461384697881,
    1.537347126573));
#2653 = ORIENTED_EDGE('',*,*,#2654,.F.);
#2654 = EDGE_CURVE('',#2655,#2646,#2657,.T.);
#2655 = VERTEX_POINT('',#2656);
#2656 = CARTESIAN_POINT('',(-1.20849346098,-2.478336358711,
    1.213890169188));
#2657 = B_SPLINE_CURVE_WITH_KNOTS('',3,(#2658,#2659,#2660,#2661),
  .UNSPECIFIED.,.F.,.F.,(4,4),(17.,18.),.PIECEWISE_BEZIER_KNOTS.);
#2658 = CARTESIAN_POINT('',(-1.20849346098,-2.478336358711,
    1.213890169188));
#2659 = CARTESIAN_POINT('',(-1.267537884824,-2.476923720028,
    1.240844920991));
#2660 = CARTESIAN_POINT('',(-1.309712473285,-2.473833573645,
    1.299808426505));
#2661 = CARTESIAN_POINT('',(-1.309712473285,-2.470213687546,
    1.368879967962));
#2662 = ORIENTED_EDGE('',*,*,#2663,.F.);
#2663 = EDGE_CURVE('',#2664,#2655,#2666,.T.);
#2664 = VERTEX_POINT('',#2665);
#2665 = CARTESIAN_POINT('',(-1.049917014803,-2.472509225195,
    1.325078500297));
#2666 = B_SPLINE_CURVE_WITH_KNOTS('',3,(#2667,#2668,#2669,#2670),
  .UNSPECIFIED.,.F.,.F.,(4,4),(16.,17.),.PIECEWISE_BEZIER_KNOTS.);
#2667 = CARTESIAN_POINT('',(-1.049917014803,-2.472509225195,
    1.325078500297));
#2668 = CARTESIAN_POINT('',(-1.122457326261,-2.472509225195,
    1.325078500297));
#2669 = CARTESIAN_POINT('',(-1.184875697877,-2.474981341628,
    1.27790770874));
#2670 = CARTESIAN_POINT('',(-1.20849346098,-2.478336358711,
    1.213890169188));
#2671 = ORIENTED_EDGE('',*,*,#2672,.F.);
#2672 = EDGE_CURVE('',#2673,#2664,#2675,.T.);
#2673 = VERTEX_POINT('',#2674);
#2674 = CARTESIAN_POINT('',(-0.923393249422,-2.475511081345,
    1.267799672796));
#2675 = B_SPLINE_CURVE_WITH_KNOTS('',3,(#2676,#2677,#2678,#2679),
  .UNSPECIFIED.,.F.,.F.,(4,4),(15.,16.),.PIECEWISE_BEZIER_KNOTS.);
#2676 = CARTESIAN_POINT('',(-0.923393249422,-2.475511081345,
    1.267799672796));
#2677 = CARTESIAN_POINT('',(-0.953758940243,-2.473656993178,
    1.303177782531));
#2678 = CARTESIAN_POINT('',(-0.999307508651,-2.472509225195,
    1.325078500297));
#2679 = CARTESIAN_POINT('',(-1.049917014803,-2.472509225195,
    1.325078500297));
#2680 = ORIENTED_EDGE('',*,*,#2681,.F.);
#2681 = EDGE_CURVE('',#2682,#2673,#2684,.T.);
#2682 = VERTEX_POINT('',#2683);
#2683 = CARTESIAN_POINT('',(-0.697337461709,-2.469330788579,
    1.385726683823));
#2684 = LINE('',#2685,#2686);
#2685 = CARTESIAN_POINT('',(-0.697337461709,-2.469330788579,
    1.385726683823));
#2686 = VECTOR('',#2687,1.);
#2687 = DIRECTION('',(-0.886348842796,-2.423249320977E-02,-0.46238351522
    ));
#2688 = ORIENTED_EDGE('',*,*,#2689,.F.);
#2689 = EDGE_CURVE('',#2690,#2682,#2692,.T.);
#2690 = VERTEX_POINT('',#2691);
#2691 = CARTESIAN_POINT('',(-0.645040997759,-2.474010154112,
    1.29643907048));
#2692 = LINE('',#2693,#2694);
#2693 = CARTESIAN_POINT('',(-0.645040997759,-2.474010154112,
    1.29643907048));
#2694 = VECTOR('',#2695,1.);
#2695 = DIRECTION('',(-0.50488304865,4.51757567814E-02,0.862004790117));
#2696 = ORIENTED_EDGE('',*,*,#2697,.F.);
#2697 = EDGE_CURVE('',#2698,#2690,#2700,.T.);
#2698 = VERTEX_POINT('',#2699);
#2699 = CARTESIAN_POINT('',(-0.881218693138,-2.480543606127,
    1.171773379535));
#2700 = LINE('',#2701,#2702);
#2701 = CARTESIAN_POINT('',(-0.881218693138,-2.480543606127,
    1.171773379535));
#2702 = VECTOR('',#2703,1.);
#2703 = DIRECTION('',(0.884094950248,2.44569747583E-02,0.466666878332));
#2704 = ORIENTED_EDGE('',*,*,#2705,.F.);
#2705 = EDGE_CURVE('',#2706,#2698,#2708,.T.);
#2706 = VERTEX_POINT('',#2707);
#2707 = CARTESIAN_POINT('',(-0.881218693138,-2.481426505094,
    1.154926663673));
#2708 = B_SPLINE_CURVE_WITH_KNOTS('',3,(#2709,#2710,#2711,#2712),
  .UNSPECIFIED.,.F.,.F.,(4,4),(11.,12.),.PIECEWISE_BEZIER_KNOTS.);
#2709 = CARTESIAN_POINT('',(-0.881218693138,-2.481426505094,
    1.154926663673));
#2710 = CARTESIAN_POINT('',(-0.881218693138,-2.481161636077,
    1.159980665579));
#2711 = CARTESIAN_POINT('',(-0.881218693138,-2.480896767061,
    1.165034667484));
#2712 = CARTESIAN_POINT('',(-0.881218693138,-2.480543606127,
    1.171773379535));
#2713 = ORIENTED_EDGE('',*,*,#2714,.F.);
#2714 = EDGE_CURVE('',#2715,#2706,#2717,.T.);
#2715 = VERTEX_POINT('',#2716);
#2716 = CARTESIAN_POINT('',(-1.04991704698,-2.490255494759,
    0.986459505062));
#2717 = B_SPLINE_CURVE_WITH_KNOTS('',3,(#2718,#2719,#2720,#2721),
  .UNSPECIFIED.,.F.,.F.,(4,4),(10.,11.),.PIECEWISE_BEZIER_KNOTS.);
#2718 = CARTESIAN_POINT('',(-1.04991704698,-2.490255494759,
    0.986459505062));
#2719 = CARTESIAN_POINT('',(-0.957132952367,-2.490255494759,
    0.986459505062));
#2720 = CARTESIAN_POINT('',(-0.881218693138,-2.48628244941,
    1.062269726436));
#2721 = CARTESIAN_POINT('',(-0.881218693138,-2.481426505094,
    1.154926663673));
#2722 = ORIENTED_EDGE('',*,*,#2723,.F.);
#2723 = EDGE_CURVE('',#2724,#2715,#2726,.T.);
#2724 = VERTEX_POINT('',#2725);
#2725 = CARTESIAN_POINT('',(-1.210180499219,-2.48425178246,
    1.101017160065));
#2726 = B_SPLINE_CURVE_WITH_KNOTS('',3,(#2727,#2728,#2729,#2730),
  .UNSPECIFIED.,.F.,.F.,(4,4),(9.,10.),.PIECEWISE_BEZIER_KNOTS.);
#2727 = CARTESIAN_POINT('',(-1.210180499219,-2.48425178246,
    1.101017160065));
#2728 = CARTESIAN_POINT('',(-1.188249710002,-2.487783378326,
    1.033630296619));
#2729 = CARTESIAN_POINT('',(-1.124144348412,-2.490255494759,
    0.986459505062));
#2730 = CARTESIAN_POINT('',(-1.04991704698,-2.490255494759,
    0.986459505062));
#2731 = ORIENTED_EDGE('',*,*,#2732,.F.);
#2732 = EDGE_CURVE('',#2733,#2724,#2735,.T.);
#2733 = VERTEX_POINT('',#2734);
#2734 = CARTESIAN_POINT('',(-1.345139182291,-2.480013868095,
    1.181881383345));
#2735 = B_SPLINE_CURVE_WITH_KNOTS('',3,(#2736,#2737,#2738,#2739),
  .UNSPECIFIED.,.F.,.F.,(4,4),(8.,9.),.PIECEWISE_BEZIER_KNOTS.);
#2736 = CARTESIAN_POINT('',(-1.345139182291,-2.480013868095,
    1.181881383345));
#2737 = CARTESIAN_POINT('',(-1.308025547665,-2.482132826961,
    1.141449239572));
#2738 = CARTESIAN_POINT('',(-1.262476979256,-2.483545463961,
    1.114494519901));
#2739 = CARTESIAN_POINT('',(-1.210180499219,-2.48425178246,
    1.101017160065));
#2740 = ORIENTED_EDGE('',*,*,#2741,.F.);
#2741 = EDGE_CURVE('',#2742,#2733,#2744,.T.);
#2742 = VERTEX_POINT('',#2743);
#2743 = CARTESIAN_POINT('',(-1.415992487688,-2.470390271381,
    1.365510547673));
#2744 = B_SPLINE_CURVE_WITH_KNOTS('',3,(#2745,#2746,#2747,#2748),
  .UNSPECIFIED.,.F.,.F.,(4,4),(7.,8.),.PIECEWISE_BEZIER_KNOTS.);
#2745 = CARTESIAN_POINT('',(-1.415992487688,-2.470390271381,
    1.365510547673));
#2746 = CARTESIAN_POINT('',(-1.415992487688,-2.473921867247,
    1.298123684227));
#2747 = CARTESIAN_POINT('',(-1.390687734612,-2.477365174563,
    1.232421466663));
#2748 = CARTESIAN_POINT('',(-1.345139182291,-2.480013868095,
    1.181881383345));
#2749 = ORIENTED_EDGE('',*,*,#2750,.F.);
#2750 = EDGE_CURVE('',#2751,#2742,#2753,.T.);
#2751 = VERTEX_POINT('',#2752);
#2752 = CARTESIAN_POINT('',(-1.336704216334,-2.460325224341,
    1.557563085996));
#2753 = B_SPLINE_CURVE_WITH_KNOTS('',3,(#2754,#2755,#2756,#2757),
  .UNSPECIFIED.,.F.,.F.,(4,4),(6.,7.),.PIECEWISE_BEZIER_KNOTS.);
#2754 = CARTESIAN_POINT('',(-1.336704216334,-2.460325224341,
    1.557563085996));
#2755 = CARTESIAN_POINT('',(-1.38731376673,-2.462973920399,
    1.507022954479));
#2756 = CARTESIAN_POINT('',(-1.415992487688,-2.466593806498,
    1.437951413021));
#2757 = CARTESIAN_POINT('',(-1.415992487688,-2.470390271381,
    1.365510547673));
#2758 = ORIENTED_EDGE('',*,*,#2759,.F.);
#2759 = EDGE_CURVE('',#2760,#2751,#2762,.T.);
#2760 = VERTEX_POINT('',#2761);
#2761 = CARTESIAN_POINT('',(-1.142701109417,-2.456087309134,
    1.638427325342));
#2762 = B_SPLINE_CURVE_WITH_KNOTS('',3,(#2763,#2764,#2765,#2766),
  .UNSPECIFIED.,.F.,.F.,(4,4),(5.,6.),.PIECEWISE_BEZIER_KNOTS.);
#2763 = CARTESIAN_POINT('',(-1.142701109417,-2.456087309134,
    1.638427325342));
#2764 = CARTESIAN_POINT('',(-1.215241404786,-2.456087309134,
    1.638427325342));
#2765 = CARTESIAN_POINT('',(-1.284407720208,-2.457588237208,
    1.609787911593));
#2766 = CARTESIAN_POINT('',(-1.336704216334,-2.460325224341,
    1.557563085996));
#2767 = ORIENTED_EDGE('',*,*,#2768,.F.);
#2768 = EDGE_CURVE('',#2769,#2760,#2771,.T.);
#2769 = VERTEX_POINT('',#2770);
#2770 = CARTESIAN_POINT('',(-1.103900500903,-2.456263888759,
    1.635057985384));
#2771 = B_SPLINE_CURVE_WITH_KNOTS('',3,(#2772,#2773,#2774,#2775),
  .UNSPECIFIED.,.F.,.F.,(4,4),(4.,5.),.PIECEWISE_BEZIER_KNOTS.);
#2772 = CARTESIAN_POINT('',(-1.103900500903,-2.456263888759,
    1.635057985384));
#2773 = CARTESIAN_POINT('',(-1.11739635634,-2.456175598525,
    1.636742663396));
#2774 = CARTESIAN_POINT('',(-1.12920525398,-2.456087309134,
    1.638427325342));
#2775 = CARTESIAN_POINT('',(-1.142701109417,-2.456087309134,
    1.638427325342));
#2776 = ORIENTED_EDGE('',*,*,#2777,.F.);
#2777 = EDGE_CURVE('',#2778,#2769,#2780,.T.);
#2778 = VERTEX_POINT('',#2779);
#2779 = CARTESIAN_POINT('',(-1.029673231649,-2.452379133222,
    1.709183536778));
#2780 = B_SPLINE_CURVE_WITH_KNOTS('',3,(#2781,#2782,#2783,#2784),
  .UNSPECIFIED.,.F.,.F.,(4,4),(3.,4.),.PIECEWISE_BEZIER_KNOTS.);
#2781 = CARTESIAN_POINT('',(-1.029673231649,-2.452379133222,
    1.709183536778));
#2782 = CARTESIAN_POINT('',(-1.058351964673,-2.453438612234,
    1.688967472925));
#2783 = CARTESIAN_POINT('',(-1.081969727775,-2.454762960684,
    1.663697399135));
#2784 = CARTESIAN_POINT('',(-1.103900500903,-2.456263888759,
    1.635057985384));
#2785 = ORIENTED_EDGE('',*,*,#2786,.F.);
#2786 = EDGE_CURVE('',#2787,#2778,#2789,.T.);
#2787 = VERTEX_POINT('',#2788);
#2788 = CARTESIAN_POINT('',(-0.827235207038,-2.448935827168,
    1.774885730244));
#2789 = B_SPLINE_CURVE_WITH_KNOTS('',3,(#2790,#2791,#2792,#2793),
  .UNSPECIFIED.,.F.,.F.,(4,4),(2.,3.),.PIECEWISE_BEZIER_KNOTS.);
#2790 = CARTESIAN_POINT('',(-0.827235207038,-2.448935827168,
    1.774885730244));
#2791 = CARTESIAN_POINT('',(-0.901462476293,-2.448935827168,
    1.774885730244));
#2792 = CARTESIAN_POINT('',(-0.970628807803,-2.4501718857,1.75130032844)
  );
#2793 = CARTESIAN_POINT('',(-1.029673231649,-2.452379133222,
    1.709183536778));
#2794 = ORIENTED_EDGE('',*,*,#2795,.F.);
#2795 = EDGE_CURVE('',#2513,#2787,#2796,.T.);
#2796 = B_SPLINE_CURVE_WITH_KNOTS('',3,(#2797,#2798,#2799,#2800),
  .UNSPECIFIED.,.F.,.F.,(4,4),(1.,2.),.PIECEWISE_BEZIER_KNOTS.);
#2797 = CARTESIAN_POINT('',(-0.597805471554,-2.453526902047,
    1.687282802945));
#2798 = CARTESIAN_POINT('',(-0.661910833144,-2.450613335184,
    1.74287697051));
#2799 = CARTESIAN_POINT('',(-0.742886030118,-2.448935827168,
    1.774885730244));
#2800 = CARTESIAN_POINT('',(-0.827235207038,-2.448935827168,
    1.774885730244));
#2801 = FACE_BOUND('',#2802,.T.);
#2802 = EDGE_LOOP('',(#2803,#2813,#2821,#2830,#2839,#2847,#2856,#2865,
    #2873,#2881,#2889,#2897,#2905,#2913,#2922));
#2803 = ORIENTED_EDGE('',*,*,#2804,.F.);
#2804 = EDGE_CURVE('',#2805,#2807,#2809,.T.);
#2805 = VERTEX_POINT('',#2806);
#2806 = CARTESIAN_POINT('',(0.479709186659,-2.475516284326,
    1.267700393993));
#2807 = VERTEX_POINT('',#2808);
#2808 = CARTESIAN_POINT('',(0.448897721026,-2.475516284326,
    1.267700393993));
#2809 = LINE('',#2810,#2811);
#2810 = CARTESIAN_POINT('',(0.448897721026,-2.475516284326,
    1.267700393993));
#2811 = VECTOR('',#2812,1.);
#2812 = DIRECTION('',(-1.,-0.,-0.));
#2813 = ORIENTED_EDGE('',*,*,#2814,.F.);
#2814 = EDGE_CURVE('',#2815,#2805,#2817,.T.);
#2815 = VERTEX_POINT('',#2816);
#2816 = CARTESIAN_POINT('',(0.402801827555,-2.485724852861,
    1.072909302403));
#2817 = LINE('',#2818,#2819);
#2818 = CARTESIAN_POINT('',(0.479709186659,-2.475516284326,
    1.267700393993));
#2819 = VECTOR('',#2820,1.);
#2820 = DIRECTION('',(0.366797678951,4.86881787053E-02,0.929025792952));
#2821 = ORIENTED_EDGE('',*,*,#2822,.F.);
#2822 = EDGE_CURVE('',#2823,#2815,#2825,.T.);
#2823 = VERTEX_POINT('',#2824);
#2824 = CARTESIAN_POINT('',(0.342331293622,-2.488562682547,
    1.018760286269));
#2825 = B_SPLINE_CURVE_WITH_KNOTS('',3,(#2826,#2827,#2828,#2829),
  .UNSPECIFIED.,.F.,.F.,(4,4),(1.,2.),.PIECEWISE_BEZIER_KNOTS.);
#2826 = CARTESIAN_POINT('',(0.342331293622,-2.488562682547,
    1.018760286269));
#2827 = CARTESIAN_POINT('',(0.368351212435,-2.488562682547,
    1.018760286269));
#2828 = CARTESIAN_POINT('',(0.388487839583,-2.487616739318,
    1.036809958314));
#2829 = CARTESIAN_POINT('',(0.402801827555,-2.485724852861,
    1.072909302403));
#2830 = ORIENTED_EDGE('',*,*,#2831,.F.);
#2831 = EDGE_CURVE('',#2832,#2823,#2834,.T.);
#2832 = VERTEX_POINT('',#2833);
#2833 = CARTESIAN_POINT('',(0.323165106338,-2.488435710301,1.02118306104
    ));
#2834 = B_SPLINE_CURVE_WITH_KNOTS('',3,(#2835,#2836,#2837,#2838),
  .UNSPECIFIED.,.F.,.F.,(4,4),(2.,3.),.PIECEWISE_BEZIER_KNOTS.);
#2835 = CARTESIAN_POINT('',(0.323165106338,-2.488435710301,1.02118306104
    ));
#2836 = CARTESIAN_POINT('',(0.32844187309,-2.488518242261,1.019608257439
    ));
#2837 = CARTESIAN_POINT('',(0.334871037179,-2.488562682547,
    1.018760286269));
#2838 = CARTESIAN_POINT('',(0.342331293622,-2.488562682547,
    1.018760286269));
#2839 = ORIENTED_EDGE('',*,*,#2840,.F.);
#2840 = EDGE_CURVE('',#2841,#2832,#2843,.T.);
#2841 = VERTEX_POINT('',#2842);
#2842 = CARTESIAN_POINT('',(0.323165106338,-2.487051712826,
    1.047591306045));
#2843 = LINE('',#2844,#2845);
#2844 = CARTESIAN_POINT('',(0.323165106338,-2.488435710301,1.02118306104
    ));
#2845 = VECTOR('',#2846,1.);
#2846 = DIRECTION('',(-0.,-5.233595624292E-02,-0.998629534755));
#2847 = ORIENTED_EDGE('',*,*,#2848,.F.);
#2848 = EDGE_CURVE('',#2849,#2841,#2851,.T.);
#2849 = VERTEX_POINT('',#2850);
#2850 = CARTESIAN_POINT('',(0.340026498948,-2.487229473969,
    1.044199421365));
#2851 = B_SPLINE_CURVE_WITH_KNOTS('',3,(#2852,#2853,#2854,#2855),
  .UNSPECIFIED.,.F.,.F.,(4,4),(4.,5.),.PIECEWISE_BEZIER_KNOTS.);
#2852 = CARTESIAN_POINT('',(0.340026498948,-2.487229473969,
    1.044199421365));
#2853 = CARTESIAN_POINT('',(0.334567774722,-2.487229473969,
    1.044199421365));
#2854 = CARTESIAN_POINT('',(0.328987745512,-2.487172336459,
    1.045289670012));
#2855 = CARTESIAN_POINT('',(0.323165106338,-2.487051712826,
    1.047591306045));
#2856 = ORIENTED_EDGE('',*,*,#2857,.F.);
#2857 = EDGE_CURVE('',#2858,#2849,#2860,.T.);
#2858 = VERTEX_POINT('',#2859);
#2859 = CARTESIAN_POINT('',(0.370474049635,-2.485978797352,1.06806375286
    ));
#2860 = B_SPLINE_CURVE_WITH_KNOTS('',3,(#2861,#2862,#2863,#2864),
  .UNSPECIFIED.,.F.,.F.,(4,4),(5.,6.),.PIECEWISE_BEZIER_KNOTS.);
#2861 = CARTESIAN_POINT('',(0.370474049635,-2.485978797352,1.06806375286
    ));
#2862 = CARTESIAN_POINT('',(0.363741623089,-2.486816814172,
    1.052073439371));
#2863 = CARTESIAN_POINT('',(0.353612657024,-2.487229473969,
    1.044199421365));
#2864 = CARTESIAN_POINT('',(0.340026498948,-2.487229473969,
    1.044199421365));
#2865 = ORIENTED_EDGE('',*,*,#2866,.F.);
#2866 = EDGE_CURVE('',#2867,#2858,#2869,.T.);
#2867 = VERTEX_POINT('',#2868);
#2868 = CARTESIAN_POINT('',(0.383514335288,-2.484366249834,
    1.098832992452));
#2869 = LINE('',#2870,#2871);
#2870 = CARTESIAN_POINT('',(0.370474049635,-2.485978797352,1.06806375286
    ));
#2871 = VECTOR('',#2872,1.);
#2872 = DIRECTION('',(-0.389758265065,-4.819708244049E-02,
    -0.919655117997));
#2873 = ORIENTED_EDGE('',*,*,#2874,.F.);
#2874 = EDGE_CURVE('',#2875,#2867,#2877,.T.);
#2875 = VERTEX_POINT('',#2876);
#2876 = CARTESIAN_POINT('',(0.317039204705,-2.475516284326,
    1.267700393993));
#2877 = LINE('',#2878,#2879);
#2878 = CARTESIAN_POINT('',(0.383514335288,-2.484366249834,
    1.098832992452));
#2879 = VECTOR('',#2880,1.);
#2880 = DIRECTION('',(0.365858921669,-4.870752128206E-02,-0.929394871304
    ));
#2881 = ORIENTED_EDGE('',*,*,#2882,.F.);
#2882 = EDGE_CURVE('',#2883,#2875,#2885,.T.);
#2883 = VERTEX_POINT('',#2884);
#2884 = CARTESIAN_POINT('',(0.350276769996,-2.475516284326,
    1.267700393993));
#2885 = LINE('',#2886,#2887);
#2886 = CARTESIAN_POINT('',(0.317039204705,-2.475516284326,
    1.267700393993));
#2887 = VECTOR('',#2888,1.);
#2888 = DIRECTION('',(-1.,-0.,-0.));
#2889 = ORIENTED_EDGE('',*,*,#2890,.F.);
#2890 = EDGE_CURVE('',#2891,#2883,#2893,.T.);
#2891 = VERTEX_POINT('',#2892);
#2892 = CARTESIAN_POINT('',(0.394553088724,-2.482182327213,
    1.140504718514));
#2893 = LINE('',#2894,#2895);
#2894 = CARTESIAN_POINT('',(0.350276769996,-2.475516284326,
    1.267700393993));
#2895 = VECTOR('',#2896,1.);
#2896 = DIRECTION('',(-0.328346164813,4.943431791795E-02,0.943262977258)
  );
#2897 = ORIENTED_EDGE('',*,*,#2898,.F.);
#2898 = EDGE_CURVE('',#2899,#2891,#2901,.T.);
#2899 = VERTEX_POINT('',#2900);
#2900 = CARTESIAN_POINT('',(0.398192238209,-2.482912417624,1.12657376358
    ));
#2901 = LINE('',#2902,#2903);
#2902 = CARTESIAN_POINT('',(0.394553088724,-2.482182327213,
    1.140504718514));
#2903 = VECTOR('',#2904,1.);
#2904 = DIRECTION('',(-0.252421897188,5.06411752275E-02,0.966291186544)
  );
#2905 = ORIENTED_EDGE('',*,*,#2906,.F.);
#2906 = EDGE_CURVE('',#2907,#2899,#2909,.T.);
#2907 = VERTEX_POINT('',#2908);
#2908 = CARTESIAN_POINT('',(0.398980720596,-2.482912417624,1.12657376358
    ));
#2909 = LINE('',#2910,#2911);
#2910 = CARTESIAN_POINT('',(0.398192238209,-2.482912417624,1.12657376358
    ));
#2911 = VECTOR('',#2912,1.);
#2912 = DIRECTION('',(-1.,-0.,-0.));
#2913 = ORIENTED_EDGE('',*,*,#2914,.F.);
#2914 = EDGE_CURVE('',#2915,#2907,#2917,.T.);
#2915 = VERTEX_POINT('',#2916);
#2916 = CARTESIAN_POINT('',(0.402619870081,-2.482195024437,
    1.140262441037));
#2917 = B_SPLINE_CURVE_WITH_KNOTS('',3,(#2918,#2919,#2920,#2921),
  .UNSPECIFIED.,.F.,.F.,(4,4),(12.,13.),.PIECEWISE_BEZIER_KNOTS.);
#2918 = CARTESIAN_POINT('',(0.402619870081,-2.482195024437,
    1.140262441037));
#2919 = CARTESIAN_POINT('',(0.400800295339,-2.482506106438,
    1.134326642848));
#2920 = CARTESIAN_POINT('',(0.399587245509,-2.482747353705,
    1.129723370783));
#2921 = CARTESIAN_POINT('',(0.398980720596,-2.482912417624,1.12657376358
    ));
#2922 = ORIENTED_EDGE('',*,*,#2923,.F.);
#2923 = EDGE_CURVE('',#2807,#2915,#2924,.T.);
#2924 = LINE('',#2925,#2926);
#2925 = CARTESIAN_POINT('',(0.402619870081,-2.482195024437,
    1.140262441037));
#2926 = VECTOR('',#2927,1.);
#2927 = DIRECTION('',(-0.340917796219,-4.920067189016E-02,
    -0.938804745465));
#2928 = FACE_BOUND('',#2929,.T.);
#2929 = EDGE_LOOP('',(#2930,#2940,#2949,#2958,#2967,#2976,#2985,#2994,
    #3003,#3012,#3021,#3029,#3038,#3047,#3056,#3065,#3074,#3083,#3092,
    #3101,#3110));
#2930 = ORIENTED_EDGE('',*,*,#2931,.F.);
#2931 = EDGE_CURVE('',#2932,#2934,#2936,.T.);
#2932 = VERTEX_POINT('',#2933);
#2933 = CARTESIAN_POINT('',(0.187121568111,-2.482468014765,
    1.135053475278));
#2934 = VERTEX_POINT('',#2935);
#2935 = CARTESIAN_POINT('',(0.187121568111,-2.48407421367,1.104405374426
    ));
#2936 = LINE('',#2937,#2938);
#2937 = CARTESIAN_POINT('',(0.187121568111,-2.48407421367,1.104405374426
    ));
#2938 = VECTOR('',#2939,1.);
#2939 = DIRECTION('',(-0.,-5.233595624293E-02,-0.998629534755));
#2940 = ORIENTED_EDGE('',*,*,#2941,.F.);
#2941 = EDGE_CURVE('',#2942,#2932,#2944,.T.);
#2942 = VERTEX_POINT('',#2943);
#2943 = CARTESIAN_POINT('',(0.236007476185,-2.483325077422,
    1.118699745575));
#2944 = B_SPLINE_CURVE_WITH_KNOTS('',3,(#2945,#2946,#2947,#2948),
  .UNSPECIFIED.,.F.,.F.,(4,4),(0.,1.),.PIECEWISE_BEZIER_KNOTS.);
#2945 = CARTESIAN_POINT('',(0.236007476185,-2.483325077422,
    1.118699745575));
#2946 = CARTESIAN_POINT('',(0.218539558659,-2.483325077422,
    1.118699745575));
#2947 = CARTESIAN_POINT('',(0.202284690962,-2.483039389869,1.12415098881
    ));
#2948 = CARTESIAN_POINT('',(0.187121568111,-2.482468014765,
    1.135053475278));
#2949 = ORIENTED_EDGE('',*,*,#2950,.F.);
#2950 = EDGE_CURVE('',#2951,#2942,#2953,.T.);
#2951 = VERTEX_POINT('',#2952);
#2952 = CARTESIAN_POINT('',(0.271064616218,-2.482125189702,
    1.141594967161));
#2953 = B_SPLINE_CURVE_WITH_KNOTS('',3,(#2954,#2955,#2956,#2957),
  .UNSPECIFIED.,.F.,.F.,(4,4),(1.,2.),.PIECEWISE_BEZIER_KNOTS.);
#2954 = CARTESIAN_POINT('',(0.271064616218,-2.482125189702,
    1.141594967161));
#2955 = CARTESIAN_POINT('',(0.271064616218,-2.482925114848,
    1.126331486103));
#2956 = CARTESIAN_POINT('',(0.259358685377,-2.483325077422,
    1.118699745575));
#2957 = CARTESIAN_POINT('',(0.236007476185,-2.483325077422,
    1.118699745575));
#2958 = ORIENTED_EDGE('',*,*,#2959,.F.);
#2959 = EDGE_CURVE('',#2960,#2951,#2962,.T.);
#2960 = VERTEX_POINT('',#2961);
#2961 = CARTESIAN_POINT('',(0.263422402301,-2.48128082427,1.157706419388
    ));
#2962 = B_SPLINE_CURVE_WITH_KNOTS('',3,(#2963,#2964,#2965,#2966),
  .UNSPECIFIED.,.F.,.F.,(4,4),(2.,3.),.PIECEWISE_BEZIER_KNOTS.);
#2963 = CARTESIAN_POINT('',(0.263422402301,-2.48128082427,1.157706419388
    ));
#2964 = CARTESIAN_POINT('',(0.268517211579,-2.481503025699,
    1.153466563538));
#2965 = CARTESIAN_POINT('',(0.271064616218,-2.481782364639,
    1.148136459043));
#2966 = CARTESIAN_POINT('',(0.271064616218,-2.482125189702,
    1.141594967161));
#2967 = ORIENTED_EDGE('',*,*,#2968,.F.);
#2968 = EDGE_CURVE('',#2969,#2960,#2971,.T.);
#2969 = VERTEX_POINT('',#2970);
#2970 = CARTESIAN_POINT('',(0.232307674209,-2.480487247736,
    1.172848761707));
#2971 = B_SPLINE_CURVE_WITH_KNOTS('',3,(#2972,#2973,#2974,#2975),
  .UNSPECIFIED.,.F.,.F.,(4,4),(3.,4.),.PIECEWISE_BEZIER_KNOTS.);
#2972 = CARTESIAN_POINT('',(0.232307674209,-2.480487247736,
    1.172848761707));
#2973 = CARTESIAN_POINT('',(0.247956016992,-2.480791981125,
    1.167034102257));
#2974 = CARTESIAN_POINT('',(0.258327593023,-2.48105862284,1.161946275237
    ));
#2975 = CARTESIAN_POINT('',(0.263422402301,-2.48128082427,1.157706419388
    ));
#2976 = ORIENTED_EDGE('',*,*,#2977,.F.);
#2977 = EDGE_CURVE('',#2978,#2969,#2980,.T.);
#2978 = VERTEX_POINT('',#2979);
#2979 = CARTESIAN_POINT('',(0.19573422189,-2.479312754465,1.19525942834)
  );
#2980 = B_SPLINE_CURVE_WITH_KNOTS('',3,(#2981,#2982,#2983,#2984),
  .UNSPECIFIED.,.F.,.F.,(4,4),(4.,5.),.PIECEWISE_BEZIER_KNOTS.);
#2981 = CARTESIAN_POINT('',(0.19573422189,-2.479312754465,1.19525942834)
  );
#2982 = CARTESIAN_POINT('',(0.2013142511,-2.479700019814,1.187869965288)
  );
#2983 = CARTESIAN_POINT('',(0.213566054364,-2.480093633775,
    1.180359363497));
#2984 = CARTESIAN_POINT('',(0.232307674209,-2.480487247736,
    1.172848761707));
#2985 = ORIENTED_EDGE('',*,*,#2986,.F.);
#2986 = EDGE_CURVE('',#2987,#2978,#2989,.T.);
#2987 = VERTEX_POINT('',#2988);
#2988 = CARTESIAN_POINT('',(0.187303525585,-2.477909711153,1.22203108956
    ));
#2989 = B_SPLINE_CURVE_WITH_KNOTS('',3,(#2990,#2991,#2992,#2993),
  .UNSPECIFIED.,.F.,.F.,(4,4),(5.,6.),.PIECEWISE_BEZIER_KNOTS.);
#2990 = CARTESIAN_POINT('',(0.187303525585,-2.477909711153,1.22203108956
    ));
#2991 = CARTESIAN_POINT('',(0.187303525585,-2.478455691808,
    1.211613158043));
#2992 = CARTESIAN_POINT('',(0.190093540189,-2.478925489117,
    1.202648891391));
#2993 = CARTESIAN_POINT('',(0.19573422189,-2.479312754465,1.19525942834)
  );
#2994 = ORIENTED_EDGE('',*,*,#2995,.F.);
#2995 = EDGE_CURVE('',#2996,#2987,#2998,.T.);
#2996 = VERTEX_POINT('',#2997);
#2997 = CARTESIAN_POINT('',(0.206348407887,-2.476017824696,
    1.258130433647));
#2998 = B_SPLINE_CURVE_WITH_KNOTS('',3,(#2999,#3000,#3001,#3002),
  .UNSPECIFIED.,.F.,.F.,(4,4),(6.,7.),.PIECEWISE_BEZIER_KNOTS.);
#2999 = CARTESIAN_POINT('',(0.206348407887,-2.476017824696,
    1.258130433647));
#3000 = CARTESIAN_POINT('',(0.193672037182,-2.476493970616,
    1.249045028257));
#3001 = CARTESIAN_POINT('',(0.187303525585,-2.477122483231,
    1.237052293139));
#3002 = CARTESIAN_POINT('',(0.187303525585,-2.477909711153,1.22203108956
    ));
#3003 = ORIENTED_EDGE('',*,*,#3004,.F.);
#3004 = EDGE_CURVE('',#3005,#2996,#3007,.T.);
#3005 = VERTEX_POINT('',#3006);
#3006 = CARTESIAN_POINT('',(0.253293436236,-2.475313128733,
    1.271576833627));
#3007 = B_SPLINE_CURVE_WITH_KNOTS('',3,(#3008,#3009,#3010,#3011),
  .UNSPECIFIED.,.F.,.F.,(4,4),(7.,8.),.PIECEWISE_BEZIER_KNOTS.);
#3008 = CARTESIAN_POINT('',(0.253293436236,-2.475313128733,
    1.271576833627));
#3009 = CARTESIAN_POINT('',(0.234733773865,-2.475313128733,
    1.271576833627));
#3010 = CARTESIAN_POINT('',(0.219085431082,-2.475548027388,
    1.267094700301));
#3011 = CARTESIAN_POINT('',(0.206348407887,-2.476017824696,
    1.258130433647));
#3012 = ORIENTED_EDGE('',*,*,#3013,.F.);
#3013 = EDGE_CURVE('',#3014,#3005,#3016,.T.);
#3014 = VERTEX_POINT('',#3015);
#3015 = CARTESIAN_POINT('',(0.293445385548,-2.475706742694,
    1.264066231836));
#3016 = B_SPLINE_CURVE_WITH_KNOTS('',3,(#3017,#3018,#3019,#3020),
  .UNSPECIFIED.,.F.,.F.,(4,4),(8.,9.),.PIECEWISE_BEZIER_KNOTS.);
#3017 = CARTESIAN_POINT('',(0.293445385548,-2.475706742694,
    1.264066231836));
#3018 = CARTESIAN_POINT('',(0.2810722773,-2.475440100979,1.269154058856)
  );
#3019 = CARTESIAN_POINT('',(0.26772872919,-2.475313128733,1.271576833627
    ));
#3020 = CARTESIAN_POINT('',(0.253293436236,-2.475313128733,
    1.271576833627));
#3021 = ORIENTED_EDGE('',*,*,#3022,.F.);
#3022 = EDGE_CURVE('',#3023,#3014,#3025,.T.);
#3023 = VERTEX_POINT('',#3024);
#3024 = CARTESIAN_POINT('',(0.293445385548,-2.477217712415,
    1.235235212061));
#3025 = LINE('',#3026,#3027);
#3026 = CARTESIAN_POINT('',(0.293445385548,-2.475706742694,
    1.264066231836));
#3027 = VECTOR('',#3028,1.);
#3028 = DIRECTION('',(0.,5.233595624292E-02,0.998629534755));
#3029 = ORIENTED_EDGE('',*,*,#3030,.F.);
#3030 = EDGE_CURVE('',#3031,#3023,#3033,.T.);
#3031 = VERTEX_POINT('',#3032);
#3032 = CARTESIAN_POINT('',(0.250382116648,-2.476576502576,
    1.247470224656));
#3033 = B_SPLINE_CURVE_WITH_KNOTS('',3,(#3034,#3035,#3036,#3037),
  .UNSPECIFIED.,.F.,.F.,(4,4),(10.,11.),.PIECEWISE_BEZIER_KNOTS.);
#3034 = CARTESIAN_POINT('',(0.250382116648,-2.476576502576,
    1.247470224656));
#3035 = CARTESIAN_POINT('',(0.266455026872,-2.476576502576,
    1.247470224656));
#3036 = CARTESIAN_POINT('',(0.280769014844,-2.476792355393,
    1.243351507545));
#3037 = CARTESIAN_POINT('',(0.293445385548,-2.477217712415,
    1.235235212061));
#3038 = ORIENTED_EDGE('',*,*,#3039,.F.);
#3039 = EDGE_CURVE('',#3040,#3031,#3042,.T.);
#3040 = VERTEX_POINT('',#3041);
#3041 = CARTESIAN_POINT('',(0.226970254965,-2.476906630414,1.24117101025
    ));
#3042 = B_SPLINE_CURVE_WITH_KNOTS('',3,(#3043,#3044,#3045,#3046),
  .UNSPECIFIED.,.F.,.F.,(4,4),(11.,12.),.PIECEWISE_BEZIER_KNOTS.);
#3043 = CARTESIAN_POINT('',(0.226970254965,-2.476906630414,1.24117101025
    ));
#3044 = CARTESIAN_POINT('',(0.232974851614,-2.476684428984,
    1.245410866099));
#3045 = CARTESIAN_POINT('',(0.240799023006,-2.476576502576,
    1.247470224656));
#3046 = CARTESIAN_POINT('',(0.250382116648,-2.476576502576,
    1.247470224656));
#3047 = ORIENTED_EDGE('',*,*,#3048,.F.);
#3048 = EDGE_CURVE('',#3049,#3040,#3051,.T.);
#3049 = VERTEX_POINT('',#3050);
#3050 = CARTESIAN_POINT('',(0.217933033745,-2.477770041683,
    1.224696141808));
#3051 = B_SPLINE_CURVE_WITH_KNOTS('',3,(#3052,#3053,#3054,#3055),
  .UNSPECIFIED.,.F.,.F.,(4,4),(12.,13.),.PIECEWISE_BEZIER_KNOTS.);
#3052 = CARTESIAN_POINT('',(0.217933033745,-2.477770041683,
    1.224696141808));
#3053 = CARTESIAN_POINT('',(0.217933033745,-2.477414519396,
    1.231479911166));
#3054 = CARTESIAN_POINT('',(0.220965658316,-2.477122483231,
    1.237052293139));
#3055 = CARTESIAN_POINT('',(0.226970254965,-2.476906630414,1.24117101025
    ));
#3056 = ORIENTED_EDGE('',*,*,#3057,.F.);
#3057 = EDGE_CURVE('',#3058,#3049,#3060,.T.);
#3058 = VERTEX_POINT('',#3059);
#3059 = CARTESIAN_POINT('',(0.224422850326,-2.478595361278,
    1.208948105796));
#3060 = B_SPLINE_CURVE_WITH_KNOTS('',3,(#3061,#3062,#3063,#3064),
  .UNSPECIFIED.,.F.,.F.,(4,4),(13.,14.),.PIECEWISE_BEZIER_KNOTS.);
#3061 = CARTESIAN_POINT('',(0.224422850326,-2.478595361278,
    1.208948105796));
#3062 = CARTESIAN_POINT('',(0.220116523436,-2.478398554298,1.21270340669
    ));
#3063 = CARTESIAN_POINT('',(0.217933033745,-2.47812556397,1.217912372449
    ));
#3064 = CARTESIAN_POINT('',(0.217933033745,-2.477770041683,
    1.224696141808));
#3065 = ORIENTED_EDGE('',*,*,#3066,.F.);
#3066 = EDGE_CURVE('',#3067,#3058,#3069,.T.);
#3067 = VERTEX_POINT('',#3068);
#3068 = CARTESIAN_POINT('',(0.253293436236,-2.479357194751,
    1.194411457169));
#3069 = B_SPLINE_CURVE_WITH_KNOTS('',3,(#3070,#3071,#3072,#3073),
  .UNSPECIFIED.,.F.,.F.,(4,4),(14.,15.),.PIECEWISE_BEZIER_KNOTS.);
#3070 = CARTESIAN_POINT('',(0.253293436236,-2.479357194751,
    1.194411457169));
#3071 = CARTESIAN_POINT('',(0.23837292335,-2.479052461362,1.200226116619
    ));
#3072 = CARTESIAN_POINT('',(0.228789829708,-2.478798516871,
    1.205071666162));
#3073 = CARTESIAN_POINT('',(0.224422850326,-2.478595361278,
    1.208948105796));
#3074 = ORIENTED_EDGE('',*,*,#3075,.F.);
#3075 = EDGE_CURVE('',#3076,#3067,#3078,.T.);
#3076 = VERTEX_POINT('',#3077);
#3077 = CARTESIAN_POINT('',(0.291625810805,-2.480506293572,
    1.172485345492));
#3078 = B_SPLINE_CURVE_WITH_KNOTS('',3,(#3079,#3080,#3081,#3082),
  .UNSPECIFIED.,.F.,.F.,(4,4),(15.,16.),.PIECEWISE_BEZIER_KNOTS.);
#3079 = CARTESIAN_POINT('',(0.291625810805,-2.480506293572,
    1.172485345492));
#3080 = CARTESIAN_POINT('',(0.284954036751,-2.480112679612,
    1.179995947282));
#3081 = CARTESIAN_POINT('',(0.272217013555,-2.479725414263,
    1.187385410333));
#3082 = CARTESIAN_POINT('',(0.253293436236,-2.479357194751,
    1.194411457169));
#3083 = ORIENTED_EDGE('',*,*,#3084,.F.);
#3084 = EDGE_CURVE('',#3085,#3076,#3087,.T.);
#3085 = VERTEX_POINT('',#3086);
#3086 = CARTESIAN_POINT('',(0.301572819396,-2.481972823007,
    1.144502296886));
#3087 = B_SPLINE_CURVE_WITH_KNOTS('',3,(#3088,#3089,#3090,#3091),
  .UNSPECIFIED.,.F.,.F.,(4,4),(16.,17.),.PIECEWISE_BEZIER_KNOTS.);
#3088 = CARTESIAN_POINT('',(0.301572819396,-2.481972823007,
    1.144502296886));
#3089 = CARTESIAN_POINT('',(0.301572819396,-2.481388750678,
    1.155647060833));
#3090 = CARTESIAN_POINT('',(0.298236932368,-2.480899907533,
    1.164974743702));
#3091 = CARTESIAN_POINT('',(0.291625810805,-2.480506293572,
    1.172485345492));
#3092 = ORIENTED_EDGE('',*,*,#3093,.F.);
#3093 = EDGE_CURVE('',#3094,#3085,#3096,.T.);
#3094 = VERTEX_POINT('',#3095);
#3095 = CARTESIAN_POINT('',(0.282467284603,-2.483890103914,
    1.107918397843));
#3096 = B_SPLINE_CURVE_WITH_KNOTS('',3,(#3097,#3098,#3099,#3100),
  .UNSPECIFIED.,.F.,.F.,(4,4),(17.,18.),.PIECEWISE_BEZIER_KNOTS.);
#3097 = CARTESIAN_POINT('',(0.282467284603,-2.483890103914,
    1.107918397843));
#3098 = CARTESIAN_POINT('',(0.295204307798,-2.483426655218,
    1.116761525759));
#3099 = CARTESIAN_POINT('',(0.301572819396,-2.482785445378,
    1.128996538351));
#3100 = CARTESIAN_POINT('',(0.301572819396,-2.481972823007,
    1.144502296886));
#3101 = ORIENTED_EDGE('',*,*,#3102,.F.);
#3102 = EDGE_CURVE('',#3103,#3094,#3105,.T.);
#3103 = VERTEX_POINT('',#3104);
#3104 = CARTESIAN_POINT('',(0.233096156597,-2.484594799876,
    1.094471997865));
#3105 = B_SPLINE_CURVE_WITH_KNOTS('',3,(#3106,#3107,#3108,#3109),
  .UNSPECIFIED.,.F.,.F.,(4,4),(18.,19.),.PIECEWISE_BEZIER_KNOTS.);
#3106 = CARTESIAN_POINT('',(0.233096156597,-2.484594799876,
    1.094471997865));
#3107 = CARTESIAN_POINT('',(0.253293436236,-2.484594799876,
    1.094471997865));
#3108 = CARTESIAN_POINT('',(0.269790913898,-2.484359901222,
    1.098954131191));
#3109 = CARTESIAN_POINT('',(0.282467284603,-2.483890103914,
    1.107918397843));
#3110 = ORIENTED_EDGE('',*,*,#3111,.F.);
#3111 = EDGE_CURVE('',#2934,#3103,#3112,.T.);
#3112 = B_SPLINE_CURVE_WITH_KNOTS('',3,(#3113,#3114,#3115,#3116),
  .UNSPECIFIED.,.F.,.F.,(4,4),(19.,20.),.PIECEWISE_BEZIER_KNOTS.);
#3113 = CARTESIAN_POINT('',(0.187121568111,-2.48407421367,1.104405374426
    ));
#3114 = CARTESIAN_POINT('',(0.200222506254,-2.484417038732,
    1.097863882543));
#3115 = CARTESIAN_POINT('',(0.215506934089,-2.484594799876,
    1.094471997865));
#3116 = CARTESIAN_POINT('',(0.233096156597,-2.484594799876,
    1.094471997865));
#3117 = FACE_BOUND('',#3118,.T.);
#3118 = EDGE_LOOP('',(#3119,#3129,#3138,#3147,#3155,#3163,#3171,#3179,
    #3188,#3197,#3206,#3215,#3223,#3232));
#3119 = ORIENTED_EDGE('',*,*,#3120,.F.);
#3120 = EDGE_CURVE('',#3121,#3123,#3125,.T.);
#3121 = VERTEX_POINT('',#3122);
#3122 = CARTESIAN_POINT('',(2.724160076008E-02,-2.476138448329,
    1.255828797616));
#3123 = VERTEX_POINT('',#3124);
#3124 = CARTESIAN_POINT('',(2.724160076008E-02,-2.47764941805,
    1.226997777839));
#3125 = LINE('',#3126,#3127);
#3126 = CARTESIAN_POINT('',(2.724160076008E-02,-2.47764941805,
    1.226997777839));
#3127 = VECTOR('',#3128,1.);
#3128 = DIRECTION('',(-0.,-5.233595624293E-02,-0.998629534755));
#3129 = ORIENTED_EDGE('',*,*,#3130,.F.);
#3130 = EDGE_CURVE('',#3131,#3121,#3133,.T.);
#3131 = VERTEX_POINT('',#3132);
#3132 = CARTESIAN_POINT('',(8.558929749462E-02,-2.475313128733,
    1.271576833627));
#3133 = B_SPLINE_CURVE_WITH_KNOTS('',3,(#3134,#3135,#3136,#3137),
  .UNSPECIFIED.,.F.,.F.,(4,4),(0.,1.),.PIECEWISE_BEZIER_KNOTS.);
#3134 = CARTESIAN_POINT('',(8.558929749462E-02,-2.475313128733,
    1.271576833627));
#3135 = CARTESIAN_POINT('',(6.351179062242E-02,-2.475313128733,
    1.271576833627));
#3136 = CARTESIAN_POINT('',(4.404234088019E-02,-2.475586119061,
    1.266367867869));
#3137 = CARTESIAN_POINT('',(2.724160076008E-02,-2.476138448329,
    1.255828797616));
#3138 = ORIENTED_EDGE('',*,*,#3139,.F.);
#3139 = EDGE_CURVE('',#3140,#3131,#3142,.T.);
#3140 = VERTEX_POINT('',#3141);
#3141 = CARTESIAN_POINT('',(0.146848313816,-2.478677893238,
    1.207373302194));
#3142 = B_SPLINE_CURVE_WITH_KNOTS('',3,(#3143,#3144,#3145,#3146),
  .UNSPECIFIED.,.F.,.F.,(4,4),(1.,2.),.PIECEWISE_BEZIER_KNOTS.);
#3143 = CARTESIAN_POINT('',(0.146848313816,-2.478677893238,
    1.207373302194));
#3144 = CARTESIAN_POINT('',(0.146848313816,-2.476430484493,
    1.250256415642));
#3145 = CARTESIAN_POINT('',(0.126408424211,-2.475313128733,
    1.271576833627));
#3146 = CARTESIAN_POINT('',(8.558929749462E-02,-2.475313128733,
    1.271576833627));
#3147 = ORIENTED_EDGE('',*,*,#3148,.F.);
#3148 = EDGE_CURVE('',#3149,#3140,#3151,.T.);
#3149 = VERTEX_POINT('',#3150);
#3150 = CARTESIAN_POINT('',(0.146848313816,-2.484385295671,
    1.098469576237));
#3151 = LINE('',#3152,#3153);
#3152 = CARTESIAN_POINT('',(0.146848313816,-2.478677893238,
    1.207373302194));
#3153 = VECTOR('',#3154,1.);
#3154 = DIRECTION('',(0.,5.233595624293E-02,0.998629534755));
#3155 = ORIENTED_EDGE('',*,*,#3156,.F.);
#3156 = EDGE_CURVE('',#3157,#3149,#3159,.T.);
#3157 = VERTEX_POINT('',#3158);
#3158 = CARTESIAN_POINT('',(0.117128593026,-2.484385295671,
    1.098469576237));
#3159 = LINE('',#3160,#3161);
#3160 = CARTESIAN_POINT('',(0.146848313816,-2.484385295671,
    1.098469576237));
#3161 = VECTOR('',#3162,1.);
#3162 = DIRECTION('',(1.,0.,0.));
#3163 = ORIENTED_EDGE('',*,*,#3164,.F.);
#3164 = EDGE_CURVE('',#3165,#3157,#3167,.T.);
#3165 = VERTEX_POINT('',#3166);
#3166 = CARTESIAN_POINT('',(0.117128593026,-2.48301399542,1.124635543764
    ));
#3167 = LINE('',#3168,#3169);
#3168 = CARTESIAN_POINT('',(0.117128593026,-2.484385295671,
    1.098469576237));
#3169 = VECTOR('',#3170,1.);
#3170 = DIRECTION('',(-0.,-5.233595624292E-02,-0.998629534755));
#3171 = ORIENTED_EDGE('',*,*,#3172,.F.);
#3172 = EDGE_CURVE('',#3173,#3165,#3175,.T.);
#3173 = VERTEX_POINT('',#3174);
#3174 = CARTESIAN_POINT('',(0.116340110638,-2.48301399542,1.124635543764
    ));
#3175 = LINE('',#3176,#3177);
#3176 = CARTESIAN_POINT('',(0.117128593026,-2.48301399542,1.124635543764
    ));
#3177 = VECTOR('',#3178,1.);
#3178 = DIRECTION('',(1.,0.,0.));
#3179 = ORIENTED_EDGE('',*,*,#3180,.F.);
#3180 = EDGE_CURVE('',#3181,#3173,#3183,.T.);
#3181 = VERTEX_POINT('',#3182);
#3182 = CARTESIAN_POINT('',(6.44215779933E-02,-2.484594799876,
    1.094471997865));
#3183 = B_SPLINE_CURVE_WITH_KNOTS('',3,(#3184,#3185,#3186,#3187),
  .UNSPECIFIED.,.F.,.F.,(4,4),(6.,7.),.PIECEWISE_BEZIER_KNOTS.);
#3184 = CARTESIAN_POINT('',(6.44215779933E-02,-2.484594799876,
    1.094471997865));
#3185 = CARTESIAN_POINT('',(8.72875672537E-02,-2.484594799876,
    1.094471997865));
#3186 = CARTESIAN_POINT('',(0.104634179797,-2.484067865057,
    1.104526513164));
#3187 = CARTESIAN_POINT('',(0.116340110638,-2.48301399542,1.124635543764
    ));
#3188 = ORIENTED_EDGE('',*,*,#3189,.F.);
#3189 = EDGE_CURVE('',#3190,#3181,#3192,.T.);
#3190 = VERTEX_POINT('',#3191);
#3191 = CARTESIAN_POINT('',(2.52400685443E-02,-2.483896452526,
    1.107797259105));
#3192 = B_SPLINE_CURVE_WITH_KNOTS('',3,(#3193,#3194,#3195,#3196),
  .UNSPECIFIED.,.F.,.F.,(4,4),(7.,8.),.PIECEWISE_BEZIER_KNOTS.);
#3193 = CARTESIAN_POINT('',(2.52400685443E-02,-2.483896452526,
    1.107797259105));
#3194 = CARTESIAN_POINT('',(3.494446716894E-02,-2.484359901222,
    1.098954131191));
#3195 = CARTESIAN_POINT('',(4.798475282203E-02,-2.484594799876,
    1.094471997865));
#3196 = CARTESIAN_POINT('',(6.44215779933E-02,-2.484594799876,
    1.094471997865));
#3197 = ORIENTED_EDGE('',*,*,#3198,.F.);
#3198 = EDGE_CURVE('',#3199,#3190,#3201,.T.);
#3199 = VERTEX_POINT('',#3200);
#3200 = CARTESIAN_POINT('',(1.068347060614E-02,-2.482010914681,
    1.143775464456));
#3201 = B_SPLINE_CURVE_WITH_KNOTS('',3,(#3202,#3203,#3204,#3205),
  .UNSPECIFIED.,.F.,.F.,(4,4),(8.,9.),.PIECEWISE_BEZIER_KNOTS.);
#3202 = CARTESIAN_POINT('',(1.068347060614E-02,-2.482010914681,
    1.143775464456));
#3203 = CARTESIAN_POINT('',(1.068347060614E-02,-2.482804491215,
    1.128633122136));
#3204 = CARTESIAN_POINT('',(1.553566991886E-02,-2.48343300383,
    1.116640387019));
#3205 = CARTESIAN_POINT('',(2.52400685443E-02,-2.483896452526,
    1.107797259105));
#3206 = ORIENTED_EDGE('',*,*,#3207,.F.);
#3207 = EDGE_CURVE('',#3208,#3199,#3210,.T.);
#3208 = VERTEX_POINT('',#3209);
#3209 = CARTESIAN_POINT('',(6.69083301406E-02,-2.479115947485,
    1.199014729235));
#3210 = B_SPLINE_CURVE_WITH_KNOTS('',3,(#3211,#3212,#3213,#3214),
  .UNSPECIFIED.,.F.,.F.,(4,4),(9.,10.),.PIECEWISE_BEZIER_KNOTS.);
#3211 = CARTESIAN_POINT('',(6.69083301406E-02,-2.479115947485,
    1.199014729235));
#3212 = CARTESIAN_POINT('',(2.94250904515E-02,-2.479388937813,
    1.193805763477));
#3213 = CARTESIAN_POINT('',(1.068347060614E-02,-2.480353926878,
    1.175392675217));
#3214 = CARTESIAN_POINT('',(1.068347060614E-02,-2.482010914681,
    1.143775464456));
#3215 = ORIENTED_EDGE('',*,*,#3216,.F.);
#3216 = EDGE_CURVE('',#3217,#3208,#3219,.T.);
#3217 = VERTEX_POINT('',#3218);
#3218 = CARTESIAN_POINT('',(0.117128593026,-2.478747727973,
    1.206040776071));
#3219 = LINE('',#3220,#3221);
#3220 = CARTESIAN_POINT('',(6.69083301406E-02,-2.479115947485,
    1.199014729235));
#3221 = VECTOR('',#3222,1.);
#3222 = DIRECTION('',(-0.990328603988,-7.261178937488E-03,-0.13855154782
    ));
#3223 = ORIENTED_EDGE('',*,*,#3224,.F.);
#3224 = EDGE_CURVE('',#3225,#3217,#3227,.T.);
#3225 = VERTEX_POINT('',#3226);
#3226 = CARTESIAN_POINT('',(8.279928288983E-02,-2.476576502576,
    1.247470224656));
#3227 = B_SPLINE_CURVE_WITH_KNOTS('',3,(#3228,#3229,#3230,#3231),
  .UNSPECIFIED.,.F.,.F.,(4,4),(11.,12.),.PIECEWISE_BEZIER_KNOTS.);
#3228 = CARTESIAN_POINT('',(8.279928288983E-02,-2.476576502576,
    1.247470224656));
#3229 = CARTESIAN_POINT('',(0.10566527215,-2.476576502576,1.247470224656
    ));
#3230 = CARTESIAN_POINT('',(0.117128593026,-2.477300244375,1.23366040846
    ));
#3231 = CARTESIAN_POINT('',(0.117128593026,-2.478747727973,
    1.206040776071));
#3232 = ORIENTED_EDGE('',*,*,#3233,.F.);
#3233 = EDGE_CURVE('',#3123,#3225,#3234,.T.);
#3234 = B_SPLINE_CURVE_WITH_KNOTS('',3,(#3235,#3236,#3237,#3238),
  .UNSPECIFIED.,.F.,.F.,(4,4),(12.,13.),.PIECEWISE_BEZIER_KNOTS.);
#3235 = CARTESIAN_POINT('',(2.724160076008E-02,-2.47764941805,
    1.226997777839));
#3236 = CARTESIAN_POINT('',(4.398168838886E-02,-2.476938373475,
    1.240565316558));
#3237 = CARTESIAN_POINT('',(6.248069826805E-02,-2.476576502576,
    1.247470224656));
#3238 = CARTESIAN_POINT('',(8.279928288983E-02,-2.476576502576,
    1.247470224656));
#3239 = FACE_BOUND('',#3240,.T.);
#3240 = EDGE_LOOP('',(#3241,#3251,#3259,#3267,#3275,#3283,#3291,#3299));
#3241 = ORIENTED_EDGE('',*,*,#3242,.F.);
#3242 = EDGE_CURVE('',#3243,#3245,#3247,.T.);
#3243 = VERTEX_POINT('',#3244);
#3244 = CARTESIAN_POINT('',(0.806868725312,-2.464685551789,
    1.474363081963));
#3245 = VERTEX_POINT('',#3246);
#3246 = CARTESIAN_POINT('',(0.716496513114,-2.452267666184,1.71131045457
    ));
#3247 = LINE('',#3248,#3249);
#3248 = CARTESIAN_POINT('',(0.716496513114,-2.452267666184,1.71131045457
    ));
#3249 = VECTOR('',#3250,1.);
#3250 = DIRECTION('',(-0.35593572437,4.890849743056E-02,0.933229724664)
  );
#3251 = ORIENTED_EDGE('',*,*,#3252,.F.);
#3252 = EDGE_CURVE('',#3253,#3243,#3255,.T.);
#3253 = VERTEX_POINT('',#3254);
#3254 = CARTESIAN_POINT('',(0.773024635106,-2.464685551789,
    1.474363081963));
#3255 = LINE('',#3256,#3257);
#3256 = CARTESIAN_POINT('',(0.806868725312,-2.464685551789,
    1.474363081963));
#3257 = VECTOR('',#3258,1.);
#3258 = DIRECTION('',(1.,0.,0.));
#3259 = ORIENTED_EDGE('',*,*,#3260,.F.);
#3260 = EDGE_CURVE('',#3261,#3253,#3263,.T.);
#3261 = VERTEX_POINT('',#3262);
#3262 = CARTESIAN_POINT('',(0.748824291035,-2.461289044223,
    1.539172307088));
#3263 = LINE('',#3264,#3265);
#3264 = CARTESIAN_POINT('',(0.773024635106,-2.464685551789,
    1.474363081963));
#3265 = VECTOR('',#3266,1.);
#3266 = DIRECTION('',(0.349395479469,-4.903750070659E-02,-0.935691253807
    ));
#3267 = ORIENTED_EDGE('',*,*,#3268,.F.);
#3268 = EDGE_CURVE('',#3269,#3261,#3271,.T.);
#3269 = VERTEX_POINT('',#3270);
#3270 = CARTESIAN_POINT('',(0.650021382531,-2.461289044223,
    1.539172307088));
#3271 = LINE('',#3272,#3273);
#3272 = CARTESIAN_POINT('',(0.748824291035,-2.461289044223,
    1.539172307088));
#3273 = VECTOR('',#3274,1.);
#3274 = DIRECTION('',(1.,0.,0.));
#3275 = ORIENTED_EDGE('',*,*,#3276,.F.);
#3276 = EDGE_CURVE('',#3277,#3269,#3279,.T.);
#3277 = VERTEX_POINT('',#3278);
#3278 = CARTESIAN_POINT('',(0.627216045762,-2.464685551789,
    1.474363081963));
#3279 = LINE('',#3280,#3281);
#3280 = CARTESIAN_POINT('',(0.650021382531,-2.461289044223,
    1.539172307088));
#3281 = VECTOR('',#3282,1.);
#3282 = DIRECTION('',(0.33152841835,4.93761084362E-02,0.94215227418));
#3283 = ORIENTED_EDGE('',*,*,#3284,.F.);
#3284 = EDGE_CURVE('',#3285,#3277,#3287,.T.);
#3285 = VERTEX_POINT('',#3286);
#3286 = CARTESIAN_POINT('',(0.593371955558,-2.464685551789,
    1.474363081963));
#3287 = LINE('',#3288,#3289);
#3288 = CARTESIAN_POINT('',(0.627216045762,-2.464685551789,
    1.474363081963));
#3289 = VECTOR('',#3290,1.);
#3290 = DIRECTION('',(1.,0.,0.));
#3291 = ORIENTED_EDGE('',*,*,#3292,.F.);
#3292 = EDGE_CURVE('',#3293,#3285,#3295,.T.);
#3293 = VERTEX_POINT('',#3294);
#3294 = CARTESIAN_POINT('',(0.683744167754,-2.452267666184,1.71131045457
    ));
#3295 = LINE('',#3296,#3297);
#3296 = CARTESIAN_POINT('',(0.593371955558,-2.464685551789,
    1.474363081963));
#3297 = VECTOR('',#3298,1.);
#3298 = DIRECTION('',(-0.355935724364,-4.890849743068E-02,
    -0.933229724666));
#3299 = ORIENTED_EDGE('',*,*,#3300,.F.);
#3300 = EDGE_CURVE('',#3245,#3293,#3301,.T.);
#3301 = LINE('',#3302,#3303);
#3302 = CARTESIAN_POINT('',(0.683744167754,-2.452267666184,1.71131045457
    ));
#3303 = VECTOR('',#3304,1.);
#3304 = DIRECTION('',(-1.,-0.,-0.));
#3305 = FACE_BOUND('',#3306,.T.);
#3306 = EDGE_LOOP('',(#3307,#3317,#3325,#3333,#3342,#3351,#3360));
#3307 = ORIENTED_EDGE('',*,*,#3308,.F.);
#3308 = EDGE_CURVE('',#3309,#3311,#3313,.T.);
#3309 = VERTEX_POINT('',#3310);
#3310 = CARTESIAN_POINT('',(0.387032179789,-2.464685551789,
    1.474363081963));
#3311 = VERTEX_POINT('',#3312);
#3312 = CARTESIAN_POINT('',(0.452294260544,-2.464685551789,
    1.474363081963));
#3313 = LINE('',#3314,#3315);
#3314 = CARTESIAN_POINT('',(0.452294260544,-2.464685551789,
    1.474363081963));
#3315 = VECTOR('',#3316,1.);
#3316 = DIRECTION('',(1.,0.,0.));
#3317 = ORIENTED_EDGE('',*,*,#3318,.F.);
#3318 = EDGE_CURVE('',#3319,#3309,#3321,.T.);
#3319 = VERTEX_POINT('',#3320);
#3320 = CARTESIAN_POINT('',(0.387032179789,-2.452267666184,1.71131045457
    ));
#3321 = LINE('',#3322,#3323);
#3322 = CARTESIAN_POINT('',(0.387032179789,-2.464685551789,
    1.474363081963));
#3323 = VECTOR('',#3324,1.);
#3324 = DIRECTION('',(-0.,-5.233595624292E-02,-0.998629534755));
#3325 = ORIENTED_EDGE('',*,*,#3326,.F.);
#3326 = EDGE_CURVE('',#3327,#3319,#3329,.T.);
#3327 = VERTEX_POINT('',#3328);
#3328 = CARTESIAN_POINT('',(0.454720360201,-2.452267666184,1.71131045457
    ));
#3329 = LINE('',#3330,#3331);
#3330 = CARTESIAN_POINT('',(0.387032179789,-2.452267666184,1.71131045457
    ));
#3331 = VECTOR('',#3332,1.);
#3332 = DIRECTION('',(-1.,-0.,-0.));
#3333 = ORIENTED_EDGE('',*,*,#3334,.F.);
#3334 = EDGE_CURVE('',#3335,#3327,#3337,.T.);
#3335 = VERTEX_POINT('',#3336);
#3336 = CARTESIAN_POINT('',(0.544425394992,-2.453911956762,
    1.679935521285));
#3337 = B_SPLINE_CURVE_WITH_KNOTS('',3,(#3338,#3339,#3340,#3341),
  .UNSPECIFIED.,.F.,.F.,(4,4),(2.,3.),.PIECEWISE_BEZIER_KNOTS.);
#3338 = CARTESIAN_POINT('',(0.544425394992,-2.453911956762,
    1.679935521285));
#3339 = CARTESIAN_POINT('',(0.520588965868,-2.452813646839,
    1.700892523055));
#3340 = CARTESIAN_POINT('',(0.490687287605,-2.452267666184,1.71131045457
    ));
#3341 = CARTESIAN_POINT('',(0.454720360201,-2.452267666184,1.71131045457
    ));
#3342 = ORIENTED_EDGE('',*,*,#3343,.F.);
#3343 = EDGE_CURVE('',#3344,#3335,#3346,.T.);
#3344 = VERTEX_POINT('',#3345);
#3345 = CARTESIAN_POINT('',(0.580210364922,-2.45831789368,1.595865236731
    ));
#3346 = B_SPLINE_CURVE_WITH_KNOTS('',3,(#3347,#3348,#3349,#3350),
  .UNSPECIFIED.,.F.,.F.,(4,4),(3.,4.),.PIECEWISE_BEZIER_KNOTS.);
#3347 = CARTESIAN_POINT('',(0.580210364922,-2.45831789368,1.595865236731
    ));
#3348 = CARTESIAN_POINT('',(0.580210364922,-2.456476796121,
    1.630995470909));
#3349 = CARTESIAN_POINT('',(0.568261824115,-2.455010266686,
    1.658978519515));
#3350 = CARTESIAN_POINT('',(0.544425394992,-2.453911956762,
    1.679935521285));
#3351 = ORIENTED_EDGE('',*,*,#3352,.F.);
#3352 = EDGE_CURVE('',#3353,#3344,#3355,.T.);
#3353 = VERTEX_POINT('',#3354);
#3354 = CARTESIAN_POINT('',(0.544425394992,-2.462946032026,
    1.507555096325));
#3355 = B_SPLINE_CURVE_WITH_KNOTS('',3,(#3356,#3357,#3358,#3359),
  .UNSPECIFIED.,.F.,.F.,(4,4),(4.,5.),.PIECEWISE_BEZIER_KNOTS.);
#3356 = CARTESIAN_POINT('',(0.544425394992,-2.462946032026,
    1.507555096325));
#3357 = CARTESIAN_POINT('',(0.568261824115,-2.46178423598,1.529723485481
    ));
#3358 = CARTESIAN_POINT('',(0.580210364922,-2.460241523198,
    1.559160198949));
#3359 = CARTESIAN_POINT('',(0.580210364922,-2.45831789368,1.595865236731
    ));
#3360 = ORIENTED_EDGE('',*,*,#3361,.F.);
#3361 = EDGE_CURVE('',#3311,#3353,#3362,.T.);
#3362 = B_SPLINE_CURVE_WITH_KNOTS('',3,(#3363,#3364,#3365,#3366),
  .UNSPECIFIED.,.F.,.F.,(4,4),(5.,6.),.PIECEWISE_BEZIER_KNOTS.);
#3363 = CARTESIAN_POINT('',(0.452294260544,-2.464685551789,
    1.474363081963));
#3364 = CARTESIAN_POINT('',(0.489838152724,-2.464685551789,
    1.474363081963));
#3365 = CARTESIAN_POINT('',(0.520588965868,-2.464107828072,
    1.485386707171));
#3366 = CARTESIAN_POINT('',(0.544425394992,-2.462946032026,
    1.507555096325));
#3367 = FACE_BOUND('',#3368,.T.);
#3368 = EDGE_LOOP('',(#3369,#3379,#3387,#3395,#3403,#3411,#3419,#3427,
    #3435,#3443,#3451,#3459));
#3369 = ORIENTED_EDGE('',*,*,#3370,.F.);
#3370 = EDGE_CURVE('',#3371,#3373,#3375,.T.);
#3371 = VERTEX_POINT('',#3372);
#3372 = CARTESIAN_POINT('',(0.342209988639,-2.464685551789,
    1.474363081963));
#3373 = VERTEX_POINT('',#3374);
#3374 = CARTESIAN_POINT('',(0.342209988639,-2.463269811252,1.50137702066
    ));
#3375 = LINE('',#3376,#3377);
#3376 = CARTESIAN_POINT('',(0.342209988639,-2.463269811252,1.50137702066
    ));
#3377 = VECTOR('',#3378,1.);
#3378 = DIRECTION('',(0.,5.233595624292E-02,0.998629534755));
#3379 = ORIENTED_EDGE('',*,*,#3380,.F.);
#3380 = EDGE_CURVE('',#3381,#3371,#3383,.T.);
#3381 = VERTEX_POINT('',#3382);
#3382 = CARTESIAN_POINT('',(0.214597146718,-2.464685551789,
    1.474363081963));
#3383 = LINE('',#3384,#3385);
#3384 = CARTESIAN_POINT('',(0.342209988639,-2.464685551789,
    1.474363081963));
#3385 = VECTOR('',#3386,1.);
#3386 = DIRECTION('',(1.,0.,0.));
#3387 = ORIENTED_EDGE('',*,*,#3388,.F.);
#3388 = EDGE_CURVE('',#3389,#3381,#3391,.T.);
#3389 = VERTEX_POINT('',#3390);
#3390 = CARTESIAN_POINT('',(0.214597146718,-2.452267666184,1.71131045457
    ));
#3391 = LINE('',#3392,#3393);
#3392 = CARTESIAN_POINT('',(0.214597146718,-2.464685551789,
    1.474363081963));
#3393 = VECTOR('',#3394,1.);
#3394 = DIRECTION('',(-0.,-5.233595624292E-02,-0.998629534755));
#3395 = ORIENTED_EDGE('',*,*,#3396,.F.);
#3396 = EDGE_CURVE('',#3397,#3389,#3399,.T.);
#3397 = VERTEX_POINT('',#3398);
#3398 = CARTESIAN_POINT('',(0.336811916904,-2.452267666184,1.71131045457
    ));
#3399 = LINE('',#3400,#3401);
#3400 = CARTESIAN_POINT('',(0.214597146718,-2.452267666184,1.71131045457
    ));
#3401 = VECTOR('',#3402,1.);
#3402 = DIRECTION('',(-1.,-0.,-0.));
#3403 = ORIENTED_EDGE('',*,*,#3404,.F.);
#3404 = EDGE_CURVE('',#3405,#3397,#3407,.T.);
#3405 = VERTEX_POINT('',#3406);
#3406 = CARTESIAN_POINT('',(0.336811916904,-2.453696103945,
    1.684054238396));
#3407 = LINE('',#3408,#3409);
#3408 = CARTESIAN_POINT('',(0.336811916904,-2.452267666184,1.71131045457
    ));
#3409 = VECTOR('',#3410,1.);
#3410 = DIRECTION('',(0.,5.233595624292E-02,0.998629534755));
#3411 = ORIENTED_EDGE('',*,*,#3412,.F.);
#3412 = EDGE_CURVE('',#3413,#3405,#3415,.T.);
#3413 = VERTEX_POINT('',#3414);
#3414 = CARTESIAN_POINT('',(0.245226654879,-2.453696103945,
    1.684054238396));
#3415 = LINE('',#3416,#3417);
#3416 = CARTESIAN_POINT('',(0.336811916904,-2.453696103945,
    1.684054238396));
#3417 = VECTOR('',#3418,1.);
#3418 = DIRECTION('',(1.,0.,0.));
#3419 = ORIENTED_EDGE('',*,*,#3420,.F.);
#3420 = EDGE_CURVE('',#3421,#3413,#3423,.T.);
#3421 = VERTEX_POINT('',#3422);
#3422 = CARTESIAN_POINT('',(0.245226654879,-2.457670335228,
    1.608221388062));
#3423 = LINE('',#3424,#3425);
#3424 = CARTESIAN_POINT('',(0.245226654879,-2.453696103945,
    1.684054238396));
#3425 = VECTOR('',#3426,1.);
#3426 = DIRECTION('',(0.,5.233595624292E-02,0.998629534755));
#3427 = ORIENTED_EDGE('',*,*,#3428,.F.);
#3428 = EDGE_CURVE('',#3429,#3421,#3431,.T.);
#3429 = VERTEX_POINT('',#3430);
#3430 = CARTESIAN_POINT('',(0.330079490357,-2.457670335228,
    1.608221388062));
#3431 = LINE('',#3432,#3433);
#3432 = CARTESIAN_POINT('',(0.245226654879,-2.457670335228,
    1.608221388062));
#3433 = VECTOR('',#3434,1.);
#3434 = DIRECTION('',(-1.,-0.,-0.));
#3435 = ORIENTED_EDGE('',*,*,#3436,.F.);
#3436 = EDGE_CURVE('',#3437,#3429,#3439,.T.);
#3437 = VERTEX_POINT('',#3438);
#3438 = CARTESIAN_POINT('',(0.330079490357,-2.459092424377,
    1.581086310626));
#3439 = LINE('',#3440,#3441);
#3440 = CARTESIAN_POINT('',(0.330079490357,-2.457670335228,
    1.608221388062));
#3441 = VECTOR('',#3442,1.);
#3442 = DIRECTION('',(0.,5.233595624292E-02,0.998629534755));
#3443 = ORIENTED_EDGE('',*,*,#3444,.F.);
#3444 = EDGE_CURVE('',#3445,#3437,#3447,.T.);
#3445 = VERTEX_POINT('',#3446);
#3446 = CARTESIAN_POINT('',(0.245226654879,-2.459092424377,
    1.581086310626));
#3447 = LINE('',#3448,#3449);
#3448 = CARTESIAN_POINT('',(0.330079490357,-2.459092424377,
    1.581086310626));
#3449 = VECTOR('',#3450,1.);
#3450 = DIRECTION('',(1.,0.,0.));
#3451 = ORIENTED_EDGE('',*,*,#3452,.F.);
#3452 = EDGE_CURVE('',#3453,#3445,#3455,.T.);
#3453 = VERTEX_POINT('',#3454);
#3454 = CARTESIAN_POINT('',(0.245226654879,-2.463269811252,1.50137702066
    ));
#3455 = LINE('',#3456,#3457);
#3456 = CARTESIAN_POINT('',(0.245226654879,-2.459092424377,
    1.581086310626));
#3457 = VECTOR('',#3458,1.);
#3458 = DIRECTION('',(0.,5.233595624292E-02,0.998629534755));
#3459 = ORIENTED_EDGE('',*,*,#3460,.F.);
#3460 = EDGE_CURVE('',#3373,#3453,#3461,.T.);
#3461 = LINE('',#3462,#3463);
#3462 = CARTESIAN_POINT('',(0.245226654879,-2.463269811252,1.50137702066
    ));
#3463 = VECTOR('',#3464,1.);
#3464 = DIRECTION('',(-1.,-0.,-0.));
#3465 = FACE_BOUND('',#3466,.T.);
#3466 = EDGE_LOOP('',(#3467,#3477,#3486,#3495,#3504,#3513,#3522,#3531,
    #3539,#3548,#3557,#3566,#3575,#3584));
#3467 = ORIENTED_EDGE('',*,*,#3468,.F.);
#3468 = EDGE_CURVE('',#3469,#3471,#3473,.T.);
#3469 = VERTEX_POINT('',#3470);
#3470 = CARTESIAN_POINT('',(0.167106245946,-2.464171314195,
    1.484175319786));
#3471 = VERTEX_POINT('',#3472);
#3472 = CARTESIAN_POINT('',(0.167106245946,-2.462634950025,
    1.513490894516));
#3473 = LINE('',#3474,#3475);
#3474 = CARTESIAN_POINT('',(0.167106245946,-2.462634950025,
    1.513490894516));
#3475 = VECTOR('',#3476,1.);
#3476 = DIRECTION('',(0.,5.233595624293E-02,0.998629534755));
#3477 = ORIENTED_EDGE('',*,*,#3478,.F.);
#3478 = EDGE_CURVE('',#3479,#3469,#3481,.T.);
#3479 = VERTEX_POINT('',#3480);
#3480 = CARTESIAN_POINT('',(0.101419597752,-2.464895055994,1.47036550359
    ));
#3481 = B_SPLINE_CURVE_WITH_KNOTS('',3,(#3482,#3483,#3484,#3485),
  .UNSPECIFIED.,.F.,.F.,(4,4),(0.,1.),.PIECEWISE_BEZIER_KNOTS.);
#3482 = CARTESIAN_POINT('',(0.101419597752,-2.464895055994,1.47036550359
    ));
#3483 = CARTESIAN_POINT('',(0.127742779022,-2.464895055994,1.47036550359
    ));
#3484 = CARTESIAN_POINT('',(0.149638328421,-2.464653808728,
    1.474968775655));
#3485 = CARTESIAN_POINT('',(0.167106245946,-2.464171314195,
    1.484175319786));
#3486 = ORIENTED_EDGE('',*,*,#3487,.F.);
#3487 = EDGE_CURVE('',#3488,#3479,#3490,.T.);
#3488 = VERTEX_POINT('',#3489);
#3489 = CARTESIAN_POINT('',(1.990264930007E-02,-2.463199976517,
    1.502709546784));
#3490 = B_SPLINE_CURVE_WITH_KNOTS('',3,(#3491,#3492,#3493,#3494),
  .UNSPECIFIED.,.F.,.F.,(4,4),(1.,2.),.PIECEWISE_BEZIER_KNOTS.);
#3491 = CARTESIAN_POINT('',(1.990264930007E-02,-2.463199976517,
    1.502709546784));
#3492 = CARTESIAN_POINT('',(4.022123392184E-02,-2.464330029502,
    1.481146851322));
#3493 = CARTESIAN_POINT('',(6.739355007211E-02,-2.464895055994,
    1.47036550359));
#3494 = CARTESIAN_POINT('',(0.101419597752,-2.464895055994,1.47036550359
    ));
#3495 = ORIENTED_EDGE('',*,*,#3496,.F.);
#3496 = EDGE_CURVE('',#3497,#3488,#3499,.T.);
#3497 = VERTEX_POINT('',#3498);
#3498 = CARTESIAN_POINT('',(-1.054490138651E-02,-2.458711507641,
    1.588354634939));
#3499 = B_SPLINE_CURVE_WITH_KNOTS('',3,(#3500,#3501,#3502,#3503),
  .UNSPECIFIED.,.F.,.F.,(4,4),(2.,3.),.PIECEWISE_BEZIER_KNOTS.);
#3500 = CARTESIAN_POINT('',(-1.054490138651E-02,-2.458711507641,
    1.588354634939));
#3501 = CARTESIAN_POINT('',(-1.054490138651E-02,-2.460571651036,
    1.552860984544));
#3502 = CARTESIAN_POINT('',(-4.159353217072E-04,-2.462069923533,
    1.524272242246));
#3503 = CARTESIAN_POINT('',(1.990264930007E-02,-2.463199976517,
    1.502709546784));
#3504 = ORIENTED_EDGE('',*,*,#3505,.F.);
#3505 = EDGE_CURVE('',#3506,#3497,#3508,.T.);
#3506 = VERTEX_POINT('',#3507);
#3507 = CARTESIAN_POINT('',(2.372375625842E-02,-2.453886562313,
    1.680420076239));
#3508 = B_SPLINE_CURVE_WITH_KNOTS('',3,(#3509,#3510,#3511,#3512),
  .UNSPECIFIED.,.F.,.F.,(4,4),(3.,4.),.PIECEWISE_BEZIER_KNOTS.);
#3509 = CARTESIAN_POINT('',(2.372375625842E-02,-2.453886562313,
    1.680420076239));
#3510 = CARTESIAN_POINT('',(8.577669980138E-04,-2.45510549587,
    1.657161438437));
#3511 = CARTESIAN_POINT('',(-1.054490138651E-02,-2.456711694775,
    1.626513337583));
#3512 = CARTESIAN_POINT('',(-1.054490138651E-02,-2.458711507641,
    1.588354634939));
#3513 = ORIENTED_EDGE('',*,*,#3514,.F.);
#3514 = EDGE_CURVE('',#3515,#3506,#3517,.T.);
#3515 = VERTEX_POINT('',#3516);
#3516 = CARTESIAN_POINT('',(0.110881386411,-2.452058161979,
    1.715308032942));
#3517 = B_SPLINE_CURVE_WITH_KNOTS('',3,(#3518,#3519,#3520,#3521),
  .UNSPECIFIED.,.F.,.F.,(4,4),(4.,5.),.PIECEWISE_BEZIER_KNOTS.);
#3518 = CARTESIAN_POINT('',(0.110881386411,-2.452058161979,
    1.715308032942));
#3519 = CARTESIAN_POINT('',(7.564228890382E-02,-2.452058161979,
    1.715308032942));
#3520 = CARTESIAN_POINT('',(4.658974551963E-02,-2.452667628757,
    1.703678714042));
#3521 = CARTESIAN_POINT('',(2.372375625842E-02,-2.453886562313,
    1.680420076239));
#3522 = ORIENTED_EDGE('',*,*,#3523,.F.);
#3523 = EDGE_CURVE('',#3524,#3515,#3526,.T.);
#3524 = VERTEX_POINT('',#3525);
#3525 = CARTESIAN_POINT('',(0.167106245946,-2.452566050961,
    1.705616933858));
#3526 = B_SPLINE_CURVE_WITH_KNOTS('',3,(#3527,#3528,#3529,#3530),
  .UNSPECIFIED.,.F.,.F.,(4,4),(5.,6.),.PIECEWISE_BEZIER_KNOTS.);
#3527 = CARTESIAN_POINT('',(0.167106245946,-2.452566050961,
    1.705616933858));
#3528 = CARTESIAN_POINT('',(0.152307038043,-2.45222957451,1.712037287002
    ));
#3529 = CARTESIAN_POINT('',(0.133565418197,-2.452058161979,
    1.715308032942));
#3530 = CARTESIAN_POINT('',(0.110881386411,-2.452058161979,
    1.715308032942));
#3531 = ORIENTED_EDGE('',*,*,#3532,.F.);
#3532 = EDGE_CURVE('',#3533,#3524,#3535,.T.);
#3533 = VERTEX_POINT('',#3534);
#3534 = CARTESIAN_POINT('',(0.167106245946,-2.454242084601,
    1.673636306881));
#3535 = LINE('',#3536,#3537);
#3536 = CARTESIAN_POINT('',(0.167106245946,-2.452566050961,
    1.705616933858));
#3537 = VECTOR('',#3538,1.);
#3538 = DIRECTION('',(0.,5.233595624293E-02,0.998629534755));
#3539 = ORIENTED_EDGE('',*,*,#3540,.F.);
#3540 = EDGE_CURVE('',#3541,#3533,#3543,.T.);
#3541 = VERTEX_POINT('',#3542);
#3542 = CARTESIAN_POINT('',(0.111184648868,-2.453505645577,
    1.687688400552));
#3543 = B_SPLINE_CURVE_WITH_KNOTS('',3,(#3544,#3545,#3546,#3547),
  .UNSPECIFIED.,.F.,.F.,(4,4),(7.,8.),.PIECEWISE_BEZIER_KNOTS.);
#3544 = CARTESIAN_POINT('',(0.111184648868,-2.453505645577,
    1.687688400552));
#3545 = CARTESIAN_POINT('',(0.131503233489,-2.453505645577,
    1.687688400552));
#3546 = CARTESIAN_POINT('',(0.150123548352,-2.453746892843,
    1.683085128487));
#3547 = CARTESIAN_POINT('',(0.167106245946,-2.454242084601,
    1.673636306881));
#3548 = ORIENTED_EDGE('',*,*,#3549,.F.);
#3549 = EDGE_CURVE('',#3550,#3541,#3552,.T.);
#3550 = VERTEX_POINT('',#3551);
#3551 = CARTESIAN_POINT('',(4.65290930283E-02,-2.45488329444,
    1.661401294287));
#3552 = B_SPLINE_CURVE_WITH_KNOTS('',3,(#3553,#3554,#3555,#3556),
  .UNSPECIFIED.,.F.,.F.,(4,4),(8.,9.),.PIECEWISE_BEZIER_KNOTS.);
#3553 = CARTESIAN_POINT('',(4.65290930283E-02,-2.45488329444,
    1.661401294287));
#3554 = CARTESIAN_POINT('',(6.320852816492E-02,-2.453962745661,
    1.678966411376));
#3555 = CARTESIAN_POINT('',(8.474016261507E-02,-2.453505645577,
    1.687688400552));
#3556 = CARTESIAN_POINT('',(0.111184648868,-2.453505645577,
    1.687688400552));
#3557 = ORIENTED_EDGE('',*,*,#3558,.F.);
#3558 = EDGE_CURVE('',#3559,#3550,#3561,.T.);
#3559 = VERTEX_POINT('',#3560);
#3560 = CARTESIAN_POINT('',(2.160091905997E-02,-2.458616278456,
    1.590171716019));
#3561 = B_SPLINE_CURVE_WITH_KNOTS('',3,(#3562,#3563,#3564,#3565),
  .UNSPECIFIED.,.F.,.F.,(4,4),(9.,10.),.PIECEWISE_BEZIER_KNOTS.);
#3562 = CARTESIAN_POINT('',(2.160091905997E-02,-2.458616278456,
    1.590171716019));
#3563 = CARTESIAN_POINT('',(2.160091905997E-02,-2.457054519837,
    1.619971845702));
#3564 = CARTESIAN_POINT('',(2.991031038221E-02,-2.455810191832,
    1.643715038457));
#3565 = CARTESIAN_POINT('',(4.65290930283E-02,-2.45488329444,
    1.661401294287));
#3566 = ORIENTED_EDGE('',*,*,#3567,.F.);
#3567 = EDGE_CURVE('',#3568,#3559,#3570,.T.);
#3568 = VERTEX_POINT('',#3569);
#3569 = CARTESIAN_POINT('',(4.489147575974E-02,-2.462158804105,
    1.522576299906));
#3570 = B_SPLINE_CURVE_WITH_KNOTS('',3,(#3571,#3572,#3573,#3574),
  .UNSPECIFIED.,.F.,.F.,(4,4),(10.,11.),.PIECEWISE_BEZIER_KNOTS.);
#3571 = CARTESIAN_POINT('',(4.489147575974E-02,-2.462158804105,
    1.522576299906));
#3572 = CARTESIAN_POINT('',(2.936443795935E-02,-2.461282695611,
    1.539293445827));
#3573 = CARTESIAN_POINT('',(2.160091905997E-02,-2.460101853728,
    1.561825251198));
#3574 = CARTESIAN_POINT('',(2.160091905997E-02,-2.458616278456,
    1.590171716019));
#3575 = ORIENTED_EDGE('',*,*,#3576,.F.);
#3576 = EDGE_CURVE('',#3577,#3568,#3579,.T.);
#3577 = VERTEX_POINT('',#3578);
#3578 = CARTESIAN_POINT('',(0.105847229624,-2.463466618233,
    1.497621719764));
#3579 = B_SPLINE_CURVE_WITH_KNOTS('',3,(#3580,#3581,#3582,#3583),
  .UNSPECIFIED.,.F.,.F.,(4,4),(11.,12.),.PIECEWISE_BEZIER_KNOTS.);
#3580 = CARTESIAN_POINT('',(0.105847229624,-2.463466618233,
    1.497621719764));
#3581 = CARTESIAN_POINT('',(8.07370981819E-02,-2.463466618233,
    1.497621719764));
#3582 = CARTESIAN_POINT('',(6.041851356013E-02,-2.463028563986,
    1.505980292724));
#3583 = CARTESIAN_POINT('',(4.489147575974E-02,-2.462158804105,
    1.522576299906));
#3584 = ORIENTED_EDGE('',*,*,#3585,.F.);
#3585 = EDGE_CURVE('',#3471,#3577,#3586,.T.);
#3586 = B_SPLINE_CURVE_WITH_KNOTS('',3,(#3587,#3588,#3589,#3590),
  .UNSPECIFIED.,.F.,.F.,(4,4),(12.,13.),.PIECEWISE_BEZIER_KNOTS.);
#3587 = CARTESIAN_POINT('',(0.167106245946,-2.462634950025,
    1.513490894516));
#3588 = CARTESIAN_POINT('',(0.149759633403,-2.463187279293,
    1.502951824261));
#3589 = CARTESIAN_POINT('',(0.129319743799,-2.463466618233,
    1.497621719764));
#3590 = CARTESIAN_POINT('',(0.105847229624,-2.463466618233,
    1.497621719764));
#3591 = FACE_BOUND('',#3592,.T.);
#3592 = EDGE_LOOP('',(#3593,#3603,#3611,#3619,#3627,#3635,#3644,#3652));
#3593 = ORIENTED_EDGE('',*,*,#3594,.T.);
#3594 = EDGE_CURVE('',#3595,#3597,#3599,.T.);
#3595 = VERTEX_POINT('',#3596);
#3596 = CARTESIAN_POINT('',(2.699997780665,-2.498979305827,
    0.819999273622));
#3597 = VERTEX_POINT('',#3598);
#3598 = CARTESIAN_POINT('',(3.499472823232,-2.498979305827,
    0.819999273622));
#3599 = LINE('',#3600,#3601);
#3600 = CARTESIAN_POINT('',(3.499996900561,-2.498979305827,
    0.819999273622));
#3601 = VECTOR('',#3602,1.);
#3602 = DIRECTION('',(1.,0.,0.));
#3603 = ORIENTED_EDGE('',*,*,#3604,.F.);
#3604 = EDGE_CURVE('',#3605,#3597,#3607,.T.);
#3605 = VERTEX_POINT('',#3606);
#3606 = CARTESIAN_POINT('',(3.368977568378,-2.368484050973,
    3.309997068593));
#3607 = LINE('',#3608,#3609);
#3608 = CARTESIAN_POINT('',(3.499996900561,-2.499503383156,
    0.809999282478));
#3609 = VECTOR('',#3610,1.);
#3610 = DIRECTION('',(5.226442768872E-02,-5.226442768872E-02,
    -0.997264688634));
#3611 = ORIENTED_EDGE('',*,*,#3612,.F.);
#3612 = EDGE_CURVE('',#3613,#3605,#3615,.T.);
#3613 = VERTEX_POINT('',#3614);
#3614 = CARTESIAN_POINT('',(-3.368977568378,-2.368484050973,
    3.309997068593));
#3615 = LINE('',#3616,#3617);
#3616 = CARTESIAN_POINT('',(-3.499996900561,-2.368484050973,
    3.309997068593));
#3617 = VECTOR('',#3618,1.);
#3618 = DIRECTION('',(1.,0.,0.));
#3619 = ORIENTED_EDGE('',*,*,#3620,.T.);
#3620 = EDGE_CURVE('',#3613,#3621,#3623,.T.);
#3621 = VERTEX_POINT('',#3622);
#3622 = CARTESIAN_POINT('',(-3.499472823232,-2.498979305827,
    0.819999273622));
#3623 = LINE('',#3624,#3625);
#3624 = CARTESIAN_POINT('',(-3.499996900561,-2.499503383156,
    0.809999282478));
#3625 = VECTOR('',#3626,1.);
#3626 = DIRECTION('',(-5.226442768872E-02,-5.226442768872E-02,
    -0.997264688634));
#3627 = ORIENTED_EDGE('',*,*,#3628,.F.);
#3628 = EDGE_CURVE('',#3629,#3621,#3631,.T.);
#3629 = VERTEX_POINT('',#3630);
#3630 = CARTESIAN_POINT('',(-2.699997780665,-2.498979305827,
    0.819999273622));
#3631 = LINE('',#3632,#3633);
#3632 = CARTESIAN_POINT('',(-3.499996900561,-2.498979305827,
    0.819999273622));
#3633 = VECTOR('',#3634,1.);
#3634 = DIRECTION('',(-1.,-0.,-0.));
#3635 = ORIENTED_EDGE('',*,*,#3636,.T.);
#3636 = EDGE_CURVE('',#3629,#3637,#3639,.T.);
#3637 = VERTEX_POINT('',#3638);
#3638 = CARTESIAN_POINT('',(-2.699997609004,-2.499503383156,
    0.809999282478));
#3639 = ( BOUNDED_CURVE() B_SPLINE_CURVE(3,(#3640,#3641,#3642,#3643),
.UNSPECIFIED.,.F.,.F.) B_SPLINE_CURVE_WITH_KNOTS((4,4),(4.711733883097,
4.712388980385),.PIECEWISE_BEZIER_KNOTS.) CURVE() 
GEOMETRIC_REPRESENTATION_ITEM() RATIONAL_B_SPLINE_CURVE((1.,
0.999999964237,0.999999964237,1.)) REPRESENTATION_ITEM('') );
#3640 = CARTESIAN_POINT('',(-2.699997780665,-2.498979305827,
    0.819999273622));
#3641 = CARTESIAN_POINT('',(-2.699997666225,-2.499153998248,
    0.816665943658));
#3642 = CARTESIAN_POINT('',(-2.699997609004,-2.499328690698,
    0.813332613157));
#3643 = CARTESIAN_POINT('',(-2.699997609004,-2.499503383156,
    0.809999282478));
#3644 = ORIENTED_EDGE('',*,*,#3645,.T.);
#3645 = EDGE_CURVE('',#3637,#3646,#3648,.T.);
#3646 = VERTEX_POINT('',#3647);
#3647 = CARTESIAN_POINT('',(2.699997609004,-2.499503383156,
    0.809999282478));
#3648 = LINE('',#3649,#3650);
#3649 = CARTESIAN_POINT('',(-3.499996900561,-2.499503383156,
    0.809999282478));
#3650 = VECTOR('',#3651,1.);
#3651 = DIRECTION('',(1.,0.,0.));
#3652 = ORIENTED_EDGE('',*,*,#3653,.F.);
#3653 = EDGE_CURVE('',#3595,#3646,#3654,.T.);
#3654 = ( BOUNDED_CURVE() B_SPLINE_CURVE(3,(#3655,#3656,#3657,#3658),
.UNSPECIFIED.,.F.,.F.) B_SPLINE_CURVE_WITH_KNOTS((4,4),(4.711733883097,
4.712388980385),.PIECEWISE_BEZIER_KNOTS.) CURVE() 
GEOMETRIC_REPRESENTATION_ITEM() RATIONAL_B_SPLINE_CURVE((1.,
0.999999964237,0.999999964237,1.)) REPRESENTATION_ITEM('') );
#3655 = CARTESIAN_POINT('',(2.699997780665,-2.498979305827,
    0.819999273622));
#3656 = CARTESIAN_POINT('',(2.699997666225,-2.499153998248,
    0.816665943658));
#3657 = CARTESIAN_POINT('',(2.699997609004,-2.499328690698,
    0.813332613157));
#3658 = CARTESIAN_POINT('',(2.699997609004,-2.499503383156,
    0.809999282478));
#3659 = FACE_BOUND('',#3660,.T.);
#3660 = EDGE_LOOP('',(#3661,#3671,#3679,#3687,#3695,#3703));
#3661 = ORIENTED_EDGE('',*,*,#3662,.F.);
#3662 = EDGE_CURVE('',#3663,#3665,#3667,.T.);
#3663 = VERTEX_POINT('',#3664);
#3664 = CARTESIAN_POINT('',(-2.024930001115E-02,-2.464685551789,
    1.474363081963));
#3665 = VERTEX_POINT('',#3666);
#3666 = CARTESIAN_POINT('',(-2.024930001115E-02,-2.463269811252,
    1.50137702066));
#3667 = LINE('',#3668,#3669);
#3668 = CARTESIAN_POINT('',(-2.024930001115E-02,-2.463269811252,
    1.50137702066));
#3669 = VECTOR('',#3670,1.);
#3670 = DIRECTION('',(0.,5.233595624292E-02,0.998629534755));
#3671 = ORIENTED_EDGE('',*,*,#3672,.F.);
#3672 = EDGE_CURVE('',#3673,#3663,#3675,.T.);
#3673 = VERTEX_POINT('',#3674);
#3674 = CARTESIAN_POINT('',(-0.145375389785,-2.464685551789,
    1.474363081963));
#3675 = LINE('',#3676,#3677);
#3676 = CARTESIAN_POINT('',(-2.024930001115E-02,-2.464685551789,
    1.474363081963));
#3677 = VECTOR('',#3678,1.);
#3678 = DIRECTION('',(1.,0.,0.));
#3679 = ORIENTED_EDGE('',*,*,#3680,.F.);
#3680 = EDGE_CURVE('',#3681,#3673,#3683,.T.);
#3681 = VERTEX_POINT('',#3682);
#3682 = CARTESIAN_POINT('',(-0.145375389785,-2.452267666184,
    1.71131045457));
#3683 = LINE('',#3684,#3685);
#3684 = CARTESIAN_POINT('',(-0.145375389785,-2.464685551789,
    1.474363081963));
#3685 = VECTOR('',#3686,1.);
#3686 = DIRECTION('',(-0.,-5.233595624292E-02,-0.998629534755));
#3687 = ORIENTED_EDGE('',*,*,#3688,.F.);
#3688 = EDGE_CURVE('',#3689,#3681,#3691,.T.);
#3689 = VERTEX_POINT('',#3690);
#3690 = CARTESIAN_POINT('',(-0.114745881625,-2.452267666184,
    1.71131045457));
#3691 = LINE('',#3692,#3693);
#3692 = CARTESIAN_POINT('',(-0.145375389785,-2.452267666184,
    1.71131045457));
#3693 = VECTOR('',#3694,1.);
#3694 = DIRECTION('',(-1.,-0.,-0.));
#3695 = ORIENTED_EDGE('',*,*,#3696,.F.);
#3696 = EDGE_CURVE('',#3697,#3689,#3699,.T.);
#3697 = VERTEX_POINT('',#3698);
#3698 = CARTESIAN_POINT('',(-0.114745881625,-2.463269811252,
    1.50137702066));
#3699 = LINE('',#3700,#3701);
#3700 = CARTESIAN_POINT('',(-0.114745881625,-2.452267666184,
    1.71131045457));
#3701 = VECTOR('',#3702,1.);
#3702 = DIRECTION('',(0.,5.233595624292E-02,0.998629534755));
#3703 = ORIENTED_EDGE('',*,*,#3704,.F.);
#3704 = EDGE_CURVE('',#3665,#3697,#3705,.T.);
#3705 = LINE('',#3706,#3707);
#3706 = CARTESIAN_POINT('',(-0.114745881625,-2.463269811252,
    1.50137702066));
#3707 = VECTOR('',#3708,1.);
#3708 = DIRECTION('',(-1.,-0.,-0.));
#3709 = FACE_BOUND('',#3710,.T.);
#3710 = EDGE_LOOP('',(#3711,#3721,#3729,#3737,#3745,#3753,#3761,#3769,
    #3777,#3785,#3793,#3801));
#3711 = ORIENTED_EDGE('',*,*,#3712,.F.);
#3712 = EDGE_CURVE('',#3713,#3715,#3717,.T.);
#3713 = VERTEX_POINT('',#3714);
#3714 = CARTESIAN_POINT('',(-1.776254786386E-02,-2.484385295671,
    1.098469576237));
#3715 = VERTEX_POINT('',#3716);
#3716 = CARTESIAN_POINT('',(-1.776254786386E-02,-2.482969555134,
    1.125483514934));
#3717 = LINE('',#3718,#3719);
#3718 = CARTESIAN_POINT('',(-1.776254786386E-02,-2.482969555134,
    1.125483514934));
#3719 = VECTOR('',#3720,1.);
#3720 = DIRECTION('',(0.,5.233595624293E-02,0.998629534755));
#3721 = ORIENTED_EDGE('',*,*,#3722,.F.);
#3722 = EDGE_CURVE('',#3723,#3713,#3725,.T.);
#3723 = VERTEX_POINT('',#3724);
#3724 = CARTESIAN_POINT('',(-0.145375389785,-2.484385295671,
    1.098469576237));
#3725 = LINE('',#3726,#3727);
#3726 = CARTESIAN_POINT('',(-1.776254786386E-02,-2.484385295671,
    1.098469576237));
#3727 = VECTOR('',#3728,1.);
#3728 = DIRECTION('',(1.,0.,0.));
#3729 = ORIENTED_EDGE('',*,*,#3730,.F.);
#3730 = EDGE_CURVE('',#3731,#3723,#3733,.T.);
#3731 = VERTEX_POINT('',#3732);
#3732 = CARTESIAN_POINT('',(-0.145375389785,-2.471967410066,
    1.335416948844));
#3733 = LINE('',#3734,#3735);
#3734 = CARTESIAN_POINT('',(-0.145375389785,-2.484385295671,
    1.098469576237));
#3735 = VECTOR('',#3736,1.);
#3736 = DIRECTION('',(-0.,-5.233595624293E-02,-0.998629534755));
#3737 = ORIENTED_EDGE('',*,*,#3738,.F.);
#3738 = EDGE_CURVE('',#3739,#3731,#3741,.T.);
#3739 = VERTEX_POINT('',#3740);
#3740 = CARTESIAN_POINT('',(-2.316061959943E-02,-2.471967410066,
    1.335416948844));
#3741 = LINE('',#3742,#3743);
#3742 = CARTESIAN_POINT('',(-0.145375389785,-2.471967410066,
    1.335416948844));
#3743 = VECTOR('',#3744,1.);
#3744 = DIRECTION('',(-1.,-0.,-0.));
#3745 = ORIENTED_EDGE('',*,*,#3746,.F.);
#3746 = EDGE_CURVE('',#3747,#3739,#3749,.T.);
#3747 = VERTEX_POINT('',#3748);
#3748 = CARTESIAN_POINT('',(-2.316061959943E-02,-2.473395847827,
    1.30816073267));
#3749 = LINE('',#3750,#3751);
#3750 = CARTESIAN_POINT('',(-2.316061959943E-02,-2.471967410066,
    1.335416948844));
#3751 = VECTOR('',#3752,1.);
#3752 = DIRECTION('',(0.,5.233595624292E-02,0.998629534755));
#3753 = ORIENTED_EDGE('',*,*,#3754,.F.);
#3754 = EDGE_CURVE('',#3755,#3747,#3757,.T.);
#3755 = VERTEX_POINT('',#3756);
#3756 = CARTESIAN_POINT('',(-0.114745881625,-2.473395847827,
    1.30816073267));
#3757 = LINE('',#3758,#3759);
#3758 = CARTESIAN_POINT('',(-2.316061959943E-02,-2.473395847827,
    1.30816073267));
#3759 = VECTOR('',#3760,1.);
#3760 = DIRECTION('',(1.,0.,0.));
#3761 = ORIENTED_EDGE('',*,*,#3762,.F.);
#3762 = EDGE_CURVE('',#3763,#3755,#3765,.T.);
#3763 = VERTEX_POINT('',#3764);
#3764 = CARTESIAN_POINT('',(-0.114745881625,-2.47737007911,
    1.232327882336));
#3765 = LINE('',#3766,#3767);
#3766 = CARTESIAN_POINT('',(-0.114745881625,-2.473395847827,
    1.30816073267));
#3767 = VECTOR('',#3768,1.);
#3768 = DIRECTION('',(0.,5.233595624293E-02,0.998629534755));
#3769 = ORIENTED_EDGE('',*,*,#3770,.F.);
#3770 = EDGE_CURVE('',#3771,#3763,#3773,.T.);
#3771 = VERTEX_POINT('',#3772);
#3772 = CARTESIAN_POINT('',(-2.989304614526E-02,-2.47737007911,
    1.232327882336));
#3773 = LINE('',#3774,#3775);
#3774 = CARTESIAN_POINT('',(-0.114745881625,-2.47737007911,
    1.232327882336));
#3775 = VECTOR('',#3776,1.);
#3776 = DIRECTION('',(-1.,-0.,-0.));
#3777 = ORIENTED_EDGE('',*,*,#3778,.F.);
#3778 = EDGE_CURVE('',#3779,#3771,#3781,.T.);
#3779 = VERTEX_POINT('',#3780);
#3780 = CARTESIAN_POINT('',(-2.989304614526E-02,-2.478792168259,
    1.205192804901));
#3781 = LINE('',#3782,#3783);
#3782 = CARTESIAN_POINT('',(-2.989304614526E-02,-2.47737007911,
    1.232327882336));
#3783 = VECTOR('',#3784,1.);
#3784 = DIRECTION('',(0.,5.233595624292E-02,0.998629534755));
#3785 = ORIENTED_EDGE('',*,*,#3786,.F.);
#3786 = EDGE_CURVE('',#3787,#3779,#3789,.T.);
#3787 = VERTEX_POINT('',#3788);
#3788 = CARTESIAN_POINT('',(-0.114745881625,-2.478792168259,
    1.205192804901));
#3789 = LINE('',#3790,#3791);
#3790 = CARTESIAN_POINT('',(-2.989304614526E-02,-2.478792168259,
    1.205192804901));
#3791 = VECTOR('',#3792,1.);
#3792 = DIRECTION('',(1.,0.,0.));
#3793 = ORIENTED_EDGE('',*,*,#3794,.F.);
#3794 = EDGE_CURVE('',#3795,#3787,#3797,.T.);
#3795 = VERTEX_POINT('',#3796);
#3796 = CARTESIAN_POINT('',(-0.114745881625,-2.482969555134,
    1.125483514934));
#3797 = LINE('',#3798,#3799);
#3798 = CARTESIAN_POINT('',(-0.114745881625,-2.478792168259,
    1.205192804901));
#3799 = VECTOR('',#3800,1.);
#3800 = DIRECTION('',(0.,5.233595624292E-02,0.998629534755));
#3801 = ORIENTED_EDGE('',*,*,#3802,.F.);
#3802 = EDGE_CURVE('',#3715,#3795,#3803,.T.);
#3803 = LINE('',#3804,#3805);
#3804 = CARTESIAN_POINT('',(-0.114745881625,-2.482969555134,
    1.125483514934));
#3805 = VECTOR('',#3806,1.);
#3806 = DIRECTION('',(-1.,-0.,-0.));
#3807 = FACE_BOUND('',#3808,.T.);
#3808 = EDGE_LOOP('',(#3809,#3819,#3827,#3835,#3843,#3851,#3859,#3867,
    #3875,#3883,#3891,#3899));
#3809 = ORIENTED_EDGE('',*,*,#3810,.F.);
#3810 = EDGE_CURVE('',#3811,#3813,#3815,.T.);
#3811 = VERTEX_POINT('',#3812);
#3812 = CARTESIAN_POINT('',(0.639346544045,-2.484385295671,
    1.098469576237));
#3813 = VERTEX_POINT('',#3814);
#3814 = CARTESIAN_POINT('',(0.639346544045,-2.482969555134,
    1.125483514934));
#3815 = LINE('',#3816,#3817);
#3816 = CARTESIAN_POINT('',(0.639346544045,-2.482969555134,
    1.125483514934));
#3817 = VECTOR('',#3818,1.);
#3818 = DIRECTION('',(0.,5.233595624293E-02,0.998629534755));
#3819 = ORIENTED_EDGE('',*,*,#3820,.F.);
#3820 = EDGE_CURVE('',#3821,#3811,#3823,.T.);
#3821 = VERTEX_POINT('',#3822);
#3822 = CARTESIAN_POINT('',(0.511733702123,-2.484385295671,
    1.098469576237));
#3823 = LINE('',#3824,#3825);
#3824 = CARTESIAN_POINT('',(0.639346544045,-2.484385295671,
    1.098469576237));
#3825 = VECTOR('',#3826,1.);
#3826 = DIRECTION('',(1.,0.,0.));
#3827 = ORIENTED_EDGE('',*,*,#3828,.F.);
#3828 = EDGE_CURVE('',#3829,#3821,#3831,.T.);
#3829 = VERTEX_POINT('',#3830);
#3830 = CARTESIAN_POINT('',(0.511733702123,-2.471967410066,
    1.335416948844));
#3831 = LINE('',#3832,#3833);
#3832 = CARTESIAN_POINT('',(0.511733702123,-2.484385295671,
    1.098469576237));
#3833 = VECTOR('',#3834,1.);
#3834 = DIRECTION('',(-0.,-5.233595624293E-02,-0.998629534755));
#3835 = ORIENTED_EDGE('',*,*,#3836,.F.);
#3836 = EDGE_CURVE('',#3837,#3829,#3839,.T.);
#3837 = VERTEX_POINT('',#3838);
#3838 = CARTESIAN_POINT('',(0.633948472309,-2.471967410066,
    1.335416948844));
#3839 = LINE('',#3840,#3841);
#3840 = CARTESIAN_POINT('',(0.511733702123,-2.471967410066,
    1.335416948844));
#3841 = VECTOR('',#3842,1.);
#3842 = DIRECTION('',(-1.,-0.,-0.));
#3843 = ORIENTED_EDGE('',*,*,#3844,.F.);
#3844 = EDGE_CURVE('',#3845,#3837,#3847,.T.);
#3845 = VERTEX_POINT('',#3846);
#3846 = CARTESIAN_POINT('',(0.633948472309,-2.473395847827,1.30816073267
    ));
#3847 = LINE('',#3848,#3849);
#3848 = CARTESIAN_POINT('',(0.633948472309,-2.471967410066,
    1.335416948844));
#3849 = VECTOR('',#3850,1.);
#3850 = DIRECTION('',(0.,5.233595624292E-02,0.998629534755));
#3851 = ORIENTED_EDGE('',*,*,#3852,.F.);
#3852 = EDGE_CURVE('',#3853,#3845,#3855,.T.);
#3853 = VERTEX_POINT('',#3854);
#3854 = CARTESIAN_POINT('',(0.542363210285,-2.473395847827,1.30816073267
    ));
#3855 = LINE('',#3856,#3857);
#3856 = CARTESIAN_POINT('',(0.633948472309,-2.473395847827,1.30816073267
    ));
#3857 = VECTOR('',#3858,1.);
#3858 = DIRECTION('',(1.,0.,0.));
#3859 = ORIENTED_EDGE('',*,*,#3860,.F.);
#3860 = EDGE_CURVE('',#3861,#3853,#3863,.T.);
#3861 = VERTEX_POINT('',#3862);
#3862 = CARTESIAN_POINT('',(0.542363210285,-2.47737007911,1.232327882336
    ));
#3863 = LINE('',#3864,#3865);
#3864 = CARTESIAN_POINT('',(0.542363210285,-2.473395847827,1.30816073267
    ));
#3865 = VECTOR('',#3866,1.);
#3866 = DIRECTION('',(0.,5.233595624293E-02,0.998629534755));
#3867 = ORIENTED_EDGE('',*,*,#3868,.F.);
#3868 = EDGE_CURVE('',#3869,#3861,#3871,.T.);
#3869 = VERTEX_POINT('',#3870);
#3870 = CARTESIAN_POINT('',(0.627216045762,-2.47737007911,1.232327882336
    ));
#3871 = LINE('',#3872,#3873);
#3872 = CARTESIAN_POINT('',(0.542363210285,-2.47737007911,1.232327882336
    ));
#3873 = VECTOR('',#3874,1.);
#3874 = DIRECTION('',(-1.,-0.,-0.));
#3875 = ORIENTED_EDGE('',*,*,#3876,.F.);
#3876 = EDGE_CURVE('',#3877,#3869,#3879,.T.);
#3877 = VERTEX_POINT('',#3878);
#3878 = CARTESIAN_POINT('',(0.627216045762,-2.478792168259,
    1.205192804901));
#3879 = LINE('',#3880,#3881);
#3880 = CARTESIAN_POINT('',(0.627216045762,-2.47737007911,1.232327882336
    ));
#3881 = VECTOR('',#3882,1.);
#3882 = DIRECTION('',(0.,5.233595624292E-02,0.998629534755));
#3883 = ORIENTED_EDGE('',*,*,#3884,.F.);
#3884 = EDGE_CURVE('',#3885,#3877,#3887,.T.);
#3885 = VERTEX_POINT('',#3886);
#3886 = CARTESIAN_POINT('',(0.542363210285,-2.478792168259,
    1.205192804901));
#3887 = LINE('',#3888,#3889);
#3888 = CARTESIAN_POINT('',(0.627216045762,-2.478792168259,
    1.205192804901));
#3889 = VECTOR('',#3890,1.);
#3890 = DIRECTION('',(1.,0.,0.));
#3891 = ORIENTED_EDGE('',*,*,#3892,.F.);
#3892 = EDGE_CURVE('',#3893,#3885,#3895,.T.);
#3893 = VERTEX_POINT('',#3894);
#3894 = CARTESIAN_POINT('',(0.542363210285,-2.482969555134,
    1.125483514934));
#3895 = LINE('',#3896,#3897);
#3896 = CARTESIAN_POINT('',(0.542363210285,-2.478792168259,
    1.205192804901));
#3897 = VECTOR('',#3898,1.);
#3898 = DIRECTION('',(0.,5.233595624292E-02,0.998629534755));
#3899 = ORIENTED_EDGE('',*,*,#3900,.F.);
#3900 = EDGE_CURVE('',#3813,#3893,#3901,.T.);
#3901 = LINE('',#3902,#3903);
#3902 = CARTESIAN_POINT('',(0.542363210285,-2.482969555134,
    1.125483514934));
#3903 = VECTOR('',#3904,1.);
#3904 = DIRECTION('',(-1.,-0.,-0.));
#3905 = FACE_BOUND('',#3906,.T.);
#3906 = EDGE_LOOP('',(#3907,#3917,#3925,#3933,#3942,#3951,#3960));
#3907 = ORIENTED_EDGE('',*,*,#3908,.F.);
#3908 = EDGE_CURVE('',#3909,#3911,#3913,.T.);
#3909 = VERTEX_POINT('',#3910);
#3910 = CARTESIAN_POINT('',(0.684168735195,-2.484385295671,
    1.098469576237));
#3911 = VERTEX_POINT('',#3912);
#3912 = CARTESIAN_POINT('',(0.74943081595,-2.484385295671,1.098469576237
    ));
#3913 = LINE('',#3914,#3915);
#3914 = CARTESIAN_POINT('',(0.74943081595,-2.484385295671,1.098469576237
    ));
#3915 = VECTOR('',#3916,1.);
#3916 = DIRECTION('',(1.,0.,0.));
#3917 = ORIENTED_EDGE('',*,*,#3918,.F.);
#3918 = EDGE_CURVE('',#3919,#3909,#3921,.T.);
#3919 = VERTEX_POINT('',#3920);
#3920 = CARTESIAN_POINT('',(0.684168735195,-2.471967410066,
    1.335416948844));
#3921 = LINE('',#3922,#3923);
#3922 = CARTESIAN_POINT('',(0.684168735195,-2.484385295671,
    1.098469576237));
#3923 = VECTOR('',#3924,1.);
#3924 = DIRECTION('',(-0.,-5.233595624293E-02,-0.998629534755));
#3925 = ORIENTED_EDGE('',*,*,#3926,.F.);
#3926 = EDGE_CURVE('',#3927,#3919,#3929,.T.);
#3927 = VERTEX_POINT('',#3928);
#3928 = CARTESIAN_POINT('',(0.751856915605,-2.471967410066,
    1.335416948844));
#3929 = LINE('',#3930,#3931);
#3930 = CARTESIAN_POINT('',(0.684168735195,-2.471967410066,
    1.335416948844));
#3931 = VECTOR('',#3932,1.);
#3932 = DIRECTION('',(-1.,-0.,-0.));
#3933 = ORIENTED_EDGE('',*,*,#3934,.F.);
#3934 = EDGE_CURVE('',#3935,#3927,#3937,.T.);
#3935 = VERTEX_POINT('',#3936);
#3936 = CARTESIAN_POINT('',(0.841561950396,-2.473611700644,
    1.304042015559));
#3937 = B_SPLINE_CURVE_WITH_KNOTS('',3,(#3938,#3939,#3940,#3941),
  .UNSPECIFIED.,.F.,.F.,(4,4),(2.,3.),.PIECEWISE_BEZIER_KNOTS.);
#3938 = CARTESIAN_POINT('',(0.841561950396,-2.473611700644,
    1.304042015559));
#3939 = CARTESIAN_POINT('',(0.817725521274,-2.472513390721,
    1.324999017328));
#3940 = CARTESIAN_POINT('',(0.787823843009,-2.471967410066,
    1.335416948844));
#3941 = CARTESIAN_POINT('',(0.751856915605,-2.471967410066,
    1.335416948844));
#3942 = ORIENTED_EDGE('',*,*,#3943,.F.);
#3943 = EDGE_CURVE('',#3944,#3935,#3946,.T.);
#3944 = VERTEX_POINT('',#3945);
#3945 = CARTESIAN_POINT('',(0.877346920328,-2.478017637562,
    1.219971731003));
#3946 = B_SPLINE_CURVE_WITH_KNOTS('',3,(#3947,#3948,#3949,#3950),
  .UNSPECIFIED.,.F.,.F.,(4,4),(3.,4.),.PIECEWISE_BEZIER_KNOTS.);
#3947 = CARTESIAN_POINT('',(0.877346920328,-2.478017637562,
    1.219971731003));
#3948 = CARTESIAN_POINT('',(0.877346920328,-2.476176540003,
    1.255101965184));
#3949 = CARTESIAN_POINT('',(0.865398379519,-2.474710010568,1.28308501379
    ));
#3950 = CARTESIAN_POINT('',(0.841561950396,-2.473611700644,
    1.304042015559));
#3951 = ORIENTED_EDGE('',*,*,#3952,.F.);
#3952 = EDGE_CURVE('',#3953,#3944,#3955,.T.);
#3953 = VERTEX_POINT('',#3954);
#3954 = CARTESIAN_POINT('',(0.841561950396,-2.482645775908,1.1316615906)
  );
#3955 = B_SPLINE_CURVE_WITH_KNOTS('',3,(#3956,#3957,#3958,#3959),
  .UNSPECIFIED.,.F.,.F.,(4,4),(4.,5.),.PIECEWISE_BEZIER_KNOTS.);
#3956 = CARTESIAN_POINT('',(0.841561950396,-2.482645775908,1.1316615906)
  );
#3957 = CARTESIAN_POINT('',(0.865398379519,-2.481483979862,
    1.153829979755));
#3958 = CARTESIAN_POINT('',(0.877346920328,-2.47994126708,1.183266693222
    ));
#3959 = CARTESIAN_POINT('',(0.877346920328,-2.478017637562,
    1.219971731003));
#3960 = ORIENTED_EDGE('',*,*,#3961,.F.);
#3961 = EDGE_CURVE('',#3911,#3953,#3962,.T.);
#3962 = B_SPLINE_CURVE_WITH_KNOTS('',3,(#3963,#3964,#3965,#3966),
  .UNSPECIFIED.,.F.,.F.,(4,4),(5.,6.),.PIECEWISE_BEZIER_KNOTS.);
#3963 = CARTESIAN_POINT('',(0.74943081595,-2.484385295671,1.098469576237
    ));
#3964 = CARTESIAN_POINT('',(0.78697470813,-2.484385295671,1.098469576237
    ));
#3965 = CARTESIAN_POINT('',(0.817725521274,-2.483807571954,
    1.109493201444));
#3966 = CARTESIAN_POINT('',(0.841561950396,-2.482645775908,1.1316615906)
  );
#3967 = FACE_BOUND('',#3968,.T.);
#3968 = EDGE_LOOP('',(#3969,#3979,#3987,#3995,#4003,#4011,#4019,#4027));
#3969 = ORIENTED_EDGE('',*,*,#3970,.F.);
#3970 = EDGE_CURVE('',#3971,#3973,#3975,.T.);
#3971 = VERTEX_POINT('',#3972);
#3972 = CARTESIAN_POINT('',(1.104005280716,-2.484385295671,
    1.098469576237));
#3973 = VERTEX_POINT('',#3974);
#3974 = CARTESIAN_POINT('',(1.01363306852,-2.471967410066,1.335416948844
    ));
#3975 = LINE('',#3976,#3977);
#3976 = CARTESIAN_POINT('',(1.01363306852,-2.471967410066,1.335416948844
    ));
#3977 = VECTOR('',#3978,1.);
#3978 = DIRECTION('',(-0.355935724364,4.890849743068E-02,0.933229724666)
  );
#3979 = ORIENTED_EDGE('',*,*,#3980,.F.);
#3980 = EDGE_CURVE('',#3981,#3971,#3983,.T.);
#3981 = VERTEX_POINT('',#3982);
#3982 = CARTESIAN_POINT('',(1.070161190512,-2.484385295671,
    1.098469576237));
#3983 = LINE('',#3984,#3985);
#3984 = CARTESIAN_POINT('',(1.104005280716,-2.484385295671,
    1.098469576237));
#3985 = VECTOR('',#3986,1.);
#3986 = DIRECTION('',(1.,0.,0.));
#3987 = ORIENTED_EDGE('',*,*,#3988,.F.);
#3988 = EDGE_CURVE('',#3989,#3981,#3991,.T.);
#3989 = VERTEX_POINT('',#3990);
#3990 = CARTESIAN_POINT('',(1.045960846439,-2.480988788105,
    1.163278801361));
#3991 = LINE('',#3992,#3993);
#3992 = CARTESIAN_POINT('',(1.070161190512,-2.484385295671,
    1.098469576237));
#3993 = VECTOR('',#3994,1.);
#3994 = DIRECTION('',(0.349395479497,-4.903750070602E-02,-0.935691253797
    ));
#3995 = ORIENTED_EDGE('',*,*,#3996,.F.);
#3996 = EDGE_CURVE('',#3997,#3989,#3999,.T.);
#3997 = VERTEX_POINT('',#3998);
#3998 = CARTESIAN_POINT('',(0.947157937936,-2.480988788105,
    1.163278801361));
#3999 = LINE('',#4000,#4001);
#4000 = CARTESIAN_POINT('',(1.045960846439,-2.480988788105,
    1.163278801361));
#4001 = VECTOR('',#4002,1.);
#4002 = DIRECTION('',(1.,0.,0.));
#4003 = ORIENTED_EDGE('',*,*,#4004,.F.);
#4004 = EDGE_CURVE('',#4005,#3997,#4007,.T.);
#4005 = VERTEX_POINT('',#4006);
#4006 = CARTESIAN_POINT('',(0.924352601167,-2.484385295671,
    1.098469576237));
#4007 = LINE('',#4008,#4009);
#4008 = CARTESIAN_POINT('',(0.947157937936,-2.480988788105,
    1.163278801361));
#4009 = VECTOR('',#4010,1.);
#4010 = DIRECTION('',(0.331528418358,4.937610843608E-02,0.942152274177)
  );
#4011 = ORIENTED_EDGE('',*,*,#4012,.F.);
#4012 = EDGE_CURVE('',#4013,#4005,#4015,.T.);
#4013 = VERTEX_POINT('',#4014);
#4014 = CARTESIAN_POINT('',(0.890508510961,-2.484385295671,
    1.098469576237));
#4015 = LINE('',#4016,#4017);
#4016 = CARTESIAN_POINT('',(0.924352601167,-2.484385295671,
    1.098469576237));
#4017 = VECTOR('',#4018,1.);
#4018 = DIRECTION('',(1.,0.,0.));
#4019 = ORIENTED_EDGE('',*,*,#4020,.F.);
#4020 = EDGE_CURVE('',#4021,#4013,#4023,.T.);
#4021 = VERTEX_POINT('',#4022);
#4022 = CARTESIAN_POINT('',(0.980880723159,-2.471967410066,
    1.335416948844));
#4023 = LINE('',#4024,#4025);
#4024 = CARTESIAN_POINT('',(0.890508510961,-2.484385295671,
    1.098469576237));
#4025 = VECTOR('',#4026,1.);
#4026 = DIRECTION('',(-0.35593572437,-4.890849743056E-02,-0.933229724664
    ));
#4027 = ORIENTED_EDGE('',*,*,#4028,.F.);
#4028 = EDGE_CURVE('',#3973,#4021,#4029,.T.);
#4029 = LINE('',#4030,#4031);
#4030 = CARTESIAN_POINT('',(0.980880723159,-2.471967410066,
    1.335416948844));
#4031 = VECTOR('',#4032,1.);
#4032 = DIRECTION('',(-1.,-0.,-0.));
#4033 = PLANE('',#4034);
#4034 = AXIS2_PLACEMENT_3D('',#4035,#4036,#4037);
#4035 = CARTESIAN_POINT('',(-3.499996900561,-2.499503383156,
    0.809999282478));
#4036 = DIRECTION('',(0.,-0.998629534755,5.233595624292E-02));
#4037 = DIRECTION('',(0.,-5.233595624292E-02,-0.998629534755));
#4038 = ADVANCED_FACE('',(#4039),#4067,.F.);
#4039 = FACE_BOUND('',#4040,.F.);
#4040 = EDGE_LOOP('',(#4041,#4052,#4061));
#4041 = ORIENTED_EDGE('',*,*,#4042,.F.);
#4042 = EDGE_CURVE('',#4043,#4045,#4047,.T.);
#4043 = VERTEX_POINT('',#4044);
#4044 = CARTESIAN_POINT('',(-2.699997609004,2.500492189074,
    0.809999282478));
#4045 = VERTEX_POINT('',#4046);
#4046 = CARTESIAN_POINT('',(-2.699997780665,2.499968111745,
    0.809999282478));
#4047 = CIRCLE('',#4048,0.799999291557);
#4048 = AXIS2_PLACEMENT_3D('',#4049,#4050,#4051);
#4049 = CARTESIAN_POINT('',(-3.499996900561,2.500492189074,
    0.809999282478));
#4050 = DIRECTION('',(0.,0.,-1.));
#4051 = DIRECTION('',(-1.,0.,0.));
#4052 = ORIENTED_EDGE('',*,*,#4053,.F.);
#4053 = EDGE_CURVE('',#4054,#4043,#4056,.T.);
#4054 = VERTEX_POINT('',#4055);
#4055 = CARTESIAN_POINT('',(-2.699997780665,2.499968111745,
    0.819999273622));
#4056 = ( BOUNDED_CURVE() B_SPLINE_CURVE(3,(#4057,#4058,#4059,#4060),
.UNSPECIFIED.,.F.,.F.) B_SPLINE_CURVE_WITH_KNOTS((4,4),(4.711733883097,
4.712388980385),.PIECEWISE_BEZIER_KNOTS.) CURVE() 
GEOMETRIC_REPRESENTATION_ITEM() RATIONAL_B_SPLINE_CURVE((1.,
0.999999964237,0.999999964237,1.)) REPRESENTATION_ITEM('') );
#4057 = CARTESIAN_POINT('',(-2.699997780665,2.499968111745,
    0.819999273622));
#4058 = CARTESIAN_POINT('',(-2.699997666225,2.500142804167,
    0.816665943658));
#4059 = CARTESIAN_POINT('',(-2.699997609004,2.500317496616,
    0.813332613157));
#4060 = CARTESIAN_POINT('',(-2.699997609004,2.500492189074,
    0.809999282478));
#4061 = ORIENTED_EDGE('',*,*,#4062,.T.);
#4062 = EDGE_CURVE('',#4054,#4045,#4063,.T.);
#4063 = LINE('',#4064,#4065);
#4064 = CARTESIAN_POINT('',(-2.699997780665,2.499968111745,
    0.819999273622));
#4065 = VECTOR('',#4066,1.);
#4066 = DIRECTION('',(0.,0.,-1.));
#4067 = CYLINDRICAL_SURFACE('',#4068,0.799999291557);
#4068 = AXIS2_PLACEMENT_3D('',#4069,#4070,#4071);
#4069 = CARTESIAN_POINT('',(-3.499996900561,2.500492189074,
    0.819999273622));
#4070 = DIRECTION('',(0.,0.,-1.));
#4071 = DIRECTION('',(1.,0.,0.));
#4072 = ADVANCED_FACE('',(#4073),#4101,.F.);
#4073 = FACE_BOUND('',#4074,.F.);
#4074 = EDGE_LOOP('',(#4075,#4086,#4095));
#4075 = ORIENTED_EDGE('',*,*,#4076,.F.);
#4076 = EDGE_CURVE('',#4077,#4079,#4081,.T.);
#4077 = VERTEX_POINT('',#4078);
#4078 = CARTESIAN_POINT('',(-3.499996900561,1.700492897517,
    0.809999282478));
#4079 = VERTEX_POINT('',#4080);
#4080 = CARTESIAN_POINT('',(-3.499472823232,1.700493069178,
    0.819999273622));
#4081 = ( BOUNDED_CURVE() B_SPLINE_CURVE(3,(#4082,#4083,#4084,#4085),
.UNSPECIFIED.,.F.,.F.) B_SPLINE_CURVE_WITH_KNOTS((4,4),(1.570796326795,
1.571451424083),.PIECEWISE_BEZIER_KNOTS.) CURVE() 
GEOMETRIC_REPRESENTATION_ITEM() RATIONAL_B_SPLINE_CURVE((1.,
0.999999964237,0.999999964237,1.)) REPRESENTATION_ITEM('') );
#4082 = CARTESIAN_POINT('',(-3.499996900561,1.700492897517,
    0.809999282478));
#4083 = CARTESIAN_POINT('',(-3.499822208103,1.700492897517,
    0.813332613157));
#4084 = CARTESIAN_POINT('',(-3.499647515654,1.700492954738,
    0.816665943658));
#4085 = CARTESIAN_POINT('',(-3.499472823232,1.700493069178,
    0.819999273622));
#4086 = ORIENTED_EDGE('',*,*,#4087,.F.);
#4087 = EDGE_CURVE('',#4088,#4077,#4090,.T.);
#4088 = VERTEX_POINT('',#4089);
#4089 = CARTESIAN_POINT('',(-3.499472823232,1.700493069178,
    0.809999282478));
#4090 = CIRCLE('',#4091,0.799999291557);
#4091 = AXIS2_PLACEMENT_3D('',#4092,#4093,#4094);
#4092 = CARTESIAN_POINT('',(-3.499996900561,2.500492189074,
    0.809999282478));
#4093 = DIRECTION('',(0.,0.,-1.));
#4094 = DIRECTION('',(-1.,0.,0.));
#4095 = ORIENTED_EDGE('',*,*,#4096,.T.);
#4096 = EDGE_CURVE('',#4088,#4079,#4097,.T.);
#4097 = LINE('',#4098,#4099);
#4098 = CARTESIAN_POINT('',(-3.499472823232,1.700493069178,
    0.819999273622));
#4099 = VECTOR('',#4100,1.);
#4100 = DIRECTION('',(0.,0.,1.));
#4101 = CYLINDRICAL_SURFACE('',#4102,0.799999291557);
#4102 = AXIS2_PLACEMENT_3D('',#4103,#4104,#4105);
#4103 = CARTESIAN_POINT('',(-3.499996900561,2.500492189074,
    0.819999273622));
#4104 = DIRECTION('',(0.,0.,-1.));
#4105 = DIRECTION('',(1.,0.,0.));
#4106 = ADVANCED_FACE('',(#4107),#4135,.F.);
#4107 = FACE_BOUND('',#4108,.F.);
#4108 = EDGE_LOOP('',(#4109,#4120,#4129));
#4109 = ORIENTED_EDGE('',*,*,#4110,.T.);
#4110 = EDGE_CURVE('',#4111,#4113,#4115,.T.);
#4111 = VERTEX_POINT('',#4112);
#4112 = CARTESIAN_POINT('',(-3.499472823232,-1.69950426326,
    0.809999282478));
#4113 = VERTEX_POINT('',#4114);
#4114 = CARTESIAN_POINT('',(-3.499996900561,-1.699504091599,
    0.809999282478));
#4115 = CIRCLE('',#4116,0.799999291557);
#4116 = AXIS2_PLACEMENT_3D('',#4117,#4118,#4119);
#4117 = CARTESIAN_POINT('',(-3.499996900561,-2.499503383156,
    0.809999282478));
#4118 = DIRECTION('',(0.,0.,1.));
#4119 = DIRECTION('',(-1.,0.,0.));
#4120 = ORIENTED_EDGE('',*,*,#4121,.T.);
#4121 = EDGE_CURVE('',#4113,#4122,#4124,.T.);
#4122 = VERTEX_POINT('',#4123);
#4123 = CARTESIAN_POINT('',(-3.499472823232,-1.69950426326,
    0.819999273622));
#4124 = ( BOUNDED_CURVE() B_SPLINE_CURVE(3,(#4125,#4126,#4127,#4128),
.UNSPECIFIED.,.F.,.F.) B_SPLINE_CURVE_WITH_KNOTS((4,4),(1.570796326795,
1.571451424083),.PIECEWISE_BEZIER_KNOTS.) CURVE() 
GEOMETRIC_REPRESENTATION_ITEM() RATIONAL_B_SPLINE_CURVE((1.,
0.999999964237,0.999999964237,1.)) REPRESENTATION_ITEM('') );
#4125 = CARTESIAN_POINT('',(-3.499996900561,-1.699504091599,
    0.809999282478));
#4126 = CARTESIAN_POINT('',(-3.499822208103,-1.699504091599,
    0.813332613157));
#4127 = CARTESIAN_POINT('',(-3.499647515654,-1.69950414882,
    0.816665943658));
#4128 = CARTESIAN_POINT('',(-3.499472823232,-1.69950426326,
    0.819999273622));
#4129 = ORIENTED_EDGE('',*,*,#4130,.T.);
#4130 = EDGE_CURVE('',#4122,#4111,#4131,.T.);
#4131 = LINE('',#4132,#4133);
#4132 = CARTESIAN_POINT('',(-3.499472823232,-1.69950426326,
    0.819999273622));
#4133 = VECTOR('',#4134,1.);
#4134 = DIRECTION('',(0.,0.,-1.));
#4135 = CYLINDRICAL_SURFACE('',#4136,0.799999291557);
#4136 = AXIS2_PLACEMENT_3D('',#4137,#4138,#4139);
#4137 = CARTESIAN_POINT('',(-3.499996900561,-2.499503383156,
    0.819999273622));
#4138 = DIRECTION('',(0.,0.,-1.));
#4139 = DIRECTION('',(1.,0.,0.));
#4140 = ADVANCED_FACE('',(#4141),#4159,.F.);
#4141 = FACE_BOUND('',#4142,.F.);
#4142 = EDGE_LOOP('',(#4143,#4144,#4153));
#4143 = ORIENTED_EDGE('',*,*,#3636,.T.);
#4144 = ORIENTED_EDGE('',*,*,#4145,.T.);
#4145 = EDGE_CURVE('',#3637,#4146,#4148,.T.);
#4146 = VERTEX_POINT('',#4147);
#4147 = CARTESIAN_POINT('',(-2.699997780665,-2.498979305827,
    0.809999282478));
#4148 = CIRCLE('',#4149,0.799999291557);
#4149 = AXIS2_PLACEMENT_3D('',#4150,#4151,#4152);
#4150 = CARTESIAN_POINT('',(-3.499996900561,-2.499503383156,
    0.809999282478));
#4151 = DIRECTION('',(0.,0.,1.));
#4152 = DIRECTION('',(-1.,0.,0.));
#4153 = ORIENTED_EDGE('',*,*,#4154,.T.);
#4154 = EDGE_CURVE('',#4146,#3629,#4155,.T.);
#4155 = LINE('',#4156,#4157);
#4156 = CARTESIAN_POINT('',(-2.699997780665,-2.498979305827,
    0.819999273622));
#4157 = VECTOR('',#4158,1.);
#4158 = DIRECTION('',(0.,0.,1.));
#4159 = CYLINDRICAL_SURFACE('',#4160,0.799999291557);
#4160 = AXIS2_PLACEMENT_3D('',#4161,#4162,#4163);
#4161 = CARTESIAN_POINT('',(-3.499996900561,-2.499503383156,
    0.819999273622));
#4162 = DIRECTION('',(0.,0.,-1.));
#4163 = DIRECTION('',(1.,0.,0.));
#4164 = ADVANCED_FACE('',(#4165),#4183,.F.);
#4165 = FACE_BOUND('',#4166,.F.);
#4166 = EDGE_LOOP('',(#4167,#4176,#4177));
#4167 = ORIENTED_EDGE('',*,*,#4168,.F.);
#4168 = EDGE_CURVE('',#3646,#4169,#4171,.T.);
#4169 = VERTEX_POINT('',#4170);
#4170 = CARTESIAN_POINT('',(2.699997780665,-2.498979305827,
    0.809999282478));
#4171 = CIRCLE('',#4172,0.799999291557);
#4172 = AXIS2_PLACEMENT_3D('',#4173,#4174,#4175);
#4173 = CARTESIAN_POINT('',(3.499996900561,-2.499503383156,
    0.809999282478));
#4174 = DIRECTION('',(0.,0.,-1.));
#4175 = DIRECTION('',(1.,0.,0.));
#4176 = ORIENTED_EDGE('',*,*,#3653,.F.);
#4177 = ORIENTED_EDGE('',*,*,#4178,.T.);
#4178 = EDGE_CURVE('',#3595,#4169,#4179,.T.);
#4179 = LINE('',#4180,#4181);
#4180 = CARTESIAN_POINT('',(2.699997780665,-2.498979305827,
    0.819999273622));
#4181 = VECTOR('',#4182,1.);
#4182 = DIRECTION('',(0.,0.,-1.));
#4183 = CYLINDRICAL_SURFACE('',#4184,0.799999291557);
#4184 = AXIS2_PLACEMENT_3D('',#4185,#4186,#4187);
#4185 = CARTESIAN_POINT('',(3.499996900561,-2.499503383156,
    0.819999273622));
#4186 = DIRECTION('',(0.,0.,-1.));
#4187 = DIRECTION('',(-1.,0.,0.));
#4188 = ADVANCED_FACE('',(#4189),#4217,.F.);
#4189 = FACE_BOUND('',#4190,.F.);
#4190 = EDGE_LOOP('',(#4191,#4202,#4211));
#4191 = ORIENTED_EDGE('',*,*,#4192,.F.);
#4192 = EDGE_CURVE('',#4193,#4195,#4197,.T.);
#4193 = VERTEX_POINT('',#4194);
#4194 = CARTESIAN_POINT('',(3.499996900561,-1.699504091599,
    0.809999282478));
#4195 = VERTEX_POINT('',#4196);
#4196 = CARTESIAN_POINT('',(3.499472823232,-1.69950426326,0.819999273622
    ));
#4197 = ( BOUNDED_CURVE() B_SPLINE_CURVE(3,(#4198,#4199,#4200,#4201),
.UNSPECIFIED.,.F.,.F.) B_SPLINE_CURVE_WITH_KNOTS((4,4),(1.570796326795,
1.571451424083),.PIECEWISE_BEZIER_KNOTS.) CURVE() 
GEOMETRIC_REPRESENTATION_ITEM() RATIONAL_B_SPLINE_CURVE((1.,
0.999999964237,0.999999964237,1.)) REPRESENTATION_ITEM('') );
#4198 = CARTESIAN_POINT('',(3.499996900561,-1.699504091599,
    0.809999282478));
#4199 = CARTESIAN_POINT('',(3.499822208103,-1.699504091599,
    0.813332613157));
#4200 = CARTESIAN_POINT('',(3.499647515654,-1.69950414882,0.816665943658
    ));
#4201 = CARTESIAN_POINT('',(3.499472823232,-1.69950426326,0.819999273622
    ));
#4202 = ORIENTED_EDGE('',*,*,#4203,.F.);
#4203 = EDGE_CURVE('',#4204,#4193,#4206,.T.);
#4204 = VERTEX_POINT('',#4205);
#4205 = CARTESIAN_POINT('',(3.499472823232,-1.69950426326,0.809999282478
    ));
#4206 = CIRCLE('',#4207,0.799999291557);
#4207 = AXIS2_PLACEMENT_3D('',#4208,#4209,#4210);
#4208 = CARTESIAN_POINT('',(3.499996900561,-2.499503383156,
    0.809999282478));
#4209 = DIRECTION('',(0.,0.,-1.));
#4210 = DIRECTION('',(1.,0.,0.));
#4211 = ORIENTED_EDGE('',*,*,#4212,.T.);
#4212 = EDGE_CURVE('',#4204,#4195,#4213,.T.);
#4213 = LINE('',#4214,#4215);
#4214 = CARTESIAN_POINT('',(3.499472823232,-1.69950426326,0.819999273622
    ));
#4215 = VECTOR('',#4216,1.);
#4216 = DIRECTION('',(0.,0.,1.));
#4217 = CYLINDRICAL_SURFACE('',#4218,0.799999291557);
#4218 = AXIS2_PLACEMENT_3D('',#4219,#4220,#4221);
#4219 = CARTESIAN_POINT('',(3.499996900561,-2.499503383156,
    0.819999273622));
#4220 = DIRECTION('',(0.,0.,-1.));
#4221 = DIRECTION('',(-1.,0.,0.));
#4222 = ADVANCED_FACE('',(#4223),#4251,.F.);
#4223 = FACE_BOUND('',#4224,.F.);
#4224 = EDGE_LOOP('',(#4225,#4236,#4245));
#4225 = ORIENTED_EDGE('',*,*,#4226,.T.);
#4226 = EDGE_CURVE('',#4227,#4229,#4231,.T.);
#4227 = VERTEX_POINT('',#4228);
#4228 = CARTESIAN_POINT('',(3.499472823232,1.700493069178,0.809999282478
    ));
#4229 = VERTEX_POINT('',#4230);
#4230 = CARTESIAN_POINT('',(3.499996900561,1.700492897517,0.809999282478
    ));
#4231 = CIRCLE('',#4232,0.799999291557);
#4232 = AXIS2_PLACEMENT_3D('',#4233,#4234,#4235);
#4233 = CARTESIAN_POINT('',(3.499996900561,2.500492189074,0.809999282478
    ));
#4234 = DIRECTION('',(0.,0.,1.));
#4235 = DIRECTION('',(1.,0.,-0.));
#4236 = ORIENTED_EDGE('',*,*,#4237,.T.);
#4237 = EDGE_CURVE('',#4229,#4238,#4240,.T.);
#4238 = VERTEX_POINT('',#4239);
#4239 = CARTESIAN_POINT('',(3.499472823232,1.700493069178,0.819999273622
    ));
#4240 = ( BOUNDED_CURVE() B_SPLINE_CURVE(3,(#4241,#4242,#4243,#4244),
.UNSPECIFIED.,.F.,.F.) B_SPLINE_CURVE_WITH_KNOTS((4,4),(1.570796326795,
1.571451424083),.PIECEWISE_BEZIER_KNOTS.) CURVE() 
GEOMETRIC_REPRESENTATION_ITEM() RATIONAL_B_SPLINE_CURVE((1.,
0.999999964237,0.999999964237,1.)) REPRESENTATION_ITEM('') );
#4241 = CARTESIAN_POINT('',(3.499996900561,1.700492897517,0.809999282478
    ));
#4242 = CARTESIAN_POINT('',(3.499822208103,1.700492897517,0.813332613157
    ));
#4243 = CARTESIAN_POINT('',(3.499647515654,1.700492954738,0.816665943658
    ));
#4244 = CARTESIAN_POINT('',(3.499472823232,1.700493069178,0.819999273622
    ));
#4245 = ORIENTED_EDGE('',*,*,#4246,.T.);
#4246 = EDGE_CURVE('',#4238,#4227,#4247,.T.);
#4247 = LINE('',#4248,#4249);
#4248 = CARTESIAN_POINT('',(3.499472823232,1.700493069178,0.819999273622
    ));
#4249 = VECTOR('',#4250,1.);
#4250 = DIRECTION('',(-0.,-0.,-1.));
#4251 = CYLINDRICAL_SURFACE('',#4252,0.799999291557);
#4252 = AXIS2_PLACEMENT_3D('',#4253,#4254,#4255);
#4253 = CARTESIAN_POINT('',(3.499996900561,2.500492189074,0.819999273622
    ));
#4254 = DIRECTION('',(-0.,-0.,-1.));
#4255 = DIRECTION('',(-1.,0.,0.));
#4256 = ADVANCED_FACE('',(#4257),#4285,.F.);
#4257 = FACE_BOUND('',#4258,.F.);
#4258 = EDGE_LOOP('',(#4259,#4270,#4279));
#4259 = ORIENTED_EDGE('',*,*,#4260,.T.);
#4260 = EDGE_CURVE('',#4261,#4263,#4265,.T.);
#4261 = VERTEX_POINT('',#4262);
#4262 = CARTESIAN_POINT('',(2.699997780665,2.499968111745,0.819999273622
    ));
#4263 = VERTEX_POINT('',#4264);
#4264 = CARTESIAN_POINT('',(2.699997609004,2.500492189074,0.809999282478
    ));
#4265 = ( BOUNDED_CURVE() B_SPLINE_CURVE(3,(#4266,#4267,#4268,#4269),
.UNSPECIFIED.,.F.,.F.) B_SPLINE_CURVE_WITH_KNOTS((4,4),(4.711733883097,
4.712388980385),.PIECEWISE_BEZIER_KNOTS.) CURVE() 
GEOMETRIC_REPRESENTATION_ITEM() RATIONAL_B_SPLINE_CURVE((1.,
0.999999964237,0.999999964237,1.)) REPRESENTATION_ITEM('') );
#4266 = CARTESIAN_POINT('',(2.699997780665,2.499968111745,0.819999273622
    ));
#4267 = CARTESIAN_POINT('',(2.699997666225,2.500142804167,0.816665943658
    ));
#4268 = CARTESIAN_POINT('',(2.699997609004,2.500317496616,0.813332613157
    ));
#4269 = CARTESIAN_POINT('',(2.699997609004,2.500492189074,0.809999282478
    ));
#4270 = ORIENTED_EDGE('',*,*,#4271,.T.);
#4271 = EDGE_CURVE('',#4263,#4272,#4274,.T.);
#4272 = VERTEX_POINT('',#4273);
#4273 = CARTESIAN_POINT('',(2.699997780665,2.499968111745,0.809999282478
    ));
#4274 = CIRCLE('',#4275,0.799999291557);
#4275 = AXIS2_PLACEMENT_3D('',#4276,#4277,#4278);
#4276 = CARTESIAN_POINT('',(3.499996900561,2.500492189074,0.809999282478
    ));
#4277 = DIRECTION('',(0.,0.,1.));
#4278 = DIRECTION('',(1.,0.,-0.));
#4279 = ORIENTED_EDGE('',*,*,#4280,.T.);
#4280 = EDGE_CURVE('',#4272,#4261,#4281,.T.);
#4281 = LINE('',#4282,#4283);
#4282 = CARTESIAN_POINT('',(2.699997780665,2.499968111745,0.819999273622
    ));
#4283 = VECTOR('',#4284,1.);
#4284 = DIRECTION('',(0.,0.,1.));
#4285 = CYLINDRICAL_SURFACE('',#4286,0.799999291557);
#4286 = AXIS2_PLACEMENT_3D('',#4287,#4288,#4289);
#4287 = CARTESIAN_POINT('',(3.499996900561,2.500492189074,0.819999273622
    ));
#4288 = DIRECTION('',(-0.,-0.,-1.));
#4289 = DIRECTION('',(-1.,0.,0.));
#4290 = ADVANCED_FACE('',(#4291),#4330,.T.);
#4291 = FACE_BOUND('',#4292,.T.);
#4292 = EDGE_LOOP('',(#4293,#4299,#4300,#4306,#4307,#4315,#4323,#4329));
#4293 = ORIENTED_EDGE('',*,*,#4294,.T.);
#4294 = EDGE_CURVE('',#3597,#4195,#4295,.T.);
#4295 = LINE('',#4296,#4297);
#4296 = CARTESIAN_POINT('',(3.499472823232,2.500492189074,0.819999273622
    ));
#4297 = VECTOR('',#4298,1.);
#4298 = DIRECTION('',(3.469446951954E-16,1.,0.));
#4299 = ORIENTED_EDGE('',*,*,#4192,.F.);
#4300 = ORIENTED_EDGE('',*,*,#4301,.T.);
#4301 = EDGE_CURVE('',#4193,#4229,#4302,.T.);
#4302 = LINE('',#4303,#4304);
#4303 = CARTESIAN_POINT('',(3.499996900561,-2.499503383156,
    0.809999282478));
#4304 = VECTOR('',#4305,1.);
#4305 = DIRECTION('',(-3.469446951954E-16,1.,0.));
#4306 = ORIENTED_EDGE('',*,*,#4237,.T.);
#4307 = ORIENTED_EDGE('',*,*,#4308,.F.);
#4308 = EDGE_CURVE('',#4309,#4238,#4311,.T.);
#4309 = VERTEX_POINT('',#4310);
#4310 = CARTESIAN_POINT('',(3.499472823232,2.499968111745,0.819999273622
    ));
#4311 = LINE('',#4312,#4313);
#4312 = CARTESIAN_POINT('',(3.499472823232,-2.499503383156,
    0.819999273622));
#4313 = VECTOR('',#4314,1.);
#4314 = DIRECTION('',(3.469446951954E-16,-1.,0.));
#4315 = ORIENTED_EDGE('',*,*,#4316,.F.);
#4316 = EDGE_CURVE('',#4317,#4309,#4319,.T.);
#4317 = VERTEX_POINT('',#4318);
#4318 = CARTESIAN_POINT('',(3.368977568378,2.369472856891,3.309997068593
    ));
#4319 = LINE('',#4320,#4321);
#4320 = CARTESIAN_POINT('',(3.499996900561,2.500492189074,0.809999282478
    ));
#4321 = VECTOR('',#4322,1.);
#4322 = DIRECTION('',(5.226442768872E-02,5.226442768872E-02,
    -0.997264688634));
#4323 = ORIENTED_EDGE('',*,*,#4324,.F.);
#4324 = EDGE_CURVE('',#3605,#4317,#4325,.T.);
#4325 = LINE('',#4326,#4327);
#4326 = CARTESIAN_POINT('',(3.368977568378,-2.499503383156,
    3.309997068593));
#4327 = VECTOR('',#4328,1.);
#4328 = DIRECTION('',(-3.469446951954E-16,1.,0.));
#4329 = ORIENTED_EDGE('',*,*,#3604,.T.);
#4330 = PLANE('',#4331);
#4331 = AXIS2_PLACEMENT_3D('',#4332,#4333,#4334);
#4332 = CARTESIAN_POINT('',(3.499996900561,-2.499503383156,
    0.809999282478));
#4333 = DIRECTION('',(0.998629534755,3.464692195484E-16,
    5.233595624292E-02));
#4334 = DIRECTION('',(5.233595624292E-02,-6.162975822039E-33,
    -0.998629534755));
#4335 = ADVANCED_FACE('',(#4336),#4375,.T.);
#4336 = FACE_BOUND('',#4337,.T.);
#4337 = EDGE_LOOP('',(#4338,#4344,#4345,#4353,#4361,#4367,#4368,#4374));
#4338 = ORIENTED_EDGE('',*,*,#4339,.F.);
#4339 = EDGE_CURVE('',#3621,#4122,#4340,.T.);
#4340 = LINE('',#4341,#4342);
#4341 = CARTESIAN_POINT('',(-3.499472823232,2.500492189074,
    0.819999273622));
#4342 = VECTOR('',#4343,1.);
#4343 = DIRECTION('',(-3.469446951954E-16,1.,0.));
#4344 = ORIENTED_EDGE('',*,*,#3620,.F.);
#4345 = ORIENTED_EDGE('',*,*,#4346,.F.);
#4346 = EDGE_CURVE('',#4347,#3613,#4349,.T.);
#4347 = VERTEX_POINT('',#4348);
#4348 = CARTESIAN_POINT('',(-3.368977568378,2.369472856891,
    3.309997068593));
#4349 = LINE('',#4350,#4351);
#4350 = CARTESIAN_POINT('',(-3.368977568378,2.500492189074,
    3.309997068593));
#4351 = VECTOR('',#4352,1.);
#4352 = DIRECTION('',(-0.,-1.,-0.));
#4353 = ORIENTED_EDGE('',*,*,#4354,.T.);
#4354 = EDGE_CURVE('',#4347,#4355,#4357,.T.);
#4355 = VERTEX_POINT('',#4356);
#4356 = CARTESIAN_POINT('',(-3.499472823232,2.499968111745,
    0.819999273622));
#4357 = LINE('',#4358,#4359);
#4358 = CARTESIAN_POINT('',(-3.499996900561,2.500492189074,
    0.809999282478));
#4359 = VECTOR('',#4360,1.);
#4360 = DIRECTION('',(-5.226442768872E-02,5.226442768872E-02,
    -0.997264688634));
#4361 = ORIENTED_EDGE('',*,*,#4362,.T.);
#4362 = EDGE_CURVE('',#4355,#4079,#4363,.T.);
#4363 = LINE('',#4364,#4365);
#4364 = CARTESIAN_POINT('',(-3.499472823232,-2.499503383156,
    0.819999273622));
#4365 = VECTOR('',#4366,1.);
#4366 = DIRECTION('',(-3.469446951954E-16,-1.,-0.));
#4367 = ORIENTED_EDGE('',*,*,#4076,.F.);
#4368 = ORIENTED_EDGE('',*,*,#4369,.T.);
#4369 = EDGE_CURVE('',#4077,#4113,#4370,.T.);
#4370 = LINE('',#4371,#4372);
#4371 = CARTESIAN_POINT('',(-3.499996900561,2.500492189074,
    0.809999282478));
#4372 = VECTOR('',#4373,1.);
#4373 = DIRECTION('',(0.,-1.,0.));
#4374 = ORIENTED_EDGE('',*,*,#4121,.T.);
#4375 = PLANE('',#4376);
#4376 = AXIS2_PLACEMENT_3D('',#4377,#4378,#4379);
#4377 = CARTESIAN_POINT('',(-3.499996900561,2.500492189074,
    0.809999282478));
#4378 = DIRECTION('',(-0.998629534755,0.,5.233595624292E-02));
#4379 = DIRECTION('',(5.233595624292E-02,0.,0.998629534755));
#4380 = ADVANCED_FACE('',(#4381),#4411,.T.);
#4381 = FACE_BOUND('',#4382,.T.);
#4382 = EDGE_LOOP('',(#4383,#4389,#4390,#4396,#4397,#4403,#4404,#4410));
#4383 = ORIENTED_EDGE('',*,*,#4384,.T.);
#4384 = EDGE_CURVE('',#4054,#4355,#4385,.T.);
#4385 = LINE('',#4386,#4387);
#4386 = CARTESIAN_POINT('',(-3.499996900561,2.499968111745,
    0.819999273622));
#4387 = VECTOR('',#4388,1.);
#4388 = DIRECTION('',(-1.,-0.,-0.));
#4389 = ORIENTED_EDGE('',*,*,#4354,.F.);
#4390 = ORIENTED_EDGE('',*,*,#4391,.F.);
#4391 = EDGE_CURVE('',#4317,#4347,#4392,.T.);
#4392 = LINE('',#4393,#4394);
#4393 = CARTESIAN_POINT('',(3.499996900561,2.369472856891,3.309997068593
    ));
#4394 = VECTOR('',#4395,1.);
#4395 = DIRECTION('',(-1.,0.,0.));
#4396 = ORIENTED_EDGE('',*,*,#4316,.T.);
#4397 = ORIENTED_EDGE('',*,*,#4398,.F.);
#4398 = EDGE_CURVE('',#4261,#4309,#4399,.T.);
#4399 = LINE('',#4400,#4401);
#4400 = CARTESIAN_POINT('',(3.499996900561,2.499968111745,0.819999273622
    ));
#4401 = VECTOR('',#4402,1.);
#4402 = DIRECTION('',(1.,0.,0.));
#4403 = ORIENTED_EDGE('',*,*,#4260,.T.);
#4404 = ORIENTED_EDGE('',*,*,#4405,.T.);
#4405 = EDGE_CURVE('',#4263,#4043,#4406,.T.);
#4406 = LINE('',#4407,#4408);
#4407 = CARTESIAN_POINT('',(3.499996900561,2.500492189074,0.809999282478
    ));
#4408 = VECTOR('',#4409,1.);
#4409 = DIRECTION('',(-1.,0.,0.));
#4410 = ORIENTED_EDGE('',*,*,#4053,.F.);
#4411 = PLANE('',#4412);
#4412 = AXIS2_PLACEMENT_3D('',#4413,#4414,#4415);
#4413 = CARTESIAN_POINT('',(3.499996900561,2.500492189074,0.809999282478
    ));
#4414 = DIRECTION('',(0.,0.998629534755,5.233595624292E-02));
#4415 = DIRECTION('',(0.,-5.233595624292E-02,0.998629534755));
#4416 = ADVANCED_FACE('',(#4417),#4459,.F.);
#4417 = FACE_BOUND('',#4418,.T.);
#4418 = EDGE_LOOP('',(#4419,#4420,#4421,#4428,#4429,#4430,#4431,#4438,
    #4439,#4440,#4441,#4448,#4449,#4450,#4451,#4458));
#4419 = ORIENTED_EDGE('',*,*,#4301,.F.);
#4420 = ORIENTED_EDGE('',*,*,#4203,.F.);
#4421 = ORIENTED_EDGE('',*,*,#4422,.F.);
#4422 = EDGE_CURVE('',#4169,#4204,#4423,.T.);
#4423 = CIRCLE('',#4424,0.799999291557);
#4424 = AXIS2_PLACEMENT_3D('',#4425,#4426,#4427);
#4425 = CARTESIAN_POINT('',(3.499996900561,-2.499503383156,
    0.809999282478));
#4426 = DIRECTION('',(0.,0.,-1.));
#4427 = DIRECTION('',(1.,0.,0.));
#4428 = ORIENTED_EDGE('',*,*,#4168,.F.);
#4429 = ORIENTED_EDGE('',*,*,#3645,.F.);
#4430 = ORIENTED_EDGE('',*,*,#4145,.T.);
#4431 = ORIENTED_EDGE('',*,*,#4432,.T.);
#4432 = EDGE_CURVE('',#4146,#4111,#4433,.T.);
#4433 = CIRCLE('',#4434,0.799999291557);
#4434 = AXIS2_PLACEMENT_3D('',#4435,#4436,#4437);
#4435 = CARTESIAN_POINT('',(-3.499996900561,-2.499503383156,
    0.809999282478));
#4436 = DIRECTION('',(0.,0.,1.));
#4437 = DIRECTION('',(-1.,0.,0.));
#4438 = ORIENTED_EDGE('',*,*,#4110,.T.);
#4439 = ORIENTED_EDGE('',*,*,#4369,.F.);
#4440 = ORIENTED_EDGE('',*,*,#4087,.F.);
#4441 = ORIENTED_EDGE('',*,*,#4442,.F.);
#4442 = EDGE_CURVE('',#4045,#4088,#4443,.T.);
#4443 = CIRCLE('',#4444,0.799999291557);
#4444 = AXIS2_PLACEMENT_3D('',#4445,#4446,#4447);
#4445 = CARTESIAN_POINT('',(-3.499996900561,2.500492189074,
    0.809999282478));
#4446 = DIRECTION('',(0.,0.,-1.));
#4447 = DIRECTION('',(-1.,0.,0.));
#4448 = ORIENTED_EDGE('',*,*,#4042,.F.);
#4449 = ORIENTED_EDGE('',*,*,#4405,.F.);
#4450 = ORIENTED_EDGE('',*,*,#4271,.T.);
#4451 = ORIENTED_EDGE('',*,*,#4452,.T.);
#4452 = EDGE_CURVE('',#4272,#4227,#4453,.T.);
#4453 = CIRCLE('',#4454,0.799999291557);
#4454 = AXIS2_PLACEMENT_3D('',#4455,#4456,#4457);
#4455 = CARTESIAN_POINT('',(3.499996900561,2.500492189074,0.809999282478
    ));
#4456 = DIRECTION('',(0.,0.,1.));
#4457 = DIRECTION('',(1.,0.,-0.));
#4458 = ORIENTED_EDGE('',*,*,#4226,.T.);
#4459 = PLANE('',#4460);
#4460 = AXIS2_PLACEMENT_3D('',#4461,#4462,#4463);
#4461 = CARTESIAN_POINT('',(0.,4.944029590408E-04,0.809999282478));
#4462 = DIRECTION('',(0.,0.,1.));
#4463 = DIRECTION('',(1.,0.,-0.));
#4464 = ADVANCED_FACE('',(#4465,#4475),#4481,.T.);
#4465 = FACE_BOUND('',#4466,.T.);
#4466 = EDGE_LOOP('',(#4467,#4474));
#4467 = ORIENTED_EDGE('',*,*,#4468,.F.);
#4468 = EDGE_CURVE('',#2471,#2479,#4469,.T.);
#4469 = CIRCLE('',#4470,0.249999778612);
#4470 = AXIS2_PLACEMENT_3D('',#4471,#4472,#4473);
#4471 = CARTESIAN_POINT('',(-2.711099777193,-1.773977111128,
    3.309997068593));
#4472 = DIRECTION('',(0.,0.,1.));
#4473 = DIRECTION('',(1.,0.,-0.));
#4474 = ORIENTED_EDGE('',*,*,#2478,.F.);
#4475 = FACE_BOUND('',#4476,.T.);
#4476 = EDGE_LOOP('',(#4477,#4478,#4479,#4480));
#4477 = ORIENTED_EDGE('',*,*,#4346,.T.);
#4478 = ORIENTED_EDGE('',*,*,#3612,.T.);
#4479 = ORIENTED_EDGE('',*,*,#4324,.T.);
#4480 = ORIENTED_EDGE('',*,*,#4391,.T.);
#4481 = PLANE('',#4482);
#4482 = AXIS2_PLACEMENT_3D('',#4483,#4484,#4485);
#4483 = CARTESIAN_POINT('',(0.,4.944029590408E-04,3.309997068593));
#4484 = DIRECTION('',(0.,0.,1.));
#4485 = DIRECTION('',(1.,0.,-0.));
#4486 = ADVANCED_FACE('',(#4487),#4513,.T.);
#4487 = FACE_BOUND('',#4488,.T.);
#4488 = EDGE_LOOP('',(#4489,#4497,#4498,#4506));
#4489 = ORIENTED_EDGE('',*,*,#4490,.T.);
#4490 = EDGE_CURVE('',#4491,#4227,#4493,.T.);
#4491 = VERTEX_POINT('',#4492);
#4492 = CARTESIAN_POINT('',(3.499472823232,1.700493069178,
    9.999990920943E-03));
#4493 = LINE('',#4494,#4495);
#4494 = CARTESIAN_POINT('',(3.499472823232,1.700493069178,
    -1.120628457057));
#4495 = VECTOR('',#4496,1.);
#4496 = DIRECTION('',(0.,0.,1.));
#4497 = ORIENTED_EDGE('',*,*,#4452,.F.);
#4498 = ORIENTED_EDGE('',*,*,#4499,.F.);
#4499 = EDGE_CURVE('',#4500,#4272,#4502,.T.);
#4500 = VERTEX_POINT('',#4501);
#4501 = CARTESIAN_POINT('',(2.699997780665,2.499968111745,
    9.999990920943E-03));
#4502 = LINE('',#4503,#4504);
#4503 = CARTESIAN_POINT('',(2.699997780665,2.499968111745,
    -1.120628457057));
#4504 = VECTOR('',#4505,1.);
#4505 = DIRECTION('',(0.,0.,1.));
#4506 = ORIENTED_EDGE('',*,*,#4507,.T.);
#4507 = EDGE_CURVE('',#4500,#4491,#4508,.T.);
#4508 = CIRCLE('',#4509,0.799999291557);
#4509 = AXIS2_PLACEMENT_3D('',#4510,#4511,#4512);
#4510 = CARTESIAN_POINT('',(3.499996900561,2.500492189074,
    9.999990920943E-03));
#4511 = DIRECTION('',(0.,0.,1.));
#4512 = DIRECTION('',(1.,0.,-0.));
#4513 = CYLINDRICAL_SURFACE('',#4514,0.799999291557);
#4514 = AXIS2_PLACEMENT_3D('',#4515,#4516,#4517);
#4515 = CARTESIAN_POINT('',(3.499996900561,2.500492189074,
    -1.120628457057));
#4516 = DIRECTION('',(0.,0.,1.));
#4517 = DIRECTION('',(1.,0.,-0.));
#4518 = ADVANCED_FACE('',(#4519),#4538,.F.);
#4519 = FACE_BOUND('',#4520,.T.);
#4520 = EDGE_LOOP('',(#4521,#4522,#4530,#4536,#4537));
#4521 = ORIENTED_EDGE('',*,*,#4490,.F.);
#4522 = ORIENTED_EDGE('',*,*,#4523,.T.);
#4523 = EDGE_CURVE('',#4491,#4524,#4526,.T.);
#4524 = VERTEX_POINT('',#4525);
#4525 = CARTESIAN_POINT('',(3.499472823232,2.499968111745,
    9.999990920943E-03));
#4526 = LINE('',#4527,#4528);
#4527 = CARTESIAN_POINT('',(3.499472823232,2.499968111745,
    9.999990920943E-03));
#4528 = VECTOR('',#4529,1.);
#4529 = DIRECTION('',(-5.424565644398E-16,1.,0.));
#4530 = ORIENTED_EDGE('',*,*,#4531,.T.);
#4531 = EDGE_CURVE('',#4524,#4309,#4532,.T.);
#4532 = LINE('',#4533,#4534);
#4533 = CARTESIAN_POINT('',(3.499472823232,2.499968111745,
    -1.120628457057));
#4534 = VECTOR('',#4535,1.);
#4535 = DIRECTION('',(0.,0.,1.));
#4536 = ORIENTED_EDGE('',*,*,#4308,.T.);
#4537 = ORIENTED_EDGE('',*,*,#4246,.T.);
#4538 = PLANE('',#4539);
#4539 = AXIS2_PLACEMENT_3D('',#4540,#4541,#4542);
#4540 = CARTESIAN_POINT('',(3.499472823232,2.499968111745,
    -1.120628457057));
#4541 = DIRECTION('',(-1.,-5.424565644398E-16,0.));
#4542 = DIRECTION('',(5.424565644398E-16,-1.,0.));
#4543 = ADVANCED_FACE('',(#4544),#4556,.F.);
#4544 = FACE_BOUND('',#4545,.T.);
#4545 = EDGE_LOOP('',(#4546,#4547,#4553,#4554,#4555));
#4546 = ORIENTED_EDGE('',*,*,#4531,.F.);
#4547 = ORIENTED_EDGE('',*,*,#4548,.T.);
#4548 = EDGE_CURVE('',#4524,#4500,#4549,.T.);
#4549 = LINE('',#4550,#4551);
#4550 = CARTESIAN_POINT('',(2.699997780665,2.499968111745,
    9.999990920943E-03));
#4551 = VECTOR('',#4552,1.);
#4552 = DIRECTION('',(-1.,-5.424565644398E-16,0.));
#4553 = ORIENTED_EDGE('',*,*,#4499,.T.);
#4554 = ORIENTED_EDGE('',*,*,#4280,.T.);
#4555 = ORIENTED_EDGE('',*,*,#4398,.T.);
#4556 = PLANE('',#4557);
#4557 = AXIS2_PLACEMENT_3D('',#4558,#4559,#4560);
#4558 = CARTESIAN_POINT('',(2.699997780665,2.499968111745,
    -1.120628457057));
#4559 = DIRECTION('',(5.424565644398E-16,-1.,0.));
#4560 = DIRECTION('',(1.,5.424565644398E-16,0.));
#4561 = ADVANCED_FACE('',(#4562),#4567,.F.);
#4562 = FACE_BOUND('',#4563,.T.);
#4563 = EDGE_LOOP('',(#4564,#4565,#4566));
#4564 = ORIENTED_EDGE('',*,*,#4523,.F.);
#4565 = ORIENTED_EDGE('',*,*,#4507,.F.);
#4566 = ORIENTED_EDGE('',*,*,#4548,.F.);
#4567 = PLANE('',#4568);
#4568 = AXIS2_PLACEMENT_3D('',#4569,#4570,#4571);
#4569 = CARTESIAN_POINT('',(0.,4.944029590408E-04,9.999990920943E-03));
#4570 = DIRECTION('',(0.,0.,1.));
#4571 = DIRECTION('',(1.,0.,-0.));
#4572 = ADVANCED_FACE('',(#4573),#4599,.T.);
#4573 = FACE_BOUND('',#4574,.T.);
#4574 = EDGE_LOOP('',(#4575,#4583,#4584,#4592));
#4575 = ORIENTED_EDGE('',*,*,#4576,.T.);
#4576 = EDGE_CURVE('',#4577,#4169,#4579,.T.);
#4577 = VERTEX_POINT('',#4578);
#4578 = CARTESIAN_POINT('',(2.699997780665,-2.498979305827,
    9.999990920943E-03));
#4579 = LINE('',#4580,#4581);
#4580 = CARTESIAN_POINT('',(2.699997780665,-2.498979305827,
    -1.120628457057));
#4581 = VECTOR('',#4582,1.);
#4582 = DIRECTION('',(0.,0.,1.));
#4583 = ORIENTED_EDGE('',*,*,#4422,.T.);
#4584 = ORIENTED_EDGE('',*,*,#4585,.F.);
#4585 = EDGE_CURVE('',#4586,#4204,#4588,.T.);
#4586 = VERTEX_POINT('',#4587);
#4587 = CARTESIAN_POINT('',(3.499472823232,-1.69950426326,
    9.999990920943E-03));
#4588 = LINE('',#4589,#4590);
#4589 = CARTESIAN_POINT('',(3.499472823232,-1.69950426326,
    -1.120628457057));
#4590 = VECTOR('',#4591,1.);
#4591 = DIRECTION('',(0.,0.,1.));
#4592 = ORIENTED_EDGE('',*,*,#4593,.T.);
#4593 = EDGE_CURVE('',#4586,#4577,#4594,.T.);
#4594 = CIRCLE('',#4595,0.799999291557);
#4595 = AXIS2_PLACEMENT_3D('',#4596,#4597,#4598);
#4596 = CARTESIAN_POINT('',(3.499996900561,-2.499503383156,
    9.999990920943E-03));
#4597 = DIRECTION('',(0.,0.,1.));
#4598 = DIRECTION('',(1.,0.,-0.));
#4599 = CYLINDRICAL_SURFACE('',#4600,0.799999291557);
#4600 = AXIS2_PLACEMENT_3D('',#4601,#4602,#4603);
#4601 = CARTESIAN_POINT('',(3.499996900561,-2.499503383156,
    -1.120628457057));
#4602 = DIRECTION('',(0.,0.,1.));
#4603 = DIRECTION('',(1.,0.,-0.));
#4604 = ADVANCED_FACE('',(#4605),#4624,.F.);
#4605 = FACE_BOUND('',#4606,.T.);
#4606 = EDGE_LOOP('',(#4607,#4608,#4616,#4622,#4623));
#4607 = ORIENTED_EDGE('',*,*,#4576,.F.);
#4608 = ORIENTED_EDGE('',*,*,#4609,.T.);
#4609 = EDGE_CURVE('',#4577,#4610,#4612,.T.);
#4610 = VERTEX_POINT('',#4611);
#4611 = CARTESIAN_POINT('',(3.499472823232,-2.498979305827,
    9.999990920943E-03));
#4612 = LINE('',#4613,#4614);
#4613 = CARTESIAN_POINT('',(3.499472823232,-2.498979305827,
    9.999990920943E-03));
#4614 = VECTOR('',#4615,1.);
#4615 = DIRECTION('',(1.,0.,0.));
#4616 = ORIENTED_EDGE('',*,*,#4617,.T.);
#4617 = EDGE_CURVE('',#4610,#3597,#4618,.T.);
#4618 = LINE('',#4619,#4620);
#4619 = CARTESIAN_POINT('',(3.499472823232,-2.498979305827,
    -1.120628457057));
#4620 = VECTOR('',#4621,1.);
#4621 = DIRECTION('',(0.,0.,1.));
#4622 = ORIENTED_EDGE('',*,*,#3594,.F.);
#4623 = ORIENTED_EDGE('',*,*,#4178,.T.);
#4624 = PLANE('',#4625);
#4625 = AXIS2_PLACEMENT_3D('',#4626,#4627,#4628);
#4626 = CARTESIAN_POINT('',(3.499472823232,-2.498979305827,
    -1.120628457057));
#4627 = DIRECTION('',(0.,1.,0.));
#4628 = DIRECTION('',(0.,-0.,1.));
#4629 = ADVANCED_FACE('',(#4630),#4642,.F.);
#4630 = FACE_BOUND('',#4631,.T.);
#4631 = EDGE_LOOP('',(#4632,#4633,#4639,#4640,#4641));
#4632 = ORIENTED_EDGE('',*,*,#4617,.F.);
#4633 = ORIENTED_EDGE('',*,*,#4634,.T.);
#4634 = EDGE_CURVE('',#4610,#4586,#4635,.T.);
#4635 = LINE('',#4636,#4637);
#4636 = CARTESIAN_POINT('',(3.499472823232,-1.69950426326,
    9.999990920943E-03));
#4637 = VECTOR('',#4638,1.);
#4638 = DIRECTION('',(5.424565644398E-16,1.,0.));
#4639 = ORIENTED_EDGE('',*,*,#4585,.T.);
#4640 = ORIENTED_EDGE('',*,*,#4212,.T.);
#4641 = ORIENTED_EDGE('',*,*,#4294,.F.);
#4642 = PLANE('',#4643);
#4643 = AXIS2_PLACEMENT_3D('',#4644,#4645,#4646);
#4644 = CARTESIAN_POINT('',(3.499472823232,-1.69950426326,
    -1.120628457057));
#4645 = DIRECTION('',(-1.,5.424565644398E-16,0.));
#4646 = DIRECTION('',(-5.424565644398E-16,-1.,0.));
#4647 = ADVANCED_FACE('',(#4648),#4653,.F.);
#4648 = FACE_BOUND('',#4649,.T.);
#4649 = EDGE_LOOP('',(#4650,#4651,#4652));
#4650 = ORIENTED_EDGE('',*,*,#4634,.F.);
#4651 = ORIENTED_EDGE('',*,*,#4609,.F.);
#4652 = ORIENTED_EDGE('',*,*,#4593,.F.);
#4653 = PLANE('',#4654);
#4654 = AXIS2_PLACEMENT_3D('',#4655,#4656,#4657);
#4655 = CARTESIAN_POINT('',(0.,4.944029590408E-04,9.999990920943E-03));
#4656 = DIRECTION('',(0.,0.,1.));
#4657 = DIRECTION('',(1.,0.,-0.));
#4658 = ADVANCED_FACE('',(#4659),#4685,.T.);
#4659 = FACE_BOUND('',#4660,.T.);
#4660 = EDGE_LOOP('',(#4661,#4669,#4670,#4678));
#4661 = ORIENTED_EDGE('',*,*,#4662,.T.);
#4662 = EDGE_CURVE('',#4663,#4111,#4665,.T.);
#4663 = VERTEX_POINT('',#4664);
#4664 = CARTESIAN_POINT('',(-3.499472823232,-1.69950426326,
    9.999990920943E-03));
#4665 = LINE('',#4666,#4667);
#4666 = CARTESIAN_POINT('',(-3.499472823232,-1.69950426326,
    -1.120628457057));
#4667 = VECTOR('',#4668,1.);
#4668 = DIRECTION('',(0.,0.,1.));
#4669 = ORIENTED_EDGE('',*,*,#4432,.F.);
#4670 = ORIENTED_EDGE('',*,*,#4671,.F.);
#4671 = EDGE_CURVE('',#4672,#4146,#4674,.T.);
#4672 = VERTEX_POINT('',#4673);
#4673 = CARTESIAN_POINT('',(-2.699997780665,-2.498979305827,
    9.999990920943E-03));
#4674 = LINE('',#4675,#4676);
#4675 = CARTESIAN_POINT('',(-2.699997780665,-2.498979305827,
    -1.120628457057));
#4676 = VECTOR('',#4677,1.);
#4677 = DIRECTION('',(0.,0.,1.));
#4678 = ORIENTED_EDGE('',*,*,#4679,.T.);
#4679 = EDGE_CURVE('',#4672,#4663,#4680,.T.);
#4680 = CIRCLE('',#4681,0.799999291557);
#4681 = AXIS2_PLACEMENT_3D('',#4682,#4683,#4684);
#4682 = CARTESIAN_POINT('',(-3.499996900561,-2.499503383156,
    9.999990920943E-03));
#4683 = DIRECTION('',(0.,0.,1.));
#4684 = DIRECTION('',(1.,0.,-0.));
#4685 = CYLINDRICAL_SURFACE('',#4686,0.799999291557);
#4686 = AXIS2_PLACEMENT_3D('',#4687,#4688,#4689);
#4687 = CARTESIAN_POINT('',(-3.499996900561,-2.499503383156,
    -1.120628457057));
#4688 = DIRECTION('',(0.,0.,1.));
#4689 = DIRECTION('',(1.,0.,-0.));
#4690 = ADVANCED_FACE('',(#4691),#4710,.F.);
#4691 = FACE_BOUND('',#4692,.T.);
#4692 = EDGE_LOOP('',(#4693,#4694,#4702,#4708,#4709));
#4693 = ORIENTED_EDGE('',*,*,#4662,.F.);
#4694 = ORIENTED_EDGE('',*,*,#4695,.T.);
#4695 = EDGE_CURVE('',#4663,#4696,#4698,.T.);
#4696 = VERTEX_POINT('',#4697);
#4697 = CARTESIAN_POINT('',(-3.499472823232,-2.498979305827,
    9.999990920943E-03));
#4698 = LINE('',#4699,#4700);
#4699 = CARTESIAN_POINT('',(-3.499472823232,-2.498979305827,
    9.999990920943E-03));
#4700 = VECTOR('',#4701,1.);
#4701 = DIRECTION('',(5.424565644398E-16,-1.,0.));
#4702 = ORIENTED_EDGE('',*,*,#4703,.T.);
#4703 = EDGE_CURVE('',#4696,#3621,#4704,.T.);
#4704 = LINE('',#4705,#4706);
#4705 = CARTESIAN_POINT('',(-3.499472823232,-2.498979305827,
    -1.120628457057));
#4706 = VECTOR('',#4707,1.);
#4707 = DIRECTION('',(0.,0.,1.));
#4708 = ORIENTED_EDGE('',*,*,#4339,.T.);
#4709 = ORIENTED_EDGE('',*,*,#4130,.T.);
#4710 = PLANE('',#4711);
#4711 = AXIS2_PLACEMENT_3D('',#4712,#4713,#4714);
#4712 = CARTESIAN_POINT('',(-3.499472823232,-2.498979305827,
    -1.120628457057));
#4713 = DIRECTION('',(1.,5.424565644398E-16,0.));
#4714 = DIRECTION('',(-5.424565644398E-16,1.,0.));
#4715 = ADVANCED_FACE('',(#4716),#4728,.F.);
#4716 = FACE_BOUND('',#4717,.T.);
#4717 = EDGE_LOOP('',(#4718,#4719,#4725,#4726,#4727));
#4718 = ORIENTED_EDGE('',*,*,#4703,.F.);
#4719 = ORIENTED_EDGE('',*,*,#4720,.T.);
#4720 = EDGE_CURVE('',#4696,#4672,#4721,.T.);
#4721 = LINE('',#4722,#4723);
#4722 = CARTESIAN_POINT('',(-2.699997780665,-2.498979305827,
    9.999990920943E-03));
#4723 = VECTOR('',#4724,1.);
#4724 = DIRECTION('',(1.,0.,0.));
#4725 = ORIENTED_EDGE('',*,*,#4671,.T.);
#4726 = ORIENTED_EDGE('',*,*,#4154,.T.);
#4727 = ORIENTED_EDGE('',*,*,#3628,.T.);
#4728 = PLANE('',#4729);
#4729 = AXIS2_PLACEMENT_3D('',#4730,#4731,#4732);
#4730 = CARTESIAN_POINT('',(-2.699997780665,-2.498979305827,
    -1.120628457057));
#4731 = DIRECTION('',(0.,1.,0.));
#4732 = DIRECTION('',(0.,-0.,1.));
#4733 = ADVANCED_FACE('',(#4734),#4739,.F.);
#4734 = FACE_BOUND('',#4735,.T.);
#4735 = EDGE_LOOP('',(#4736,#4737,#4738));
#4736 = ORIENTED_EDGE('',*,*,#4695,.F.);
#4737 = ORIENTED_EDGE('',*,*,#4679,.F.);
#4738 = ORIENTED_EDGE('',*,*,#4720,.F.);
#4739 = PLANE('',#4740);
#4740 = AXIS2_PLACEMENT_3D('',#4741,#4742,#4743);
#4741 = CARTESIAN_POINT('',(0.,4.944029590408E-04,9.999990920943E-03));
#4742 = DIRECTION('',(0.,0.,1.));
#4743 = DIRECTION('',(1.,0.,-0.));
#4744 = ADVANCED_FACE('',(#4745),#4771,.T.);
#4745 = FACE_BOUND('',#4746,.T.);
#4746 = EDGE_LOOP('',(#4747,#4755,#4756,#4764));
#4747 = ORIENTED_EDGE('',*,*,#4748,.T.);
#4748 = EDGE_CURVE('',#4749,#4045,#4751,.T.);
#4749 = VERTEX_POINT('',#4750);
#4750 = CARTESIAN_POINT('',(-2.699997780665,2.499968111745,
    9.999990920943E-03));
#4751 = LINE('',#4752,#4753);
#4752 = CARTESIAN_POINT('',(-2.699997780665,2.499968111745,
    -1.120628457057));
#4753 = VECTOR('',#4754,1.);
#4754 = DIRECTION('',(0.,0.,1.));
#4755 = ORIENTED_EDGE('',*,*,#4442,.T.);
#4756 = ORIENTED_EDGE('',*,*,#4757,.F.);
#4757 = EDGE_CURVE('',#4758,#4088,#4760,.T.);
#4758 = VERTEX_POINT('',#4759);
#4759 = CARTESIAN_POINT('',(-3.499472823232,1.700493069178,
    9.999990920943E-03));
#4760 = LINE('',#4761,#4762);
#4761 = CARTESIAN_POINT('',(-3.499472823232,1.700493069178,
    -1.120628457057));
#4762 = VECTOR('',#4763,1.);
#4763 = DIRECTION('',(0.,0.,1.));
#4764 = ORIENTED_EDGE('',*,*,#4765,.T.);
#4765 = EDGE_CURVE('',#4758,#4749,#4766,.T.);
#4766 = CIRCLE('',#4767,0.799999291557);
#4767 = AXIS2_PLACEMENT_3D('',#4768,#4769,#4770);
#4768 = CARTESIAN_POINT('',(-3.499996900561,2.500492189074,
    9.999990920943E-03));
#4769 = DIRECTION('',(0.,0.,1.));
#4770 = DIRECTION('',(1.,0.,-0.));
#4771 = CYLINDRICAL_SURFACE('',#4772,0.799999291557);
#4772 = AXIS2_PLACEMENT_3D('',#4773,#4774,#4775);
#4773 = CARTESIAN_POINT('',(-3.499996900561,2.500492189074,
    -1.120628457057));
#4774 = DIRECTION('',(0.,0.,1.));
#4775 = DIRECTION('',(1.,0.,-0.));
#4776 = ADVANCED_FACE('',(#4777),#4796,.F.);
#4777 = FACE_BOUND('',#4778,.T.);
#4778 = EDGE_LOOP('',(#4779,#4780,#4788,#4794,#4795));
#4779 = ORIENTED_EDGE('',*,*,#4748,.F.);
#4780 = ORIENTED_EDGE('',*,*,#4781,.T.);
#4781 = EDGE_CURVE('',#4749,#4782,#4784,.T.);
#4782 = VERTEX_POINT('',#4783);
#4783 = CARTESIAN_POINT('',(-3.499472823232,2.499968111745,
    9.999990920943E-03));
#4784 = LINE('',#4785,#4786);
#4785 = CARTESIAN_POINT('',(-3.499472823232,2.499968111745,
    9.999990920943E-03));
#4786 = VECTOR('',#4787,1.);
#4787 = DIRECTION('',(-1.,0.,0.));
#4788 = ORIENTED_EDGE('',*,*,#4789,.T.);
#4789 = EDGE_CURVE('',#4782,#4355,#4790,.T.);
#4790 = LINE('',#4791,#4792);
#4791 = CARTESIAN_POINT('',(-3.499472823232,2.499968111745,
    -1.120628457057));
#4792 = VECTOR('',#4793,1.);
#4793 = DIRECTION('',(0.,0.,1.));
#4794 = ORIENTED_EDGE('',*,*,#4384,.F.);
#4795 = ORIENTED_EDGE('',*,*,#4062,.T.);
#4796 = PLANE('',#4797);
#4797 = AXIS2_PLACEMENT_3D('',#4798,#4799,#4800);
#4798 = CARTESIAN_POINT('',(-3.499472823232,2.499968111745,
    -1.120628457057));
#4799 = DIRECTION('',(0.,-1.,0.));
#4800 = DIRECTION('',(0.,0.,-1.));
#4801 = ADVANCED_FACE('',(#4802),#4814,.F.);
#4802 = FACE_BOUND('',#4803,.T.);
#4803 = EDGE_LOOP('',(#4804,#4805,#4811,#4812,#4813));
#4804 = ORIENTED_EDGE('',*,*,#4789,.F.);
#4805 = ORIENTED_EDGE('',*,*,#4806,.T.);
#4806 = EDGE_CURVE('',#4782,#4758,#4807,.T.);
#4807 = LINE('',#4808,#4809);
#4808 = CARTESIAN_POINT('',(-3.499472823232,1.700493069178,
    9.999990920943E-03));
#4809 = VECTOR('',#4810,1.);
#4810 = DIRECTION('',(-5.424565644398E-16,-1.,0.));
#4811 = ORIENTED_EDGE('',*,*,#4757,.T.);
#4812 = ORIENTED_EDGE('',*,*,#4096,.T.);
#4813 = ORIENTED_EDGE('',*,*,#4362,.F.);
#4814 = PLANE('',#4815);
#4815 = AXIS2_PLACEMENT_3D('',#4816,#4817,#4818);
#4816 = CARTESIAN_POINT('',(-3.499472823232,1.700493069178,
    -1.120628457057));
#4817 = DIRECTION('',(1.,-5.424565644398E-16,0.));
#4818 = DIRECTION('',(5.424565644398E-16,1.,0.));
#4819 = ADVANCED_FACE('',(#4820),#4825,.F.);
#4820 = FACE_BOUND('',#4821,.T.);
#4821 = EDGE_LOOP('',(#4822,#4823,#4824));
#4822 = ORIENTED_EDGE('',*,*,#4806,.F.);
#4823 = ORIENTED_EDGE('',*,*,#4781,.F.);
#4824 = ORIENTED_EDGE('',*,*,#4765,.F.);
#4825 = PLANE('',#4826);
#4826 = AXIS2_PLACEMENT_3D('',#4827,#4828,#4829);
#4827 = CARTESIAN_POINT('',(0.,4.944029590408E-04,9.999990920943E-03));
#4828 = DIRECTION('',(0.,0.,1.));
#4829 = DIRECTION('',(1.,0.,-0.));
#4830 = ADVANCED_FACE('',(#4831),#4843,.F.);
#4831 = FACE_BOUND('',#4832,.F.);
#4832 = EDGE_LOOP('',(#4833,#4834,#4835,#4842));
#4833 = ORIENTED_EDGE('',*,*,#4468,.F.);
#4834 = ORIENTED_EDGE('',*,*,#2468,.F.);
#4835 = ORIENTED_EDGE('',*,*,#4836,.T.);
#4836 = EDGE_CURVE('',#2469,#2488,#4837,.T.);
#4837 = CIRCLE('',#4838,0.249999778612);
#4838 = AXIS2_PLACEMENT_3D('',#4839,#4840,#4841);
#4839 = CARTESIAN_POINT('',(-2.711099777193,-1.773977111128,
    3.299997077448));
#4840 = DIRECTION('',(0.,0.,1.));
#4841 = DIRECTION('',(1.,0.,-0.));
#4842 = ORIENTED_EDGE('',*,*,#2487,.T.);
#4843 = CYLINDRICAL_SURFACE('',#4844,0.249999778612);
#4844 = AXIS2_PLACEMENT_3D('',#4845,#4846,#4847);
#4845 = CARTESIAN_POINT('',(-2.711099777193,-1.773977111128,
    3.299997077448));
#4846 = DIRECTION('',(0.,0.,1.));
#4847 = DIRECTION('',(1.,0.,-0.));
#4848 = ADVANCED_FACE('',(#4849),#4853,.T.);
#4849 = FACE_BOUND('',#4850,.T.);
#4850 = EDGE_LOOP('',(#4851,#4852));
#4851 = ORIENTED_EDGE('',*,*,#4836,.T.);
#4852 = ORIENTED_EDGE('',*,*,#2495,.T.);
#4853 = PLANE('',#4854);
#4854 = AXIS2_PLACEMENT_3D('',#4855,#4856,#4857);
#4855 = CARTESIAN_POINT('',(-2.711099777193,-1.773977111128,
    3.299997077448));
#4856 = DIRECTION('',(0.,0.,1.));
#4857 = DIRECTION('',(1.,0.,-0.));
#4858 = ADVANCED_FACE('',(#4859),#4884,.F.);
#4859 = FACE_BOUND('',#4860,.T.);
#4860 = EDGE_LOOP('',(#4861,#4862,#4870,#4878));
#4861 = ORIENTED_EDGE('',*,*,#3662,.T.);
#4862 = ORIENTED_EDGE('',*,*,#4863,.F.);
#4863 = EDGE_CURVE('',#4864,#3665,#4866,.T.);
#4864 = VERTEX_POINT('',#4865);
#4865 = CARTESIAN_POINT('',(-2.024930001115E-02,-2.473256097756,
    1.501900379759));
#4866 = LINE('',#4867,#4868);
#4867 = CARTESIAN_POINT('',(-2.024930001115E-02,-2.473256097756,
    1.501900379759));
#4868 = VECTOR('',#4869,1.);
#4869 = DIRECTION('',(0.,0.998629534755,-5.233595624292E-02));
#4870 = ORIENTED_EDGE('',*,*,#4871,.F.);
#4871 = EDGE_CURVE('',#4872,#4864,#4874,.T.);
#4872 = VERTEX_POINT('',#4873);
#4873 = CARTESIAN_POINT('',(-2.024930001115E-02,-2.474671838293,
    1.474886441062));
#4874 = LINE('',#4875,#4876);
#4875 = CARTESIAN_POINT('',(-2.024930001115E-02,-2.473256097756,
    1.501900379759));
#4876 = VECTOR('',#4877,1.);
#4877 = DIRECTION('',(0.,5.233595624292E-02,0.998629534755));
#4878 = ORIENTED_EDGE('',*,*,#4879,.T.);
#4879 = EDGE_CURVE('',#4872,#3663,#4880,.T.);
#4880 = LINE('',#4881,#4882);
#4881 = CARTESIAN_POINT('',(-2.024930001115E-02,-2.474671838293,
    1.474886441062));
#4882 = VECTOR('',#4883,1.);
#4883 = DIRECTION('',(0.,0.998629534755,-5.233595624292E-02));
#4884 = PLANE('',#4885);
#4885 = AXIS2_PLACEMENT_3D('',#4886,#4887,#4888);
#4886 = CARTESIAN_POINT('',(-2.024930001115E-02,-2.473256097756,
    1.501900379759));
#4887 = DIRECTION('',(-1.,0.,0.));
#4888 = DIRECTION('',(0.,0.,1.));
#4889 = ADVANCED_FACE('',(#4890),#4908,.F.);
#4890 = FACE_BOUND('',#4891,.T.);
#4891 = EDGE_LOOP('',(#4892,#4893,#4901,#4907));
#4892 = ORIENTED_EDGE('',*,*,#3704,.T.);
#4893 = ORIENTED_EDGE('',*,*,#4894,.F.);
#4894 = EDGE_CURVE('',#4895,#3697,#4897,.T.);
#4895 = VERTEX_POINT('',#4896);
#4896 = CARTESIAN_POINT('',(-0.114745881625,-2.473256097756,
    1.501900379759));
#4897 = LINE('',#4898,#4899);
#4898 = CARTESIAN_POINT('',(-0.114745881625,-2.473256097756,
    1.501900379759));
#4899 = VECTOR('',#4900,1.);
#4900 = DIRECTION('',(0.,0.998629534755,-5.233595624292E-02));
#4901 = ORIENTED_EDGE('',*,*,#4902,.F.);
#4902 = EDGE_CURVE('',#4864,#4895,#4903,.T.);
#4903 = LINE('',#4904,#4905);
#4904 = CARTESIAN_POINT('',(-0.114745881625,-2.473256097756,
    1.501900379759));
#4905 = VECTOR('',#4906,1.);
#4906 = DIRECTION('',(-1.,-0.,-0.));
#4907 = ORIENTED_EDGE('',*,*,#4863,.T.);
#4908 = PLANE('',#4909);
#4909 = AXIS2_PLACEMENT_3D('',#4910,#4911,#4912);
#4910 = CARTESIAN_POINT('',(-0.114745881625,-2.473256097756,
    1.501900379759));
#4911 = DIRECTION('',(0.,-5.233595624292E-02,-0.998629534755));
#4912 = DIRECTION('',(0.,0.998629534755,-5.233595624292E-02));
#4913 = ADVANCED_FACE('',(#4914),#4932,.F.);
#4914 = FACE_BOUND('',#4915,.T.);
#4915 = EDGE_LOOP('',(#4916,#4917,#4925,#4931));
#4916 = ORIENTED_EDGE('',*,*,#3696,.T.);
#4917 = ORIENTED_EDGE('',*,*,#4918,.F.);
#4918 = EDGE_CURVE('',#4919,#3689,#4921,.T.);
#4919 = VERTEX_POINT('',#4920);
#4920 = CARTESIAN_POINT('',(-0.114745881625,-2.462253952688,
    1.711833813669));
#4921 = LINE('',#4922,#4923);
#4922 = CARTESIAN_POINT('',(-0.114745881625,-2.462253952688,
    1.711833813669));
#4923 = VECTOR('',#4924,1.);
#4924 = DIRECTION('',(0.,0.998629534755,-5.233595624292E-02));
#4925 = ORIENTED_EDGE('',*,*,#4926,.F.);
#4926 = EDGE_CURVE('',#4895,#4919,#4927,.T.);
#4927 = LINE('',#4928,#4929);
#4928 = CARTESIAN_POINT('',(-0.114745881625,-2.462253952688,
    1.711833813669));
#4929 = VECTOR('',#4930,1.);
#4930 = DIRECTION('',(0.,5.233595624292E-02,0.998629534755));
#4931 = ORIENTED_EDGE('',*,*,#4894,.T.);
#4932 = PLANE('',#4933);
#4933 = AXIS2_PLACEMENT_3D('',#4934,#4935,#4936);
#4934 = CARTESIAN_POINT('',(-0.114745881625,-2.462253952688,
    1.711833813669));
#4935 = DIRECTION('',(-1.,0.,0.));
#4936 = DIRECTION('',(0.,0.,1.));
#4937 = ADVANCED_FACE('',(#4938),#4956,.F.);
#4938 = FACE_BOUND('',#4939,.T.);
#4939 = EDGE_LOOP('',(#4940,#4941,#4949,#4955));
#4940 = ORIENTED_EDGE('',*,*,#3688,.T.);
#4941 = ORIENTED_EDGE('',*,*,#4942,.F.);
#4942 = EDGE_CURVE('',#4943,#3681,#4945,.T.);
#4943 = VERTEX_POINT('',#4944);
#4944 = CARTESIAN_POINT('',(-0.145375389785,-2.462253952688,
    1.711833813669));
#4945 = LINE('',#4946,#4947);
#4946 = CARTESIAN_POINT('',(-0.145375389785,-2.462253952688,
    1.711833813669));
#4947 = VECTOR('',#4948,1.);
#4948 = DIRECTION('',(0.,0.998629534755,-5.233595624292E-02));
#4949 = ORIENTED_EDGE('',*,*,#4950,.F.);
#4950 = EDGE_CURVE('',#4919,#4943,#4951,.T.);
#4951 = LINE('',#4952,#4953);
#4952 = CARTESIAN_POINT('',(-0.145375389785,-2.462253952688,
    1.711833813669));
#4953 = VECTOR('',#4954,1.);
#4954 = DIRECTION('',(-1.,-0.,-0.));
#4955 = ORIENTED_EDGE('',*,*,#4918,.T.);
#4956 = PLANE('',#4957);
#4957 = AXIS2_PLACEMENT_3D('',#4958,#4959,#4960);
#4958 = CARTESIAN_POINT('',(-0.145375389785,-2.462253952688,
    1.711833813669));
#4959 = DIRECTION('',(0.,-5.233595624292E-02,-0.998629534755));
#4960 = DIRECTION('',(0.,0.998629534755,-5.233595624292E-02));
#4961 = ADVANCED_FACE('',(#4962),#4980,.F.);
#4962 = FACE_BOUND('',#4963,.T.);
#4963 = EDGE_LOOP('',(#4964,#4965,#4973,#4979));
#4964 = ORIENTED_EDGE('',*,*,#3680,.T.);
#4965 = ORIENTED_EDGE('',*,*,#4966,.F.);
#4966 = EDGE_CURVE('',#4967,#3673,#4969,.T.);
#4967 = VERTEX_POINT('',#4968);
#4968 = CARTESIAN_POINT('',(-0.145375389785,-2.474671838293,
    1.474886441062));
#4969 = LINE('',#4970,#4971);
#4970 = CARTESIAN_POINT('',(-0.145375389785,-2.474671838293,
    1.474886441062));
#4971 = VECTOR('',#4972,1.);
#4972 = DIRECTION('',(0.,0.998629534755,-5.233595624292E-02));
#4973 = ORIENTED_EDGE('',*,*,#4974,.F.);
#4974 = EDGE_CURVE('',#4943,#4967,#4975,.T.);
#4975 = LINE('',#4976,#4977);
#4976 = CARTESIAN_POINT('',(-0.145375389785,-2.474671838293,
    1.474886441062));
#4977 = VECTOR('',#4978,1.);
#4978 = DIRECTION('',(-0.,-5.233595624292E-02,-0.998629534755));
#4979 = ORIENTED_EDGE('',*,*,#4942,.T.);
#4980 = PLANE('',#4981);
#4981 = AXIS2_PLACEMENT_3D('',#4982,#4983,#4984);
#4982 = CARTESIAN_POINT('',(-0.145375389785,-2.474671838293,
    1.474886441062));
#4983 = DIRECTION('',(1.,0.,0.));
#4984 = DIRECTION('',(0.,0.,-1.));
#4985 = ADVANCED_FACE('',(#4986),#4997,.F.);
#4986 = FACE_BOUND('',#4987,.T.);
#4987 = EDGE_LOOP('',(#4988,#4989,#4990,#4996));
#4988 = ORIENTED_EDGE('',*,*,#3672,.T.);
#4989 = ORIENTED_EDGE('',*,*,#4879,.F.);
#4990 = ORIENTED_EDGE('',*,*,#4991,.F.);
#4991 = EDGE_CURVE('',#4967,#4872,#4992,.T.);
#4992 = LINE('',#4993,#4994);
#4993 = CARTESIAN_POINT('',(-2.024930001115E-02,-2.474671838293,
    1.474886441062));
#4994 = VECTOR('',#4995,1.);
#4995 = DIRECTION('',(1.,0.,0.));
#4996 = ORIENTED_EDGE('',*,*,#4966,.T.);
#4997 = PLANE('',#4998);
#4998 = AXIS2_PLACEMENT_3D('',#4999,#5000,#5001);
#4999 = CARTESIAN_POINT('',(-2.024930001115E-02,-2.474671838293,
    1.474886441062));
#5000 = DIRECTION('',(0.,5.233595624292E-02,0.998629534755));
#5001 = DIRECTION('',(0.,-0.998629534755,5.233595624292E-02));
#5002 = ADVANCED_FACE('',(#5003),#5011,.F.);
#5003 = FACE_BOUND('',#5004,.T.);
#5004 = EDGE_LOOP('',(#5005,#5006,#5007,#5008,#5009,#5010));
#5005 = ORIENTED_EDGE('',*,*,#4871,.T.);
#5006 = ORIENTED_EDGE('',*,*,#4902,.T.);
#5007 = ORIENTED_EDGE('',*,*,#4926,.T.);
#5008 = ORIENTED_EDGE('',*,*,#4950,.T.);
#5009 = ORIENTED_EDGE('',*,*,#4974,.T.);
#5010 = ORIENTED_EDGE('',*,*,#4991,.T.);
#5011 = PLANE('',#5012);
#5012 = AXIS2_PLACEMENT_3D('',#5013,#5014,#5015);
#5013 = CARTESIAN_POINT('',(0.,-2.544453393215,0.14337505331));
#5014 = DIRECTION('',(0.,0.998629534755,-5.233595624292E-02));
#5015 = DIRECTION('',(0.,5.233595624292E-02,0.998629534755));
#5016 = ADVANCED_FACE('',(#5017),#5043,.F.);
#5017 = FACE_BOUND('',#5018,.F.);
#5018 = EDGE_LOOP('',(#5019,#5027,#5036,#5042));
#5019 = ORIENTED_EDGE('',*,*,#5020,.F.);
#5020 = EDGE_CURVE('',#5021,#3479,#5023,.T.);
#5021 = VERTEX_POINT('',#5022);
#5022 = CARTESIAN_POINT('',(0.101419597752,-2.474881342498,
    1.470888862689));
#5023 = LINE('',#5024,#5025);
#5024 = CARTESIAN_POINT('',(0.101419597752,-2.474881342498,
    1.470888862689));
#5025 = VECTOR('',#5026,1.);
#5026 = DIRECTION('',(0.,0.998629534755,-5.233595624292E-02));
#5027 = ORIENTED_EDGE('',*,*,#5028,.T.);
#5028 = EDGE_CURVE('',#5021,#5029,#5031,.T.);
#5029 = VERTEX_POINT('',#5030);
#5030 = CARTESIAN_POINT('',(0.167106245946,-2.474157600699,
    1.484698678885));
#5031 = B_SPLINE_CURVE_WITH_KNOTS('',3,(#5032,#5033,#5034,#5035),
  .UNSPECIFIED.,.F.,.F.,(4,4),(0.,1.),.PIECEWISE_BEZIER_KNOTS.);
#5032 = CARTESIAN_POINT('',(0.101419597752,-2.474881342498,
    1.470888862689));
#5033 = CARTESIAN_POINT('',(0.127742779022,-2.474881342498,
    1.470888862689));
#5034 = CARTESIAN_POINT('',(0.149638328421,-2.474640095232,
    1.475492134754));
#5035 = CARTESIAN_POINT('',(0.167106245946,-2.474157600699,
    1.484698678885));
#5036 = ORIENTED_EDGE('',*,*,#5037,.T.);
#5037 = EDGE_CURVE('',#5029,#3469,#5038,.T.);
#5038 = LINE('',#5039,#5040);
#5039 = CARTESIAN_POINT('',(0.167106245946,-2.474157600699,
    1.484698678885));
#5040 = VECTOR('',#5041,1.);
#5041 = DIRECTION('',(0.,0.998629534755,-5.233595624292E-02));
#5042 = ORIENTED_EDGE('',*,*,#3478,.F.);
#5043 = B_SPLINE_SURFACE_WITH_KNOTS('',3,1,(
    (#5044,#5045)
    ,(#5046,#5047)
    ,(#5048,#5049)
    ,(#5050,#5051
    )),.UNSPECIFIED.,.F.,.F.,.F.,(4,4),(2,2),(0.,1.),(0.,1.),
  .PIECEWISE_BEZIER_KNOTS.);
#5044 = CARTESIAN_POINT('',(0.101419597752,-2.474881342498,
    1.470888862689));
#5045 = CARTESIAN_POINT('',(0.101419597752,-2.464895055994,1.47036550359
    ));
#5046 = CARTESIAN_POINT('',(0.127742779022,-2.474881342498,
    1.470888862689));
#5047 = CARTESIAN_POINT('',(0.127742779022,-2.464895055994,1.47036550359
    ));
#5048 = CARTESIAN_POINT('',(0.149638328421,-2.474640095232,
    1.475492134754));
#5049 = CARTESIAN_POINT('',(0.149638328421,-2.464653808728,
    1.474968775655));
#5050 = CARTESIAN_POINT('',(0.167106245946,-2.474157600699,
    1.484698678885));
#5051 = CARTESIAN_POINT('',(0.167106245946,-2.464171314195,
    1.484175319786));
#5052 = ADVANCED_FACE('',(#5053),#5071,.F.);
#5053 = FACE_BOUND('',#5054,.T.);
#5054 = EDGE_LOOP('',(#5055,#5056,#5064,#5070));
#5055 = ORIENTED_EDGE('',*,*,#3468,.T.);
#5056 = ORIENTED_EDGE('',*,*,#5057,.F.);
#5057 = EDGE_CURVE('',#5058,#3471,#5060,.T.);
#5058 = VERTEX_POINT('',#5059);
#5059 = CARTESIAN_POINT('',(0.167106245946,-2.472621236529,
    1.514014253615));
#5060 = LINE('',#5061,#5062);
#5061 = CARTESIAN_POINT('',(0.167106245946,-2.472621236529,
    1.514014253615));
#5062 = VECTOR('',#5063,1.);
#5063 = DIRECTION('',(0.,0.998629534755,-5.233595624292E-02));
#5064 = ORIENTED_EDGE('',*,*,#5065,.F.);
#5065 = EDGE_CURVE('',#5029,#5058,#5066,.T.);
#5066 = LINE('',#5067,#5068);
#5067 = CARTESIAN_POINT('',(0.167106245946,-2.472621236529,
    1.514014253615));
#5068 = VECTOR('',#5069,1.);
#5069 = DIRECTION('',(0.,5.233595624293E-02,0.998629534755));
#5070 = ORIENTED_EDGE('',*,*,#5037,.T.);
#5071 = PLANE('',#5072);
#5072 = AXIS2_PLACEMENT_3D('',#5073,#5074,#5075);
#5073 = CARTESIAN_POINT('',(0.167106245946,-2.472621236529,
    1.514014253615));
#5074 = DIRECTION('',(-1.,0.,0.));
#5075 = DIRECTION('',(0.,0.,1.));
#5076 = ADVANCED_FACE('',(#5077),#5096,.F.);
#5077 = FACE_BOUND('',#5078,.F.);
#5078 = EDGE_LOOP('',(#5079,#5080,#5089,#5095));
#5079 = ORIENTED_EDGE('',*,*,#5057,.F.);
#5080 = ORIENTED_EDGE('',*,*,#5081,.T.);
#5081 = EDGE_CURVE('',#5058,#5082,#5084,.T.);
#5082 = VERTEX_POINT('',#5083);
#5083 = CARTESIAN_POINT('',(0.105847229624,-2.473452904737,
    1.498145078863));
#5084 = B_SPLINE_CURVE_WITH_KNOTS('',3,(#5085,#5086,#5087,#5088),
  .UNSPECIFIED.,.F.,.F.,(4,4),(12.,13.),.PIECEWISE_BEZIER_KNOTS.);
#5085 = CARTESIAN_POINT('',(0.167106245946,-2.472621236529,
    1.514014253615));
#5086 = CARTESIAN_POINT('',(0.149759633403,-2.473173565797,1.50347518336
    ));
#5087 = CARTESIAN_POINT('',(0.129319743799,-2.473452904737,
    1.498145078863));
#5088 = CARTESIAN_POINT('',(0.105847229624,-2.473452904737,
    1.498145078863));
#5089 = ORIENTED_EDGE('',*,*,#5090,.T.);
#5090 = EDGE_CURVE('',#5082,#3577,#5091,.T.);
#5091 = LINE('',#5092,#5093);
#5092 = CARTESIAN_POINT('',(0.105847229624,-2.473452904737,
    1.498145078863));
#5093 = VECTOR('',#5094,1.);
#5094 = DIRECTION('',(0.,0.998629534755,-5.233595624292E-02));
#5095 = ORIENTED_EDGE('',*,*,#3585,.F.);
#5096 = B_SPLINE_SURFACE_WITH_KNOTS('',3,1,(
    (#5097,#5098)
    ,(#5099,#5100)
    ,(#5101,#5102)
    ,(#5103,#5104
    )),.UNSPECIFIED.,.F.,.F.,.F.,(4,4),(2,2),(12.,13.),(0.,1.),
  .PIECEWISE_BEZIER_KNOTS.);
#5097 = CARTESIAN_POINT('',(0.167106245946,-2.472621236529,
    1.514014253615));
#5098 = CARTESIAN_POINT('',(0.167106245946,-2.462634950025,
    1.513490894516));
#5099 = CARTESIAN_POINT('',(0.149759633403,-2.473173565797,1.50347518336
    ));
#5100 = CARTESIAN_POINT('',(0.149759633403,-2.463187279293,
    1.502951824261));
#5101 = CARTESIAN_POINT('',(0.129319743799,-2.473452904737,
    1.498145078863));
#5102 = CARTESIAN_POINT('',(0.129319743799,-2.463466618233,
    1.497621719764));
#5103 = CARTESIAN_POINT('',(0.105847229624,-2.473452904737,
    1.498145078863));
#5104 = CARTESIAN_POINT('',(0.105847229624,-2.463466618233,
    1.497621719764));
#5105 = ADVANCED_FACE('',(#5106),#5125,.F.);
#5106 = FACE_BOUND('',#5107,.F.);
#5107 = EDGE_LOOP('',(#5108,#5109,#5118,#5124));
#5108 = ORIENTED_EDGE('',*,*,#5090,.F.);
#5109 = ORIENTED_EDGE('',*,*,#5110,.T.);
#5110 = EDGE_CURVE('',#5082,#5111,#5113,.T.);
#5111 = VERTEX_POINT('',#5112);
#5112 = CARTESIAN_POINT('',(4.489147575974E-02,-2.472145090609,
    1.523099659005));
#5113 = B_SPLINE_CURVE_WITH_KNOTS('',3,(#5114,#5115,#5116,#5117),
  .UNSPECIFIED.,.F.,.F.,(4,4),(11.,12.),.PIECEWISE_BEZIER_KNOTS.);
#5114 = CARTESIAN_POINT('',(0.105847229624,-2.473452904737,
    1.498145078863));
#5115 = CARTESIAN_POINT('',(8.07370981819E-02,-2.473452904737,
    1.498145078863));
#5116 = CARTESIAN_POINT('',(6.041851356013E-02,-2.47301485049,
    1.506503651823));
#5117 = CARTESIAN_POINT('',(4.489147575974E-02,-2.472145090609,
    1.523099659005));
#5118 = ORIENTED_EDGE('',*,*,#5119,.T.);
#5119 = EDGE_CURVE('',#5111,#3568,#5120,.T.);
#5120 = LINE('',#5121,#5122);
#5121 = CARTESIAN_POINT('',(4.489147575974E-02,-2.472145090609,
    1.523099659005));
#5122 = VECTOR('',#5123,1.);
#5123 = DIRECTION('',(0.,0.998629534755,-5.233595624292E-02));
#5124 = ORIENTED_EDGE('',*,*,#3576,.F.);
#5125 = B_SPLINE_SURFACE_WITH_KNOTS('',3,1,(
    (#5126,#5127)
    ,(#5128,#5129)
    ,(#5130,#5131)
    ,(#5132,#5133
    )),.UNSPECIFIED.,.F.,.F.,.F.,(4,4),(2,2),(11.,12.),(0.,1.),
  .PIECEWISE_BEZIER_KNOTS.);
#5126 = CARTESIAN_POINT('',(0.105847229624,-2.473452904737,
    1.498145078863));
#5127 = CARTESIAN_POINT('',(0.105847229624,-2.463466618233,
    1.497621719764));
#5128 = CARTESIAN_POINT('',(8.07370981819E-02,-2.473452904737,
    1.498145078863));
#5129 = CARTESIAN_POINT('',(8.07370981819E-02,-2.463466618233,
    1.497621719764));
#5130 = CARTESIAN_POINT('',(6.041851356013E-02,-2.47301485049,
    1.506503651823));
#5131 = CARTESIAN_POINT('',(6.041851356013E-02,-2.463028563986,
    1.505980292724));
#5132 = CARTESIAN_POINT('',(4.489147575974E-02,-2.472145090609,
    1.523099659005));
#5133 = CARTESIAN_POINT('',(4.489147575974E-02,-2.462158804105,
    1.522576299906));
#5134 = ADVANCED_FACE('',(#5135),#5154,.F.);
#5135 = FACE_BOUND('',#5136,.F.);
#5136 = EDGE_LOOP('',(#5137,#5138,#5147,#5153));
#5137 = ORIENTED_EDGE('',*,*,#5119,.F.);
#5138 = ORIENTED_EDGE('',*,*,#5139,.T.);
#5139 = EDGE_CURVE('',#5111,#5140,#5142,.T.);
#5140 = VERTEX_POINT('',#5141);
#5141 = CARTESIAN_POINT('',(2.160091905997E-02,-2.468602564961,
    1.590695075118));
#5142 = B_SPLINE_CURVE_WITH_KNOTS('',3,(#5143,#5144,#5145,#5146),
  .UNSPECIFIED.,.F.,.F.,(4,4),(10.,11.),.PIECEWISE_BEZIER_KNOTS.);
#5143 = CARTESIAN_POINT('',(4.489147575974E-02,-2.472145090609,
    1.523099659005));
#5144 = CARTESIAN_POINT('',(2.936443795935E-02,-2.471268982115,
    1.539816804926));
#5145 = CARTESIAN_POINT('',(2.160091905997E-02,-2.470088140232,
    1.562348610297));
#5146 = CARTESIAN_POINT('',(2.160091905997E-02,-2.468602564961,
    1.590695075118));
#5147 = ORIENTED_EDGE('',*,*,#5148,.T.);
#5148 = EDGE_CURVE('',#5140,#3559,#5149,.T.);
#5149 = LINE('',#5150,#5151);
#5150 = CARTESIAN_POINT('',(2.160091905997E-02,-2.468602564961,
    1.590695075118));
#5151 = VECTOR('',#5152,1.);
#5152 = DIRECTION('',(0.,0.998629534755,-5.233595624292E-02));
#5153 = ORIENTED_EDGE('',*,*,#3567,.F.);
#5154 = B_SPLINE_SURFACE_WITH_KNOTS('',3,1,(
    (#5155,#5156)
    ,(#5157,#5158)
    ,(#5159,#5160)
    ,(#5161,#5162
    )),.UNSPECIFIED.,.F.,.F.,.F.,(4,4),(2,2),(10.,11.),(0.,1.),
  .PIECEWISE_BEZIER_KNOTS.);
#5155 = CARTESIAN_POINT('',(4.489147575974E-02,-2.472145090609,
    1.523099659005));
#5156 = CARTESIAN_POINT('',(4.489147575974E-02,-2.462158804105,
    1.522576299906));
#5157 = CARTESIAN_POINT('',(2.936443795935E-02,-2.471268982115,
    1.539816804926));
#5158 = CARTESIAN_POINT('',(2.936443795935E-02,-2.461282695611,
    1.539293445827));
#5159 = CARTESIAN_POINT('',(2.160091905997E-02,-2.470088140232,
    1.562348610297));
#5160 = CARTESIAN_POINT('',(2.160091905997E-02,-2.460101853728,
    1.561825251198));
#5161 = CARTESIAN_POINT('',(2.160091905997E-02,-2.468602564961,
    1.590695075118));
#5162 = CARTESIAN_POINT('',(2.160091905997E-02,-2.458616278456,
    1.590171716019));
#5163 = ADVANCED_FACE('',(#5164),#5183,.F.);
#5164 = FACE_BOUND('',#5165,.F.);
#5165 = EDGE_LOOP('',(#5166,#5167,#5176,#5182));
#5166 = ORIENTED_EDGE('',*,*,#5148,.F.);
#5167 = ORIENTED_EDGE('',*,*,#5168,.T.);
#5168 = EDGE_CURVE('',#5140,#5169,#5171,.T.);
#5169 = VERTEX_POINT('',#5170);
#5170 = CARTESIAN_POINT('',(4.65290930283E-02,-2.464869580944,
    1.661924653386));
#5171 = B_SPLINE_CURVE_WITH_KNOTS('',3,(#5172,#5173,#5174,#5175),
  .UNSPECIFIED.,.F.,.F.,(4,4),(9.,10.),.PIECEWISE_BEZIER_KNOTS.);
#5172 = CARTESIAN_POINT('',(2.160091905997E-02,-2.468602564961,
    1.590695075118));
#5173 = CARTESIAN_POINT('',(2.160091905997E-02,-2.467040806341,
    1.620495204801));
#5174 = CARTESIAN_POINT('',(2.991031038221E-02,-2.465796478336,
    1.644238397556));
#5175 = CARTESIAN_POINT('',(4.65290930283E-02,-2.464869580944,
    1.661924653386));
#5176 = ORIENTED_EDGE('',*,*,#5177,.T.);
#5177 = EDGE_CURVE('',#5169,#3550,#5178,.T.);
#5178 = LINE('',#5179,#5180);
#5179 = CARTESIAN_POINT('',(4.65290930283E-02,-2.464869580944,
    1.661924653386));
#5180 = VECTOR('',#5181,1.);
#5181 = DIRECTION('',(0.,0.998629534755,-5.233595624292E-02));
#5182 = ORIENTED_EDGE('',*,*,#3558,.F.);
#5183 = B_SPLINE_SURFACE_WITH_KNOTS('',3,1,(
    (#5184,#5185)
    ,(#5186,#5187)
    ,(#5188,#5189)
    ,(#5190,#5191
    )),.UNSPECIFIED.,.F.,.F.,.F.,(4,4),(2,2),(9.,10.),(0.,1.),
  .PIECEWISE_BEZIER_KNOTS.);
#5184 = CARTESIAN_POINT('',(2.160091905997E-02,-2.468602564961,
    1.590695075118));
#5185 = CARTESIAN_POINT('',(2.160091905997E-02,-2.458616278456,
    1.590171716019));
#5186 = CARTESIAN_POINT('',(2.160091905997E-02,-2.467040806341,
    1.620495204801));
#5187 = CARTESIAN_POINT('',(2.160091905997E-02,-2.457054519837,
    1.619971845702));
#5188 = CARTESIAN_POINT('',(2.991031038221E-02,-2.465796478336,
    1.644238397556));
#5189 = CARTESIAN_POINT('',(2.991031038221E-02,-2.455810191832,
    1.643715038457));
#5190 = CARTESIAN_POINT('',(4.65290930283E-02,-2.464869580944,
    1.661924653386));
#5191 = CARTESIAN_POINT('',(4.65290930283E-02,-2.45488329444,
    1.661401294287));
#5192 = ADVANCED_FACE('',(#5193),#5212,.F.);
#5193 = FACE_BOUND('',#5194,.F.);
#5194 = EDGE_LOOP('',(#5195,#5196,#5205,#5211));
#5195 = ORIENTED_EDGE('',*,*,#5177,.F.);
#5196 = ORIENTED_EDGE('',*,*,#5197,.T.);
#5197 = EDGE_CURVE('',#5169,#5198,#5200,.T.);
#5198 = VERTEX_POINT('',#5199);
#5199 = CARTESIAN_POINT('',(0.111184648868,-2.463491932081,
    1.688211759651));
#5200 = B_SPLINE_CURVE_WITH_KNOTS('',3,(#5201,#5202,#5203,#5204),
  .UNSPECIFIED.,.F.,.F.,(4,4),(8.,9.),.PIECEWISE_BEZIER_KNOTS.);
#5201 = CARTESIAN_POINT('',(4.65290930283E-02,-2.464869580944,
    1.661924653386));
#5202 = CARTESIAN_POINT('',(6.320852816492E-02,-2.463949032165,
    1.679489770475));
#5203 = CARTESIAN_POINT('',(8.474016261507E-02,-2.463491932081,
    1.688211759651));
#5204 = CARTESIAN_POINT('',(0.111184648868,-2.463491932081,
    1.688211759651));
#5205 = ORIENTED_EDGE('',*,*,#5206,.T.);
#5206 = EDGE_CURVE('',#5198,#3541,#5207,.T.);
#5207 = LINE('',#5208,#5209);
#5208 = CARTESIAN_POINT('',(0.111184648868,-2.463491932081,
    1.688211759651));
#5209 = VECTOR('',#5210,1.);
#5210 = DIRECTION('',(0.,0.998629534755,-5.233595624292E-02));
#5211 = ORIENTED_EDGE('',*,*,#3549,.F.);
#5212 = B_SPLINE_SURFACE_WITH_KNOTS('',3,1,(
    (#5213,#5214)
    ,(#5215,#5216)
    ,(#5217,#5218)
    ,(#5219,#5220
    )),.UNSPECIFIED.,.F.,.F.,.F.,(4,4),(2,2),(8.,9.),(0.,1.),
  .PIECEWISE_BEZIER_KNOTS.);
#5213 = CARTESIAN_POINT('',(4.65290930283E-02,-2.464869580944,
    1.661924653386));
#5214 = CARTESIAN_POINT('',(4.65290930283E-02,-2.45488329444,
    1.661401294287));
#5215 = CARTESIAN_POINT('',(6.320852816492E-02,-2.463949032165,
    1.679489770475));
#5216 = CARTESIAN_POINT('',(6.320852816492E-02,-2.453962745661,
    1.678966411376));
#5217 = CARTESIAN_POINT('',(8.474016261507E-02,-2.463491932081,
    1.688211759651));
#5218 = CARTESIAN_POINT('',(8.474016261507E-02,-2.453505645577,
    1.687688400552));
#5219 = CARTESIAN_POINT('',(0.111184648868,-2.463491932081,
    1.688211759651));
#5220 = CARTESIAN_POINT('',(0.111184648868,-2.453505645577,
    1.687688400552));
#5221 = ADVANCED_FACE('',(#5222),#5241,.F.);
#5222 = FACE_BOUND('',#5223,.F.);
#5223 = EDGE_LOOP('',(#5224,#5225,#5234,#5240));
#5224 = ORIENTED_EDGE('',*,*,#5206,.F.);
#5225 = ORIENTED_EDGE('',*,*,#5226,.T.);
#5226 = EDGE_CURVE('',#5198,#5227,#5229,.T.);
#5227 = VERTEX_POINT('',#5228);
#5228 = CARTESIAN_POINT('',(0.167106245946,-2.464228371105,1.67415966598
    ));
#5229 = B_SPLINE_CURVE_WITH_KNOTS('',3,(#5230,#5231,#5232,#5233),
  .UNSPECIFIED.,.F.,.F.,(4,4),(7.,8.),.PIECEWISE_BEZIER_KNOTS.);
#5230 = CARTESIAN_POINT('',(0.111184648868,-2.463491932081,
    1.688211759651));
#5231 = CARTESIAN_POINT('',(0.131503233489,-2.463491932081,
    1.688211759651));
#5232 = CARTESIAN_POINT('',(0.150123548352,-2.463733179347,
    1.683608487586));
#5233 = CARTESIAN_POINT('',(0.167106245946,-2.464228371105,1.67415966598
    ));
#5234 = ORIENTED_EDGE('',*,*,#5235,.T.);
#5235 = EDGE_CURVE('',#5227,#3533,#5236,.T.);
#5236 = LINE('',#5237,#5238);
#5237 = CARTESIAN_POINT('',(0.167106245946,-2.464228371105,1.67415966598
    ));
#5238 = VECTOR('',#5239,1.);
#5239 = DIRECTION('',(0.,0.998629534755,-5.233595624292E-02));
#5240 = ORIENTED_EDGE('',*,*,#3540,.F.);
#5241 = B_SPLINE_SURFACE_WITH_KNOTS('',3,1,(
    (#5242,#5243)
    ,(#5244,#5245)
    ,(#5246,#5247)
    ,(#5248,#5249
    )),.UNSPECIFIED.,.F.,.F.,.F.,(4,4),(2,2),(7.,8.),(0.,1.),
  .PIECEWISE_BEZIER_KNOTS.);
#5242 = CARTESIAN_POINT('',(0.111184648868,-2.463491932081,
    1.688211759651));
#5243 = CARTESIAN_POINT('',(0.111184648868,-2.453505645577,
    1.687688400552));
#5244 = CARTESIAN_POINT('',(0.131503233489,-2.463491932081,
    1.688211759651));
#5245 = CARTESIAN_POINT('',(0.131503233489,-2.453505645577,
    1.687688400552));
#5246 = CARTESIAN_POINT('',(0.150123548352,-2.463733179347,
    1.683608487586));
#5247 = CARTESIAN_POINT('',(0.150123548352,-2.453746892843,
    1.683085128487));
#5248 = CARTESIAN_POINT('',(0.167106245946,-2.464228371105,1.67415966598
    ));
#5249 = CARTESIAN_POINT('',(0.167106245946,-2.454242084601,
    1.673636306881));
#5250 = ADVANCED_FACE('',(#5251),#5269,.F.);
#5251 = FACE_BOUND('',#5252,.T.);
#5252 = EDGE_LOOP('',(#5253,#5254,#5262,#5268));
#5253 = ORIENTED_EDGE('',*,*,#3532,.T.);
#5254 = ORIENTED_EDGE('',*,*,#5255,.F.);
#5255 = EDGE_CURVE('',#5256,#3524,#5258,.T.);
#5256 = VERTEX_POINT('',#5257);
#5257 = CARTESIAN_POINT('',(0.167106245946,-2.462552337465,
    1.706140292957));
#5258 = LINE('',#5259,#5260);
#5259 = CARTESIAN_POINT('',(0.167106245946,-2.462552337465,
    1.706140292957));
#5260 = VECTOR('',#5261,1.);
#5261 = DIRECTION('',(0.,0.998629534755,-5.233595624292E-02));
#5262 = ORIENTED_EDGE('',*,*,#5263,.F.);
#5263 = EDGE_CURVE('',#5227,#5256,#5264,.T.);
#5264 = LINE('',#5265,#5266);
#5265 = CARTESIAN_POINT('',(0.167106245946,-2.462552337465,
    1.706140292957));
#5266 = VECTOR('',#5267,1.);
#5267 = DIRECTION('',(0.,5.233595624293E-02,0.998629534755));
#5268 = ORIENTED_EDGE('',*,*,#5235,.T.);
#5269 = PLANE('',#5270);
#5270 = AXIS2_PLACEMENT_3D('',#5271,#5272,#5273);
#5271 = CARTESIAN_POINT('',(0.167106245946,-2.462552337465,
    1.706140292957));
#5272 = DIRECTION('',(-1.,0.,0.));
#5273 = DIRECTION('',(0.,0.,1.));
#5274 = ADVANCED_FACE('',(#5275),#5294,.F.);
#5275 = FACE_BOUND('',#5276,.F.);
#5276 = EDGE_LOOP('',(#5277,#5278,#5287,#5293));
#5277 = ORIENTED_EDGE('',*,*,#5255,.F.);
#5278 = ORIENTED_EDGE('',*,*,#5279,.T.);
#5279 = EDGE_CURVE('',#5256,#5280,#5282,.T.);
#5280 = VERTEX_POINT('',#5281);
#5281 = CARTESIAN_POINT('',(0.110881386411,-2.462044448483,
    1.715831392041));
#5282 = B_SPLINE_CURVE_WITH_KNOTS('',3,(#5283,#5284,#5285,#5286),
  .UNSPECIFIED.,.F.,.F.,(4,4),(5.,6.),.PIECEWISE_BEZIER_KNOTS.);
#5283 = CARTESIAN_POINT('',(0.167106245946,-2.462552337465,
    1.706140292957));
#5284 = CARTESIAN_POINT('',(0.152307038043,-2.462215861014,
    1.712560646101));
#5285 = CARTESIAN_POINT('',(0.133565418197,-2.462044448483,
    1.715831392041));
#5286 = CARTESIAN_POINT('',(0.110881386411,-2.462044448483,
    1.715831392041));
#5287 = ORIENTED_EDGE('',*,*,#5288,.T.);
#5288 = EDGE_CURVE('',#5280,#3515,#5289,.T.);
#5289 = LINE('',#5290,#5291);
#5290 = CARTESIAN_POINT('',(0.110881386411,-2.462044448483,
    1.715831392041));
#5291 = VECTOR('',#5292,1.);
#5292 = DIRECTION('',(0.,0.998629534755,-5.233595624292E-02));
#5293 = ORIENTED_EDGE('',*,*,#3523,.F.);
#5294 = B_SPLINE_SURFACE_WITH_KNOTS('',3,1,(
    (#5295,#5296)
    ,(#5297,#5298)
    ,(#5299,#5300)
    ,(#5301,#5302
    )),.UNSPECIFIED.,.F.,.F.,.F.,(4,4),(2,2),(5.,6.),(0.,1.),
  .PIECEWISE_BEZIER_KNOTS.);
#5295 = CARTESIAN_POINT('',(0.167106245946,-2.462552337465,
    1.706140292957));
#5296 = CARTESIAN_POINT('',(0.167106245946,-2.452566050961,
    1.705616933858));
#5297 = CARTESIAN_POINT('',(0.152307038043,-2.462215861014,
    1.712560646101));
#5298 = CARTESIAN_POINT('',(0.152307038043,-2.45222957451,1.712037287002
    ));
#5299 = CARTESIAN_POINT('',(0.133565418197,-2.462044448483,
    1.715831392041));
#5300 = CARTESIAN_POINT('',(0.133565418197,-2.452058161979,
    1.715308032942));
#5301 = CARTESIAN_POINT('',(0.110881386411,-2.462044448483,
    1.715831392041));
#5302 = CARTESIAN_POINT('',(0.110881386411,-2.452058161979,
    1.715308032942));
#5303 = ADVANCED_FACE('',(#5304),#5323,.F.);
#5304 = FACE_BOUND('',#5305,.F.);
#5305 = EDGE_LOOP('',(#5306,#5307,#5316,#5322));
#5306 = ORIENTED_EDGE('',*,*,#5288,.F.);
#5307 = ORIENTED_EDGE('',*,*,#5308,.T.);
#5308 = EDGE_CURVE('',#5280,#5309,#5311,.T.);
#5309 = VERTEX_POINT('',#5310);
#5310 = CARTESIAN_POINT('',(2.372375625842E-02,-2.463872848817,
    1.680943435338));
#5311 = B_SPLINE_CURVE_WITH_KNOTS('',3,(#5312,#5313,#5314,#5315),
  .UNSPECIFIED.,.F.,.F.,(4,4),(4.,5.),.PIECEWISE_BEZIER_KNOTS.);
#5312 = CARTESIAN_POINT('',(0.110881386411,-2.462044448483,
    1.715831392041));
#5313 = CARTESIAN_POINT('',(7.564228890382E-02,-2.462044448483,
    1.715831392041));
#5314 = CARTESIAN_POINT('',(4.658974551963E-02,-2.462653915261,
    1.704202073141));
#5315 = CARTESIAN_POINT('',(2.372375625842E-02,-2.463872848817,
    1.680943435338));
#5316 = ORIENTED_EDGE('',*,*,#5317,.T.);
#5317 = EDGE_CURVE('',#5309,#3506,#5318,.T.);
#5318 = LINE('',#5319,#5320);
#5319 = CARTESIAN_POINT('',(2.372375625842E-02,-2.463872848817,
    1.680943435338));
#5320 = VECTOR('',#5321,1.);
#5321 = DIRECTION('',(0.,0.998629534755,-5.233595624292E-02));
#5322 = ORIENTED_EDGE('',*,*,#3514,.F.);
#5323 = B_SPLINE_SURFACE_WITH_KNOTS('',3,1,(
    (#5324,#5325)
    ,(#5326,#5327)
    ,(#5328,#5329)
    ,(#5330,#5331
    )),.UNSPECIFIED.,.F.,.F.,.F.,(4,4),(2,2),(4.,5.),(0.,1.),
  .PIECEWISE_BEZIER_KNOTS.);
#5324 = CARTESIAN_POINT('',(0.110881386411,-2.462044448483,
    1.715831392041));
#5325 = CARTESIAN_POINT('',(0.110881386411,-2.452058161979,
    1.715308032942));
#5326 = CARTESIAN_POINT('',(7.564228890382E-02,-2.462044448483,
    1.715831392041));
#5327 = CARTESIAN_POINT('',(7.564228890382E-02,-2.452058161979,
    1.715308032942));
#5328 = CARTESIAN_POINT('',(4.658974551963E-02,-2.462653915261,
    1.704202073141));
#5329 = CARTESIAN_POINT('',(4.658974551963E-02,-2.452667628757,
    1.703678714042));
#5330 = CARTESIAN_POINT('',(2.372375625842E-02,-2.463872848817,
    1.680943435338));
#5331 = CARTESIAN_POINT('',(2.372375625842E-02,-2.453886562313,
    1.680420076239));
#5332 = ADVANCED_FACE('',(#5333),#5352,.F.);
#5333 = FACE_BOUND('',#5334,.F.);
#5334 = EDGE_LOOP('',(#5335,#5336,#5345,#5351));
#5335 = ORIENTED_EDGE('',*,*,#5317,.F.);
#5336 = ORIENTED_EDGE('',*,*,#5337,.T.);
#5337 = EDGE_CURVE('',#5309,#5338,#5340,.T.);
#5338 = VERTEX_POINT('',#5339);
#5339 = CARTESIAN_POINT('',(-1.054490138651E-02,-2.468697794145,
    1.588877994038));
#5340 = B_SPLINE_CURVE_WITH_KNOTS('',3,(#5341,#5342,#5343,#5344),
  .UNSPECIFIED.,.F.,.F.,(4,4),(3.,4.),.PIECEWISE_BEZIER_KNOTS.);
#5341 = CARTESIAN_POINT('',(2.372375625842E-02,-2.463872848817,
    1.680943435338));
#5342 = CARTESIAN_POINT('',(8.577669980138E-04,-2.465091782374,
    1.657684797536));
#5343 = CARTESIAN_POINT('',(-1.054490138651E-02,-2.466697981279,
    1.627036696682));
#5344 = CARTESIAN_POINT('',(-1.054490138651E-02,-2.468697794145,
    1.588877994038));
#5345 = ORIENTED_EDGE('',*,*,#5346,.T.);
#5346 = EDGE_CURVE('',#5338,#3497,#5347,.T.);
#5347 = LINE('',#5348,#5349);
#5348 = CARTESIAN_POINT('',(-1.054490138651E-02,-2.468697794145,
    1.588877994038));
#5349 = VECTOR('',#5350,1.);
#5350 = DIRECTION('',(0.,0.998629534755,-5.233595624292E-02));
#5351 = ORIENTED_EDGE('',*,*,#3505,.F.);
#5352 = B_SPLINE_SURFACE_WITH_KNOTS('',3,1,(
    (#5353,#5354)
    ,(#5355,#5356)
    ,(#5357,#5358)
    ,(#5359,#5360
    )),.UNSPECIFIED.,.F.,.F.,.F.,(4,4),(2,2),(3.,4.),(0.,1.),
  .PIECEWISE_BEZIER_KNOTS.);
#5353 = CARTESIAN_POINT('',(2.372375625842E-02,-2.463872848817,
    1.680943435338));
#5354 = CARTESIAN_POINT('',(2.372375625842E-02,-2.453886562313,
    1.680420076239));
#5355 = CARTESIAN_POINT('',(8.577669980138E-04,-2.465091782374,
    1.657684797536));
#5356 = CARTESIAN_POINT('',(8.577669980138E-04,-2.45510549587,
    1.657161438437));
#5357 = CARTESIAN_POINT('',(-1.054490138651E-02,-2.466697981279,
    1.627036696682));
#5358 = CARTESIAN_POINT('',(-1.054490138651E-02,-2.456711694775,
    1.626513337583));
#5359 = CARTESIAN_POINT('',(-1.054490138651E-02,-2.468697794145,
    1.588877994038));
#5360 = CARTESIAN_POINT('',(-1.054490138651E-02,-2.458711507641,
    1.588354634939));
#5361 = ADVANCED_FACE('',(#5362),#5381,.F.);
#5362 = FACE_BOUND('',#5363,.F.);
#5363 = EDGE_LOOP('',(#5364,#5365,#5374,#5380));
#5364 = ORIENTED_EDGE('',*,*,#5346,.F.);
#5365 = ORIENTED_EDGE('',*,*,#5366,.T.);
#5366 = EDGE_CURVE('',#5338,#5367,#5369,.T.);
#5367 = VERTEX_POINT('',#5368);
#5368 = CARTESIAN_POINT('',(1.990264930007E-02,-2.473186263021,
    1.503232905883));
#5369 = B_SPLINE_CURVE_WITH_KNOTS('',3,(#5370,#5371,#5372,#5373),
  .UNSPECIFIED.,.F.,.F.,(4,4),(2.,3.),.PIECEWISE_BEZIER_KNOTS.);
#5370 = CARTESIAN_POINT('',(-1.054490138651E-02,-2.468697794145,
    1.588877994038));
#5371 = CARTESIAN_POINT('',(-1.054490138651E-02,-2.470557937541,
    1.553384343643));
#5372 = CARTESIAN_POINT('',(-4.159353217072E-04,-2.472056210037,
    1.524795601345));
#5373 = CARTESIAN_POINT('',(1.990264930007E-02,-2.473186263021,
    1.503232905883));
#5374 = ORIENTED_EDGE('',*,*,#5375,.T.);
#5375 = EDGE_CURVE('',#5367,#3488,#5376,.T.);
#5376 = LINE('',#5377,#5378);
#5377 = CARTESIAN_POINT('',(1.990264930007E-02,-2.473186263021,
    1.503232905883));
#5378 = VECTOR('',#5379,1.);
#5379 = DIRECTION('',(0.,0.998629534755,-5.233595624292E-02));
#5380 = ORIENTED_EDGE('',*,*,#3496,.F.);
#5381 = B_SPLINE_SURFACE_WITH_KNOTS('',3,1,(
    (#5382,#5383)
    ,(#5384,#5385)
    ,(#5386,#5387)
    ,(#5388,#5389
    )),.UNSPECIFIED.,.F.,.F.,.F.,(4,4),(2,2),(2.,3.),(0.,1.),
  .PIECEWISE_BEZIER_KNOTS.);
#5382 = CARTESIAN_POINT('',(-1.054490138651E-02,-2.468697794145,
    1.588877994038));
#5383 = CARTESIAN_POINT('',(-1.054490138651E-02,-2.458711507641,
    1.588354634939));
#5384 = CARTESIAN_POINT('',(-1.054490138651E-02,-2.470557937541,
    1.553384343643));
#5385 = CARTESIAN_POINT('',(-1.054490138651E-02,-2.460571651036,
    1.552860984544));
#5386 = CARTESIAN_POINT('',(-4.159353217072E-04,-2.472056210037,
    1.524795601345));
#5387 = CARTESIAN_POINT('',(-4.159353217072E-04,-2.462069923533,
    1.524272242246));
#5388 = CARTESIAN_POINT('',(1.990264930007E-02,-2.473186263021,
    1.503232905883));
#5389 = CARTESIAN_POINT('',(1.990264930007E-02,-2.463199976517,
    1.502709546784));
#5390 = ADVANCED_FACE('',(#5391),#5403,.F.);
#5391 = FACE_BOUND('',#5392,.F.);
#5392 = EDGE_LOOP('',(#5393,#5394,#5401,#5402));
#5393 = ORIENTED_EDGE('',*,*,#5375,.F.);
#5394 = ORIENTED_EDGE('',*,*,#5395,.T.);
#5395 = EDGE_CURVE('',#5367,#5021,#5396,.T.);
#5396 = B_SPLINE_CURVE_WITH_KNOTS('',3,(#5397,#5398,#5399,#5400),
  .UNSPECIFIED.,.F.,.F.,(4,4),(1.,2.),.PIECEWISE_BEZIER_KNOTS.);
#5397 = CARTESIAN_POINT('',(1.990264930007E-02,-2.473186263021,
    1.503232905883));
#5398 = CARTESIAN_POINT('',(4.022123392184E-02,-2.474316316006,
    1.481670210421));
#5399 = CARTESIAN_POINT('',(6.739355007211E-02,-2.474881342498,
    1.470888862689));
#5400 = CARTESIAN_POINT('',(0.101419597752,-2.474881342498,
    1.470888862689));
#5401 = ORIENTED_EDGE('',*,*,#5020,.T.);
#5402 = ORIENTED_EDGE('',*,*,#3487,.F.);
#5403 = B_SPLINE_SURFACE_WITH_KNOTS('',3,1,(
    (#5404,#5405)
    ,(#5406,#5407)
    ,(#5408,#5409)
    ,(#5410,#5411
    )),.UNSPECIFIED.,.F.,.F.,.F.,(4,4),(2,2),(1.,2.),(0.,1.),
  .PIECEWISE_BEZIER_KNOTS.);
#5404 = CARTESIAN_POINT('',(1.990264930007E-02,-2.473186263021,
    1.503232905883));
#5405 = CARTESIAN_POINT('',(1.990264930007E-02,-2.463199976517,
    1.502709546784));
#5406 = CARTESIAN_POINT('',(4.022123392184E-02,-2.474316316006,
    1.481670210421));
#5407 = CARTESIAN_POINT('',(4.022123392184E-02,-2.464330029502,
    1.481146851322));
#5408 = CARTESIAN_POINT('',(6.739355007211E-02,-2.474881342498,
    1.470888862689));
#5409 = CARTESIAN_POINT('',(6.739355007211E-02,-2.464895055994,
    1.47036550359));
#5410 = CARTESIAN_POINT('',(0.101419597752,-2.474881342498,
    1.470888862689));
#5411 = CARTESIAN_POINT('',(0.101419597752,-2.464895055994,1.47036550359
    ));
#5412 = ADVANCED_FACE('',(#5413),#5429,.T.);
#5413 = FACE_BOUND('',#5414,.T.);
#5414 = EDGE_LOOP('',(#5415,#5416,#5417,#5418,#5419,#5420,#5421,#5422,
    #5423,#5424,#5425,#5426,#5427,#5428));
#5415 = ORIENTED_EDGE('',*,*,#5028,.T.);
#5416 = ORIENTED_EDGE('',*,*,#5065,.T.);
#5417 = ORIENTED_EDGE('',*,*,#5081,.T.);
#5418 = ORIENTED_EDGE('',*,*,#5110,.T.);
#5419 = ORIENTED_EDGE('',*,*,#5139,.T.);
#5420 = ORIENTED_EDGE('',*,*,#5168,.T.);
#5421 = ORIENTED_EDGE('',*,*,#5197,.T.);
#5422 = ORIENTED_EDGE('',*,*,#5226,.T.);
#5423 = ORIENTED_EDGE('',*,*,#5263,.T.);
#5424 = ORIENTED_EDGE('',*,*,#5279,.T.);
#5425 = ORIENTED_EDGE('',*,*,#5308,.T.);
#5426 = ORIENTED_EDGE('',*,*,#5337,.T.);
#5427 = ORIENTED_EDGE('',*,*,#5366,.T.);
#5428 = ORIENTED_EDGE('',*,*,#5395,.T.);
#5429 = PLANE('',#5430);
#5430 = AXIS2_PLACEMENT_3D('',#5431,#5432,#5433);
#5431 = CARTESIAN_POINT('',(0.137583645753,-2.474700407048,
    1.474341316738));
#5432 = DIRECTION('',(3.171224801202E-15,-0.998629534755,
    5.233595624293E-02));
#5433 = DIRECTION('',(-9.860761315263E-32,-5.233595624293E-02,
    -0.998629534755));
#5434 = ADVANCED_FACE('',(#5435),#5460,.F.);
#5435 = FACE_BOUND('',#5436,.T.);
#5436 = EDGE_LOOP('',(#5437,#5438,#5446,#5454));
#5437 = ORIENTED_EDGE('',*,*,#3370,.T.);
#5438 = ORIENTED_EDGE('',*,*,#5439,.F.);
#5439 = EDGE_CURVE('',#5440,#3373,#5442,.T.);
#5440 = VERTEX_POINT('',#5441);
#5441 = CARTESIAN_POINT('',(0.342209988639,-2.473256097756,
    1.501900379759));
#5442 = LINE('',#5443,#5444);
#5443 = CARTESIAN_POINT('',(0.342209988639,-2.473256097756,
    1.501900379759));
#5444 = VECTOR('',#5445,1.);
#5445 = DIRECTION('',(0.,0.998629534755,-5.233595624292E-02));
#5446 = ORIENTED_EDGE('',*,*,#5447,.F.);
#5447 = EDGE_CURVE('',#5448,#5440,#5450,.T.);
#5448 = VERTEX_POINT('',#5449);
#5449 = CARTESIAN_POINT('',(0.342209988639,-2.474671838293,
    1.474886441062));
#5450 = LINE('',#5451,#5452);
#5451 = CARTESIAN_POINT('',(0.342209988639,-2.473256097756,
    1.501900379759));
#5452 = VECTOR('',#5453,1.);
#5453 = DIRECTION('',(0.,5.233595624292E-02,0.998629534755));
#5454 = ORIENTED_EDGE('',*,*,#5455,.T.);
#5455 = EDGE_CURVE('',#5448,#3371,#5456,.T.);
#5456 = LINE('',#5457,#5458);
#5457 = CARTESIAN_POINT('',(0.342209988639,-2.474671838293,
    1.474886441062));
#5458 = VECTOR('',#5459,1.);
#5459 = DIRECTION('',(0.,0.998629534755,-5.233595624292E-02));
#5460 = PLANE('',#5461);
#5461 = AXIS2_PLACEMENT_3D('',#5462,#5463,#5464);
#5462 = CARTESIAN_POINT('',(0.342209988639,-2.473256097756,
    1.501900379759));
#5463 = DIRECTION('',(-1.,0.,0.));
#5464 = DIRECTION('',(0.,0.,1.));
#5465 = ADVANCED_FACE('',(#5466),#5484,.F.);
#5466 = FACE_BOUND('',#5467,.T.);
#5467 = EDGE_LOOP('',(#5468,#5469,#5477,#5483));
#5468 = ORIENTED_EDGE('',*,*,#3460,.T.);
#5469 = ORIENTED_EDGE('',*,*,#5470,.F.);
#5470 = EDGE_CURVE('',#5471,#3453,#5473,.T.);
#5471 = VERTEX_POINT('',#5472);
#5472 = CARTESIAN_POINT('',(0.245226654879,-2.473256097756,
    1.501900379759));
#5473 = LINE('',#5474,#5475);
#5474 = CARTESIAN_POINT('',(0.245226654879,-2.473256097756,
    1.501900379759));
#5475 = VECTOR('',#5476,1.);
#5476 = DIRECTION('',(0.,0.998629534755,-5.233595624292E-02));
#5477 = ORIENTED_EDGE('',*,*,#5478,.F.);
#5478 = EDGE_CURVE('',#5440,#5471,#5479,.T.);
#5479 = LINE('',#5480,#5481);
#5480 = CARTESIAN_POINT('',(0.245226654879,-2.473256097756,
    1.501900379759));
#5481 = VECTOR('',#5482,1.);
#5482 = DIRECTION('',(-1.,-0.,-0.));
#5483 = ORIENTED_EDGE('',*,*,#5439,.T.);
#5484 = PLANE('',#5485);
#5485 = AXIS2_PLACEMENT_3D('',#5486,#5487,#5488);
#5486 = CARTESIAN_POINT('',(0.245226654879,-2.473256097756,
    1.501900379759));
#5487 = DIRECTION('',(0.,-5.233595624292E-02,-0.998629534755));
#5488 = DIRECTION('',(0.,0.998629534755,-5.233595624292E-02));
#5489 = ADVANCED_FACE('',(#5490),#5508,.F.);
#5490 = FACE_BOUND('',#5491,.T.);
#5491 = EDGE_LOOP('',(#5492,#5493,#5501,#5507));
#5492 = ORIENTED_EDGE('',*,*,#3452,.T.);
#5493 = ORIENTED_EDGE('',*,*,#5494,.F.);
#5494 = EDGE_CURVE('',#5495,#3445,#5497,.T.);
#5495 = VERTEX_POINT('',#5496);
#5496 = CARTESIAN_POINT('',(0.245226654879,-2.469078710881,
    1.581609669725));
#5497 = LINE('',#5498,#5499);
#5498 = CARTESIAN_POINT('',(0.245226654879,-2.469078710881,
    1.581609669725));
#5499 = VECTOR('',#5500,1.);
#5500 = DIRECTION('',(0.,0.998629534755,-5.233595624292E-02));
#5501 = ORIENTED_EDGE('',*,*,#5502,.F.);
#5502 = EDGE_CURVE('',#5471,#5495,#5503,.T.);
#5503 = LINE('',#5504,#5505);
#5504 = CARTESIAN_POINT('',(0.245226654879,-2.469078710881,
    1.581609669725));
#5505 = VECTOR('',#5506,1.);
#5506 = DIRECTION('',(0.,5.233595624292E-02,0.998629534755));
#5507 = ORIENTED_EDGE('',*,*,#5470,.T.);
#5508 = PLANE('',#5509);
#5509 = AXIS2_PLACEMENT_3D('',#5510,#5511,#5512);
#5510 = CARTESIAN_POINT('',(0.245226654879,-2.469078710881,
    1.581609669725));
#5511 = DIRECTION('',(-1.,0.,0.));
#5512 = DIRECTION('',(0.,0.,1.));
#5513 = ADVANCED_FACE('',(#5514),#5532,.F.);
#5514 = FACE_BOUND('',#5515,.T.);
#5515 = EDGE_LOOP('',(#5516,#5517,#5525,#5531));
#5516 = ORIENTED_EDGE('',*,*,#3444,.T.);
#5517 = ORIENTED_EDGE('',*,*,#5518,.F.);
#5518 = EDGE_CURVE('',#5519,#3437,#5521,.T.);
#5519 = VERTEX_POINT('',#5520);
#5520 = CARTESIAN_POINT('',(0.330079490357,-2.469078710881,
    1.581609669725));
#5521 = LINE('',#5522,#5523);
#5522 = CARTESIAN_POINT('',(0.330079490357,-2.469078710881,
    1.581609669725));
#5523 = VECTOR('',#5524,1.);
#5524 = DIRECTION('',(0.,0.998629534755,-5.233595624292E-02));
#5525 = ORIENTED_EDGE('',*,*,#5526,.F.);
#5526 = EDGE_CURVE('',#5495,#5519,#5527,.T.);
#5527 = LINE('',#5528,#5529);
#5528 = CARTESIAN_POINT('',(0.330079490357,-2.469078710881,
    1.581609669725));
#5529 = VECTOR('',#5530,1.);
#5530 = DIRECTION('',(1.,0.,0.));
#5531 = ORIENTED_EDGE('',*,*,#5494,.T.);
#5532 = PLANE('',#5533);
#5533 = AXIS2_PLACEMENT_3D('',#5534,#5535,#5536);
#5534 = CARTESIAN_POINT('',(0.330079490357,-2.469078710881,
    1.581609669725));
#5535 = DIRECTION('',(0.,5.233595624292E-02,0.998629534755));
#5536 = DIRECTION('',(0.,-0.998629534755,5.233595624292E-02));
#5537 = ADVANCED_FACE('',(#5538),#5556,.F.);
#5538 = FACE_BOUND('',#5539,.T.);
#5539 = EDGE_LOOP('',(#5540,#5541,#5549,#5555));
#5540 = ORIENTED_EDGE('',*,*,#3436,.T.);
#5541 = ORIENTED_EDGE('',*,*,#5542,.F.);
#5542 = EDGE_CURVE('',#5543,#3429,#5545,.T.);
#5543 = VERTEX_POINT('',#5544);
#5544 = CARTESIAN_POINT('',(0.330079490357,-2.467656621732,
    1.608744747161));
#5545 = LINE('',#5546,#5547);
#5546 = CARTESIAN_POINT('',(0.330079490357,-2.467656621732,
    1.608744747161));
#5547 = VECTOR('',#5548,1.);
#5548 = DIRECTION('',(0.,0.998629534755,-5.233595624292E-02));
#5549 = ORIENTED_EDGE('',*,*,#5550,.F.);
#5550 = EDGE_CURVE('',#5519,#5543,#5551,.T.);
#5551 = LINE('',#5552,#5553);
#5552 = CARTESIAN_POINT('',(0.330079490357,-2.467656621732,
    1.608744747161));
#5553 = VECTOR('',#5554,1.);
#5554 = DIRECTION('',(0.,5.233595624292E-02,0.998629534755));
#5555 = ORIENTED_EDGE('',*,*,#5518,.T.);
#5556 = PLANE('',#5557);
#5557 = AXIS2_PLACEMENT_3D('',#5558,#5559,#5560);
#5558 = CARTESIAN_POINT('',(0.330079490357,-2.467656621732,
    1.608744747161));
#5559 = DIRECTION('',(-1.,0.,0.));
#5560 = DIRECTION('',(0.,0.,1.));
#5561 = ADVANCED_FACE('',(#5562),#5580,.F.);
#5562 = FACE_BOUND('',#5563,.T.);
#5563 = EDGE_LOOP('',(#5564,#5565,#5573,#5579));
#5564 = ORIENTED_EDGE('',*,*,#3428,.T.);
#5565 = ORIENTED_EDGE('',*,*,#5566,.F.);
#5566 = EDGE_CURVE('',#5567,#3421,#5569,.T.);
#5567 = VERTEX_POINT('',#5568);
#5568 = CARTESIAN_POINT('',(0.245226654879,-2.467656621732,
    1.608744747161));
#5569 = LINE('',#5570,#5571);
#5570 = CARTESIAN_POINT('',(0.245226654879,-2.467656621732,
    1.608744747161));
#5571 = VECTOR('',#5572,1.);
#5572 = DIRECTION('',(0.,0.998629534755,-5.233595624292E-02));
#5573 = ORIENTED_EDGE('',*,*,#5574,.F.);
#5574 = EDGE_CURVE('',#5543,#5567,#5575,.T.);
#5575 = LINE('',#5576,#5577);
#5576 = CARTESIAN_POINT('',(0.245226654879,-2.467656621732,
    1.608744747161));
#5577 = VECTOR('',#5578,1.);
#5578 = DIRECTION('',(-1.,-0.,-0.));
#5579 = ORIENTED_EDGE('',*,*,#5542,.T.);
#5580 = PLANE('',#5581);
#5581 = AXIS2_PLACEMENT_3D('',#5582,#5583,#5584);
#5582 = CARTESIAN_POINT('',(0.245226654879,-2.467656621732,
    1.608744747161));
#5583 = DIRECTION('',(0.,-5.233595624292E-02,-0.998629534755));
#5584 = DIRECTION('',(0.,0.998629534755,-5.233595624292E-02));
#5585 = ADVANCED_FACE('',(#5586),#5604,.F.);
#5586 = FACE_BOUND('',#5587,.T.);
#5587 = EDGE_LOOP('',(#5588,#5589,#5597,#5603));
#5588 = ORIENTED_EDGE('',*,*,#3420,.T.);
#5589 = ORIENTED_EDGE('',*,*,#5590,.F.);
#5590 = EDGE_CURVE('',#5591,#3413,#5593,.T.);
#5591 = VERTEX_POINT('',#5592);
#5592 = CARTESIAN_POINT('',(0.245226654879,-2.463682390449,
    1.684577597495));
#5593 = LINE('',#5594,#5595);
#5594 = CARTESIAN_POINT('',(0.245226654879,-2.463682390449,
    1.684577597495));
#5595 = VECTOR('',#5596,1.);
#5596 = DIRECTION('',(0.,0.998629534755,-5.233595624292E-02));
#5597 = ORIENTED_EDGE('',*,*,#5598,.F.);
#5598 = EDGE_CURVE('',#5567,#5591,#5599,.T.);
#5599 = LINE('',#5600,#5601);
#5600 = CARTESIAN_POINT('',(0.245226654879,-2.463682390449,
    1.684577597495));
#5601 = VECTOR('',#5602,1.);
#5602 = DIRECTION('',(0.,5.233595624292E-02,0.998629534755));
#5603 = ORIENTED_EDGE('',*,*,#5566,.T.);
#5604 = PLANE('',#5605);
#5605 = AXIS2_PLACEMENT_3D('',#5606,#5607,#5608);
#5606 = CARTESIAN_POINT('',(0.245226654879,-2.463682390449,
    1.684577597495));
#5607 = DIRECTION('',(-1.,0.,0.));
#5608 = DIRECTION('',(0.,0.,1.));
#5609 = ADVANCED_FACE('',(#5610),#5628,.F.);
#5610 = FACE_BOUND('',#5611,.T.);
#5611 = EDGE_LOOP('',(#5612,#5613,#5621,#5627));
#5612 = ORIENTED_EDGE('',*,*,#3412,.T.);
#5613 = ORIENTED_EDGE('',*,*,#5614,.F.);
#5614 = EDGE_CURVE('',#5615,#3405,#5617,.T.);
#5615 = VERTEX_POINT('',#5616);
#5616 = CARTESIAN_POINT('',(0.336811916904,-2.463682390449,
    1.684577597495));
#5617 = LINE('',#5618,#5619);
#5618 = CARTESIAN_POINT('',(0.336811916904,-2.463682390449,
    1.684577597495));
#5619 = VECTOR('',#5620,1.);
#5620 = DIRECTION('',(0.,0.998629534755,-5.233595624292E-02));
#5621 = ORIENTED_EDGE('',*,*,#5622,.F.);
#5622 = EDGE_CURVE('',#5591,#5615,#5623,.T.);
#5623 = LINE('',#5624,#5625);
#5624 = CARTESIAN_POINT('',(0.336811916904,-2.463682390449,
    1.684577597495));
#5625 = VECTOR('',#5626,1.);
#5626 = DIRECTION('',(1.,0.,0.));
#5627 = ORIENTED_EDGE('',*,*,#5590,.T.);
#5628 = PLANE('',#5629);
#5629 = AXIS2_PLACEMENT_3D('',#5630,#5631,#5632);
#5630 = CARTESIAN_POINT('',(0.336811916904,-2.463682390449,
    1.684577597495));
#5631 = DIRECTION('',(0.,5.233595624292E-02,0.998629534755));
#5632 = DIRECTION('',(0.,-0.998629534755,5.233595624292E-02));
#5633 = ADVANCED_FACE('',(#5634),#5652,.F.);
#5634 = FACE_BOUND('',#5635,.T.);
#5635 = EDGE_LOOP('',(#5636,#5637,#5645,#5651));
#5636 = ORIENTED_EDGE('',*,*,#3404,.T.);
#5637 = ORIENTED_EDGE('',*,*,#5638,.F.);
#5638 = EDGE_CURVE('',#5639,#3397,#5641,.T.);
#5639 = VERTEX_POINT('',#5640);
#5640 = CARTESIAN_POINT('',(0.336811916904,-2.462253952688,
    1.711833813669));
#5641 = LINE('',#5642,#5643);
#5642 = CARTESIAN_POINT('',(0.336811916904,-2.462253952688,
    1.711833813669));
#5643 = VECTOR('',#5644,1.);
#5644 = DIRECTION('',(0.,0.998629534755,-5.233595624292E-02));
#5645 = ORIENTED_EDGE('',*,*,#5646,.F.);
#5646 = EDGE_CURVE('',#5615,#5639,#5647,.T.);
#5647 = LINE('',#5648,#5649);
#5648 = CARTESIAN_POINT('',(0.336811916904,-2.462253952688,
    1.711833813669));
#5649 = VECTOR('',#5650,1.);
#5650 = DIRECTION('',(0.,5.233595624292E-02,0.998629534755));
#5651 = ORIENTED_EDGE('',*,*,#5614,.T.);
#5652 = PLANE('',#5653);
#5653 = AXIS2_PLACEMENT_3D('',#5654,#5655,#5656);
#5654 = CARTESIAN_POINT('',(0.336811916904,-2.462253952688,
    1.711833813669));
#5655 = DIRECTION('',(-1.,0.,0.));
#5656 = DIRECTION('',(0.,0.,1.));
#5657 = ADVANCED_FACE('',(#5658),#5676,.F.);
#5658 = FACE_BOUND('',#5659,.T.);
#5659 = EDGE_LOOP('',(#5660,#5661,#5669,#5675));
#5660 = ORIENTED_EDGE('',*,*,#3396,.T.);
#5661 = ORIENTED_EDGE('',*,*,#5662,.F.);
#5662 = EDGE_CURVE('',#5663,#3389,#5665,.T.);
#5663 = VERTEX_POINT('',#5664);
#5664 = CARTESIAN_POINT('',(0.214597146718,-2.462253952688,
    1.711833813669));
#5665 = LINE('',#5666,#5667);
#5666 = CARTESIAN_POINT('',(0.214597146718,-2.462253952688,
    1.711833813669));
#5667 = VECTOR('',#5668,1.);
#5668 = DIRECTION('',(0.,0.998629534755,-5.233595624292E-02));
#5669 = ORIENTED_EDGE('',*,*,#5670,.F.);
#5670 = EDGE_CURVE('',#5639,#5663,#5671,.T.);
#5671 = LINE('',#5672,#5673);
#5672 = CARTESIAN_POINT('',(0.214597146718,-2.462253952688,
    1.711833813669));
#5673 = VECTOR('',#5674,1.);
#5674 = DIRECTION('',(-1.,-0.,-0.));
#5675 = ORIENTED_EDGE('',*,*,#5638,.T.);
#5676 = PLANE('',#5677);
#5677 = AXIS2_PLACEMENT_3D('',#5678,#5679,#5680);
#5678 = CARTESIAN_POINT('',(0.214597146718,-2.462253952688,
    1.711833813669));
#5679 = DIRECTION('',(0.,-5.233595624292E-02,-0.998629534755));
#5680 = DIRECTION('',(0.,0.998629534755,-5.233595624292E-02));
#5681 = ADVANCED_FACE('',(#5682),#5700,.F.);
#5682 = FACE_BOUND('',#5683,.T.);
#5683 = EDGE_LOOP('',(#5684,#5685,#5693,#5699));
#5684 = ORIENTED_EDGE('',*,*,#3388,.T.);
#5685 = ORIENTED_EDGE('',*,*,#5686,.F.);
#5686 = EDGE_CURVE('',#5687,#3381,#5689,.T.);
#5687 = VERTEX_POINT('',#5688);
#5688 = CARTESIAN_POINT('',(0.214597146718,-2.474671838293,
    1.474886441062));
#5689 = LINE('',#5690,#5691);
#5690 = CARTESIAN_POINT('',(0.214597146718,-2.474671838293,
    1.474886441062));
#5691 = VECTOR('',#5692,1.);
#5692 = DIRECTION('',(0.,0.998629534755,-5.233595624292E-02));
#5693 = ORIENTED_EDGE('',*,*,#5694,.F.);
#5694 = EDGE_CURVE('',#5663,#5687,#5695,.T.);
#5695 = LINE('',#5696,#5697);
#5696 = CARTESIAN_POINT('',(0.214597146718,-2.474671838293,
    1.474886441062));
#5697 = VECTOR('',#5698,1.);
#5698 = DIRECTION('',(-0.,-5.233595624292E-02,-0.998629534755));
#5699 = ORIENTED_EDGE('',*,*,#5662,.T.);
#5700 = PLANE('',#5701);
#5701 = AXIS2_PLACEMENT_3D('',#5702,#5703,#5704);
#5702 = CARTESIAN_POINT('',(0.214597146718,-2.474671838293,
    1.474886441062));
#5703 = DIRECTION('',(1.,0.,0.));
#5704 = DIRECTION('',(0.,0.,-1.));
#5705 = ADVANCED_FACE('',(#5706),#5717,.F.);
#5706 = FACE_BOUND('',#5707,.T.);
#5707 = EDGE_LOOP('',(#5708,#5709,#5710,#5716));
#5708 = ORIENTED_EDGE('',*,*,#3380,.T.);
#5709 = ORIENTED_EDGE('',*,*,#5455,.F.);
#5710 = ORIENTED_EDGE('',*,*,#5711,.F.);
#5711 = EDGE_CURVE('',#5687,#5448,#5712,.T.);
#5712 = LINE('',#5713,#5714);
#5713 = CARTESIAN_POINT('',(0.342209988639,-2.474671838293,
    1.474886441062));
#5714 = VECTOR('',#5715,1.);
#5715 = DIRECTION('',(1.,0.,0.));
#5716 = ORIENTED_EDGE('',*,*,#5686,.T.);
#5717 = PLANE('',#5718);
#5718 = AXIS2_PLACEMENT_3D('',#5719,#5720,#5721);
#5719 = CARTESIAN_POINT('',(0.342209988639,-2.474671838293,
    1.474886441062));
#5720 = DIRECTION('',(0.,5.233595624292E-02,0.998629534755));
#5721 = DIRECTION('',(0.,-0.998629534755,5.233595624292E-02));
#5722 = ADVANCED_FACE('',(#5723),#5737,.F.);
#5723 = FACE_BOUND('',#5724,.T.);
#5724 = EDGE_LOOP('',(#5725,#5726,#5727,#5728,#5729,#5730,#5731,#5732,
    #5733,#5734,#5735,#5736));
#5725 = ORIENTED_EDGE('',*,*,#5447,.T.);
#5726 = ORIENTED_EDGE('',*,*,#5478,.T.);
#5727 = ORIENTED_EDGE('',*,*,#5502,.T.);
#5728 = ORIENTED_EDGE('',*,*,#5526,.T.);
#5729 = ORIENTED_EDGE('',*,*,#5550,.T.);
#5730 = ORIENTED_EDGE('',*,*,#5574,.T.);
#5731 = ORIENTED_EDGE('',*,*,#5598,.T.);
#5732 = ORIENTED_EDGE('',*,*,#5622,.T.);
#5733 = ORIENTED_EDGE('',*,*,#5646,.T.);
#5734 = ORIENTED_EDGE('',*,*,#5670,.T.);
#5735 = ORIENTED_EDGE('',*,*,#5694,.T.);
#5736 = ORIENTED_EDGE('',*,*,#5711,.T.);
#5737 = PLANE('',#5738);
#5738 = AXIS2_PLACEMENT_3D('',#5739,#5740,#5741);
#5739 = CARTESIAN_POINT('',(0.,-2.544453393215,0.14337505331));
#5740 = DIRECTION('',(0.,0.998629534755,-5.233595624292E-02));
#5741 = DIRECTION('',(0.,5.233595624292E-02,0.998629534755));
#5742 = ADVANCED_FACE('',(#5743,#5805),#5867,.T.);
#5743 = FACE_BOUND('',#5744,.T.);
#5744 = EDGE_LOOP('',(#5745,#5755,#5764,#5773,#5782,#5791,#5799));
#5745 = ORIENTED_EDGE('',*,*,#5746,.T.);
#5746 = EDGE_CURVE('',#5747,#5749,#5751,.T.);
#5747 = VERTEX_POINT('',#5748);
#5748 = CARTESIAN_POINT('',(0.387032179789,-2.474671838293,
    1.474886441062));
#5749 = VERTEX_POINT('',#5750);
#5750 = CARTESIAN_POINT('',(0.452294260544,-2.474671838293,
    1.474886441062));
#5751 = LINE('',#5752,#5753);
#5752 = CARTESIAN_POINT('',(0.452294260544,-2.474671838293,
    1.474886441062));
#5753 = VECTOR('',#5754,1.);
#5754 = DIRECTION('',(1.,0.,0.));
#5755 = ORIENTED_EDGE('',*,*,#5756,.T.);
#5756 = EDGE_CURVE('',#5749,#5757,#5759,.T.);
#5757 = VERTEX_POINT('',#5758);
#5758 = CARTESIAN_POINT('',(0.544425394992,-2.472932318531,
    1.508078455424));
#5759 = B_SPLINE_CURVE_WITH_KNOTS('',3,(#5760,#5761,#5762,#5763),
  .UNSPECIFIED.,.F.,.F.,(4,4),(5.,6.),.PIECEWISE_BEZIER_KNOTS.);
#5760 = CARTESIAN_POINT('',(0.452294260544,-2.474671838293,
    1.474886441062));
#5761 = CARTESIAN_POINT('',(0.489838152724,-2.474671838293,
    1.474886441062));
#5762 = CARTESIAN_POINT('',(0.520588965868,-2.474094114576,1.48591006627
    ));
#5763 = CARTESIAN_POINT('',(0.544425394992,-2.472932318531,
    1.508078455424));
#5764 = ORIENTED_EDGE('',*,*,#5765,.T.);
#5765 = EDGE_CURVE('',#5757,#5766,#5768,.T.);
#5766 = VERTEX_POINT('',#5767);
#5767 = CARTESIAN_POINT('',(0.580210364922,-2.468304180184,1.59638859583
    ));
#5768 = B_SPLINE_CURVE_WITH_KNOTS('',3,(#5769,#5770,#5771,#5772),
  .UNSPECIFIED.,.F.,.F.,(4,4),(4.,5.),.PIECEWISE_BEZIER_KNOTS.);
#5769 = CARTESIAN_POINT('',(0.544425394992,-2.472932318531,
    1.508078455424));
#5770 = CARTESIAN_POINT('',(0.568261824115,-2.471770522485,1.53024684458
    ));
#5771 = CARTESIAN_POINT('',(0.580210364922,-2.470227809702,
    1.559683558048));
#5772 = CARTESIAN_POINT('',(0.580210364922,-2.468304180184,1.59638859583
    ));
#5773 = ORIENTED_EDGE('',*,*,#5774,.T.);
#5774 = EDGE_CURVE('',#5766,#5775,#5777,.T.);
#5775 = VERTEX_POINT('',#5776);
#5776 = CARTESIAN_POINT('',(0.544425394992,-2.463898243267,
    1.680458880384));
#5777 = B_SPLINE_CURVE_WITH_KNOTS('',3,(#5778,#5779,#5780,#5781),
  .UNSPECIFIED.,.F.,.F.,(4,4),(3.,4.),.PIECEWISE_BEZIER_KNOTS.);
#5778 = CARTESIAN_POINT('',(0.580210364922,-2.468304180184,1.59638859583
    ));
#5779 = CARTESIAN_POINT('',(0.580210364922,-2.466463082625,
    1.631518830008));
#5780 = CARTESIAN_POINT('',(0.568261824115,-2.46499655319,1.659501878614
    ));
#5781 = CARTESIAN_POINT('',(0.544425394992,-2.463898243267,
    1.680458880384));
#5782 = ORIENTED_EDGE('',*,*,#5783,.T.);
#5783 = EDGE_CURVE('',#5775,#5784,#5786,.T.);
#5784 = VERTEX_POINT('',#5785);
#5785 = CARTESIAN_POINT('',(0.454720360201,-2.462253952688,
    1.711833813669));
#5786 = B_SPLINE_CURVE_WITH_KNOTS('',3,(#5787,#5788,#5789,#5790),
  .UNSPECIFIED.,.F.,.F.,(4,4),(2.,3.),.PIECEWISE_BEZIER_KNOTS.);
#5787 = CARTESIAN_POINT('',(0.544425394992,-2.463898243267,
    1.680458880384));
#5788 = CARTESIAN_POINT('',(0.520588965868,-2.462799933343,
    1.701415882154));
#5789 = CARTESIAN_POINT('',(0.490687287605,-2.462253952688,
    1.711833813669));
#5790 = CARTESIAN_POINT('',(0.454720360201,-2.462253952688,
    1.711833813669));
#5791 = ORIENTED_EDGE('',*,*,#5792,.T.);
#5792 = EDGE_CURVE('',#5784,#5793,#5795,.T.);
#5793 = VERTEX_POINT('',#5794);
#5794 = CARTESIAN_POINT('',(0.387032179789,-2.462253952688,
    1.711833813669));
#5795 = LINE('',#5796,#5797);
#5796 = CARTESIAN_POINT('',(0.387032179789,-2.462253952688,
    1.711833813669));
#5797 = VECTOR('',#5798,1.);
#5798 = DIRECTION('',(-1.,-0.,-0.));
#5799 = ORIENTED_EDGE('',*,*,#5800,.T.);
#5800 = EDGE_CURVE('',#5793,#5747,#5801,.T.);
#5801 = LINE('',#5802,#5803);
#5802 = CARTESIAN_POINT('',(0.387032179789,-2.474671838293,
    1.474886441062));
#5803 = VECTOR('',#5804,1.);
#5804 = DIRECTION('',(-0.,-5.233595624292E-02,-0.998629534755));
#5805 = FACE_BOUND('',#5806,.T.);
#5806 = EDGE_LOOP('',(#5807,#5817,#5825,#5834,#5843,#5852,#5861));
#5807 = ORIENTED_EDGE('',*,*,#5808,.F.);
#5808 = EDGE_CURVE('',#5809,#5811,#5813,.T.);
#5809 = VERTEX_POINT('',#5810);
#5810 = CARTESIAN_POINT('',(0.417661687951,-2.463682390449,
    1.684577597495));
#5811 = VERTEX_POINT('',#5812);
#5812 = CARTESIAN_POINT('',(0.417661687951,-2.473256097756,
    1.501900379759));
#5813 = LINE('',#5814,#5815);
#5814 = CARTESIAN_POINT('',(0.417661687951,-2.463682390449,
    1.684577597495));
#5815 = VECTOR('',#5816,1.);
#5816 = DIRECTION('',(0.,-5.233595624292E-02,-0.998629534755));
#5817 = ORIENTED_EDGE('',*,*,#5818,.F.);
#5818 = EDGE_CURVE('',#5819,#5809,#5821,.T.);
#5819 = VERTEX_POINT('',#5820);
#5820 = CARTESIAN_POINT('',(0.453507310371,-2.463682390449,
    1.684577597495));
#5821 = LINE('',#5822,#5823);
#5822 = CARTESIAN_POINT('',(0.453507310371,-2.463682390449,
    1.684577597495));
#5823 = VECTOR('',#5824,1.);
#5824 = DIRECTION('',(-1.,0.,0.));
#5825 = ORIENTED_EDGE('',*,*,#5826,.F.);
#5826 = EDGE_CURVE('',#5827,#5819,#5829,.T.);
#5827 = VERTEX_POINT('',#5828);
#5828 = CARTESIAN_POINT('',(0.521983973171,-2.464850535107,
    1.662288069601));
#5829 = B_SPLINE_CURVE_WITH_KNOTS('',3,(#5830,#5831,#5832,#5833),
  .UNSPECIFIED.,.F.,.F.,(4,4),(5.,6.),.PIECEWISE_BEZIER_KNOTS.);
#5830 = CARTESIAN_POINT('',(0.521983973171,-2.464850535107,
    1.662288069601));
#5831 = CARTESIAN_POINT('',(0.504637360627,-2.464069655798,
    1.677188134444));
#5832 = CARTESIAN_POINT('',(0.481771371367,-2.463682390449,
    1.684577597495));
#5833 = CARTESIAN_POINT('',(0.453507310371,-2.463682390449,
    1.684577597495));
#5834 = ORIENTED_EDGE('',*,*,#5835,.F.);
#5835 = EDGE_CURVE('',#5836,#5827,#5838,.T.);
#5836 = VERTEX_POINT('',#5837);
#5837 = CARTESIAN_POINT('',(0.548003891986,-2.46834862047,1.595540624659
    ));
#5838 = B_SPLINE_CURVE_WITH_KNOTS('',3,(#5839,#5840,#5841,#5842),
  .UNSPECIFIED.,.F.,.F.,(4,4),(4.,5.),.PIECEWISE_BEZIER_KNOTS.);
#5839 = CARTESIAN_POINT('',(0.548003891986,-2.46834862047,1.595540624659
    ));
#5840 = CARTESIAN_POINT('',(0.548003891986,-2.466799559075,
    1.625098476866));
#5841 = CARTESIAN_POINT('',(0.539330585713,-2.465631414417,1.64738800476
    ));
#5842 = CARTESIAN_POINT('',(0.521983973171,-2.464850535107,
    1.662288069601));
#5843 = ORIENTED_EDGE('',*,*,#5844,.F.);
#5844 = EDGE_CURVE('',#5845,#5836,#5847,.T.);
#5845 = VERTEX_POINT('',#5846);
#5846 = CARTESIAN_POINT('',(0.522651150577,-2.471960980853,
    1.526612682423));
#5847 = B_SPLINE_CURVE_WITH_KNOTS('',3,(#5848,#5849,#5850,#5851),
  .UNSPECIFIED.,.F.,.F.,(4,4),(3.,4.),.PIECEWISE_BEZIER_KNOTS.);
#5848 = CARTESIAN_POINT('',(0.522651150577,-2.471960980853,
    1.526612682423));
#5849 = CARTESIAN_POINT('',(0.53957319568,-2.471103918196,1.542966412128
    ));
#5850 = CARTESIAN_POINT('',(0.548003891986,-2.469897681864,
    1.565982772452));
#5851 = CARTESIAN_POINT('',(0.548003891986,-2.46834862047,1.595540624659
    ));
#5852 = ORIENTED_EDGE('',*,*,#5853,.F.);
#5853 = EDGE_CURVE('',#5854,#5845,#5856,.T.);
#5854 = VERTEX_POINT('',#5855);
#5855 = CARTESIAN_POINT('',(0.45211230307,-2.473256097756,1.501900379759
    ));
#5856 = B_SPLINE_CURVE_WITH_KNOTS('',3,(#5857,#5858,#5859,#5860),
  .UNSPECIFIED.,.F.,.F.,(4,4),(2.,3.),.PIECEWISE_BEZIER_KNOTS.);
#5857 = CARTESIAN_POINT('',(0.45211230307,-2.473256097756,1.501900379759
    ));
#5858 = CARTESIAN_POINT('',(0.482256591299,-2.473256097756,
    1.501900379759));
#5859 = CARTESIAN_POINT('',(0.505789757966,-2.472824392122,
    1.510137813981));
#5860 = CARTESIAN_POINT('',(0.522651150577,-2.471960980853,
    1.526612682423));
#5861 = ORIENTED_EDGE('',*,*,#5862,.F.);
#5862 = EDGE_CURVE('',#5811,#5854,#5863,.T.);
#5863 = LINE('',#5864,#5865);
#5864 = CARTESIAN_POINT('',(0.417661687951,-2.473256097756,
    1.501900379759));
#5865 = VECTOR('',#5866,1.);
#5866 = DIRECTION('',(1.,0.,0.));
#5867 = PLANE('',#5868);
#5868 = AXIS2_PLACEMENT_3D('',#5869,#5870,#5871);
#5869 = CARTESIAN_POINT('',(0.504121814451,-2.462664231756,1.70400522269
    ));
#5870 = DIRECTION('',(0.,-0.998629534755,5.233595624287E-02));
#5871 = DIRECTION('',(0.,-5.233595624287E-02,-0.998629534755));
#5872 = ADVANCED_FACE('',(#5873),#5889,.F.);
#5873 = FACE_BOUND('',#5874,.T.);
#5874 = EDGE_LOOP('',(#5875,#5876,#5882,#5883));
#5875 = ORIENTED_EDGE('',*,*,#3308,.T.);
#5876 = ORIENTED_EDGE('',*,*,#5877,.F.);
#5877 = EDGE_CURVE('',#5749,#3311,#5878,.T.);
#5878 = LINE('',#5879,#5880);
#5879 = CARTESIAN_POINT('',(0.452294260544,-2.474671838293,
    1.474886441062));
#5880 = VECTOR('',#5881,1.);
#5881 = DIRECTION('',(0.,0.998629534755,-5.233595624292E-02));
#5882 = ORIENTED_EDGE('',*,*,#5746,.F.);
#5883 = ORIENTED_EDGE('',*,*,#5884,.T.);
#5884 = EDGE_CURVE('',#5747,#3309,#5885,.T.);
#5885 = LINE('',#5886,#5887);
#5886 = CARTESIAN_POINT('',(0.387032179789,-2.474671838293,
    1.474886441062));
#5887 = VECTOR('',#5888,1.);
#5888 = DIRECTION('',(0.,0.998629534755,-5.233595624292E-02));
#5889 = PLANE('',#5890);
#5890 = AXIS2_PLACEMENT_3D('',#5891,#5892,#5893);
#5891 = CARTESIAN_POINT('',(0.452294260544,-2.474671838293,
    1.474886441062));
#5892 = DIRECTION('',(0.,5.233595624292E-02,0.998629534755));
#5893 = DIRECTION('',(0.,-0.998629534755,5.233595624292E-02));
#5894 = ADVANCED_FACE('',(#5895),#5906,.F.);
#5895 = FACE_BOUND('',#5896,.F.);
#5896 = EDGE_LOOP('',(#5897,#5898,#5899,#5905));
#5897 = ORIENTED_EDGE('',*,*,#5877,.F.);
#5898 = ORIENTED_EDGE('',*,*,#5756,.T.);
#5899 = ORIENTED_EDGE('',*,*,#5900,.T.);
#5900 = EDGE_CURVE('',#5757,#3353,#5901,.T.);
#5901 = LINE('',#5902,#5903);
#5902 = CARTESIAN_POINT('',(0.544425394992,-2.472932318531,
    1.508078455424));
#5903 = VECTOR('',#5904,1.);
#5904 = DIRECTION('',(0.,0.998629534755,-5.233595624292E-02));
#5905 = ORIENTED_EDGE('',*,*,#3361,.F.);
#5906 = B_SPLINE_SURFACE_WITH_KNOTS('',3,1,(
    (#5907,#5908)
    ,(#5909,#5910)
    ,(#5911,#5912)
    ,(#5913,#5914
    )),.UNSPECIFIED.,.F.,.F.,.F.,(4,4),(2,2),(5.,6.),(0.,1.),
  .PIECEWISE_BEZIER_KNOTS.);
#5907 = CARTESIAN_POINT('',(0.452294260544,-2.474671838293,
    1.474886441062));
#5908 = CARTESIAN_POINT('',(0.452294260544,-2.464685551789,
    1.474363081963));
#5909 = CARTESIAN_POINT('',(0.489838152724,-2.474671838293,
    1.474886441062));
#5910 = CARTESIAN_POINT('',(0.489838152724,-2.464685551789,
    1.474363081963));
#5911 = CARTESIAN_POINT('',(0.520588965868,-2.474094114576,1.48591006627
    ));
#5912 = CARTESIAN_POINT('',(0.520588965868,-2.464107828072,
    1.485386707171));
#5913 = CARTESIAN_POINT('',(0.544425394992,-2.472932318531,
    1.508078455424));
#5914 = CARTESIAN_POINT('',(0.544425394992,-2.462946032026,
    1.507555096325));
#5915 = ADVANCED_FACE('',(#5916),#5927,.F.);
#5916 = FACE_BOUND('',#5917,.F.);
#5917 = EDGE_LOOP('',(#5918,#5919,#5920,#5926));
#5918 = ORIENTED_EDGE('',*,*,#5900,.F.);
#5919 = ORIENTED_EDGE('',*,*,#5765,.T.);
#5920 = ORIENTED_EDGE('',*,*,#5921,.T.);
#5921 = EDGE_CURVE('',#5766,#3344,#5922,.T.);
#5922 = LINE('',#5923,#5924);
#5923 = CARTESIAN_POINT('',(0.580210364922,-2.468304180184,1.59638859583
    ));
#5924 = VECTOR('',#5925,1.);
#5925 = DIRECTION('',(0.,0.998629534755,-5.233595624292E-02));
#5926 = ORIENTED_EDGE('',*,*,#3352,.F.);
#5927 = B_SPLINE_SURFACE_WITH_KNOTS('',3,1,(
    (#5928,#5929)
    ,(#5930,#5931)
    ,(#5932,#5933)
    ,(#5934,#5935
    )),.UNSPECIFIED.,.F.,.F.,.F.,(4,4),(2,2),(4.,5.),(0.,1.),
  .PIECEWISE_BEZIER_KNOTS.);
#5928 = CARTESIAN_POINT('',(0.544425394992,-2.472932318531,
    1.508078455424));
#5929 = CARTESIAN_POINT('',(0.544425394992,-2.462946032026,
    1.507555096325));
#5930 = CARTESIAN_POINT('',(0.568261824115,-2.471770522485,1.53024684458
    ));
#5931 = CARTESIAN_POINT('',(0.568261824115,-2.46178423598,1.529723485481
    ));
#5932 = CARTESIAN_POINT('',(0.580210364922,-2.470227809702,
    1.559683558048));
#5933 = CARTESIAN_POINT('',(0.580210364922,-2.460241523198,
    1.559160198949));
#5934 = CARTESIAN_POINT('',(0.580210364922,-2.468304180184,1.59638859583
    ));
#5935 = CARTESIAN_POINT('',(0.580210364922,-2.45831789368,1.595865236731
    ));
#5936 = ADVANCED_FACE('',(#5937),#5948,.F.);
#5937 = FACE_BOUND('',#5938,.F.);
#5938 = EDGE_LOOP('',(#5939,#5940,#5941,#5947));
#5939 = ORIENTED_EDGE('',*,*,#5921,.F.);
#5940 = ORIENTED_EDGE('',*,*,#5774,.T.);
#5941 = ORIENTED_EDGE('',*,*,#5942,.T.);
#5942 = EDGE_CURVE('',#5775,#3335,#5943,.T.);
#5943 = LINE('',#5944,#5945);
#5944 = CARTESIAN_POINT('',(0.544425394992,-2.463898243267,
    1.680458880384));
#5945 = VECTOR('',#5946,1.);
#5946 = DIRECTION('',(0.,0.998629534755,-5.233595624292E-02));
#5947 = ORIENTED_EDGE('',*,*,#3343,.F.);
#5948 = B_SPLINE_SURFACE_WITH_KNOTS('',3,1,(
    (#5949,#5950)
    ,(#5951,#5952)
    ,(#5953,#5954)
    ,(#5955,#5956
    )),.UNSPECIFIED.,.F.,.F.,.F.,(4,4),(2,2),(3.,4.),(0.,1.),
  .PIECEWISE_BEZIER_KNOTS.);
#5949 = CARTESIAN_POINT('',(0.580210364922,-2.468304180184,1.59638859583
    ));
#5950 = CARTESIAN_POINT('',(0.580210364922,-2.45831789368,1.595865236731
    ));
#5951 = CARTESIAN_POINT('',(0.580210364922,-2.466463082625,
    1.631518830008));
#5952 = CARTESIAN_POINT('',(0.580210364922,-2.456476796121,
    1.630995470909));
#5953 = CARTESIAN_POINT('',(0.568261824115,-2.46499655319,1.659501878614
    ));
#5954 = CARTESIAN_POINT('',(0.568261824115,-2.455010266686,
    1.658978519515));
#5955 = CARTESIAN_POINT('',(0.544425394992,-2.463898243267,
    1.680458880384));
#5956 = CARTESIAN_POINT('',(0.544425394992,-2.453911956762,
    1.679935521285));
#5957 = ADVANCED_FACE('',(#5958),#5969,.F.);
#5958 = FACE_BOUND('',#5959,.F.);
#5959 = EDGE_LOOP('',(#5960,#5961,#5962,#5968));
#5960 = ORIENTED_EDGE('',*,*,#5942,.F.);
#5961 = ORIENTED_EDGE('',*,*,#5783,.T.);
#5962 = ORIENTED_EDGE('',*,*,#5963,.T.);
#5963 = EDGE_CURVE('',#5784,#3327,#5964,.T.);
#5964 = LINE('',#5965,#5966);
#5965 = CARTESIAN_POINT('',(0.454720360201,-2.462253952688,
    1.711833813669));
#5966 = VECTOR('',#5967,1.);
#5967 = DIRECTION('',(0.,0.998629534755,-5.233595624292E-02));
#5968 = ORIENTED_EDGE('',*,*,#3334,.F.);
#5969 = B_SPLINE_SURFACE_WITH_KNOTS('',3,1,(
    (#5970,#5971)
    ,(#5972,#5973)
    ,(#5974,#5975)
    ,(#5976,#5977
    )),.UNSPECIFIED.,.F.,.F.,.F.,(4,4),(2,2),(2.,3.),(0.,1.),
  .PIECEWISE_BEZIER_KNOTS.);
#5970 = CARTESIAN_POINT('',(0.544425394992,-2.463898243267,
    1.680458880384));
#5971 = CARTESIAN_POINT('',(0.544425394992,-2.453911956762,
    1.679935521285));
#5972 = CARTESIAN_POINT('',(0.520588965868,-2.462799933343,
    1.701415882154));
#5973 = CARTESIAN_POINT('',(0.520588965868,-2.452813646839,
    1.700892523055));
#5974 = CARTESIAN_POINT('',(0.490687287605,-2.462253952688,
    1.711833813669));
#5975 = CARTESIAN_POINT('',(0.490687287605,-2.452267666184,1.71131045457
    ));
#5976 = CARTESIAN_POINT('',(0.454720360201,-2.462253952688,
    1.711833813669));
#5977 = CARTESIAN_POINT('',(0.454720360201,-2.452267666184,1.71131045457
    ));
#5978 = ADVANCED_FACE('',(#5979),#5990,.F.);
#5979 = FACE_BOUND('',#5980,.T.);
#5980 = EDGE_LOOP('',(#5981,#5982,#5988,#5989));
#5981 = ORIENTED_EDGE('',*,*,#3326,.T.);
#5982 = ORIENTED_EDGE('',*,*,#5983,.F.);
#5983 = EDGE_CURVE('',#5793,#3319,#5984,.T.);
#5984 = LINE('',#5985,#5986);
#5985 = CARTESIAN_POINT('',(0.387032179789,-2.462253952688,
    1.711833813669));
#5986 = VECTOR('',#5987,1.);
#5987 = DIRECTION('',(0.,0.998629534755,-5.233595624292E-02));
#5988 = ORIENTED_EDGE('',*,*,#5792,.F.);
#5989 = ORIENTED_EDGE('',*,*,#5963,.T.);
#5990 = PLANE('',#5991);
#5991 = AXIS2_PLACEMENT_3D('',#5992,#5993,#5994);
#5992 = CARTESIAN_POINT('',(0.387032179789,-2.462253952688,
    1.711833813669));
#5993 = DIRECTION('',(0.,-5.233595624292E-02,-0.998629534755));
#5994 = DIRECTION('',(0.,0.998629534755,-5.233595624292E-02));
#5995 = ADVANCED_FACE('',(#5996),#6002,.F.);
#5996 = FACE_BOUND('',#5997,.T.);
#5997 = EDGE_LOOP('',(#5998,#5999,#6000,#6001));
#5998 = ORIENTED_EDGE('',*,*,#3318,.T.);
#5999 = ORIENTED_EDGE('',*,*,#5884,.F.);
#6000 = ORIENTED_EDGE('',*,*,#5800,.F.);
#6001 = ORIENTED_EDGE('',*,*,#5983,.T.);
#6002 = PLANE('',#6003);
#6003 = AXIS2_PLACEMENT_3D('',#6004,#6005,#6006);
#6004 = CARTESIAN_POINT('',(0.387032179789,-2.474671838293,
    1.474886441062));
#6005 = DIRECTION('',(1.,0.,0.));
#6006 = DIRECTION('',(0.,0.,-1.));
#6007 = ADVANCED_FACE('',(#6008),#6033,.T.);
#6008 = FACE_BOUND('',#6009,.T.);
#6009 = EDGE_LOOP('',(#6010,#6020,#6026,#6027));
#6010 = ORIENTED_EDGE('',*,*,#6011,.F.);
#6011 = EDGE_CURVE('',#6012,#6014,#6016,.T.);
#6012 = VERTEX_POINT('',#6013);
#6013 = CARTESIAN_POINT('',(0.453507310371,-2.453696103945,
    1.684054238396));
#6014 = VERTEX_POINT('',#6015);
#6015 = CARTESIAN_POINT('',(0.417661687951,-2.453696103945,
    1.684054238396));
#6016 = LINE('',#6017,#6018);
#6017 = CARTESIAN_POINT('',(0.453507310371,-2.453696103945,
    1.684054238396));
#6018 = VECTOR('',#6019,1.);
#6019 = DIRECTION('',(-1.,0.,0.));
#6020 = ORIENTED_EDGE('',*,*,#6021,.F.);
#6021 = EDGE_CURVE('',#5819,#6012,#6022,.T.);
#6022 = LINE('',#6023,#6024);
#6023 = CARTESIAN_POINT('',(0.453507310371,-2.463682390449,
    1.684577597495));
#6024 = VECTOR('',#6025,1.);
#6025 = DIRECTION('',(0.,0.998629534755,-5.233595624292E-02));
#6026 = ORIENTED_EDGE('',*,*,#5818,.T.);
#6027 = ORIENTED_EDGE('',*,*,#6028,.T.);
#6028 = EDGE_CURVE('',#5809,#6014,#6029,.T.);
#6029 = LINE('',#6030,#6031);
#6030 = CARTESIAN_POINT('',(0.417661687951,-2.463682390449,
    1.684577597495));
#6031 = VECTOR('',#6032,1.);
#6032 = DIRECTION('',(0.,0.998629534755,-5.233595624292E-02));
#6033 = PLANE('',#6034);
#6034 = AXIS2_PLACEMENT_3D('',#6035,#6036,#6037);
#6035 = CARTESIAN_POINT('',(0.453507310371,-2.463682390449,
    1.684577597495));
#6036 = DIRECTION('',(0.,-5.233595624292E-02,-0.998629534755));
#6037 = DIRECTION('',(0.,0.998629534755,-5.233595624292E-02));
#6038 = ADVANCED_FACE('',(#6039),#6057,.T.);
#6039 = FACE_BOUND('',#6040,.T.);
#6040 = EDGE_LOOP('',(#6041,#6049,#6050,#6051));
#6041 = ORIENTED_EDGE('',*,*,#6042,.F.);
#6042 = EDGE_CURVE('',#6014,#6043,#6045,.T.);
#6043 = VERTEX_POINT('',#6044);
#6044 = CARTESIAN_POINT('',(0.417661687951,-2.463269811252,1.50137702066
    ));
#6045 = LINE('',#6046,#6047);
#6046 = CARTESIAN_POINT('',(0.417661687951,-2.453696103945,
    1.684054238396));
#6047 = VECTOR('',#6048,1.);
#6048 = DIRECTION('',(0.,-5.233595624292E-02,-0.998629534755));
#6049 = ORIENTED_EDGE('',*,*,#6028,.F.);
#6050 = ORIENTED_EDGE('',*,*,#5808,.T.);
#6051 = ORIENTED_EDGE('',*,*,#6052,.T.);
#6052 = EDGE_CURVE('',#5811,#6043,#6053,.T.);
#6053 = LINE('',#6054,#6055);
#6054 = CARTESIAN_POINT('',(0.417661687951,-2.473256097756,
    1.501900379759));
#6055 = VECTOR('',#6056,1.);
#6056 = DIRECTION('',(0.,0.998629534755,-5.233595624292E-02));
#6057 = PLANE('',#6058);
#6058 = AXIS2_PLACEMENT_3D('',#6059,#6060,#6061);
#6059 = CARTESIAN_POINT('',(0.417661687951,-2.463682390449,
    1.684577597495));
#6060 = DIRECTION('',(1.,0.,0.));
#6061 = DIRECTION('',(0.,0.,-1.));
#6062 = ADVANCED_FACE('',(#6063),#6081,.T.);
#6063 = FACE_BOUND('',#6064,.T.);
#6064 = EDGE_LOOP('',(#6065,#6073,#6074,#6075));
#6065 = ORIENTED_EDGE('',*,*,#6066,.F.);
#6066 = EDGE_CURVE('',#6043,#6067,#6069,.T.);
#6067 = VERTEX_POINT('',#6068);
#6068 = CARTESIAN_POINT('',(0.45211230307,-2.463269811252,1.50137702066)
  );
#6069 = LINE('',#6070,#6071);
#6070 = CARTESIAN_POINT('',(0.417661687951,-2.463269811252,1.50137702066
    ));
#6071 = VECTOR('',#6072,1.);
#6072 = DIRECTION('',(1.,0.,0.));
#6073 = ORIENTED_EDGE('',*,*,#6052,.F.);
#6074 = ORIENTED_EDGE('',*,*,#5862,.T.);
#6075 = ORIENTED_EDGE('',*,*,#6076,.T.);
#6076 = EDGE_CURVE('',#5854,#6067,#6077,.T.);
#6077 = LINE('',#6078,#6079);
#6078 = CARTESIAN_POINT('',(0.45211230307,-2.473256097756,1.501900379759
    ));
#6079 = VECTOR('',#6080,1.);
#6080 = DIRECTION('',(0.,0.998629534755,-5.233595624292E-02));
#6081 = PLANE('',#6082);
#6082 = AXIS2_PLACEMENT_3D('',#6083,#6084,#6085);
#6083 = CARTESIAN_POINT('',(0.417661687951,-2.473256097756,
    1.501900379759));
#6084 = DIRECTION('',(0.,5.233595624292E-02,0.998629534755));
#6085 = DIRECTION('',(0.,-0.998629534755,5.233595624292E-02));
#6086 = ADVANCED_FACE('',(#6087),#6106,.T.);
#6087 = FACE_BOUND('',#6088,.T.);
#6088 = EDGE_LOOP('',(#6089,#6098,#6099,#6100));
#6089 = ORIENTED_EDGE('',*,*,#6090,.F.);
#6090 = EDGE_CURVE('',#6067,#6091,#6093,.T.);
#6091 = VERTEX_POINT('',#6092);
#6092 = CARTESIAN_POINT('',(0.522651150577,-2.461974694349,
    1.526089323324));
#6093 = B_SPLINE_CURVE_WITH_KNOTS('',3,(#6094,#6095,#6096,#6097),
  .UNSPECIFIED.,.F.,.F.,(4,4),(2.,3.),.PIECEWISE_BEZIER_KNOTS.);
#6094 = CARTESIAN_POINT('',(0.45211230307,-2.463269811252,1.50137702066)
  );
#6095 = CARTESIAN_POINT('',(0.482256591299,-2.463269811252,1.50137702066
    ));
#6096 = CARTESIAN_POINT('',(0.505789757966,-2.462838105618,
    1.509614454882));
#6097 = CARTESIAN_POINT('',(0.522651150577,-2.461974694349,
    1.526089323324));
#6098 = ORIENTED_EDGE('',*,*,#6076,.F.);
#6099 = ORIENTED_EDGE('',*,*,#5853,.T.);
#6100 = ORIENTED_EDGE('',*,*,#6101,.T.);
#6101 = EDGE_CURVE('',#5845,#6091,#6102,.T.);
#6102 = LINE('',#6103,#6104);
#6103 = CARTESIAN_POINT('',(0.522651150577,-2.471960980853,
    1.526612682423));
#6104 = VECTOR('',#6105,1.);
#6105 = DIRECTION('',(0.,0.998629534755,-5.233595624292E-02));
#6106 = B_SPLINE_SURFACE_WITH_KNOTS('',3,1,(
    (#6107,#6108)
    ,(#6109,#6110)
    ,(#6111,#6112)
    ,(#6113,#6114
    )),.UNSPECIFIED.,.F.,.F.,.F.,(4,4),(2,2),(2.,3.),(0.,1.),
  .PIECEWISE_BEZIER_KNOTS.);
#6107 = CARTESIAN_POINT('',(0.45211230307,-2.473256097756,1.501900379759
    ));
#6108 = CARTESIAN_POINT('',(0.45211230307,-2.463269811252,1.50137702066)
  );
#6109 = CARTESIAN_POINT('',(0.482256591299,-2.473256097756,
    1.501900379759));
#6110 = CARTESIAN_POINT('',(0.482256591299,-2.463269811252,1.50137702066
    ));
#6111 = CARTESIAN_POINT('',(0.505789757966,-2.472824392122,
    1.510137813981));
#6112 = CARTESIAN_POINT('',(0.505789757966,-2.462838105618,
    1.509614454882));
#6113 = CARTESIAN_POINT('',(0.522651150577,-2.471960980853,
    1.526612682423));
#6114 = CARTESIAN_POINT('',(0.522651150577,-2.461974694349,
    1.526089323324));
#6115 = ADVANCED_FACE('',(#6116),#6135,.T.);
#6116 = FACE_BOUND('',#6117,.T.);
#6117 = EDGE_LOOP('',(#6118,#6127,#6128,#6129));
#6118 = ORIENTED_EDGE('',*,*,#6119,.F.);
#6119 = EDGE_CURVE('',#6091,#6120,#6122,.T.);
#6120 = VERTEX_POINT('',#6121);
#6121 = CARTESIAN_POINT('',(0.548003891986,-2.458362333966,1.59501726556
    ));
#6122 = B_SPLINE_CURVE_WITH_KNOTS('',3,(#6123,#6124,#6125,#6126),
  .UNSPECIFIED.,.F.,.F.,(4,4),(3.,4.),.PIECEWISE_BEZIER_KNOTS.);
#6123 = CARTESIAN_POINT('',(0.522651150577,-2.461974694349,
    1.526089323324));
#6124 = CARTESIAN_POINT('',(0.53957319568,-2.461117631692,1.542443053029
    ));
#6125 = CARTESIAN_POINT('',(0.548003891986,-2.45991139536,1.565459413353
    ));
#6126 = CARTESIAN_POINT('',(0.548003891986,-2.458362333966,1.59501726556
    ));
#6127 = ORIENTED_EDGE('',*,*,#6101,.F.);
#6128 = ORIENTED_EDGE('',*,*,#5844,.T.);
#6129 = ORIENTED_EDGE('',*,*,#6130,.T.);
#6130 = EDGE_CURVE('',#5836,#6120,#6131,.T.);
#6131 = LINE('',#6132,#6133);
#6132 = CARTESIAN_POINT('',(0.548003891986,-2.46834862047,1.595540624659
    ));
#6133 = VECTOR('',#6134,1.);
#6134 = DIRECTION('',(0.,0.998629534755,-5.233595624292E-02));
#6135 = B_SPLINE_SURFACE_WITH_KNOTS('',3,1,(
    (#6136,#6137)
    ,(#6138,#6139)
    ,(#6140,#6141)
    ,(#6142,#6143
    )),.UNSPECIFIED.,.F.,.F.,.F.,(4,4),(2,2),(3.,4.),(0.,1.),
  .PIECEWISE_BEZIER_KNOTS.);
#6136 = CARTESIAN_POINT('',(0.522651150577,-2.471960980853,
    1.526612682423));
#6137 = CARTESIAN_POINT('',(0.522651150577,-2.461974694349,
    1.526089323324));
#6138 = CARTESIAN_POINT('',(0.53957319568,-2.471103918196,1.542966412128
    ));
#6139 = CARTESIAN_POINT('',(0.53957319568,-2.461117631692,1.542443053029
    ));
#6140 = CARTESIAN_POINT('',(0.548003891986,-2.469897681864,
    1.565982772452));
#6141 = CARTESIAN_POINT('',(0.548003891986,-2.45991139536,1.565459413353
    ));
#6142 = CARTESIAN_POINT('',(0.548003891986,-2.46834862047,1.595540624659
    ));
#6143 = CARTESIAN_POINT('',(0.548003891986,-2.458362333966,1.59501726556
    ));
#6144 = ADVANCED_FACE('',(#6145),#6164,.T.);
#6145 = FACE_BOUND('',#6146,.T.);
#6146 = EDGE_LOOP('',(#6147,#6156,#6157,#6158));
#6147 = ORIENTED_EDGE('',*,*,#6148,.F.);
#6148 = EDGE_CURVE('',#6120,#6149,#6151,.T.);
#6149 = VERTEX_POINT('',#6150);
#6150 = CARTESIAN_POINT('',(0.521983973171,-2.454864248603,
    1.661764710502));
#6151 = B_SPLINE_CURVE_WITH_KNOTS('',3,(#6152,#6153,#6154,#6155),
  .UNSPECIFIED.,.F.,.F.,(4,4),(4.,5.),.PIECEWISE_BEZIER_KNOTS.);
#6152 = CARTESIAN_POINT('',(0.548003891986,-2.458362333966,1.59501726556
    ));
#6153 = CARTESIAN_POINT('',(0.548003891986,-2.456813272571,
    1.624575117767));
#6154 = CARTESIAN_POINT('',(0.539330585713,-2.455645127913,
    1.646864645661));
#6155 = CARTESIAN_POINT('',(0.521983973171,-2.454864248603,
    1.661764710502));
#6156 = ORIENTED_EDGE('',*,*,#6130,.F.);
#6157 = ORIENTED_EDGE('',*,*,#5835,.T.);
#6158 = ORIENTED_EDGE('',*,*,#6159,.T.);
#6159 = EDGE_CURVE('',#5827,#6149,#6160,.T.);
#6160 = LINE('',#6161,#6162);
#6161 = CARTESIAN_POINT('',(0.521983973171,-2.464850535107,
    1.662288069601));
#6162 = VECTOR('',#6163,1.);
#6163 = DIRECTION('',(0.,0.998629534755,-5.233595624292E-02));
#6164 = B_SPLINE_SURFACE_WITH_KNOTS('',3,1,(
    (#6165,#6166)
    ,(#6167,#6168)
    ,(#6169,#6170)
    ,(#6171,#6172
    )),.UNSPECIFIED.,.F.,.F.,.F.,(4,4),(2,2),(4.,5.),(0.,1.),
  .PIECEWISE_BEZIER_KNOTS.);
#6165 = CARTESIAN_POINT('',(0.548003891986,-2.46834862047,1.595540624659
    ));
#6166 = CARTESIAN_POINT('',(0.548003891986,-2.458362333966,1.59501726556
    ));
#6167 = CARTESIAN_POINT('',(0.548003891986,-2.466799559075,
    1.625098476866));
#6168 = CARTESIAN_POINT('',(0.548003891986,-2.456813272571,
    1.624575117767));
#6169 = CARTESIAN_POINT('',(0.539330585713,-2.465631414417,1.64738800476
    ));
#6170 = CARTESIAN_POINT('',(0.539330585713,-2.455645127913,
    1.646864645661));
#6171 = CARTESIAN_POINT('',(0.521983973171,-2.464850535107,
    1.662288069601));
#6172 = CARTESIAN_POINT('',(0.521983973171,-2.454864248603,
    1.661764710502));
#6173 = ADVANCED_FACE('',(#6174),#6186,.T.);
#6174 = FACE_BOUND('',#6175,.T.);
#6175 = EDGE_LOOP('',(#6176,#6183,#6184,#6185));
#6176 = ORIENTED_EDGE('',*,*,#6177,.F.);
#6177 = EDGE_CURVE('',#6149,#6012,#6178,.T.);
#6178 = B_SPLINE_CURVE_WITH_KNOTS('',3,(#6179,#6180,#6181,#6182),
  .UNSPECIFIED.,.F.,.F.,(4,4),(5.,6.),.PIECEWISE_BEZIER_KNOTS.);
#6179 = CARTESIAN_POINT('',(0.521983973171,-2.454864248603,
    1.661764710502));
#6180 = CARTESIAN_POINT('',(0.504637360627,-2.454083369294,
    1.676664775345));
#6181 = CARTESIAN_POINT('',(0.481771371367,-2.453696103945,
    1.684054238396));
#6182 = CARTESIAN_POINT('',(0.453507310371,-2.453696103945,
    1.684054238396));
#6183 = ORIENTED_EDGE('',*,*,#6159,.F.);
#6184 = ORIENTED_EDGE('',*,*,#5826,.T.);
#6185 = ORIENTED_EDGE('',*,*,#6021,.T.);
#6186 = B_SPLINE_SURFACE_WITH_KNOTS('',3,1,(
    (#6187,#6188)
    ,(#6189,#6190)
    ,(#6191,#6192)
    ,(#6193,#6194
    )),.UNSPECIFIED.,.F.,.F.,.F.,(4,4),(2,2),(5.,6.),(0.,1.),
  .PIECEWISE_BEZIER_KNOTS.);
#6187 = CARTESIAN_POINT('',(0.521983973171,-2.464850535107,
    1.662288069601));
#6188 = CARTESIAN_POINT('',(0.521983973171,-2.454864248603,
    1.661764710502));
#6189 = CARTESIAN_POINT('',(0.504637360627,-2.464069655798,
    1.677188134444));
#6190 = CARTESIAN_POINT('',(0.504637360627,-2.454083369294,
    1.676664775345));
#6191 = CARTESIAN_POINT('',(0.481771371367,-2.463682390449,
    1.684577597495));
#6192 = CARTESIAN_POINT('',(0.481771371367,-2.453696103945,
    1.684054238396));
#6193 = CARTESIAN_POINT('',(0.453507310371,-2.463682390449,
    1.684577597495));
#6194 = CARTESIAN_POINT('',(0.453507310371,-2.453696103945,
    1.684054238396));
#6195 = ADVANCED_FACE('',(#6196),#6205,.T.);
#6196 = FACE_BOUND('',#6197,.T.);
#6197 = EDGE_LOOP('',(#6198,#6199,#6200,#6201,#6202,#6203,#6204));
#6198 = ORIENTED_EDGE('',*,*,#6177,.T.);
#6199 = ORIENTED_EDGE('',*,*,#6011,.T.);
#6200 = ORIENTED_EDGE('',*,*,#6042,.T.);
#6201 = ORIENTED_EDGE('',*,*,#6066,.T.);
#6202 = ORIENTED_EDGE('',*,*,#6090,.T.);
#6203 = ORIENTED_EDGE('',*,*,#6119,.T.);
#6204 = ORIENTED_EDGE('',*,*,#6148,.T.);
#6205 = PLANE('',#6206);
#6206 = AXIS2_PLACEMENT_3D('',#6207,#6208,#6209);
#6207 = CARTESIAN_POINT('',(-3.499996900561,-2.499503383156,
    0.809999282478));
#6208 = DIRECTION('',(0.,-0.998629534755,5.233595624292E-02));
#6209 = DIRECTION('',(0.,-5.233595624292E-02,-0.998629534755));
#6210 = ADVANCED_FACE('',(#6211,#6277),#6329,.F.);
#6211 = FACE_BOUND('',#6212,.T.);
#6212 = EDGE_LOOP('',(#6213,#6223,#6231,#6239,#6247,#6255,#6263,#6271));
#6213 = ORIENTED_EDGE('',*,*,#6214,.T.);
#6214 = EDGE_CURVE('',#6215,#6217,#6219,.T.);
#6215 = VERTEX_POINT('',#6216);
#6216 = CARTESIAN_POINT('',(0.806868725312,-2.474671838293,
    1.474886441062));
#6217 = VERTEX_POINT('',#6218);
#6218 = CARTESIAN_POINT('',(0.716496513114,-2.462253952688,
    1.711833813669));
#6219 = LINE('',#6220,#6221);
#6220 = CARTESIAN_POINT('',(0.716496513114,-2.462253952688,
    1.711833813669));
#6221 = VECTOR('',#6222,1.);
#6222 = DIRECTION('',(-0.35593572437,4.890849743056E-02,0.933229724664)
  );
#6223 = ORIENTED_EDGE('',*,*,#6224,.T.);
#6224 = EDGE_CURVE('',#6217,#6225,#6227,.T.);
#6225 = VERTEX_POINT('',#6226);
#6226 = CARTESIAN_POINT('',(0.683744167754,-2.462253952688,
    1.711833813669));
#6227 = LINE('',#6228,#6229);
#6228 = CARTESIAN_POINT('',(0.683744167754,-2.462253952688,
    1.711833813669));
#6229 = VECTOR('',#6230,1.);
#6230 = DIRECTION('',(-1.,-0.,-0.));
#6231 = ORIENTED_EDGE('',*,*,#6232,.T.);
#6232 = EDGE_CURVE('',#6225,#6233,#6235,.T.);
#6233 = VERTEX_POINT('',#6234);
#6234 = CARTESIAN_POINT('',(0.593371955558,-2.474671838293,
    1.474886441062));
#6235 = LINE('',#6236,#6237);
#6236 = CARTESIAN_POINT('',(0.593371955558,-2.474671838293,
    1.474886441062));
#6237 = VECTOR('',#6238,1.);
#6238 = DIRECTION('',(-0.355935724364,-4.890849743068E-02,
    -0.933229724666));
#6239 = ORIENTED_EDGE('',*,*,#6240,.T.);
#6240 = EDGE_CURVE('',#6233,#6241,#6243,.T.);
#6241 = VERTEX_POINT('',#6242);
#6242 = CARTESIAN_POINT('',(0.627216045762,-2.474671838293,
    1.474886441062));
#6243 = LINE('',#6244,#6245);
#6244 = CARTESIAN_POINT('',(0.627216045762,-2.474671838293,
    1.474886441062));
#6245 = VECTOR('',#6246,1.);
#6246 = DIRECTION('',(1.,0.,0.));
#6247 = ORIENTED_EDGE('',*,*,#6248,.T.);
#6248 = EDGE_CURVE('',#6241,#6249,#6251,.T.);
#6249 = VERTEX_POINT('',#6250);
#6250 = CARTESIAN_POINT('',(0.650021382531,-2.471275330727,
    1.539695666187));
#6251 = LINE('',#6252,#6253);
#6252 = CARTESIAN_POINT('',(0.650021382531,-2.471275330727,
    1.539695666187));
#6253 = VECTOR('',#6254,1.);
#6254 = DIRECTION('',(0.33152841835,4.93761084362E-02,0.94215227418));
#6255 = ORIENTED_EDGE('',*,*,#6256,.T.);
#6256 = EDGE_CURVE('',#6249,#6257,#6259,.T.);
#6257 = VERTEX_POINT('',#6258);
#6258 = CARTESIAN_POINT('',(0.748824291035,-2.471275330727,
    1.539695666187));
#6259 = LINE('',#6260,#6261);
#6260 = CARTESIAN_POINT('',(0.748824291035,-2.471275330727,
    1.539695666187));
#6261 = VECTOR('',#6262,1.);
#6262 = DIRECTION('',(1.,0.,0.));
#6263 = ORIENTED_EDGE('',*,*,#6264,.T.);
#6264 = EDGE_CURVE('',#6257,#6265,#6267,.T.);
#6265 = VERTEX_POINT('',#6266);
#6266 = CARTESIAN_POINT('',(0.773024635106,-2.474671838293,
    1.474886441062));
#6267 = LINE('',#6268,#6269);
#6268 = CARTESIAN_POINT('',(0.773024635106,-2.474671838293,
    1.474886441062));
#6269 = VECTOR('',#6270,1.);
#6270 = DIRECTION('',(0.349395479469,-4.903750070659E-02,-0.935691253807
    ));
#6271 = ORIENTED_EDGE('',*,*,#6272,.T.);
#6272 = EDGE_CURVE('',#6265,#6215,#6273,.T.);
#6273 = LINE('',#6274,#6275);
#6274 = CARTESIAN_POINT('',(0.806868725312,-2.474671838293,
    1.474886441062));
#6275 = VECTOR('',#6276,1.);
#6276 = DIRECTION('',(1.,0.,0.));
#6277 = FACE_BOUND('',#6278,.T.);
#6278 = EDGE_LOOP('',(#6279,#6289,#6297,#6306,#6314,#6323));
#6279 = ORIENTED_EDGE('',*,*,#6280,.F.);
#6280 = EDGE_CURVE('',#6281,#6283,#6285,.T.);
#6281 = VERTEX_POINT('',#6282);
#6282 = CARTESIAN_POINT('',(0.659725781157,-2.469872287415,
    1.566467327408));
#6283 = VERTEX_POINT('',#6284);
#6284 = CARTESIAN_POINT('',(0.739362502375,-2.469872287415,
    1.566467327408));
#6285 = LINE('',#6286,#6287);
#6286 = CARTESIAN_POINT('',(0.659725781157,-2.469872287415,
    1.566467327408));
#6287 = VECTOR('',#6288,1.);
#6288 = DIRECTION('',(1.,0.,0.));
#6289 = ORIENTED_EDGE('',*,*,#6290,.F.);
#6290 = EDGE_CURVE('',#6291,#6281,#6293,.T.);
#6291 = VERTEX_POINT('',#6292);
#6292 = CARTESIAN_POINT('',(0.69520748863,-2.464710865637,1.664953121849
    ));
#6293 = LINE('',#6294,#6295);
#6294 = CARTESIAN_POINT('',(0.69520748863,-2.464710865637,1.664953121849
    ));
#6295 = VECTOR('',#6296,1.);
#6296 = DIRECTION('',(-0.338535034314,-4.924571625847E-02,
    -0.939664243212));
#6297 = ORIENTED_EDGE('',*,*,#6298,.F.);
#6298 = EDGE_CURVE('',#6299,#6291,#6301,.T.);
#6299 = VERTEX_POINT('',#6300);
#6300 = CARTESIAN_POINT('',(0.699089248081,-2.463841105756,
    1.681549129031));
#6301 = B_SPLINE_CURVE_WITH_KNOTS('',3,(#6302,#6303,#6304,#6305),
  .UNSPECIFIED.,.F.,.F.,(4,4),(3.,4.),.PIECEWISE_BEZIER_KNOTS.);
#6302 = CARTESIAN_POINT('',(0.699089248081,-2.463841105756,
    1.681549129031));
#6303 = CARTESIAN_POINT('',(0.697936850744,-2.46421567388,1.674401943457
    ));
#6304 = CARTESIAN_POINT('',(0.696663148424,-2.464507710045,
    1.668829561483));
#6305 = CARTESIAN_POINT('',(0.69520748863,-2.464710865637,1.664953121849
    ));
#6306 = ORIENTED_EDGE('',*,*,#6307,.F.);
#6307 = EDGE_CURVE('',#6308,#6299,#6310,.T.);
#6308 = VERTEX_POINT('',#6309);
#6309 = CARTESIAN_POINT('',(0.699817077977,-2.463841105756,
    1.681549129031));
#6310 = LINE('',#6311,#6312);
#6311 = CARTESIAN_POINT('',(0.699817077977,-2.463841105756,
    1.681549129031));
#6312 = VECTOR('',#6313,1.);
#6313 = DIRECTION('',(-1.,0.,0.));
#6314 = ORIENTED_EDGE('',*,*,#6315,.F.);
#6315 = EDGE_CURVE('',#6316,#6308,#6318,.T.);
#6316 = VERTEX_POINT('',#6317);
#6317 = CARTESIAN_POINT('',(0.703516879953,-2.464710865637,
    1.664953121849));
#6318 = B_SPLINE_CURVE_WITH_KNOTS('',3,(#6319,#6320,#6321,#6322),
  .UNSPECIFIED.,.F.,.F.,(4,4),(1.,2.),.PIECEWISE_BEZIER_KNOTS.);
#6319 = CARTESIAN_POINT('',(0.703516879953,-2.464710865637,
    1.664953121849));
#6320 = CARTESIAN_POINT('',(0.702364482616,-2.464539453106,1.66822386779
    ));
#6321 = CARTESIAN_POINT('',(0.701151432788,-2.464253765554,
    1.673675111025));
#6322 = CARTESIAN_POINT('',(0.699817077977,-2.463841105756,
    1.681549129031));
#6323 = ORIENTED_EDGE('',*,*,#6324,.F.);
#6324 = EDGE_CURVE('',#6283,#6316,#6325,.T.);
#6325 = LINE('',#6326,#6327);
#6326 = CARTESIAN_POINT('',(0.739362502375,-2.469872287415,
    1.566467327408));
#6327 = VECTOR('',#6328,1.);
#6328 = DIRECTION('',(-0.341603830682,4.91876366456E-02,0.938556018182)
  );
#6329 = PLANE('',#6330);
#6330 = AXIS2_PLACEMENT_3D('',#6331,#6332,#6333);
#6331 = CARTESIAN_POINT('',(0.,-2.544453393215,0.14337505331));
#6332 = DIRECTION('',(0.,0.998629534755,-5.233595624292E-02));
#6333 = DIRECTION('',(0.,5.233595624292E-02,0.998629534755));
#6334 = ADVANCED_FACE('',(#6335),#6351,.F.);
#6335 = FACE_BOUND('',#6336,.T.);
#6336 = EDGE_LOOP('',(#6337,#6338,#6344,#6345));
#6337 = ORIENTED_EDGE('',*,*,#3242,.T.);
#6338 = ORIENTED_EDGE('',*,*,#6339,.F.);
#6339 = EDGE_CURVE('',#6217,#3245,#6340,.T.);
#6340 = LINE('',#6341,#6342);
#6341 = CARTESIAN_POINT('',(0.716496513114,-2.462253952688,
    1.711833813669));
#6342 = VECTOR('',#6343,1.);
#6343 = DIRECTION('',(0.,0.998629534755,-5.233595624292E-02));
#6344 = ORIENTED_EDGE('',*,*,#6214,.F.);
#6345 = ORIENTED_EDGE('',*,*,#6346,.T.);
#6346 = EDGE_CURVE('',#6215,#3243,#6347,.T.);
#6347 = LINE('',#6348,#6349);
#6348 = CARTESIAN_POINT('',(0.806868725312,-2.474671838293,
    1.474886441062));
#6349 = VECTOR('',#6350,1.);
#6350 = DIRECTION('',(0.,0.998629534755,-5.233595624292E-02));
#6351 = PLANE('',#6352);
#6352 = AXIS2_PLACEMENT_3D('',#6353,#6354,#6355);
#6353 = CARTESIAN_POINT('',(0.716496513114,-2.462253952688,
    1.711833813669));
#6354 = DIRECTION('',(-0.934510438742,-1.862823649592E-02,-0.35544792683
    ));
#6355 = DIRECTION('',(-0.35550961509,-3.006275783868E-15,0.934672623745)
  );
#6356 = ADVANCED_FACE('',(#6357),#6368,.F.);
#6357 = FACE_BOUND('',#6358,.T.);
#6358 = EDGE_LOOP('',(#6359,#6360,#6366,#6367));
#6359 = ORIENTED_EDGE('',*,*,#3300,.T.);
#6360 = ORIENTED_EDGE('',*,*,#6361,.F.);
#6361 = EDGE_CURVE('',#6225,#3293,#6362,.T.);
#6362 = LINE('',#6363,#6364);
#6363 = CARTESIAN_POINT('',(0.683744167754,-2.462253952688,
    1.711833813669));
#6364 = VECTOR('',#6365,1.);
#6365 = DIRECTION('',(0.,0.998629534755,-5.233595624292E-02));
#6366 = ORIENTED_EDGE('',*,*,#6224,.F.);
#6367 = ORIENTED_EDGE('',*,*,#6339,.T.);
#6368 = PLANE('',#6369);
#6369 = AXIS2_PLACEMENT_3D('',#6370,#6371,#6372);
#6370 = CARTESIAN_POINT('',(0.683744167754,-2.462253952688,
    1.711833813669));
#6371 = DIRECTION('',(0.,-5.233595624292E-02,-0.998629534755));
#6372 = DIRECTION('',(0.,0.998629534755,-5.233595624292E-02));
#6373 = ADVANCED_FACE('',(#6374),#6385,.F.);
#6374 = FACE_BOUND('',#6375,.T.);
#6375 = EDGE_LOOP('',(#6376,#6377,#6383,#6384));
#6376 = ORIENTED_EDGE('',*,*,#3292,.T.);
#6377 = ORIENTED_EDGE('',*,*,#6378,.F.);
#6378 = EDGE_CURVE('',#6233,#3285,#6379,.T.);
#6379 = LINE('',#6380,#6381);
#6380 = CARTESIAN_POINT('',(0.593371955558,-2.474671838293,
    1.474886441062));
#6381 = VECTOR('',#6382,1.);
#6382 = DIRECTION('',(0.,0.998629534755,-5.233595624292E-02));
#6383 = ORIENTED_EDGE('',*,*,#6232,.F.);
#6384 = ORIENTED_EDGE('',*,*,#6361,.T.);
#6385 = PLANE('',#6386);
#6386 = AXIS2_PLACEMENT_3D('',#6387,#6388,#6389);
#6387 = CARTESIAN_POINT('',(0.593371955558,-2.474671838293,
    1.474886441062));
#6388 = DIRECTION('',(0.934510438744,-1.862823649563E-02,-0.355447926824
    ));
#6389 = DIRECTION('',(-0.355509615084,-1.442422570275E-14,
    -0.934672623747));
#6390 = ADVANCED_FACE('',(#6391),#6402,.F.);
#6391 = FACE_BOUND('',#6392,.T.);
#6392 = EDGE_LOOP('',(#6393,#6394,#6400,#6401));
#6393 = ORIENTED_EDGE('',*,*,#3284,.T.);
#6394 = ORIENTED_EDGE('',*,*,#6395,.F.);
#6395 = EDGE_CURVE('',#6241,#3277,#6396,.T.);
#6396 = LINE('',#6397,#6398);
#6397 = CARTESIAN_POINT('',(0.627216045762,-2.474671838293,
    1.474886441062));
#6398 = VECTOR('',#6399,1.);
#6399 = DIRECTION('',(0.,0.998629534755,-5.233595624292E-02));
#6400 = ORIENTED_EDGE('',*,*,#6240,.F.);
#6401 = ORIENTED_EDGE('',*,*,#6378,.T.);
#6402 = PLANE('',#6403);
#6403 = AXIS2_PLACEMENT_3D('',#6404,#6405,#6406);
#6404 = CARTESIAN_POINT('',(0.627216045762,-2.474671838293,
    1.474886441062));
#6405 = DIRECTION('',(0.,5.233595624292E-02,0.998629534755));
#6406 = DIRECTION('',(0.,-0.998629534755,5.233595624292E-02));
#6407 = ADVANCED_FACE('',(#6408),#6419,.F.);
#6408 = FACE_BOUND('',#6409,.T.);
#6409 = EDGE_LOOP('',(#6410,#6411,#6417,#6418));
#6410 = ORIENTED_EDGE('',*,*,#3276,.T.);
#6411 = ORIENTED_EDGE('',*,*,#6412,.F.);
#6412 = EDGE_CURVE('',#6249,#3269,#6413,.T.);
#6413 = LINE('',#6414,#6415);
#6414 = CARTESIAN_POINT('',(0.650021382531,-2.471275330727,
    1.539695666187));
#6415 = VECTOR('',#6416,1.);
#6416 = DIRECTION('',(0.,0.998629534755,-5.233595624292E-02));
#6417 = ORIENTED_EDGE('',*,*,#6248,.F.);
#6418 = ORIENTED_EDGE('',*,*,#6395,.T.);
#6419 = PLANE('',#6420);
#6420 = AXIS2_PLACEMENT_3D('',#6421,#6422,#6423);
#6421 = CARTESIAN_POINT('',(0.650021382531,-2.471275330727,
    1.539695666187));
#6422 = DIRECTION('',(-0.943445233082,1.735085679609E-02,0.331074070175)
  );
#6423 = DIRECTION('',(0.331123916724,-1.645385216964E-15,0.943587278302)
  );
#6424 = ADVANCED_FACE('',(#6425),#6436,.F.);
#6425 = FACE_BOUND('',#6426,.T.);
#6426 = EDGE_LOOP('',(#6427,#6428,#6434,#6435));
#6427 = ORIENTED_EDGE('',*,*,#3268,.T.);
#6428 = ORIENTED_EDGE('',*,*,#6429,.F.);
#6429 = EDGE_CURVE('',#6257,#3261,#6430,.T.);
#6430 = LINE('',#6431,#6432);
#6431 = CARTESIAN_POINT('',(0.748824291035,-2.471275330727,
    1.539695666187));
#6432 = VECTOR('',#6433,1.);
#6433 = DIRECTION('',(0.,0.998629534755,-5.233595624292E-02));
#6434 = ORIENTED_EDGE('',*,*,#6256,.F.);
#6435 = ORIENTED_EDGE('',*,*,#6412,.T.);
#6436 = PLANE('',#6437);
#6437 = AXIS2_PLACEMENT_3D('',#6438,#6439,#6440);
#6438 = CARTESIAN_POINT('',(0.748824291035,-2.471275330727,
    1.539695666187));
#6439 = DIRECTION('',(0.,5.233595624292E-02,0.998629534755));
#6440 = DIRECTION('',(0.,-0.998629534755,5.233595624292E-02));
#6441 = ADVANCED_FACE('',(#6442),#6453,.F.);
#6442 = FACE_BOUND('',#6443,.T.);
#6443 = EDGE_LOOP('',(#6444,#6445,#6451,#6452));
#6444 = ORIENTED_EDGE('',*,*,#3260,.T.);
#6445 = ORIENTED_EDGE('',*,*,#6446,.F.);
#6446 = EDGE_CURVE('',#6265,#3253,#6447,.T.);
#6447 = LINE('',#6448,#6449);
#6448 = CARTESIAN_POINT('',(0.773024635106,-2.474671838293,
    1.474886441062));
#6449 = VECTOR('',#6450,1.);
#6450 = DIRECTION('',(0.,0.998629534755,-5.233595624292E-02));
#6451 = ORIENTED_EDGE('',*,*,#6264,.F.);
#6452 = ORIENTED_EDGE('',*,*,#6429,.T.);
#6453 = PLANE('',#6454);
#6454 = AXIS2_PLACEMENT_3D('',#6455,#6456,#6457);
#6455 = CARTESIAN_POINT('',(0.773024635106,-2.474671838293,
    1.474886441062));
#6456 = DIRECTION('',(0.936975345954,1.828594652499E-02,0.348916645108)
  );
#6457 = DIRECTION('',(0.34897499439,1.26834306946E-14,-0.93713203621));
#6458 = ADVANCED_FACE('',(#6459),#6465,.F.);
#6459 = FACE_BOUND('',#6460,.T.);
#6460 = EDGE_LOOP('',(#6461,#6462,#6463,#6464));
#6461 = ORIENTED_EDGE('',*,*,#3252,.T.);
#6462 = ORIENTED_EDGE('',*,*,#6346,.F.);
#6463 = ORIENTED_EDGE('',*,*,#6272,.F.);
#6464 = ORIENTED_EDGE('',*,*,#6446,.T.);
#6465 = PLANE('',#6466);
#6466 = AXIS2_PLACEMENT_3D('',#6467,#6468,#6469);
#6467 = CARTESIAN_POINT('',(0.806868725312,-2.474671838293,
    1.474886441062));
#6468 = DIRECTION('',(0.,5.233595624292E-02,0.998629534755));
#6469 = DIRECTION('',(0.,-0.998629534755,5.233595624292E-02));
#6470 = ADVANCED_FACE('',(#6471),#6496,.T.);
#6471 = FACE_BOUND('',#6472,.T.);
#6472 = EDGE_LOOP('',(#6473,#6483,#6489,#6490));
#6473 = ORIENTED_EDGE('',*,*,#6474,.F.);
#6474 = EDGE_CURVE('',#6475,#6477,#6479,.T.);
#6475 = VERTEX_POINT('',#6476);
#6476 = CARTESIAN_POINT('',(0.659725781157,-2.459886000911,
    1.565943968309));
#6477 = VERTEX_POINT('',#6478);
#6478 = CARTESIAN_POINT('',(0.739362502375,-2.459886000911,
    1.565943968309));
#6479 = LINE('',#6480,#6481);
#6480 = CARTESIAN_POINT('',(0.659725781157,-2.459886000911,
    1.565943968309));
#6481 = VECTOR('',#6482,1.);
#6482 = DIRECTION('',(1.,0.,0.));
#6483 = ORIENTED_EDGE('',*,*,#6484,.F.);
#6484 = EDGE_CURVE('',#6281,#6475,#6485,.T.);
#6485 = LINE('',#6486,#6487);
#6486 = CARTESIAN_POINT('',(0.659725781157,-2.469872287415,
    1.566467327408));
#6487 = VECTOR('',#6488,1.);
#6488 = DIRECTION('',(0.,0.998629534755,-5.233595624292E-02));
#6489 = ORIENTED_EDGE('',*,*,#6280,.T.);
#6490 = ORIENTED_EDGE('',*,*,#6491,.T.);
#6491 = EDGE_CURVE('',#6283,#6477,#6492,.T.);
#6492 = LINE('',#6493,#6494);
#6493 = CARTESIAN_POINT('',(0.739362502375,-2.469872287415,
    1.566467327408));
#6494 = VECTOR('',#6495,1.);
#6495 = DIRECTION('',(0.,0.998629534755,-5.233595624292E-02));
#6496 = PLANE('',#6497);
#6497 = AXIS2_PLACEMENT_3D('',#6498,#6499,#6500);
#6498 = CARTESIAN_POINT('',(0.659725781157,-2.469872287415,
    1.566467327408));
#6499 = DIRECTION('',(0.,5.233595624292E-02,0.998629534755));
#6500 = DIRECTION('',(0.,-0.998629534755,5.233595624292E-02));
#6501 = ADVANCED_FACE('',(#6502),#6520,.T.);
#6502 = FACE_BOUND('',#6503,.T.);
#6503 = EDGE_LOOP('',(#6504,#6512,#6513,#6514));
#6504 = ORIENTED_EDGE('',*,*,#6505,.F.);
#6505 = EDGE_CURVE('',#6477,#6506,#6508,.T.);
#6506 = VERTEX_POINT('',#6507);
#6507 = CARTESIAN_POINT('',(0.703516879953,-2.454724579133,1.66442976275
    ));
#6508 = LINE('',#6509,#6510);
#6509 = CARTESIAN_POINT('',(0.739362502375,-2.459886000911,
    1.565943968309));
#6510 = VECTOR('',#6511,1.);
#6511 = DIRECTION('',(-0.341603830682,4.91876366456E-02,0.938556018182)
  );
#6512 = ORIENTED_EDGE('',*,*,#6491,.F.);
#6513 = ORIENTED_EDGE('',*,*,#6324,.T.);
#6514 = ORIENTED_EDGE('',*,*,#6515,.T.);
#6515 = EDGE_CURVE('',#6316,#6506,#6516,.T.);
#6516 = LINE('',#6517,#6518);
#6517 = CARTESIAN_POINT('',(0.703516879953,-2.464710865637,
    1.664953121849));
#6518 = VECTOR('',#6519,1.);
#6519 = DIRECTION('',(0.,0.998629534755,-5.233595624292E-02));
#6520 = PLANE('',#6521);
#6521 = AXIS2_PLACEMENT_3D('',#6522,#6523,#6524);
#6522 = CARTESIAN_POINT('',(0.739362502375,-2.469872287415,
    1.566467327408));
#6523 = DIRECTION('',(-0.939844041777,-1.787816313497E-02,
    -0.341135674504));
#6524 = DIRECTION('',(-0.341190205956,2.287232903075E-15,0.939994278366)
  );
#6525 = ADVANCED_FACE('',(#6526),#6545,.T.);
#6526 = FACE_BOUND('',#6527,.T.);
#6527 = EDGE_LOOP('',(#6528,#6537,#6538,#6539));
#6528 = ORIENTED_EDGE('',*,*,#6529,.F.);
#6529 = EDGE_CURVE('',#6506,#6530,#6532,.T.);
#6530 = VERTEX_POINT('',#6531);
#6531 = CARTESIAN_POINT('',(0.699817077977,-2.453854819252,
    1.681025769932));
#6532 = B_SPLINE_CURVE_WITH_KNOTS('',3,(#6533,#6534,#6535,#6536),
  .UNSPECIFIED.,.F.,.F.,(4,4),(1.,2.),.PIECEWISE_BEZIER_KNOTS.);
#6533 = CARTESIAN_POINT('',(0.703516879953,-2.454724579133,1.66442976275
    ));
#6534 = CARTESIAN_POINT('',(0.702364482616,-2.454553166602,
    1.667700508691));
#6535 = CARTESIAN_POINT('',(0.701151432788,-2.45426747905,1.673151751926
    ));
#6536 = CARTESIAN_POINT('',(0.699817077977,-2.453854819252,
    1.681025769932));
#6537 = ORIENTED_EDGE('',*,*,#6515,.F.);
#6538 = ORIENTED_EDGE('',*,*,#6315,.T.);
#6539 = ORIENTED_EDGE('',*,*,#6540,.T.);
#6540 = EDGE_CURVE('',#6308,#6530,#6541,.T.);
#6541 = LINE('',#6542,#6543);
#6542 = CARTESIAN_POINT('',(0.699817077977,-2.463841105756,
    1.681549129031));
#6543 = VECTOR('',#6544,1.);
#6544 = DIRECTION('',(0.,0.998629534755,-5.233595624292E-02));
#6545 = B_SPLINE_SURFACE_WITH_KNOTS('',3,1,(
    (#6546,#6547)
    ,(#6548,#6549)
    ,(#6550,#6551)
    ,(#6552,#6553
    )),.UNSPECIFIED.,.F.,.F.,.F.,(4,4),(2,2),(1.,2.),(0.,1.),
  .PIECEWISE_BEZIER_KNOTS.);
#6546 = CARTESIAN_POINT('',(0.703516879953,-2.464710865637,
    1.664953121849));
#6547 = CARTESIAN_POINT('',(0.703516879953,-2.454724579133,1.66442976275
    ));
#6548 = CARTESIAN_POINT('',(0.702364482616,-2.464539453106,1.66822386779
    ));
#6549 = CARTESIAN_POINT('',(0.702364482616,-2.454553166602,
    1.667700508691));
#6550 = CARTESIAN_POINT('',(0.701151432788,-2.464253765554,
    1.673675111025));
#6551 = CARTESIAN_POINT('',(0.701151432788,-2.45426747905,1.673151751926
    ));
#6552 = CARTESIAN_POINT('',(0.699817077977,-2.463841105756,
    1.681549129031));
#6553 = CARTESIAN_POINT('',(0.699817077977,-2.453854819252,
    1.681025769932));
#6554 = ADVANCED_FACE('',(#6555),#6573,.T.);
#6555 = FACE_BOUND('',#6556,.T.);
#6556 = EDGE_LOOP('',(#6557,#6565,#6566,#6567));
#6557 = ORIENTED_EDGE('',*,*,#6558,.F.);
#6558 = EDGE_CURVE('',#6530,#6559,#6561,.T.);
#6559 = VERTEX_POINT('',#6560);
#6560 = CARTESIAN_POINT('',(0.699089248081,-2.453854819252,
    1.681025769932));
#6561 = LINE('',#6562,#6563);
#6562 = CARTESIAN_POINT('',(0.699817077977,-2.453854819252,
    1.681025769932));
#6563 = VECTOR('',#6564,1.);
#6564 = DIRECTION('',(-1.,0.,0.));
#6565 = ORIENTED_EDGE('',*,*,#6540,.F.);
#6566 = ORIENTED_EDGE('',*,*,#6307,.T.);
#6567 = ORIENTED_EDGE('',*,*,#6568,.T.);
#6568 = EDGE_CURVE('',#6299,#6559,#6569,.T.);
#6569 = LINE('',#6570,#6571);
#6570 = CARTESIAN_POINT('',(0.699089248081,-2.463841105756,
    1.681549129031));
#6571 = VECTOR('',#6572,1.);
#6572 = DIRECTION('',(0.,0.998629534755,-5.233595624292E-02));
#6573 = PLANE('',#6574);
#6574 = AXIS2_PLACEMENT_3D('',#6575,#6576,#6577);
#6575 = CARTESIAN_POINT('',(0.699817077977,-2.463841105756,
    1.681549129031));
#6576 = DIRECTION('',(0.,-5.233595624292E-02,-0.998629534755));
#6577 = DIRECTION('',(0.,0.998629534755,-5.233595624292E-02));
#6578 = ADVANCED_FACE('',(#6579),#6598,.T.);
#6579 = FACE_BOUND('',#6580,.T.);
#6580 = EDGE_LOOP('',(#6581,#6590,#6591,#6592));
#6581 = ORIENTED_EDGE('',*,*,#6582,.F.);
#6582 = EDGE_CURVE('',#6559,#6583,#6585,.T.);
#6583 = VERTEX_POINT('',#6584);
#6584 = CARTESIAN_POINT('',(0.69520748863,-2.454724579133,1.66442976275)
  );
#6585 = B_SPLINE_CURVE_WITH_KNOTS('',3,(#6586,#6587,#6588,#6589),
  .UNSPECIFIED.,.F.,.F.,(4,4),(3.,4.),.PIECEWISE_BEZIER_KNOTS.);
#6586 = CARTESIAN_POINT('',(0.699089248081,-2.453854819252,
    1.681025769932));
#6587 = CARTESIAN_POINT('',(0.697936850744,-2.454229387376,
    1.673878584358));
#6588 = CARTESIAN_POINT('',(0.696663148424,-2.454521423541,
    1.668306202384));
#6589 = CARTESIAN_POINT('',(0.69520748863,-2.454724579133,1.66442976275)
  );
#6590 = ORIENTED_EDGE('',*,*,#6568,.F.);
#6591 = ORIENTED_EDGE('',*,*,#6298,.T.);
#6592 = ORIENTED_EDGE('',*,*,#6593,.T.);
#6593 = EDGE_CURVE('',#6291,#6583,#6594,.T.);
#6594 = LINE('',#6595,#6596);
#6595 = CARTESIAN_POINT('',(0.69520748863,-2.464710865637,1.664953121849
    ));
#6596 = VECTOR('',#6597,1.);
#6597 = DIRECTION('',(0.,0.998629534755,-5.233595624292E-02));
#6598 = B_SPLINE_SURFACE_WITH_KNOTS('',3,1,(
    (#6599,#6600)
    ,(#6601,#6602)
    ,(#6603,#6604)
    ,(#6605,#6606
    )),.UNSPECIFIED.,.F.,.F.,.F.,(4,4),(2,2),(3.,4.),(0.,1.),
  .PIECEWISE_BEZIER_KNOTS.);
#6599 = CARTESIAN_POINT('',(0.699089248081,-2.463841105756,
    1.681549129031));
#6600 = CARTESIAN_POINT('',(0.699089248081,-2.453854819252,
    1.681025769932));
#6601 = CARTESIAN_POINT('',(0.697936850744,-2.46421567388,1.674401943457
    ));
#6602 = CARTESIAN_POINT('',(0.697936850744,-2.454229387376,
    1.673878584358));
#6603 = CARTESIAN_POINT('',(0.696663148424,-2.464507710045,
    1.668829561483));
#6604 = CARTESIAN_POINT('',(0.696663148424,-2.454521423541,
    1.668306202384));
#6605 = CARTESIAN_POINT('',(0.69520748863,-2.464710865637,1.664953121849
    ));
#6606 = CARTESIAN_POINT('',(0.69520748863,-2.454724579133,1.66442976275)
  );
#6607 = ADVANCED_FACE('',(#6608),#6619,.T.);
#6608 = FACE_BOUND('',#6609,.T.);
#6609 = EDGE_LOOP('',(#6610,#6616,#6617,#6618));
#6610 = ORIENTED_EDGE('',*,*,#6611,.F.);
#6611 = EDGE_CURVE('',#6583,#6475,#6612,.T.);
#6612 = LINE('',#6613,#6614);
#6613 = CARTESIAN_POINT('',(0.69520748863,-2.454724579133,1.66442976275)
  );
#6614 = VECTOR('',#6615,1.);
#6615 = DIRECTION('',(-0.338535034314,-4.924571625847E-02,
    -0.939664243212));
#6616 = ORIENTED_EDGE('',*,*,#6593,.F.);
#6617 = ORIENTED_EDGE('',*,*,#6290,.T.);
#6618 = ORIENTED_EDGE('',*,*,#6484,.T.);
#6619 = PLANE('',#6620);
#6620 = AXIS2_PLACEMENT_3D('',#6621,#6622,#6623);
#6621 = CARTESIAN_POINT('',(0.69520748863,-2.464710865637,1.664953121849
    ));
#6622 = DIRECTION('',(0.940953787676,-1.771755474257E-02,-0.338071083815
    ));
#6623 = DIRECTION('',(-0.338124158553,-3.972516759987E-16,
    -0.941101510679));
#6624 = ADVANCED_FACE('',(#6625),#6633,.T.);
#6625 = FACE_BOUND('',#6626,.T.);
#6626 = EDGE_LOOP('',(#6627,#6628,#6629,#6630,#6631,#6632));
#6627 = ORIENTED_EDGE('',*,*,#6611,.T.);
#6628 = ORIENTED_EDGE('',*,*,#6474,.T.);
#6629 = ORIENTED_EDGE('',*,*,#6505,.T.);
#6630 = ORIENTED_EDGE('',*,*,#6529,.T.);
#6631 = ORIENTED_EDGE('',*,*,#6558,.T.);
#6632 = ORIENTED_EDGE('',*,*,#6582,.T.);
#6633 = PLANE('',#6634);
#6634 = AXIS2_PLACEMENT_3D('',#6635,#6636,#6637);
#6635 = CARTESIAN_POINT('',(-3.499996900561,-2.499503383156,
    0.809999282478));
#6636 = DIRECTION('',(0.,-0.998629534755,5.233595624292E-02));
#6637 = DIRECTION('',(0.,-5.233595624292E-02,-0.998629534755));
#6638 = ADVANCED_FACE('',(#6639),#6664,.F.);
#6639 = FACE_BOUND('',#6640,.T.);
#6640 = EDGE_LOOP('',(#6641,#6642,#6650,#6658));
#6641 = ORIENTED_EDGE('',*,*,#3712,.T.);
#6642 = ORIENTED_EDGE('',*,*,#6643,.F.);
#6643 = EDGE_CURVE('',#6644,#3715,#6646,.T.);
#6644 = VERTEX_POINT('',#6645);
#6645 = CARTESIAN_POINT('',(-1.776254786386E-02,-2.492955841638,
    1.126006874033));
#6646 = LINE('',#6647,#6648);
#6647 = CARTESIAN_POINT('',(-1.776254786386E-02,-2.492955841638,
    1.126006874033));
#6648 = VECTOR('',#6649,1.);
#6649 = DIRECTION('',(0.,0.998629534755,-5.233595624292E-02));
#6650 = ORIENTED_EDGE('',*,*,#6651,.F.);
#6651 = EDGE_CURVE('',#6652,#6644,#6654,.T.);
#6652 = VERTEX_POINT('',#6653);
#6653 = CARTESIAN_POINT('',(-1.776254786386E-02,-2.494371582175,
    1.098992935336));
#6654 = LINE('',#6655,#6656);
#6655 = CARTESIAN_POINT('',(-1.776254786386E-02,-2.492955841638,
    1.126006874033));
#6656 = VECTOR('',#6657,1.);
#6657 = DIRECTION('',(0.,5.233595624293E-02,0.998629534755));
#6658 = ORIENTED_EDGE('',*,*,#6659,.T.);
#6659 = EDGE_CURVE('',#6652,#3713,#6660,.T.);
#6660 = LINE('',#6661,#6662);
#6661 = CARTESIAN_POINT('',(-1.776254786386E-02,-2.494371582175,
    1.098992935336));
#6662 = VECTOR('',#6663,1.);
#6663 = DIRECTION('',(0.,0.998629534755,-5.233595624292E-02));
#6664 = PLANE('',#6665);
#6665 = AXIS2_PLACEMENT_3D('',#6666,#6667,#6668);
#6666 = CARTESIAN_POINT('',(-1.776254786386E-02,-2.492955841638,
    1.126006874033));
#6667 = DIRECTION('',(-1.,0.,0.));
#6668 = DIRECTION('',(0.,0.,1.));
#6669 = ADVANCED_FACE('',(#6670),#6688,.F.);
#6670 = FACE_BOUND('',#6671,.T.);
#6671 = EDGE_LOOP('',(#6672,#6673,#6681,#6687));
#6672 = ORIENTED_EDGE('',*,*,#3802,.T.);
#6673 = ORIENTED_EDGE('',*,*,#6674,.F.);
#6674 = EDGE_CURVE('',#6675,#3795,#6677,.T.);
#6675 = VERTEX_POINT('',#6676);
#6676 = CARTESIAN_POINT('',(-0.114745881625,-2.492955841638,
    1.126006874033));
#6677 = LINE('',#6678,#6679);
#6678 = CARTESIAN_POINT('',(-0.114745881625,-2.492955841638,
    1.126006874033));
#6679 = VECTOR('',#6680,1.);
#6680 = DIRECTION('',(0.,0.998629534755,-5.233595624292E-02));
#6681 = ORIENTED_EDGE('',*,*,#6682,.F.);
#6682 = EDGE_CURVE('',#6644,#6675,#6683,.T.);
#6683 = LINE('',#6684,#6685);
#6684 = CARTESIAN_POINT('',(-0.114745881625,-2.492955841638,
    1.126006874033));
#6685 = VECTOR('',#6686,1.);
#6686 = DIRECTION('',(-1.,-0.,-0.));
#6687 = ORIENTED_EDGE('',*,*,#6643,.T.);
#6688 = PLANE('',#6689);
#6689 = AXIS2_PLACEMENT_3D('',#6690,#6691,#6692);
#6690 = CARTESIAN_POINT('',(-0.114745881625,-2.492955841638,
    1.126006874033));
#6691 = DIRECTION('',(0.,-5.233595624292E-02,-0.998629534755));
#6692 = DIRECTION('',(0.,0.998629534755,-5.233595624292E-02));
#6693 = ADVANCED_FACE('',(#6694),#6712,.F.);
#6694 = FACE_BOUND('',#6695,.T.);
#6695 = EDGE_LOOP('',(#6696,#6697,#6705,#6711));
#6696 = ORIENTED_EDGE('',*,*,#3794,.T.);
#6697 = ORIENTED_EDGE('',*,*,#6698,.F.);
#6698 = EDGE_CURVE('',#6699,#3787,#6701,.T.);
#6699 = VERTEX_POINT('',#6700);
#6700 = CARTESIAN_POINT('',(-0.114745881625,-2.488778454763,1.205716164)
  );
#6701 = LINE('',#6702,#6703);
#6702 = CARTESIAN_POINT('',(-0.114745881625,-2.488778454763,1.205716164)
  );
#6703 = VECTOR('',#6704,1.);
#6704 = DIRECTION('',(0.,0.998629534755,-5.233595624292E-02));
#6705 = ORIENTED_EDGE('',*,*,#6706,.F.);
#6706 = EDGE_CURVE('',#6675,#6699,#6707,.T.);
#6707 = LINE('',#6708,#6709);
#6708 = CARTESIAN_POINT('',(-0.114745881625,-2.488778454763,1.205716164)
  );
#6709 = VECTOR('',#6710,1.);
#6710 = DIRECTION('',(0.,5.233595624292E-02,0.998629534755));
#6711 = ORIENTED_EDGE('',*,*,#6674,.T.);
#6712 = PLANE('',#6713);
#6713 = AXIS2_PLACEMENT_3D('',#6714,#6715,#6716);
#6714 = CARTESIAN_POINT('',(-0.114745881625,-2.488778454763,1.205716164)
  );
#6715 = DIRECTION('',(-1.,0.,0.));
#6716 = DIRECTION('',(0.,0.,1.));
#6717 = ADVANCED_FACE('',(#6718),#6736,.F.);
#6718 = FACE_BOUND('',#6719,.T.);
#6719 = EDGE_LOOP('',(#6720,#6721,#6729,#6735));
#6720 = ORIENTED_EDGE('',*,*,#3786,.T.);
#6721 = ORIENTED_EDGE('',*,*,#6722,.F.);
#6722 = EDGE_CURVE('',#6723,#3779,#6725,.T.);
#6723 = VERTEX_POINT('',#6724);
#6724 = CARTESIAN_POINT('',(-2.989304614526E-02,-2.488778454763,
    1.205716164));
#6725 = LINE('',#6726,#6727);
#6726 = CARTESIAN_POINT('',(-2.989304614526E-02,-2.488778454763,
    1.205716164));
#6727 = VECTOR('',#6728,1.);
#6728 = DIRECTION('',(0.,0.998629534755,-5.233595624292E-02));
#6729 = ORIENTED_EDGE('',*,*,#6730,.F.);
#6730 = EDGE_CURVE('',#6699,#6723,#6731,.T.);
#6731 = LINE('',#6732,#6733);
#6732 = CARTESIAN_POINT('',(-2.989304614526E-02,-2.488778454763,
    1.205716164));
#6733 = VECTOR('',#6734,1.);
#6734 = DIRECTION('',(1.,0.,0.));
#6735 = ORIENTED_EDGE('',*,*,#6698,.T.);
#6736 = PLANE('',#6737);
#6737 = AXIS2_PLACEMENT_3D('',#6738,#6739,#6740);
#6738 = CARTESIAN_POINT('',(-2.989304614526E-02,-2.488778454763,
    1.205716164));
#6739 = DIRECTION('',(0.,5.233595624292E-02,0.998629534755));
#6740 = DIRECTION('',(0.,-0.998629534755,5.233595624292E-02));
#6741 = ADVANCED_FACE('',(#6742),#6760,.F.);
#6742 = FACE_BOUND('',#6743,.T.);
#6743 = EDGE_LOOP('',(#6744,#6745,#6753,#6759));
#6744 = ORIENTED_EDGE('',*,*,#3778,.T.);
#6745 = ORIENTED_EDGE('',*,*,#6746,.F.);
#6746 = EDGE_CURVE('',#6747,#3771,#6749,.T.);
#6747 = VERTEX_POINT('',#6748);
#6748 = CARTESIAN_POINT('',(-2.989304614526E-02,-2.487356365614,
    1.232851241435));
#6749 = LINE('',#6750,#6751);
#6750 = CARTESIAN_POINT('',(-2.989304614526E-02,-2.487356365614,
    1.232851241435));
#6751 = VECTOR('',#6752,1.);
#6752 = DIRECTION('',(0.,0.998629534755,-5.233595624292E-02));
#6753 = ORIENTED_EDGE('',*,*,#6754,.F.);
#6754 = EDGE_CURVE('',#6723,#6747,#6755,.T.);
#6755 = LINE('',#6756,#6757);
#6756 = CARTESIAN_POINT('',(-2.989304614526E-02,-2.487356365614,
    1.232851241435));
#6757 = VECTOR('',#6758,1.);
#6758 = DIRECTION('',(0.,5.233595624292E-02,0.998629534755));
#6759 = ORIENTED_EDGE('',*,*,#6722,.T.);
#6760 = PLANE('',#6761);
#6761 = AXIS2_PLACEMENT_3D('',#6762,#6763,#6764);
#6762 = CARTESIAN_POINT('',(-2.989304614526E-02,-2.487356365614,
    1.232851241435));
#6763 = DIRECTION('',(-1.,0.,0.));
#6764 = DIRECTION('',(0.,0.,1.));
#6765 = ADVANCED_FACE('',(#6766),#6784,.F.);
#6766 = FACE_BOUND('',#6767,.T.);
#6767 = EDGE_LOOP('',(#6768,#6769,#6777,#6783));
#6768 = ORIENTED_EDGE('',*,*,#3770,.T.);
#6769 = ORIENTED_EDGE('',*,*,#6770,.F.);
#6770 = EDGE_CURVE('',#6771,#3763,#6773,.T.);
#6771 = VERTEX_POINT('',#6772);
#6772 = CARTESIAN_POINT('',(-0.114745881625,-2.487356365614,
    1.232851241435));
#6773 = LINE('',#6774,#6775);
#6774 = CARTESIAN_POINT('',(-0.114745881625,-2.487356365614,
    1.232851241435));
#6775 = VECTOR('',#6776,1.);
#6776 = DIRECTION('',(0.,0.998629534755,-5.233595624292E-02));
#6777 = ORIENTED_EDGE('',*,*,#6778,.F.);
#6778 = EDGE_CURVE('',#6747,#6771,#6779,.T.);
#6779 = LINE('',#6780,#6781);
#6780 = CARTESIAN_POINT('',(-0.114745881625,-2.487356365614,
    1.232851241435));
#6781 = VECTOR('',#6782,1.);
#6782 = DIRECTION('',(-1.,-0.,-0.));
#6783 = ORIENTED_EDGE('',*,*,#6746,.T.);
#6784 = PLANE('',#6785);
#6785 = AXIS2_PLACEMENT_3D('',#6786,#6787,#6788);
#6786 = CARTESIAN_POINT('',(-0.114745881625,-2.487356365614,
    1.232851241435));
#6787 = DIRECTION('',(0.,-5.233595624292E-02,-0.998629534755));
#6788 = DIRECTION('',(0.,0.998629534755,-5.233595624292E-02));
#6789 = ADVANCED_FACE('',(#6790),#6808,.F.);
#6790 = FACE_BOUND('',#6791,.T.);
#6791 = EDGE_LOOP('',(#6792,#6793,#6801,#6807));
#6792 = ORIENTED_EDGE('',*,*,#3762,.T.);
#6793 = ORIENTED_EDGE('',*,*,#6794,.F.);
#6794 = EDGE_CURVE('',#6795,#3755,#6797,.T.);
#6795 = VERTEX_POINT('',#6796);
#6796 = CARTESIAN_POINT('',(-0.114745881625,-2.483382134331,
    1.308684091769));
#6797 = LINE('',#6798,#6799);
#6798 = CARTESIAN_POINT('',(-0.114745881625,-2.483382134331,
    1.308684091769));
#6799 = VECTOR('',#6800,1.);
#6800 = DIRECTION('',(0.,0.998629534755,-5.233595624292E-02));
#6801 = ORIENTED_EDGE('',*,*,#6802,.F.);
#6802 = EDGE_CURVE('',#6771,#6795,#6803,.T.);
#6803 = LINE('',#6804,#6805);
#6804 = CARTESIAN_POINT('',(-0.114745881625,-2.483382134331,
    1.308684091769));
#6805 = VECTOR('',#6806,1.);
#6806 = DIRECTION('',(0.,5.233595624293E-02,0.998629534755));
#6807 = ORIENTED_EDGE('',*,*,#6770,.T.);
#6808 = PLANE('',#6809);
#6809 = AXIS2_PLACEMENT_3D('',#6810,#6811,#6812);
#6810 = CARTESIAN_POINT('',(-0.114745881625,-2.483382134331,
    1.308684091769));
#6811 = DIRECTION('',(-1.,0.,0.));
#6812 = DIRECTION('',(0.,0.,1.));
#6813 = ADVANCED_FACE('',(#6814),#6832,.F.);
#6814 = FACE_BOUND('',#6815,.T.);
#6815 = EDGE_LOOP('',(#6816,#6817,#6825,#6831));
#6816 = ORIENTED_EDGE('',*,*,#3754,.T.);
#6817 = ORIENTED_EDGE('',*,*,#6818,.F.);
#6818 = EDGE_CURVE('',#6819,#3747,#6821,.T.);
#6819 = VERTEX_POINT('',#6820);
#6820 = CARTESIAN_POINT('',(-2.316061959943E-02,-2.483382134331,
    1.308684091769));
#6821 = LINE('',#6822,#6823);
#6822 = CARTESIAN_POINT('',(-2.316061959943E-02,-2.483382134331,
    1.308684091769));
#6823 = VECTOR('',#6824,1.);
#6824 = DIRECTION('',(0.,0.998629534755,-5.233595624292E-02));
#6825 = ORIENTED_EDGE('',*,*,#6826,.F.);
#6826 = EDGE_CURVE('',#6795,#6819,#6827,.T.);
#6827 = LINE('',#6828,#6829);
#6828 = CARTESIAN_POINT('',(-2.316061959943E-02,-2.483382134331,
    1.308684091769));
#6829 = VECTOR('',#6830,1.);
#6830 = DIRECTION('',(1.,0.,0.));
#6831 = ORIENTED_EDGE('',*,*,#6794,.T.);
#6832 = PLANE('',#6833);
#6833 = AXIS2_PLACEMENT_3D('',#6834,#6835,#6836);
#6834 = CARTESIAN_POINT('',(-2.316061959943E-02,-2.483382134331,
    1.308684091769));
#6835 = DIRECTION('',(0.,5.233595624292E-02,0.998629534755));
#6836 = DIRECTION('',(0.,-0.998629534755,5.233595624292E-02));
#6837 = ADVANCED_FACE('',(#6838),#6856,.F.);
#6838 = FACE_BOUND('',#6839,.T.);
#6839 = EDGE_LOOP('',(#6840,#6841,#6849,#6855));
#6840 = ORIENTED_EDGE('',*,*,#3746,.T.);
#6841 = ORIENTED_EDGE('',*,*,#6842,.F.);
#6842 = EDGE_CURVE('',#6843,#3739,#6845,.T.);
#6843 = VERTEX_POINT('',#6844);
#6844 = CARTESIAN_POINT('',(-2.316061959943E-02,-2.48195369657,
    1.335940307943));
#6845 = LINE('',#6846,#6847);
#6846 = CARTESIAN_POINT('',(-2.316061959943E-02,-2.48195369657,
    1.335940307943));
#6847 = VECTOR('',#6848,1.);
#6848 = DIRECTION('',(0.,0.998629534755,-5.233595624292E-02));
#6849 = ORIENTED_EDGE('',*,*,#6850,.F.);
#6850 = EDGE_CURVE('',#6819,#6843,#6851,.T.);
#6851 = LINE('',#6852,#6853);
#6852 = CARTESIAN_POINT('',(-2.316061959943E-02,-2.48195369657,
    1.335940307943));
#6853 = VECTOR('',#6854,1.);
#6854 = DIRECTION('',(0.,5.233595624292E-02,0.998629534755));
#6855 = ORIENTED_EDGE('',*,*,#6818,.T.);
#6856 = PLANE('',#6857);
#6857 = AXIS2_PLACEMENT_3D('',#6858,#6859,#6860);
#6858 = CARTESIAN_POINT('',(-2.316061959943E-02,-2.48195369657,
    1.335940307943));
#6859 = DIRECTION('',(-1.,0.,0.));
#6860 = DIRECTION('',(0.,0.,1.));
#6861 = ADVANCED_FACE('',(#6862),#6880,.F.);
#6862 = FACE_BOUND('',#6863,.T.);
#6863 = EDGE_LOOP('',(#6864,#6865,#6873,#6879));
#6864 = ORIENTED_EDGE('',*,*,#3738,.T.);
#6865 = ORIENTED_EDGE('',*,*,#6866,.F.);
#6866 = EDGE_CURVE('',#6867,#3731,#6869,.T.);
#6867 = VERTEX_POINT('',#6868);
#6868 = CARTESIAN_POINT('',(-0.145375389785,-2.48195369657,
    1.335940307943));
#6869 = LINE('',#6870,#6871);
#6870 = CARTESIAN_POINT('',(-0.145375389785,-2.48195369657,
    1.335940307943));
#6871 = VECTOR('',#6872,1.);
#6872 = DIRECTION('',(0.,0.998629534755,-5.233595624292E-02));
#6873 = ORIENTED_EDGE('',*,*,#6874,.F.);
#6874 = EDGE_CURVE('',#6843,#6867,#6875,.T.);
#6875 = LINE('',#6876,#6877);
#6876 = CARTESIAN_POINT('',(-0.145375389785,-2.48195369657,
    1.335940307943));
#6877 = VECTOR('',#6878,1.);
#6878 = DIRECTION('',(-1.,-0.,-0.));
#6879 = ORIENTED_EDGE('',*,*,#6842,.T.);
#6880 = PLANE('',#6881);
#6881 = AXIS2_PLACEMENT_3D('',#6882,#6883,#6884);
#6882 = CARTESIAN_POINT('',(-0.145375389785,-2.48195369657,
    1.335940307943));
#6883 = DIRECTION('',(0.,-5.233595624292E-02,-0.998629534755));
#6884 = DIRECTION('',(0.,0.998629534755,-5.233595624292E-02));
#6885 = ADVANCED_FACE('',(#6886),#6904,.F.);
#6886 = FACE_BOUND('',#6887,.T.);
#6887 = EDGE_LOOP('',(#6888,#6889,#6897,#6903));
#6888 = ORIENTED_EDGE('',*,*,#3730,.T.);
#6889 = ORIENTED_EDGE('',*,*,#6890,.F.);
#6890 = EDGE_CURVE('',#6891,#3723,#6893,.T.);
#6891 = VERTEX_POINT('',#6892);
#6892 = CARTESIAN_POINT('',(-0.145375389785,-2.494371582175,
    1.098992935336));
#6893 = LINE('',#6894,#6895);
#6894 = CARTESIAN_POINT('',(-0.145375389785,-2.494371582175,
    1.098992935336));
#6895 = VECTOR('',#6896,1.);
#6896 = DIRECTION('',(0.,0.998629534755,-5.233595624292E-02));
#6897 = ORIENTED_EDGE('',*,*,#6898,.F.);
#6898 = EDGE_CURVE('',#6867,#6891,#6899,.T.);
#6899 = LINE('',#6900,#6901);
#6900 = CARTESIAN_POINT('',(-0.145375389785,-2.494371582175,
    1.098992935336));
#6901 = VECTOR('',#6902,1.);
#6902 = DIRECTION('',(-0.,-5.233595624293E-02,-0.998629534755));
#6903 = ORIENTED_EDGE('',*,*,#6866,.T.);
#6904 = PLANE('',#6905);
#6905 = AXIS2_PLACEMENT_3D('',#6906,#6907,#6908);
#6906 = CARTESIAN_POINT('',(-0.145375389785,-2.494371582175,
    1.098992935336));
#6907 = DIRECTION('',(1.,0.,0.));
#6908 = DIRECTION('',(0.,0.,-1.));
#6909 = ADVANCED_FACE('',(#6910),#6921,.F.);
#6910 = FACE_BOUND('',#6911,.T.);
#6911 = EDGE_LOOP('',(#6912,#6913,#6914,#6920));
#6912 = ORIENTED_EDGE('',*,*,#3722,.T.);
#6913 = ORIENTED_EDGE('',*,*,#6659,.F.);
#6914 = ORIENTED_EDGE('',*,*,#6915,.F.);
#6915 = EDGE_CURVE('',#6891,#6652,#6916,.T.);
#6916 = LINE('',#6917,#6918);
#6917 = CARTESIAN_POINT('',(-1.776254786386E-02,-2.494371582175,
    1.098992935336));
#6918 = VECTOR('',#6919,1.);
#6919 = DIRECTION('',(1.,0.,0.));
#6920 = ORIENTED_EDGE('',*,*,#6890,.T.);
#6921 = PLANE('',#6922);
#6922 = AXIS2_PLACEMENT_3D('',#6923,#6924,#6925);
#6923 = CARTESIAN_POINT('',(-1.776254786386E-02,-2.494371582175,
    1.098992935336));
#6924 = DIRECTION('',(0.,5.233595624292E-02,0.998629534755));
#6925 = DIRECTION('',(0.,-0.998629534755,5.233595624292E-02));
#6926 = ADVANCED_FACE('',(#6927),#6941,.F.);
#6927 = FACE_BOUND('',#6928,.T.);
#6928 = EDGE_LOOP('',(#6929,#6930,#6931,#6932,#6933,#6934,#6935,#6936,
    #6937,#6938,#6939,#6940));
#6929 = ORIENTED_EDGE('',*,*,#6651,.T.);
#6930 = ORIENTED_EDGE('',*,*,#6682,.T.);
#6931 = ORIENTED_EDGE('',*,*,#6706,.T.);
#6932 = ORIENTED_EDGE('',*,*,#6730,.T.);
#6933 = ORIENTED_EDGE('',*,*,#6754,.T.);
#6934 = ORIENTED_EDGE('',*,*,#6778,.T.);
#6935 = ORIENTED_EDGE('',*,*,#6802,.T.);
#6936 = ORIENTED_EDGE('',*,*,#6826,.T.);
#6937 = ORIENTED_EDGE('',*,*,#6850,.T.);
#6938 = ORIENTED_EDGE('',*,*,#6874,.T.);
#6939 = ORIENTED_EDGE('',*,*,#6898,.T.);
#6940 = ORIENTED_EDGE('',*,*,#6915,.T.);
#6941 = PLANE('',#6942);
#6942 = AXIS2_PLACEMENT_3D('',#6943,#6944,#6945);
#6943 = CARTESIAN_POINT('',(0.,-2.544453393215,0.14337505331));
#6944 = DIRECTION('',(0.,0.998629534755,-5.233595624293E-02));
#6945 = DIRECTION('',(0.,5.233595624293E-02,0.998629534755));
#6946 = ADVANCED_FACE('',(#6947,#7069),#7141,.T.);
#6947 = FACE_BOUND('',#6948,.T.);
#6948 = EDGE_LOOP('',(#6949,#6960,#6968,#6977,#6986,#6994,#7003,#7012,
    #7021,#7030,#7038,#7046,#7054,#7062));
#6949 = ORIENTED_EDGE('',*,*,#6950,.T.);
#6950 = EDGE_CURVE('',#6951,#6953,#6955,.T.);
#6951 = VERTEX_POINT('',#6952);
#6952 = CARTESIAN_POINT('',(8.558929749462E-02,-2.485299415238,
    1.272100192726));
#6953 = VERTEX_POINT('',#6954);
#6954 = CARTESIAN_POINT('',(2.724160076008E-02,-2.486124734833,
    1.256352156715));
#6955 = B_SPLINE_CURVE_WITH_KNOTS('',3,(#6956,#6957,#6958,#6959),
  .UNSPECIFIED.,.F.,.F.,(4,4),(0.,1.),.PIECEWISE_BEZIER_KNOTS.);
#6956 = CARTESIAN_POINT('',(8.558929749462E-02,-2.485299415238,
    1.272100192726));
#6957 = CARTESIAN_POINT('',(6.351179062242E-02,-2.485299415238,
    1.272100192726));
#6958 = CARTESIAN_POINT('',(4.404234088019E-02,-2.485572405565,
    1.266891226968));
#6959 = CARTESIAN_POINT('',(2.724160076008E-02,-2.486124734833,
    1.256352156715));
#6960 = ORIENTED_EDGE('',*,*,#6961,.T.);
#6961 = EDGE_CURVE('',#6953,#6962,#6964,.T.);
#6962 = VERTEX_POINT('',#6963);
#6963 = CARTESIAN_POINT('',(2.724160076008E-02,-2.487635704554,
    1.227521136938));
#6964 = LINE('',#6965,#6966);
#6965 = CARTESIAN_POINT('',(2.724160076008E-02,-2.487635704554,
    1.227521136938));
#6966 = VECTOR('',#6967,1.);
#6967 = DIRECTION('',(-0.,-5.233595624293E-02,-0.998629534755));
#6968 = ORIENTED_EDGE('',*,*,#6969,.T.);
#6969 = EDGE_CURVE('',#6962,#6970,#6972,.T.);
#6970 = VERTEX_POINT('',#6971);
#6971 = CARTESIAN_POINT('',(8.279928288983E-02,-2.48656278908,
    1.247993583755));
#6972 = B_SPLINE_CURVE_WITH_KNOTS('',3,(#6973,#6974,#6975,#6976),
  .UNSPECIFIED.,.F.,.F.,(4,4),(12.,13.),.PIECEWISE_BEZIER_KNOTS.);
#6973 = CARTESIAN_POINT('',(2.724160076008E-02,-2.487635704554,
    1.227521136938));
#6974 = CARTESIAN_POINT('',(4.398168838886E-02,-2.486924659979,
    1.241088675657));
#6975 = CARTESIAN_POINT('',(6.248069826805E-02,-2.48656278908,
    1.247993583755));
#6976 = CARTESIAN_POINT('',(8.279928288983E-02,-2.48656278908,
    1.247993583755));
#6977 = ORIENTED_EDGE('',*,*,#6978,.T.);
#6978 = EDGE_CURVE('',#6970,#6979,#6981,.T.);
#6979 = VERTEX_POINT('',#6980);
#6980 = CARTESIAN_POINT('',(0.117128593026,-2.488734014477,1.20656413517
    ));
#6981 = B_SPLINE_CURVE_WITH_KNOTS('',3,(#6982,#6983,#6984,#6985),
  .UNSPECIFIED.,.F.,.F.,(4,4),(11.,12.),.PIECEWISE_BEZIER_KNOTS.);
#6982 = CARTESIAN_POINT('',(8.279928288983E-02,-2.48656278908,
    1.247993583755));
#6983 = CARTESIAN_POINT('',(0.10566527215,-2.48656278908,1.247993583755)
  );
#6984 = CARTESIAN_POINT('',(0.117128593026,-2.487286530879,
    1.234183767559));
#6985 = CARTESIAN_POINT('',(0.117128593026,-2.488734014477,1.20656413517
    ));
#6986 = ORIENTED_EDGE('',*,*,#6987,.T.);
#6987 = EDGE_CURVE('',#6979,#6988,#6990,.T.);
#6988 = VERTEX_POINT('',#6989);
#6989 = CARTESIAN_POINT('',(6.69083301406E-02,-2.489102233989,
    1.199538088334));
#6990 = LINE('',#6991,#6992);
#6991 = CARTESIAN_POINT('',(6.69083301406E-02,-2.489102233989,
    1.199538088334));
#6992 = VECTOR('',#6993,1.);
#6993 = DIRECTION('',(-0.990328603988,-7.261178937488E-03,-0.13855154782
    ));
#6994 = ORIENTED_EDGE('',*,*,#6995,.T.);
#6995 = EDGE_CURVE('',#6988,#6996,#6998,.T.);
#6996 = VERTEX_POINT('',#6997);
#6997 = CARTESIAN_POINT('',(1.068347060614E-02,-2.491997201185,
    1.144298823555));
#6998 = B_SPLINE_CURVE_WITH_KNOTS('',3,(#6999,#7000,#7001,#7002),
  .UNSPECIFIED.,.F.,.F.,(4,4),(9.,10.),.PIECEWISE_BEZIER_KNOTS.);
#6999 = CARTESIAN_POINT('',(6.69083301406E-02,-2.489102233989,
    1.199538088334));
#7000 = CARTESIAN_POINT('',(2.94250904515E-02,-2.489375224317,
    1.194329122576));
#7001 = CARTESIAN_POINT('',(1.068347060614E-02,-2.490340213382,
    1.175916034316));
#7002 = CARTESIAN_POINT('',(1.068347060614E-02,-2.491997201185,
    1.144298823555));
#7003 = ORIENTED_EDGE('',*,*,#7004,.T.);
#7004 = EDGE_CURVE('',#6996,#7005,#7007,.T.);
#7005 = VERTEX_POINT('',#7006);
#7006 = CARTESIAN_POINT('',(2.52400685443E-02,-2.49388273903,
    1.108320618204));
#7007 = B_SPLINE_CURVE_WITH_KNOTS('',3,(#7008,#7009,#7010,#7011),
  .UNSPECIFIED.,.F.,.F.,(4,4),(8.,9.),.PIECEWISE_BEZIER_KNOTS.);
#7008 = CARTESIAN_POINT('',(1.068347060614E-02,-2.491997201185,
    1.144298823555));
#7009 = CARTESIAN_POINT('',(1.068347060614E-02,-2.492790777719,
    1.129156481235));
#7010 = CARTESIAN_POINT('',(1.553566991886E-02,-2.493419290334,
    1.117163746118));
#7011 = CARTESIAN_POINT('',(2.52400685443E-02,-2.49388273903,
    1.108320618204));
#7012 = ORIENTED_EDGE('',*,*,#7013,.T.);
#7013 = EDGE_CURVE('',#7005,#7014,#7016,.T.);
#7014 = VERTEX_POINT('',#7015);
#7015 = CARTESIAN_POINT('',(6.44215779933E-02,-2.49458108638,
    1.094995356964));
#7016 = B_SPLINE_CURVE_WITH_KNOTS('',3,(#7017,#7018,#7019,#7020),
  .UNSPECIFIED.,.F.,.F.,(4,4),(7.,8.),.PIECEWISE_BEZIER_KNOTS.);
#7017 = CARTESIAN_POINT('',(2.52400685443E-02,-2.49388273903,
    1.108320618204));
#7018 = CARTESIAN_POINT('',(3.494446716894E-02,-2.494346187726,
    1.09947749029));
#7019 = CARTESIAN_POINT('',(4.798475282203E-02,-2.49458108638,
    1.094995356964));
#7020 = CARTESIAN_POINT('',(6.44215779933E-02,-2.49458108638,
    1.094995356964));
#7021 = ORIENTED_EDGE('',*,*,#7022,.T.);
#7022 = EDGE_CURVE('',#7014,#7023,#7025,.T.);
#7023 = VERTEX_POINT('',#7024);
#7024 = CARTESIAN_POINT('',(0.116340110638,-2.493000281924,
    1.125158902863));
#7025 = B_SPLINE_CURVE_WITH_KNOTS('',3,(#7026,#7027,#7028,#7029),
  .UNSPECIFIED.,.F.,.F.,(4,4),(6.,7.),.PIECEWISE_BEZIER_KNOTS.);
#7026 = CARTESIAN_POINT('',(6.44215779933E-02,-2.49458108638,
    1.094995356964));
#7027 = CARTESIAN_POINT('',(8.72875672537E-02,-2.49458108638,
    1.094995356964));
#7028 = CARTESIAN_POINT('',(0.104634179797,-2.494054151562,
    1.105049872263));
#7029 = CARTESIAN_POINT('',(0.116340110638,-2.493000281924,
    1.125158902863));
#7030 = ORIENTED_EDGE('',*,*,#7031,.T.);
#7031 = EDGE_CURVE('',#7023,#7032,#7034,.T.);
#7032 = VERTEX_POINT('',#7033);
#7033 = CARTESIAN_POINT('',(0.117128593026,-2.493000281924,
    1.125158902863));
#7034 = LINE('',#7035,#7036);
#7035 = CARTESIAN_POINT('',(0.117128593026,-2.493000281924,
    1.125158902863));
#7036 = VECTOR('',#7037,1.);
#7037 = DIRECTION('',(1.,0.,0.));
#7038 = ORIENTED_EDGE('',*,*,#7039,.T.);
#7039 = EDGE_CURVE('',#7032,#7040,#7042,.T.);
#7040 = VERTEX_POINT('',#7041);
#7041 = CARTESIAN_POINT('',(0.117128593026,-2.494371582175,
    1.098992935336));
#7042 = LINE('',#7043,#7044);
#7043 = CARTESIAN_POINT('',(0.117128593026,-2.494371582175,
    1.098992935336));
#7044 = VECTOR('',#7045,1.);
#7045 = DIRECTION('',(-0.,-5.233595624292E-02,-0.998629534755));
#7046 = ORIENTED_EDGE('',*,*,#7047,.T.);
#7047 = EDGE_CURVE('',#7040,#7048,#7050,.T.);
#7048 = VERTEX_POINT('',#7049);
#7049 = CARTESIAN_POINT('',(0.146848313816,-2.494371582175,
    1.098992935336));
#7050 = LINE('',#7051,#7052);
#7051 = CARTESIAN_POINT('',(0.146848313816,-2.494371582175,
    1.098992935336));
#7052 = VECTOR('',#7053,1.);
#7053 = DIRECTION('',(1.,0.,0.));
#7054 = ORIENTED_EDGE('',*,*,#7055,.T.);
#7055 = EDGE_CURVE('',#7048,#7056,#7058,.T.);
#7056 = VERTEX_POINT('',#7057);
#7057 = CARTESIAN_POINT('',(0.146848313816,-2.488664179742,
    1.207896661293));
#7058 = LINE('',#7059,#7060);
#7059 = CARTESIAN_POINT('',(0.146848313816,-2.488664179742,
    1.207896661293));
#7060 = VECTOR('',#7061,1.);
#7061 = DIRECTION('',(0.,5.233595624293E-02,0.998629534755));
#7062 = ORIENTED_EDGE('',*,*,#7063,.T.);
#7063 = EDGE_CURVE('',#7056,#6951,#7064,.T.);
#7064 = B_SPLINE_CURVE_WITH_KNOTS('',3,(#7065,#7066,#7067,#7068),
  .UNSPECIFIED.,.F.,.F.,(4,4),(1.,2.),.PIECEWISE_BEZIER_KNOTS.);
#7065 = CARTESIAN_POINT('',(0.146848313816,-2.488664179742,
    1.207896661293));
#7066 = CARTESIAN_POINT('',(0.146848313816,-2.486416770998,
    1.250779774741));
#7067 = CARTESIAN_POINT('',(0.126408424211,-2.485299415238,
    1.272100192726));
#7068 = CARTESIAN_POINT('',(8.558929749462E-02,-2.485299415238,
    1.272100192726));
#7069 = FACE_BOUND('',#7070,.T.);
#7070 = EDGE_LOOP('',(#7071,#7082,#7091,#7099,#7107,#7116,#7125,#7134));
#7071 = ORIENTED_EDGE('',*,*,#7072,.F.);
#7072 = EDGE_CURVE('',#7073,#7075,#7077,.T.);
#7073 = VERTEX_POINT('',#7074);
#7074 = CARTESIAN_POINT('',(4.87125827189E-02,-2.490746524568,
    1.168163155048));
#7075 = VERTEX_POINT('',#7076);
#7076 = CARTESIAN_POINT('',(4.082775883602E-02,-2.49187022894,
    1.146721598324));
#7077 = B_SPLINE_CURVE_WITH_KNOTS('',3,(#7078,#7079,#7080,#7081),
  .UNSPECIFIED.,.F.,.F.,(4,4),(1.,2.),.PIECEWISE_BEZIER_KNOTS.);
#7078 = CARTESIAN_POINT('',(4.87125827189E-02,-2.490746524568,
    1.168163155048));
#7079 = CARTESIAN_POINT('',(4.349646845734E-02,-2.491013166283,
    1.16307532803));
#7080 = CARTESIAN_POINT('',(4.082775883602E-02,-2.491387734407,
    1.155928142455));
#7081 = CARTESIAN_POINT('',(4.082775883602E-02,-2.49187022894,
    1.146721598324));
#7082 = ORIENTED_EDGE('',*,*,#7083,.F.);
#7083 = EDGE_CURVE('',#7084,#7073,#7086,.T.);
#7084 = VERTEX_POINT('',#7085);
#7085 = CARTESIAN_POINT('',(7.746186364559E-02,-2.490200543912,
    1.178581086564));
#7086 = B_SPLINE_CURVE_WITH_KNOTS('',3,(#7087,#7088,#7089,#7090),
  .UNSPECIFIED.,.F.,.F.,(4,4),(0.,1.),.PIECEWISE_BEZIER_KNOTS.);
#7087 = CARTESIAN_POINT('',(7.746186364559E-02,-2.490200543912,
    1.178581086564));
#7088 = CARTESIAN_POINT('',(6.357244311376E-02,-2.490302121709,
    1.176642866747));
#7089 = CARTESIAN_POINT('',(5.398934947099E-02,-2.490479882852,
    1.173250982068));
#7090 = CARTESIAN_POINT('',(4.87125827189E-02,-2.490746524568,
    1.168163155048));
#7091 = ORIENTED_EDGE('',*,*,#7092,.F.);
#7092 = EDGE_CURVE('',#7093,#7084,#7095,.T.);
#7093 = VERTEX_POINT('',#7094);
#7094 = CARTESIAN_POINT('',(0.117128593026,-2.489921204972,
    1.183911191061));
#7095 = LINE('',#7096,#7097);
#7096 = CARTESIAN_POINT('',(0.117128593026,-2.489921204972,
    1.183911191061));
#7097 = VECTOR('',#7098,1.);
#7098 = DIRECTION('',(-0.9910683663,-6.97924914026E-03,-0.133172006823)
  );
#7099 = ORIENTED_EDGE('',*,*,#7100,.F.);
#7100 = EDGE_CURVE('',#7101,#7093,#7103,.T.);
#7101 = VERTEX_POINT('',#7102);
#7102 = CARTESIAN_POINT('',(0.117128593026,-2.490771919017,
    1.167678600094));
#7103 = LINE('',#7104,#7105);
#7104 = CARTESIAN_POINT('',(0.117128593026,-2.490771919017,
    1.167678600094));
#7105 = VECTOR('',#7106,1.);
#7106 = DIRECTION('',(0.,5.233595624292E-02,0.998629534755));
#7107 = ORIENTED_EDGE('',*,*,#7108,.F.);
#7108 = EDGE_CURVE('',#7109,#7101,#7111,.T.);
#7109 = VERTEX_POINT('',#7110);
#7110 = CARTESIAN_POINT('',(0.104391569831,-2.492581273514,
    1.133154059608));
#7111 = B_SPLINE_CURVE_WITH_KNOTS('',3,(#7112,#7113,#7114,#7115),
  .UNSPECIFIED.,.F.,.F.,(4,4),(5.,6.),.PIECEWISE_BEZIER_KNOTS.);
#7112 = CARTESIAN_POINT('',(0.104391569831,-2.492581273514,
    1.133154059608));
#7113 = CARTESIAN_POINT('',(0.112882918628,-2.492105127594,
    1.142239464998));
#7114 = CARTESIAN_POINT('',(0.117128593026,-2.491502009428,
    1.153747645161));
#7115 = CARTESIAN_POINT('',(0.117128593026,-2.490771919017,
    1.167678600094));
#7116 = ORIENTED_EDGE('',*,*,#7117,.F.);
#7117 = EDGE_CURVE('',#7118,#7109,#7120,.T.);
#7118 = VERTEX_POINT('',#7119);
#7119 = CARTESIAN_POINT('',(7.212444440216E-02,-2.493305015313,
    1.119344243412));
#7120 = B_SPLINE_CURVE_WITH_KNOTS('',3,(#7121,#7122,#7123,#7124),
  .UNSPECIFIED.,.F.,.F.,(4,4),(4.,5.),.PIECEWISE_BEZIER_KNOTS.);
#7121 = CARTESIAN_POINT('',(7.212444440216E-02,-2.493305015313,
    1.119344243412));
#7122 = CARTESIAN_POINT('',(8.516473005444E-02,-2.493305015313,
    1.119344243412));
#7123 = CARTESIAN_POINT('',(9.596087352478E-02,-2.493063768047,
    1.123947515477));
#7124 = CARTESIAN_POINT('',(0.104391569831,-2.492581273514,
    1.133154059608));
#7125 = ORIENTED_EDGE('',*,*,#7126,.F.);
#7126 = EDGE_CURVE('',#7127,#7118,#7129,.T.);
#7127 = VERTEX_POINT('',#7128);
#7128 = CARTESIAN_POINT('',(4.944041261576E-02,-2.49290505274,
    1.12697598394));
#7129 = B_SPLINE_CURVE_WITH_KNOTS('',3,(#7130,#7131,#7132,#7133),
  .UNSPECIFIED.,.F.,.F.,(4,4),(3.,4.),.PIECEWISE_BEZIER_KNOTS.);
#7130 = CARTESIAN_POINT('',(4.944041261576E-02,-2.49290505274,
    1.12697598394));
#7131 = CARTESIAN_POINT('',(5.514174680804E-02,-2.493171694456,
    1.121888156922));
#7132 = CARTESIAN_POINT('',(6.272330823341E-02,-2.493305015313,
    1.119344243412));
#7133 = CARTESIAN_POINT('',(7.212444440216E-02,-2.493305015313,
    1.119344243412));
#7134 = ORIENTED_EDGE('',*,*,#7135,.F.);
#7135 = EDGE_CURVE('',#7075,#7127,#7136,.T.);
#7136 = B_SPLINE_CURVE_WITH_KNOTS('',3,(#7137,#7138,#7139,#7140),
  .UNSPECIFIED.,.F.,.F.,(4,4),(2.,3.),.PIECEWISE_BEZIER_KNOTS.);
#7137 = CARTESIAN_POINT('',(4.082775883602E-02,-2.49187022894,
    1.146721598324));
#7138 = CARTESIAN_POINT('',(4.082775883602E-02,-2.492295585962,
    1.138605302843));
#7139 = CARTESIAN_POINT('',(4.367842593217E-02,-2.492638411025,
    1.13206381096));
#7140 = CARTESIAN_POINT('',(4.944041261576E-02,-2.49290505274,
    1.12697598394));
#7141 = PLANE('',#7142);
#7142 = AXIS2_PLACEMENT_3D('',#7143,#7144,#7145);
#7143 = CARTESIAN_POINT('',(5.443666159532E-02,-2.48550495156,
    1.268178326066));
#7144 = DIRECTION('',(-1.760420313318E-14,-0.998629534755,
    5.233595624296E-02));
#7145 = DIRECTION('',(0.,-5.233595624296E-02,-0.998629534755));
#7146 = ADVANCED_FACE('',(#7147),#7163,.F.);
#7147 = FACE_BOUND('',#7148,.F.);
#7148 = EDGE_LOOP('',(#7149,#7155,#7156,#7162));
#7149 = ORIENTED_EDGE('',*,*,#7150,.F.);
#7150 = EDGE_CURVE('',#6951,#3131,#7151,.T.);
#7151 = LINE('',#7152,#7153);
#7152 = CARTESIAN_POINT('',(8.558929749462E-02,-2.485299415238,
    1.272100192726));
#7153 = VECTOR('',#7154,1.);
#7154 = DIRECTION('',(0.,0.998629534755,-5.233595624292E-02));
#7155 = ORIENTED_EDGE('',*,*,#6950,.T.);
#7156 = ORIENTED_EDGE('',*,*,#7157,.T.);
#7157 = EDGE_CURVE('',#6953,#3121,#7158,.T.);
#7158 = LINE('',#7159,#7160);
#7159 = CARTESIAN_POINT('',(2.724160076008E-02,-2.486124734833,
    1.256352156715));
#7160 = VECTOR('',#7161,1.);
#7161 = DIRECTION('',(0.,0.998629534755,-5.233595624292E-02));
#7162 = ORIENTED_EDGE('',*,*,#3130,.F.);
#7163 = B_SPLINE_SURFACE_WITH_KNOTS('',3,1,(
    (#7164,#7165)
    ,(#7166,#7167)
    ,(#7168,#7169)
    ,(#7170,#7171
    )),.UNSPECIFIED.,.F.,.F.,.F.,(4,4),(2,2),(0.,1.),(0.,1.),
  .PIECEWISE_BEZIER_KNOTS.);
#7164 = CARTESIAN_POINT('',(8.558929749462E-02,-2.485299415238,
    1.272100192726));
#7165 = CARTESIAN_POINT('',(8.558929749462E-02,-2.475313128733,
    1.271576833627));
#7166 = CARTESIAN_POINT('',(6.351179062242E-02,-2.485299415238,
    1.272100192726));
#7167 = CARTESIAN_POINT('',(6.351179062242E-02,-2.475313128733,
    1.271576833627));
#7168 = CARTESIAN_POINT('',(4.404234088019E-02,-2.485572405565,
    1.266891226968));
#7169 = CARTESIAN_POINT('',(4.404234088019E-02,-2.475586119061,
    1.266367867869));
#7170 = CARTESIAN_POINT('',(2.724160076008E-02,-2.486124734833,
    1.256352156715));
#7171 = CARTESIAN_POINT('',(2.724160076008E-02,-2.476138448329,
    1.255828797616));
#7172 = ADVANCED_FACE('',(#7173),#7184,.F.);
#7173 = FACE_BOUND('',#7174,.T.);
#7174 = EDGE_LOOP('',(#7175,#7176,#7182,#7183));
#7175 = ORIENTED_EDGE('',*,*,#3120,.T.);
#7176 = ORIENTED_EDGE('',*,*,#7177,.F.);
#7177 = EDGE_CURVE('',#6962,#3123,#7178,.T.);
#7178 = LINE('',#7179,#7180);
#7179 = CARTESIAN_POINT('',(2.724160076008E-02,-2.487635704554,
    1.227521136938));
#7180 = VECTOR('',#7181,1.);
#7181 = DIRECTION('',(0.,0.998629534755,-5.233595624292E-02));
#7182 = ORIENTED_EDGE('',*,*,#6961,.F.);
#7183 = ORIENTED_EDGE('',*,*,#7157,.T.);
#7184 = PLANE('',#7185);
#7185 = AXIS2_PLACEMENT_3D('',#7186,#7187,#7188);
#7186 = CARTESIAN_POINT('',(2.724160076008E-02,-2.487635704554,
    1.227521136938));
#7187 = DIRECTION('',(1.,0.,0.));
#7188 = DIRECTION('',(0.,0.,-1.));
#7189 = ADVANCED_FACE('',(#7190),#7201,.F.);
#7190 = FACE_BOUND('',#7191,.F.);
#7191 = EDGE_LOOP('',(#7192,#7193,#7194,#7200));
#7192 = ORIENTED_EDGE('',*,*,#7177,.F.);
#7193 = ORIENTED_EDGE('',*,*,#6969,.T.);
#7194 = ORIENTED_EDGE('',*,*,#7195,.T.);
#7195 = EDGE_CURVE('',#6970,#3225,#7196,.T.);
#7196 = LINE('',#7197,#7198);
#7197 = CARTESIAN_POINT('',(8.279928288983E-02,-2.48656278908,
    1.247993583755));
#7198 = VECTOR('',#7199,1.);
#7199 = DIRECTION('',(0.,0.998629534755,-5.233595624292E-02));
#7200 = ORIENTED_EDGE('',*,*,#3233,.F.);
#7201 = B_SPLINE_SURFACE_WITH_KNOTS('',3,1,(
    (#7202,#7203)
    ,(#7204,#7205)
    ,(#7206,#7207)
    ,(#7208,#7209
    )),.UNSPECIFIED.,.F.,.F.,.F.,(4,4),(2,2),(12.,13.),(0.,1.),
  .PIECEWISE_BEZIER_KNOTS.);
#7202 = CARTESIAN_POINT('',(2.724160076008E-02,-2.487635704554,
    1.227521136938));
#7203 = CARTESIAN_POINT('',(2.724160076008E-02,-2.47764941805,
    1.226997777839));
#7204 = CARTESIAN_POINT('',(4.398168838886E-02,-2.486924659979,
    1.241088675657));
#7205 = CARTESIAN_POINT('',(4.398168838886E-02,-2.476938373475,
    1.240565316558));
#7206 = CARTESIAN_POINT('',(6.248069826805E-02,-2.48656278908,
    1.247993583755));
#7207 = CARTESIAN_POINT('',(6.248069826805E-02,-2.476576502576,
    1.247470224656));
#7208 = CARTESIAN_POINT('',(8.279928288983E-02,-2.48656278908,
    1.247993583755));
#7209 = CARTESIAN_POINT('',(8.279928288983E-02,-2.476576502576,
    1.247470224656));
#7210 = ADVANCED_FACE('',(#7211),#7222,.F.);
#7211 = FACE_BOUND('',#7212,.F.);
#7212 = EDGE_LOOP('',(#7213,#7214,#7215,#7221));
#7213 = ORIENTED_EDGE('',*,*,#7195,.F.);
#7214 = ORIENTED_EDGE('',*,*,#6978,.T.);
#7215 = ORIENTED_EDGE('',*,*,#7216,.T.);
#7216 = EDGE_CURVE('',#6979,#3217,#7217,.T.);
#7217 = LINE('',#7218,#7219);
#7218 = CARTESIAN_POINT('',(0.117128593026,-2.488734014477,1.20656413517
    ));
#7219 = VECTOR('',#7220,1.);
#7220 = DIRECTION('',(0.,0.998629534755,-5.233595624292E-02));
#7221 = ORIENTED_EDGE('',*,*,#3224,.F.);
#7222 = B_SPLINE_SURFACE_WITH_KNOTS('',3,1,(
    (#7223,#7224)
    ,(#7225,#7226)
    ,(#7227,#7228)
    ,(#7229,#7230
    )),.UNSPECIFIED.,.F.,.F.,.F.,(4,4),(2,2),(11.,12.),(0.,1.),
  .PIECEWISE_BEZIER_KNOTS.);
#7223 = CARTESIAN_POINT('',(8.279928288983E-02,-2.48656278908,
    1.247993583755));
#7224 = CARTESIAN_POINT('',(8.279928288983E-02,-2.476576502576,
    1.247470224656));
#7225 = CARTESIAN_POINT('',(0.10566527215,-2.48656278908,1.247993583755)
  );
#7226 = CARTESIAN_POINT('',(0.10566527215,-2.476576502576,1.247470224656
    ));
#7227 = CARTESIAN_POINT('',(0.117128593026,-2.487286530879,
    1.234183767559));
#7228 = CARTESIAN_POINT('',(0.117128593026,-2.477300244375,1.23366040846
    ));
#7229 = CARTESIAN_POINT('',(0.117128593026,-2.488734014477,1.20656413517
    ));
#7230 = CARTESIAN_POINT('',(0.117128593026,-2.478747727973,
    1.206040776071));
#7231 = ADVANCED_FACE('',(#7232),#7243,.F.);
#7232 = FACE_BOUND('',#7233,.T.);
#7233 = EDGE_LOOP('',(#7234,#7235,#7241,#7242));
#7234 = ORIENTED_EDGE('',*,*,#3216,.T.);
#7235 = ORIENTED_EDGE('',*,*,#7236,.F.);
#7236 = EDGE_CURVE('',#6988,#3208,#7237,.T.);
#7237 = LINE('',#7238,#7239);
#7238 = CARTESIAN_POINT('',(6.69083301406E-02,-2.489102233989,
    1.199538088334));
#7239 = VECTOR('',#7240,1.);
#7240 = DIRECTION('',(0.,0.998629534755,-5.233595624292E-02));
#7241 = ORIENTED_EDGE('',*,*,#6987,.F.);
#7242 = ORIENTED_EDGE('',*,*,#7216,.T.);
#7243 = PLANE('',#7244);
#7244 = AXIS2_PLACEMENT_3D('',#7245,#7246,#7247);
#7245 = CARTESIAN_POINT('',(6.69083301406E-02,-2.489102233989,
    1.199538088334));
#7246 = DIRECTION('',(0.138741688482,-5.182979448445E-02,-0.988971393055
    ));
#7247 = DIRECTION('',(-0.990302425921,4.077814474979E-14,-0.138928417591
    ));
#7248 = ADVANCED_FACE('',(#7249),#7260,.F.);
#7249 = FACE_BOUND('',#7250,.F.);
#7250 = EDGE_LOOP('',(#7251,#7252,#7253,#7259));
#7251 = ORIENTED_EDGE('',*,*,#7236,.F.);
#7252 = ORIENTED_EDGE('',*,*,#6995,.T.);
#7253 = ORIENTED_EDGE('',*,*,#7254,.T.);
#7254 = EDGE_CURVE('',#6996,#3199,#7255,.T.);
#7255 = LINE('',#7256,#7257);
#7256 = CARTESIAN_POINT('',(1.068347060614E-02,-2.491997201185,
    1.144298823555));
#7257 = VECTOR('',#7258,1.);
#7258 = DIRECTION('',(0.,0.998629534755,-5.233595624292E-02));
#7259 = ORIENTED_EDGE('',*,*,#3207,.F.);
#7260 = B_SPLINE_SURFACE_WITH_KNOTS('',3,1,(
    (#7261,#7262)
    ,(#7263,#7264)
    ,(#7265,#7266)
    ,(#7267,#7268
    )),.UNSPECIFIED.,.F.,.F.,.F.,(4,4),(2,2),(9.,10.),(0.,1.),
  .PIECEWISE_BEZIER_KNOTS.);
#7261 = CARTESIAN_POINT('',(6.69083301406E-02,-2.489102233989,
    1.199538088334));
#7262 = CARTESIAN_POINT('',(6.69083301406E-02,-2.479115947485,
    1.199014729235));
#7263 = CARTESIAN_POINT('',(2.94250904515E-02,-2.489375224317,
    1.194329122576));
#7264 = CARTESIAN_POINT('',(2.94250904515E-02,-2.479388937813,
    1.193805763477));
#7265 = CARTESIAN_POINT('',(1.068347060614E-02,-2.490340213382,
    1.175916034316));
#7266 = CARTESIAN_POINT('',(1.068347060614E-02,-2.480353926878,
    1.175392675217));
#7267 = CARTESIAN_POINT('',(1.068347060614E-02,-2.491997201185,
    1.144298823555));
#7268 = CARTESIAN_POINT('',(1.068347060614E-02,-2.482010914681,
    1.143775464456));
#7269 = ADVANCED_FACE('',(#7270),#7281,.F.);
#7270 = FACE_BOUND('',#7271,.F.);
#7271 = EDGE_LOOP('',(#7272,#7273,#7274,#7280));
#7272 = ORIENTED_EDGE('',*,*,#7254,.F.);
#7273 = ORIENTED_EDGE('',*,*,#7004,.T.);
#7274 = ORIENTED_EDGE('',*,*,#7275,.T.);
#7275 = EDGE_CURVE('',#7005,#3190,#7276,.T.);
#7276 = LINE('',#7277,#7278);
#7277 = CARTESIAN_POINT('',(2.52400685443E-02,-2.49388273903,
    1.108320618204));
#7278 = VECTOR('',#7279,1.);
#7279 = DIRECTION('',(0.,0.998629534755,-5.233595624292E-02));
#7280 = ORIENTED_EDGE('',*,*,#3198,.F.);
#7281 = B_SPLINE_SURFACE_WITH_KNOTS('',3,1,(
    (#7282,#7283)
    ,(#7284,#7285)
    ,(#7286,#7287)
    ,(#7288,#7289
    )),.UNSPECIFIED.,.F.,.F.,.F.,(4,4),(2,2),(8.,9.),(0.,1.),
  .PIECEWISE_BEZIER_KNOTS.);
#7282 = CARTESIAN_POINT('',(1.068347060614E-02,-2.491997201185,
    1.144298823555));
#7283 = CARTESIAN_POINT('',(1.068347060614E-02,-2.482010914681,
    1.143775464456));
#7284 = CARTESIAN_POINT('',(1.068347060614E-02,-2.492790777719,
    1.129156481235));
#7285 = CARTESIAN_POINT('',(1.068347060614E-02,-2.482804491215,
    1.128633122136));
#7286 = CARTESIAN_POINT('',(1.553566991886E-02,-2.493419290334,
    1.117163746118));
#7287 = CARTESIAN_POINT('',(1.553566991886E-02,-2.48343300383,
    1.116640387019));
#7288 = CARTESIAN_POINT('',(2.52400685443E-02,-2.49388273903,
    1.108320618204));
#7289 = CARTESIAN_POINT('',(2.52400685443E-02,-2.483896452526,
    1.107797259105));
#7290 = ADVANCED_FACE('',(#7291),#7302,.F.);
#7291 = FACE_BOUND('',#7292,.F.);
#7292 = EDGE_LOOP('',(#7293,#7294,#7295,#7301));
#7293 = ORIENTED_EDGE('',*,*,#7275,.F.);
#7294 = ORIENTED_EDGE('',*,*,#7013,.T.);
#7295 = ORIENTED_EDGE('',*,*,#7296,.T.);
#7296 = EDGE_CURVE('',#7014,#3181,#7297,.T.);
#7297 = LINE('',#7298,#7299);
#7298 = CARTESIAN_POINT('',(6.44215779933E-02,-2.49458108638,
    1.094995356964));
#7299 = VECTOR('',#7300,1.);
#7300 = DIRECTION('',(0.,0.998629534755,-5.233595624292E-02));
#7301 = ORIENTED_EDGE('',*,*,#3189,.F.);
#7302 = B_SPLINE_SURFACE_WITH_KNOTS('',3,1,(
    (#7303,#7304)
    ,(#7305,#7306)
    ,(#7307,#7308)
    ,(#7309,#7310
    )),.UNSPECIFIED.,.F.,.F.,.F.,(4,4),(2,2),(7.,8.),(0.,1.),
  .PIECEWISE_BEZIER_KNOTS.);
#7303 = CARTESIAN_POINT('',(2.52400685443E-02,-2.49388273903,
    1.108320618204));
#7304 = CARTESIAN_POINT('',(2.52400685443E-02,-2.483896452526,
    1.107797259105));
#7305 = CARTESIAN_POINT('',(3.494446716894E-02,-2.494346187726,
    1.09947749029));
#7306 = CARTESIAN_POINT('',(3.494446716894E-02,-2.484359901222,
    1.098954131191));
#7307 = CARTESIAN_POINT('',(4.798475282203E-02,-2.49458108638,
    1.094995356964));
#7308 = CARTESIAN_POINT('',(4.798475282203E-02,-2.484594799876,
    1.094471997865));
#7309 = CARTESIAN_POINT('',(6.44215779933E-02,-2.49458108638,
    1.094995356964));
#7310 = CARTESIAN_POINT('',(6.44215779933E-02,-2.484594799876,
    1.094471997865));
#7311 = ADVANCED_FACE('',(#7312),#7323,.F.);
#7312 = FACE_BOUND('',#7313,.F.);
#7313 = EDGE_LOOP('',(#7314,#7315,#7316,#7322));
#7314 = ORIENTED_EDGE('',*,*,#7296,.F.);
#7315 = ORIENTED_EDGE('',*,*,#7022,.T.);
#7316 = ORIENTED_EDGE('',*,*,#7317,.T.);
#7317 = EDGE_CURVE('',#7023,#3173,#7318,.T.);
#7318 = LINE('',#7319,#7320);
#7319 = CARTESIAN_POINT('',(0.116340110638,-2.493000281924,
    1.125158902863));
#7320 = VECTOR('',#7321,1.);
#7321 = DIRECTION('',(0.,0.998629534755,-5.233595624292E-02));
#7322 = ORIENTED_EDGE('',*,*,#3180,.F.);
#7323 = B_SPLINE_SURFACE_WITH_KNOTS('',3,1,(
    (#7324,#7325)
    ,(#7326,#7327)
    ,(#7328,#7329)
    ,(#7330,#7331
    )),.UNSPECIFIED.,.F.,.F.,.F.,(4,4),(2,2),(6.,7.),(0.,1.),
  .PIECEWISE_BEZIER_KNOTS.);
#7324 = CARTESIAN_POINT('',(6.44215779933E-02,-2.49458108638,
    1.094995356964));
#7325 = CARTESIAN_POINT('',(6.44215779933E-02,-2.484594799876,
    1.094471997865));
#7326 = CARTESIAN_POINT('',(8.72875672537E-02,-2.49458108638,
    1.094995356964));
#7327 = CARTESIAN_POINT('',(8.72875672537E-02,-2.484594799876,
    1.094471997865));
#7328 = CARTESIAN_POINT('',(0.104634179797,-2.494054151562,
    1.105049872263));
#7329 = CARTESIAN_POINT('',(0.104634179797,-2.484067865057,
    1.104526513164));
#7330 = CARTESIAN_POINT('',(0.116340110638,-2.493000281924,
    1.125158902863));
#7331 = CARTESIAN_POINT('',(0.116340110638,-2.48301399542,1.124635543764
    ));
#7332 = ADVANCED_FACE('',(#7333),#7344,.F.);
#7333 = FACE_BOUND('',#7334,.T.);
#7334 = EDGE_LOOP('',(#7335,#7336,#7342,#7343));
#7335 = ORIENTED_EDGE('',*,*,#3172,.T.);
#7336 = ORIENTED_EDGE('',*,*,#7337,.F.);
#7337 = EDGE_CURVE('',#7032,#3165,#7338,.T.);
#7338 = LINE('',#7339,#7340);
#7339 = CARTESIAN_POINT('',(0.117128593026,-2.493000281924,
    1.125158902863));
#7340 = VECTOR('',#7341,1.);
#7341 = DIRECTION('',(0.,0.998629534755,-5.233595624292E-02));
#7342 = ORIENTED_EDGE('',*,*,#7031,.F.);
#7343 = ORIENTED_EDGE('',*,*,#7317,.T.);
#7344 = PLANE('',#7345);
#7345 = AXIS2_PLACEMENT_3D('',#7346,#7347,#7348);
#7346 = CARTESIAN_POINT('',(0.117128593026,-2.493000281924,
    1.125158902863));
#7347 = DIRECTION('',(0.,5.233595624292E-02,0.998629534755));
#7348 = DIRECTION('',(0.,-0.998629534755,5.233595624292E-02));
#7349 = ADVANCED_FACE('',(#7350),#7361,.F.);
#7350 = FACE_BOUND('',#7351,.T.);
#7351 = EDGE_LOOP('',(#7352,#7353,#7359,#7360));
#7352 = ORIENTED_EDGE('',*,*,#3164,.T.);
#7353 = ORIENTED_EDGE('',*,*,#7354,.F.);
#7354 = EDGE_CURVE('',#7040,#3157,#7355,.T.);
#7355 = LINE('',#7356,#7357);
#7356 = CARTESIAN_POINT('',(0.117128593026,-2.494371582175,
    1.098992935336));
#7357 = VECTOR('',#7358,1.);
#7358 = DIRECTION('',(0.,0.998629534755,-5.233595624292E-02));
#7359 = ORIENTED_EDGE('',*,*,#7039,.F.);
#7360 = ORIENTED_EDGE('',*,*,#7337,.T.);
#7361 = PLANE('',#7362);
#7362 = AXIS2_PLACEMENT_3D('',#7363,#7364,#7365);
#7363 = CARTESIAN_POINT('',(0.117128593026,-2.494371582175,
    1.098992935336));
#7364 = DIRECTION('',(1.,0.,0.));
#7365 = DIRECTION('',(0.,0.,-1.));
#7366 = ADVANCED_FACE('',(#7367),#7378,.F.);
#7367 = FACE_BOUND('',#7368,.T.);
#7368 = EDGE_LOOP('',(#7369,#7370,#7376,#7377));
#7369 = ORIENTED_EDGE('',*,*,#3156,.T.);
#7370 = ORIENTED_EDGE('',*,*,#7371,.F.);
#7371 = EDGE_CURVE('',#7048,#3149,#7372,.T.);
#7372 = LINE('',#7373,#7374);
#7373 = CARTESIAN_POINT('',(0.146848313816,-2.494371582175,
    1.098992935336));
#7374 = VECTOR('',#7375,1.);
#7375 = DIRECTION('',(0.,0.998629534755,-5.233595624292E-02));
#7376 = ORIENTED_EDGE('',*,*,#7047,.F.);
#7377 = ORIENTED_EDGE('',*,*,#7354,.T.);
#7378 = PLANE('',#7379);
#7379 = AXIS2_PLACEMENT_3D('',#7380,#7381,#7382);
#7380 = CARTESIAN_POINT('',(0.146848313816,-2.494371582175,
    1.098992935336));
#7381 = DIRECTION('',(0.,5.233595624292E-02,0.998629534755));
#7382 = DIRECTION('',(0.,-0.998629534755,5.233595624292E-02));
#7383 = ADVANCED_FACE('',(#7384),#7395,.F.);
#7384 = FACE_BOUND('',#7385,.T.);
#7385 = EDGE_LOOP('',(#7386,#7387,#7393,#7394));
#7386 = ORIENTED_EDGE('',*,*,#3148,.T.);
#7387 = ORIENTED_EDGE('',*,*,#7388,.F.);
#7388 = EDGE_CURVE('',#7056,#3140,#7389,.T.);
#7389 = LINE('',#7390,#7391);
#7390 = CARTESIAN_POINT('',(0.146848313816,-2.488664179742,
    1.207896661293));
#7391 = VECTOR('',#7392,1.);
#7392 = DIRECTION('',(0.,0.998629534755,-5.233595624292E-02));
#7393 = ORIENTED_EDGE('',*,*,#7055,.F.);
#7394 = ORIENTED_EDGE('',*,*,#7371,.T.);
#7395 = PLANE('',#7396);
#7396 = AXIS2_PLACEMENT_3D('',#7397,#7398,#7399);
#7397 = CARTESIAN_POINT('',(0.146848313816,-2.488664179742,
    1.207896661293));
#7398 = DIRECTION('',(-1.,0.,0.));
#7399 = DIRECTION('',(0.,0.,1.));
#7400 = ADVANCED_FACE('',(#7401),#7407,.F.);
#7401 = FACE_BOUND('',#7402,.F.);
#7402 = EDGE_LOOP('',(#7403,#7404,#7405,#7406));
#7403 = ORIENTED_EDGE('',*,*,#7388,.F.);
#7404 = ORIENTED_EDGE('',*,*,#7063,.T.);
#7405 = ORIENTED_EDGE('',*,*,#7150,.T.);
#7406 = ORIENTED_EDGE('',*,*,#3139,.F.);
#7407 = B_SPLINE_SURFACE_WITH_KNOTS('',3,1,(
    (#7408,#7409)
    ,(#7410,#7411)
    ,(#7412,#7413)
    ,(#7414,#7415
    )),.UNSPECIFIED.,.F.,.F.,.F.,(4,4),(2,2),(1.,2.),(0.,1.),
  .PIECEWISE_BEZIER_KNOTS.);
#7408 = CARTESIAN_POINT('',(0.146848313816,-2.488664179742,
    1.207896661293));
#7409 = CARTESIAN_POINT('',(0.146848313816,-2.478677893238,
    1.207373302194));
#7410 = CARTESIAN_POINT('',(0.146848313816,-2.486416770998,
    1.250779774741));
#7411 = CARTESIAN_POINT('',(0.146848313816,-2.476430484493,
    1.250256415642));
#7412 = CARTESIAN_POINT('',(0.126408424211,-2.485299415238,
    1.272100192726));
#7413 = CARTESIAN_POINT('',(0.126408424211,-2.475313128733,
    1.271576833627));
#7414 = CARTESIAN_POINT('',(8.558929749462E-02,-2.485299415238,
    1.272100192726));
#7415 = CARTESIAN_POINT('',(8.558929749462E-02,-2.475313128733,
    1.271576833627));
#7416 = ADVANCED_FACE('',(#7417),#7443,.T.);
#7417 = FACE_BOUND('',#7418,.T.);
#7418 = EDGE_LOOP('',(#7419,#7430,#7436,#7437));
#7419 = ORIENTED_EDGE('',*,*,#7420,.F.);
#7420 = EDGE_CURVE('',#7421,#7423,#7425,.T.);
#7421 = VERTEX_POINT('',#7422);
#7422 = CARTESIAN_POINT('',(7.746186364559E-02,-2.480214257408,
    1.178057727465));
#7423 = VERTEX_POINT('',#7424);
#7424 = CARTESIAN_POINT('',(4.87125827189E-02,-2.480760238063,
    1.167639795949));
#7425 = B_SPLINE_CURVE_WITH_KNOTS('',3,(#7426,#7427,#7428,#7429),
  .UNSPECIFIED.,.F.,.F.,(4,4),(0.,1.),.PIECEWISE_BEZIER_KNOTS.);
#7426 = CARTESIAN_POINT('',(7.746186364559E-02,-2.480214257408,
    1.178057727465));
#7427 = CARTESIAN_POINT('',(6.357244311376E-02,-2.480315835204,
    1.176119507648));
#7428 = CARTESIAN_POINT('',(5.398934947099E-02,-2.480493596348,
    1.172727622969));
#7429 = CARTESIAN_POINT('',(4.87125827189E-02,-2.480760238063,
    1.167639795949));
#7430 = ORIENTED_EDGE('',*,*,#7431,.F.);
#7431 = EDGE_CURVE('',#7084,#7421,#7432,.T.);
#7432 = LINE('',#7433,#7434);
#7433 = CARTESIAN_POINT('',(7.746186364559E-02,-2.490200543912,
    1.178581086564));
#7434 = VECTOR('',#7435,1.);
#7435 = DIRECTION('',(0.,0.998629534755,-5.233595624292E-02));
#7436 = ORIENTED_EDGE('',*,*,#7083,.T.);
#7437 = ORIENTED_EDGE('',*,*,#7438,.T.);
#7438 = EDGE_CURVE('',#7073,#7423,#7439,.T.);
#7439 = LINE('',#7440,#7441);
#7440 = CARTESIAN_POINT('',(4.87125827189E-02,-2.490746524568,
    1.168163155048));
#7441 = VECTOR('',#7442,1.);
#7442 = DIRECTION('',(0.,0.998629534755,-5.233595624292E-02));
#7443 = B_SPLINE_SURFACE_WITH_KNOTS('',3,1,(
    (#7444,#7445)
    ,(#7446,#7447)
    ,(#7448,#7449)
    ,(#7450,#7451
    )),.UNSPECIFIED.,.F.,.F.,.F.,(4,4),(2,2),(0.,1.),(0.,1.),
  .PIECEWISE_BEZIER_KNOTS.);
#7444 = CARTESIAN_POINT('',(7.746186364559E-02,-2.490200543912,
    1.178581086564));
#7445 = CARTESIAN_POINT('',(7.746186364559E-02,-2.480214257408,
    1.178057727465));
#7446 = CARTESIAN_POINT('',(6.357244311376E-02,-2.490302121709,
    1.176642866747));
#7447 = CARTESIAN_POINT('',(6.357244311376E-02,-2.480315835204,
    1.176119507648));
#7448 = CARTESIAN_POINT('',(5.398934947099E-02,-2.490479882852,
    1.173250982068));
#7449 = CARTESIAN_POINT('',(5.398934947099E-02,-2.480493596348,
    1.172727622969));
#7450 = CARTESIAN_POINT('',(4.87125827189E-02,-2.490746524568,
    1.168163155048));
#7451 = CARTESIAN_POINT('',(4.87125827189E-02,-2.480760238063,
    1.167639795949));
#7452 = ADVANCED_FACE('',(#7453),#7472,.T.);
#7453 = FACE_BOUND('',#7454,.T.);
#7454 = EDGE_LOOP('',(#7455,#7464,#7465,#7466));
#7455 = ORIENTED_EDGE('',*,*,#7456,.F.);
#7456 = EDGE_CURVE('',#7423,#7457,#7459,.T.);
#7457 = VERTEX_POINT('',#7458);
#7458 = CARTESIAN_POINT('',(4.082775883602E-02,-2.481883942436,
    1.146198239225));
#7459 = B_SPLINE_CURVE_WITH_KNOTS('',3,(#7460,#7461,#7462,#7463),
  .UNSPECIFIED.,.F.,.F.,(4,4),(1.,2.),.PIECEWISE_BEZIER_KNOTS.);
#7460 = CARTESIAN_POINT('',(4.87125827189E-02,-2.480760238063,
    1.167639795949));
#7461 = CARTESIAN_POINT('',(4.349646845734E-02,-2.481026879779,
    1.162551968931));
#7462 = CARTESIAN_POINT('',(4.082775883602E-02,-2.481401447903,
    1.155404783356));
#7463 = CARTESIAN_POINT('',(4.082775883602E-02,-2.481883942436,
    1.146198239225));
#7464 = ORIENTED_EDGE('',*,*,#7438,.F.);
#7465 = ORIENTED_EDGE('',*,*,#7072,.T.);
#7466 = ORIENTED_EDGE('',*,*,#7467,.T.);
#7467 = EDGE_CURVE('',#7075,#7457,#7468,.T.);
#7468 = LINE('',#7469,#7470);
#7469 = CARTESIAN_POINT('',(4.082775883602E-02,-2.49187022894,
    1.146721598324));
#7470 = VECTOR('',#7471,1.);
#7471 = DIRECTION('',(0.,0.998629534755,-5.233595624292E-02));
#7472 = B_SPLINE_SURFACE_WITH_KNOTS('',3,1,(
    (#7473,#7474)
    ,(#7475,#7476)
    ,(#7477,#7478)
    ,(#7479,#7480
    )),.UNSPECIFIED.,.F.,.F.,.F.,(4,4),(2,2),(1.,2.),(0.,1.),
  .PIECEWISE_BEZIER_KNOTS.);
#7473 = CARTESIAN_POINT('',(4.87125827189E-02,-2.490746524568,
    1.168163155048));
#7474 = CARTESIAN_POINT('',(4.87125827189E-02,-2.480760238063,
    1.167639795949));
#7475 = CARTESIAN_POINT('',(4.349646845734E-02,-2.491013166283,
    1.16307532803));
#7476 = CARTESIAN_POINT('',(4.349646845734E-02,-2.481026879779,
    1.162551968931));
#7477 = CARTESIAN_POINT('',(4.082775883602E-02,-2.491387734407,
    1.155928142455));
#7478 = CARTESIAN_POINT('',(4.082775883602E-02,-2.481401447903,
    1.155404783356));
#7479 = CARTESIAN_POINT('',(4.082775883602E-02,-2.49187022894,
    1.146721598324));
#7480 = CARTESIAN_POINT('',(4.082775883602E-02,-2.481883942436,
    1.146198239225));
#7481 = ADVANCED_FACE('',(#7482),#7501,.T.);
#7482 = FACE_BOUND('',#7483,.T.);
#7483 = EDGE_LOOP('',(#7484,#7493,#7494,#7495));
#7484 = ORIENTED_EDGE('',*,*,#7485,.F.);
#7485 = EDGE_CURVE('',#7457,#7486,#7488,.T.);
#7486 = VERTEX_POINT('',#7487);
#7487 = CARTESIAN_POINT('',(4.944041261576E-02,-2.482918766236,
    1.126452624841));
#7488 = B_SPLINE_CURVE_WITH_KNOTS('',3,(#7489,#7490,#7491,#7492),
  .UNSPECIFIED.,.F.,.F.,(4,4),(2.,3.),.PIECEWISE_BEZIER_KNOTS.);
#7489 = CARTESIAN_POINT('',(4.082775883602E-02,-2.481883942436,
    1.146198239225));
#7490 = CARTESIAN_POINT('',(4.082775883602E-02,-2.482309299458,
    1.138081943744));
#7491 = CARTESIAN_POINT('',(4.367842593217E-02,-2.482652124521,
    1.131540451861));
#7492 = CARTESIAN_POINT('',(4.944041261576E-02,-2.482918766236,
    1.126452624841));
#7493 = ORIENTED_EDGE('',*,*,#7467,.F.);
#7494 = ORIENTED_EDGE('',*,*,#7135,.T.);
#7495 = ORIENTED_EDGE('',*,*,#7496,.T.);
#7496 = EDGE_CURVE('',#7127,#7486,#7497,.T.);
#7497 = LINE('',#7498,#7499);
#7498 = CARTESIAN_POINT('',(4.944041261576E-02,-2.49290505274,
    1.12697598394));
#7499 = VECTOR('',#7500,1.);
#7500 = DIRECTION('',(0.,0.998629534755,-5.233595624292E-02));
#7501 = B_SPLINE_SURFACE_WITH_KNOTS('',3,1,(
    (#7502,#7503)
    ,(#7504,#7505)
    ,(#7506,#7507)
    ,(#7508,#7509
    )),.UNSPECIFIED.,.F.,.F.,.F.,(4,4),(2,2),(2.,3.),(0.,1.),
  .PIECEWISE_BEZIER_KNOTS.);
#7502 = CARTESIAN_POINT('',(4.082775883602E-02,-2.49187022894,
    1.146721598324));
#7503 = CARTESIAN_POINT('',(4.082775883602E-02,-2.481883942436,
    1.146198239225));
#7504 = CARTESIAN_POINT('',(4.082775883602E-02,-2.492295585962,
    1.138605302843));
#7505 = CARTESIAN_POINT('',(4.082775883602E-02,-2.482309299458,
    1.138081943744));
#7506 = CARTESIAN_POINT('',(4.367842593217E-02,-2.492638411025,
    1.13206381096));
#7507 = CARTESIAN_POINT('',(4.367842593217E-02,-2.482652124521,
    1.131540451861));
#7508 = CARTESIAN_POINT('',(4.944041261576E-02,-2.49290505274,
    1.12697598394));
#7509 = CARTESIAN_POINT('',(4.944041261576E-02,-2.482918766236,
    1.126452624841));
#7510 = ADVANCED_FACE('',(#7511),#7530,.T.);
#7511 = FACE_BOUND('',#7512,.T.);
#7512 = EDGE_LOOP('',(#7513,#7522,#7523,#7524));
#7513 = ORIENTED_EDGE('',*,*,#7514,.F.);
#7514 = EDGE_CURVE('',#7486,#7515,#7517,.T.);
#7515 = VERTEX_POINT('',#7516);
#7516 = CARTESIAN_POINT('',(7.212444440216E-02,-2.483318728809,
    1.118820884313));
#7517 = B_SPLINE_CURVE_WITH_KNOTS('',3,(#7518,#7519,#7520,#7521),
  .UNSPECIFIED.,.F.,.F.,(4,4),(3.,4.),.PIECEWISE_BEZIER_KNOTS.);
#7518 = CARTESIAN_POINT('',(4.944041261576E-02,-2.482918766236,
    1.126452624841));
#7519 = CARTESIAN_POINT('',(5.514174680804E-02,-2.483185407952,
    1.121364797823));
#7520 = CARTESIAN_POINT('',(6.272330823341E-02,-2.483318728809,
    1.118820884313));
#7521 = CARTESIAN_POINT('',(7.212444440216E-02,-2.483318728809,
    1.118820884313));
#7522 = ORIENTED_EDGE('',*,*,#7496,.F.);
#7523 = ORIENTED_EDGE('',*,*,#7126,.T.);
#7524 = ORIENTED_EDGE('',*,*,#7525,.T.);
#7525 = EDGE_CURVE('',#7118,#7515,#7526,.T.);
#7526 = LINE('',#7527,#7528);
#7527 = CARTESIAN_POINT('',(7.212444440216E-02,-2.493305015313,
    1.119344243412));
#7528 = VECTOR('',#7529,1.);
#7529 = DIRECTION('',(0.,0.998629534755,-5.233595624292E-02));
#7530 = B_SPLINE_SURFACE_WITH_KNOTS('',3,1,(
    (#7531,#7532)
    ,(#7533,#7534)
    ,(#7535,#7536)
    ,(#7537,#7538
    )),.UNSPECIFIED.,.F.,.F.,.F.,(4,4),(2,2),(3.,4.),(0.,1.),
  .PIECEWISE_BEZIER_KNOTS.);
#7531 = CARTESIAN_POINT('',(4.944041261576E-02,-2.49290505274,
    1.12697598394));
#7532 = CARTESIAN_POINT('',(4.944041261576E-02,-2.482918766236,
    1.126452624841));
#7533 = CARTESIAN_POINT('',(5.514174680804E-02,-2.493171694456,
    1.121888156922));
#7534 = CARTESIAN_POINT('',(5.514174680804E-02,-2.483185407952,
    1.121364797823));
#7535 = CARTESIAN_POINT('',(6.272330823341E-02,-2.493305015313,
    1.119344243412));
#7536 = CARTESIAN_POINT('',(6.272330823341E-02,-2.483318728809,
    1.118820884313));
#7537 = CARTESIAN_POINT('',(7.212444440216E-02,-2.493305015313,
    1.119344243412));
#7538 = CARTESIAN_POINT('',(7.212444440216E-02,-2.483318728809,
    1.118820884313));
#7539 = ADVANCED_FACE('',(#7540),#7559,.T.);
#7540 = FACE_BOUND('',#7541,.T.);
#7541 = EDGE_LOOP('',(#7542,#7551,#7552,#7553));
#7542 = ORIENTED_EDGE('',*,*,#7543,.F.);
#7543 = EDGE_CURVE('',#7515,#7544,#7546,.T.);
#7544 = VERTEX_POINT('',#7545);
#7545 = CARTESIAN_POINT('',(0.104391569831,-2.48259498701,1.132630700509
    ));
#7546 = B_SPLINE_CURVE_WITH_KNOTS('',3,(#7547,#7548,#7549,#7550),
  .UNSPECIFIED.,.F.,.F.,(4,4),(4.,5.),.PIECEWISE_BEZIER_KNOTS.);
#7547 = CARTESIAN_POINT('',(7.212444440216E-02,-2.483318728809,
    1.118820884313));
#7548 = CARTESIAN_POINT('',(8.516473005444E-02,-2.483318728809,
    1.118820884313));
#7549 = CARTESIAN_POINT('',(9.596087352478E-02,-2.483077481543,
    1.123424156378));
#7550 = CARTESIAN_POINT('',(0.104391569831,-2.48259498701,1.132630700509
    ));
#7551 = ORIENTED_EDGE('',*,*,#7525,.F.);
#7552 = ORIENTED_EDGE('',*,*,#7117,.T.);
#7553 = ORIENTED_EDGE('',*,*,#7554,.T.);
#7554 = EDGE_CURVE('',#7109,#7544,#7555,.T.);
#7555 = LINE('',#7556,#7557);
#7556 = CARTESIAN_POINT('',(0.104391569831,-2.492581273514,
    1.133154059608));
#7557 = VECTOR('',#7558,1.);
#7558 = DIRECTION('',(0.,0.998629534755,-5.233595624292E-02));
#7559 = B_SPLINE_SURFACE_WITH_KNOTS('',3,1,(
    (#7560,#7561)
    ,(#7562,#7563)
    ,(#7564,#7565)
    ,(#7566,#7567
    )),.UNSPECIFIED.,.F.,.F.,.F.,(4,4),(2,2),(4.,5.),(0.,1.),
  .PIECEWISE_BEZIER_KNOTS.);
#7560 = CARTESIAN_POINT('',(7.212444440216E-02,-2.493305015313,
    1.119344243412));
#7561 = CARTESIAN_POINT('',(7.212444440216E-02,-2.483318728809,
    1.118820884313));
#7562 = CARTESIAN_POINT('',(8.516473005444E-02,-2.493305015313,
    1.119344243412));
#7563 = CARTESIAN_POINT('',(8.516473005444E-02,-2.483318728809,
    1.118820884313));
#7564 = CARTESIAN_POINT('',(9.596087352478E-02,-2.493063768047,
    1.123947515477));
#7565 = CARTESIAN_POINT('',(9.596087352478E-02,-2.483077481543,
    1.123424156378));
#7566 = CARTESIAN_POINT('',(0.104391569831,-2.492581273514,
    1.133154059608));
#7567 = CARTESIAN_POINT('',(0.104391569831,-2.48259498701,1.132630700509
    ));
#7568 = ADVANCED_FACE('',(#7569),#7588,.T.);
#7569 = FACE_BOUND('',#7570,.T.);
#7570 = EDGE_LOOP('',(#7571,#7580,#7581,#7582));
#7571 = ORIENTED_EDGE('',*,*,#7572,.F.);
#7572 = EDGE_CURVE('',#7544,#7573,#7575,.T.);
#7573 = VERTEX_POINT('',#7574);
#7574 = CARTESIAN_POINT('',(0.117128593026,-2.480785632513,
    1.167155240995));
#7575 = B_SPLINE_CURVE_WITH_KNOTS('',3,(#7576,#7577,#7578,#7579),
  .UNSPECIFIED.,.F.,.F.,(4,4),(5.,6.),.PIECEWISE_BEZIER_KNOTS.);
#7576 = CARTESIAN_POINT('',(0.104391569831,-2.48259498701,1.132630700509
    ));
#7577 = CARTESIAN_POINT('',(0.112882918628,-2.48211884109,1.141716105899
    ));
#7578 = CARTESIAN_POINT('',(0.117128593026,-2.481515722924,
    1.153224286062));
#7579 = CARTESIAN_POINT('',(0.117128593026,-2.480785632513,
    1.167155240995));
#7580 = ORIENTED_EDGE('',*,*,#7554,.F.);
#7581 = ORIENTED_EDGE('',*,*,#7108,.T.);
#7582 = ORIENTED_EDGE('',*,*,#7583,.T.);
#7583 = EDGE_CURVE('',#7101,#7573,#7584,.T.);
#7584 = LINE('',#7585,#7586);
#7585 = CARTESIAN_POINT('',(0.117128593026,-2.490771919017,
    1.167678600094));
#7586 = VECTOR('',#7587,1.);
#7587 = DIRECTION('',(0.,0.998629534755,-5.233595624292E-02));
#7588 = B_SPLINE_SURFACE_WITH_KNOTS('',3,1,(
    (#7589,#7590)
    ,(#7591,#7592)
    ,(#7593,#7594)
    ,(#7595,#7596
    )),.UNSPECIFIED.,.F.,.F.,.F.,(4,4),(2,2),(5.,6.),(0.,1.),
  .PIECEWISE_BEZIER_KNOTS.);
#7589 = CARTESIAN_POINT('',(0.104391569831,-2.492581273514,
    1.133154059608));
#7590 = CARTESIAN_POINT('',(0.104391569831,-2.48259498701,1.132630700509
    ));
#7591 = CARTESIAN_POINT('',(0.112882918628,-2.492105127594,
    1.142239464998));
#7592 = CARTESIAN_POINT('',(0.112882918628,-2.48211884109,1.141716105899
    ));
#7593 = CARTESIAN_POINT('',(0.117128593026,-2.491502009428,
    1.153747645161));
#7594 = CARTESIAN_POINT('',(0.117128593026,-2.481515722924,
    1.153224286062));
#7595 = CARTESIAN_POINT('',(0.117128593026,-2.490771919017,
    1.167678600094));
#7596 = CARTESIAN_POINT('',(0.117128593026,-2.480785632513,
    1.167155240995));
#7597 = ADVANCED_FACE('',(#7598),#7616,.T.);
#7598 = FACE_BOUND('',#7599,.T.);
#7599 = EDGE_LOOP('',(#7600,#7608,#7609,#7610));
#7600 = ORIENTED_EDGE('',*,*,#7601,.F.);
#7601 = EDGE_CURVE('',#7573,#7602,#7604,.T.);
#7602 = VERTEX_POINT('',#7603);
#7603 = CARTESIAN_POINT('',(0.117128593026,-2.479934918468,
    1.183387831962));
#7604 = LINE('',#7605,#7606);
#7605 = CARTESIAN_POINT('',(0.117128593026,-2.480785632513,
    1.167155240995));
#7606 = VECTOR('',#7607,1.);
#7607 = DIRECTION('',(0.,5.233595624292E-02,0.998629534755));
#7608 = ORIENTED_EDGE('',*,*,#7583,.F.);
#7609 = ORIENTED_EDGE('',*,*,#7100,.T.);
#7610 = ORIENTED_EDGE('',*,*,#7611,.T.);
#7611 = EDGE_CURVE('',#7093,#7602,#7612,.T.);
#7612 = LINE('',#7613,#7614);
#7613 = CARTESIAN_POINT('',(0.117128593026,-2.489921204972,
    1.183911191061));
#7614 = VECTOR('',#7615,1.);
#7615 = DIRECTION('',(0.,0.998629534755,-5.233595624292E-02));
#7616 = PLANE('',#7617);
#7617 = AXIS2_PLACEMENT_3D('',#7618,#7619,#7620);
#7618 = CARTESIAN_POINT('',(0.117128593026,-2.490771919017,
    1.167678600094));
#7619 = DIRECTION('',(-1.,0.,0.));
#7620 = DIRECTION('',(0.,0.,1.));
#7621 = ADVANCED_FACE('',(#7622),#7633,.T.);
#7622 = FACE_BOUND('',#7623,.T.);
#7623 = EDGE_LOOP('',(#7624,#7630,#7631,#7632));
#7624 = ORIENTED_EDGE('',*,*,#7625,.F.);
#7625 = EDGE_CURVE('',#7602,#7421,#7626,.T.);
#7626 = LINE('',#7627,#7628);
#7627 = CARTESIAN_POINT('',(0.117128593026,-2.479934918468,
    1.183387831962));
#7628 = VECTOR('',#7629,1.);
#7629 = DIRECTION('',(-0.9910683663,-6.97924914026E-03,-0.133172006823)
  );
#7630 = ORIENTED_EDGE('',*,*,#7611,.F.);
#7631 = ORIENTED_EDGE('',*,*,#7092,.T.);
#7632 = ORIENTED_EDGE('',*,*,#7431,.T.);
#7633 = PLANE('',#7634);
#7634 = AXIS2_PLACEMENT_3D('',#7635,#7636,#7637);
#7635 = CARTESIAN_POINT('',(0.117128593026,-2.489921204972,
    1.183911191061));
#7636 = DIRECTION('',(0.133354764894,-5.186851065242E-02,-0.989710141548
    ));
#7637 = DIRECTION('',(-0.991044163461,-2.8432985133E-14,-0.133534512652)
  );
#7638 = ADVANCED_FACE('',(#7639),#7649,.T.);
#7639 = FACE_BOUND('',#7640,.T.);
#7640 = EDGE_LOOP('',(#7641,#7642,#7643,#7644,#7645,#7646,#7647,#7648));
#7641 = ORIENTED_EDGE('',*,*,#7420,.T.);
#7642 = ORIENTED_EDGE('',*,*,#7456,.T.);
#7643 = ORIENTED_EDGE('',*,*,#7485,.T.);
#7644 = ORIENTED_EDGE('',*,*,#7514,.T.);
#7645 = ORIENTED_EDGE('',*,*,#7543,.T.);
#7646 = ORIENTED_EDGE('',*,*,#7572,.T.);
#7647 = ORIENTED_EDGE('',*,*,#7601,.T.);
#7648 = ORIENTED_EDGE('',*,*,#7625,.T.);
#7649 = PLANE('',#7650);
#7650 = AXIS2_PLACEMENT_3D('',#7651,#7652,#7653);
#7651 = CARTESIAN_POINT('',(-3.499996900561,-2.499503383156,
    0.809999282478));
#7652 = DIRECTION('',(0.,-0.998629534755,5.233595624292E-02));
#7653 = DIRECTION('',(0.,-5.233595624292E-02,-0.998629534755));
#7654 = ADVANCED_FACE('',(#7655),#7681,.F.);
#7655 = FACE_BOUND('',#7656,.F.);
#7656 = EDGE_LOOP('',(#7657,#7665,#7674,#7680));
#7657 = ORIENTED_EDGE('',*,*,#7658,.F.);
#7658 = EDGE_CURVE('',#7659,#2942,#7661,.T.);
#7659 = VERTEX_POINT('',#7660);
#7660 = CARTESIAN_POINT('',(0.236007476185,-2.493311363926,
    1.119223104674));
#7661 = LINE('',#7662,#7663);
#7662 = CARTESIAN_POINT('',(0.236007476185,-2.493311363926,
    1.119223104674));
#7663 = VECTOR('',#7664,1.);
#7664 = DIRECTION('',(0.,0.998629534755,-5.233595624292E-02));
#7665 = ORIENTED_EDGE('',*,*,#7666,.T.);
#7666 = EDGE_CURVE('',#7659,#7667,#7669,.T.);
#7667 = VERTEX_POINT('',#7668);
#7668 = CARTESIAN_POINT('',(0.187121568111,-2.492454301269,
    1.135576834377));
#7669 = B_SPLINE_CURVE_WITH_KNOTS('',3,(#7670,#7671,#7672,#7673),
  .UNSPECIFIED.,.F.,.F.,(4,4),(0.,1.),.PIECEWISE_BEZIER_KNOTS.);
#7670 = CARTESIAN_POINT('',(0.236007476185,-2.493311363926,
    1.119223104674));
#7671 = CARTESIAN_POINT('',(0.218539558659,-2.493311363926,
    1.119223104674));
#7672 = CARTESIAN_POINT('',(0.202284690962,-2.493025676373,
    1.124674347909));
#7673 = CARTESIAN_POINT('',(0.187121568111,-2.492454301269,
    1.135576834377));
#7674 = ORIENTED_EDGE('',*,*,#7675,.T.);
#7675 = EDGE_CURVE('',#7667,#2932,#7676,.T.);
#7676 = LINE('',#7677,#7678);
#7677 = CARTESIAN_POINT('',(0.187121568111,-2.492454301269,
    1.135576834377));
#7678 = VECTOR('',#7679,1.);
#7679 = DIRECTION('',(0.,0.998629534755,-5.233595624292E-02));
#7680 = ORIENTED_EDGE('',*,*,#2941,.F.);
#7681 = B_SPLINE_SURFACE_WITH_KNOTS('',3,1,(
    (#7682,#7683)
    ,(#7684,#7685)
    ,(#7686,#7687)
    ,(#7688,#7689
    )),.UNSPECIFIED.,.F.,.F.,.F.,(4,4),(2,2),(0.,1.),(0.,1.),
  .PIECEWISE_BEZIER_KNOTS.);
#7682 = CARTESIAN_POINT('',(0.236007476185,-2.493311363926,
    1.119223104674));
#7683 = CARTESIAN_POINT('',(0.236007476185,-2.483325077422,
    1.118699745575));
#7684 = CARTESIAN_POINT('',(0.218539558659,-2.493311363926,
    1.119223104674));
#7685 = CARTESIAN_POINT('',(0.218539558659,-2.483325077422,
    1.118699745575));
#7686 = CARTESIAN_POINT('',(0.202284690962,-2.493025676373,
    1.124674347909));
#7687 = CARTESIAN_POINT('',(0.202284690962,-2.483039389869,1.12415098881
    ));
#7688 = CARTESIAN_POINT('',(0.187121568111,-2.492454301269,
    1.135576834377));
#7689 = CARTESIAN_POINT('',(0.187121568111,-2.482468014765,
    1.135053475278));
#7690 = ADVANCED_FACE('',(#7691),#7709,.F.);
#7691 = FACE_BOUND('',#7692,.T.);
#7692 = EDGE_LOOP('',(#7693,#7694,#7702,#7708));
#7693 = ORIENTED_EDGE('',*,*,#2931,.T.);
#7694 = ORIENTED_EDGE('',*,*,#7695,.F.);
#7695 = EDGE_CURVE('',#7696,#2934,#7698,.T.);
#7696 = VERTEX_POINT('',#7697);
#7697 = CARTESIAN_POINT('',(0.187121568111,-2.494060500174,
    1.104928733525));
#7698 = LINE('',#7699,#7700);
#7699 = CARTESIAN_POINT('',(0.187121568111,-2.494060500174,
    1.104928733525));
#7700 = VECTOR('',#7701,1.);
#7701 = DIRECTION('',(0.,0.998629534755,-5.233595624292E-02));
#7702 = ORIENTED_EDGE('',*,*,#7703,.F.);
#7703 = EDGE_CURVE('',#7667,#7696,#7704,.T.);
#7704 = LINE('',#7705,#7706);
#7705 = CARTESIAN_POINT('',(0.187121568111,-2.494060500174,
    1.104928733525));
#7706 = VECTOR('',#7707,1.);
#7707 = DIRECTION('',(-0.,-5.233595624293E-02,-0.998629534755));
#7708 = ORIENTED_EDGE('',*,*,#7675,.T.);
#7709 = PLANE('',#7710);
#7710 = AXIS2_PLACEMENT_3D('',#7711,#7712,#7713);
#7711 = CARTESIAN_POINT('',(0.187121568111,-2.494060500174,
    1.104928733525));
#7712 = DIRECTION('',(1.,0.,0.));
#7713 = DIRECTION('',(0.,0.,-1.));
#7714 = ADVANCED_FACE('',(#7715),#7734,.F.);
#7715 = FACE_BOUND('',#7716,.F.);
#7716 = EDGE_LOOP('',(#7717,#7718,#7727,#7733));
#7717 = ORIENTED_EDGE('',*,*,#7695,.F.);
#7718 = ORIENTED_EDGE('',*,*,#7719,.T.);
#7719 = EDGE_CURVE('',#7696,#7720,#7722,.T.);
#7720 = VERTEX_POINT('',#7721);
#7721 = CARTESIAN_POINT('',(0.233096156597,-2.49458108638,1.094995356964
    ));
#7722 = B_SPLINE_CURVE_WITH_KNOTS('',3,(#7723,#7724,#7725,#7726),
  .UNSPECIFIED.,.F.,.F.,(4,4),(19.,20.),.PIECEWISE_BEZIER_KNOTS.);
#7723 = CARTESIAN_POINT('',(0.187121568111,-2.494060500174,
    1.104928733525));
#7724 = CARTESIAN_POINT('',(0.200222506254,-2.494403325237,
    1.098387241642));
#7725 = CARTESIAN_POINT('',(0.215506934089,-2.49458108638,1.094995356964
    ));
#7726 = CARTESIAN_POINT('',(0.233096156597,-2.49458108638,1.094995356964
    ));
#7727 = ORIENTED_EDGE('',*,*,#7728,.T.);
#7728 = EDGE_CURVE('',#7720,#3103,#7729,.T.);
#7729 = LINE('',#7730,#7731);
#7730 = CARTESIAN_POINT('',(0.233096156597,-2.49458108638,1.094995356964
    ));
#7731 = VECTOR('',#7732,1.);
#7732 = DIRECTION('',(0.,0.998629534755,-5.233595624292E-02));
#7733 = ORIENTED_EDGE('',*,*,#3111,.F.);
#7734 = B_SPLINE_SURFACE_WITH_KNOTS('',3,1,(
    (#7735,#7736)
    ,(#7737,#7738)
    ,(#7739,#7740)
    ,(#7741,#7742
    )),.UNSPECIFIED.,.F.,.F.,.F.,(4,4),(2,2),(19.,20.),(0.,1.),
  .PIECEWISE_BEZIER_KNOTS.);
#7735 = CARTESIAN_POINT('',(0.187121568111,-2.494060500174,
    1.104928733525));
#7736 = CARTESIAN_POINT('',(0.187121568111,-2.48407421367,1.104405374426
    ));
#7737 = CARTESIAN_POINT('',(0.200222506254,-2.494403325237,
    1.098387241642));
#7738 = CARTESIAN_POINT('',(0.200222506254,-2.484417038732,
    1.097863882543));
#7739 = CARTESIAN_POINT('',(0.215506934089,-2.49458108638,1.094995356964
    ));
#7740 = CARTESIAN_POINT('',(0.215506934089,-2.484594799876,
    1.094471997865));
#7741 = CARTESIAN_POINT('',(0.233096156597,-2.49458108638,1.094995356964
    ));
#7742 = CARTESIAN_POINT('',(0.233096156597,-2.484594799876,
    1.094471997865));
#7743 = ADVANCED_FACE('',(#7744),#7763,.F.);
#7744 = FACE_BOUND('',#7745,.F.);
#7745 = EDGE_LOOP('',(#7746,#7747,#7756,#7762));
#7746 = ORIENTED_EDGE('',*,*,#7728,.F.);
#7747 = ORIENTED_EDGE('',*,*,#7748,.T.);
#7748 = EDGE_CURVE('',#7720,#7749,#7751,.T.);
#7749 = VERTEX_POINT('',#7750);
#7750 = CARTESIAN_POINT('',(0.282467284603,-2.493876390418,
    1.108441756942));
#7751 = B_SPLINE_CURVE_WITH_KNOTS('',3,(#7752,#7753,#7754,#7755),
  .UNSPECIFIED.,.F.,.F.,(4,4),(18.,19.),.PIECEWISE_BEZIER_KNOTS.);
#7752 = CARTESIAN_POINT('',(0.233096156597,-2.49458108638,1.094995356964
    ));
#7753 = CARTESIAN_POINT('',(0.253293436236,-2.49458108638,1.094995356964
    ));
#7754 = CARTESIAN_POINT('',(0.269790913898,-2.494346187726,1.09947749029
    ));
#7755 = CARTESIAN_POINT('',(0.282467284603,-2.493876390418,
    1.108441756942));
#7756 = ORIENTED_EDGE('',*,*,#7757,.T.);
#7757 = EDGE_CURVE('',#7749,#3094,#7758,.T.);
#7758 = LINE('',#7759,#7760);
#7759 = CARTESIAN_POINT('',(0.282467284603,-2.493876390418,
    1.108441756942));
#7760 = VECTOR('',#7761,1.);
#7761 = DIRECTION('',(0.,0.998629534755,-5.233595624292E-02));
#7762 = ORIENTED_EDGE('',*,*,#3102,.F.);
#7763 = B_SPLINE_SURFACE_WITH_KNOTS('',3,1,(
    (#7764,#7765)
    ,(#7766,#7767)
    ,(#7768,#7769)
    ,(#7770,#7771
    )),.UNSPECIFIED.,.F.,.F.,.F.,(4,4),(2,2),(18.,19.),(0.,1.),
  .PIECEWISE_BEZIER_KNOTS.);
#7764 = CARTESIAN_POINT('',(0.233096156597,-2.49458108638,1.094995356964
    ));
#7765 = CARTESIAN_POINT('',(0.233096156597,-2.484594799876,
    1.094471997865));
#7766 = CARTESIAN_POINT('',(0.253293436236,-2.49458108638,1.094995356964
    ));
#7767 = CARTESIAN_POINT('',(0.253293436236,-2.484594799876,
    1.094471997865));
#7768 = CARTESIAN_POINT('',(0.269790913898,-2.494346187726,1.09947749029
    ));
#7769 = CARTESIAN_POINT('',(0.269790913898,-2.484359901222,
    1.098954131191));
#7770 = CARTESIAN_POINT('',(0.282467284603,-2.493876390418,
    1.108441756942));
#7771 = CARTESIAN_POINT('',(0.282467284603,-2.483890103914,
    1.107918397843));
#7772 = ADVANCED_FACE('',(#7773),#7792,.F.);
#7773 = FACE_BOUND('',#7774,.F.);
#7774 = EDGE_LOOP('',(#7775,#7776,#7785,#7791));
#7775 = ORIENTED_EDGE('',*,*,#7757,.F.);
#7776 = ORIENTED_EDGE('',*,*,#7777,.T.);
#7777 = EDGE_CURVE('',#7749,#7778,#7780,.T.);
#7778 = VERTEX_POINT('',#7779);
#7779 = CARTESIAN_POINT('',(0.301572819396,-2.491959109512,
    1.145025655985));
#7780 = B_SPLINE_CURVE_WITH_KNOTS('',3,(#7781,#7782,#7783,#7784),
  .UNSPECIFIED.,.F.,.F.,(4,4),(17.,18.),.PIECEWISE_BEZIER_KNOTS.);
#7781 = CARTESIAN_POINT('',(0.282467284603,-2.493876390418,
    1.108441756942));
#7782 = CARTESIAN_POINT('',(0.295204307798,-2.493412941722,
    1.117284884858));
#7783 = CARTESIAN_POINT('',(0.301572819396,-2.492771731883,1.12951989745
    ));
#7784 = CARTESIAN_POINT('',(0.301572819396,-2.491959109512,
    1.145025655985));
#7785 = ORIENTED_EDGE('',*,*,#7786,.T.);
#7786 = EDGE_CURVE('',#7778,#3085,#7787,.T.);
#7787 = LINE('',#7788,#7789);
#7788 = CARTESIAN_POINT('',(0.301572819396,-2.491959109512,
    1.145025655985));
#7789 = VECTOR('',#7790,1.);
#7790 = DIRECTION('',(0.,0.998629534755,-5.233595624292E-02));
#7791 = ORIENTED_EDGE('',*,*,#3093,.F.);
#7792 = B_SPLINE_SURFACE_WITH_KNOTS('',3,1,(
    (#7793,#7794)
    ,(#7795,#7796)
    ,(#7797,#7798)
    ,(#7799,#7800
    )),.UNSPECIFIED.,.F.,.F.,.F.,(4,4),(2,2),(17.,18.),(0.,1.),
  .PIECEWISE_BEZIER_KNOTS.);
#7793 = CARTESIAN_POINT('',(0.282467284603,-2.493876390418,
    1.108441756942));
#7794 = CARTESIAN_POINT('',(0.282467284603,-2.483890103914,
    1.107918397843));
#7795 = CARTESIAN_POINT('',(0.295204307798,-2.493412941722,
    1.117284884858));
#7796 = CARTESIAN_POINT('',(0.295204307798,-2.483426655218,
    1.116761525759));
#7797 = CARTESIAN_POINT('',(0.301572819396,-2.492771731883,1.12951989745
    ));
#7798 = CARTESIAN_POINT('',(0.301572819396,-2.482785445378,
    1.128996538351));
#7799 = CARTESIAN_POINT('',(0.301572819396,-2.491959109512,
    1.145025655985));
#7800 = CARTESIAN_POINT('',(0.301572819396,-2.481972823007,
    1.144502296886));
#7801 = ADVANCED_FACE('',(#7802),#7821,.F.);
#7802 = FACE_BOUND('',#7803,.F.);
#7803 = EDGE_LOOP('',(#7804,#7805,#7814,#7820));
#7804 = ORIENTED_EDGE('',*,*,#7786,.F.);
#7805 = ORIENTED_EDGE('',*,*,#7806,.T.);
#7806 = EDGE_CURVE('',#7778,#7807,#7809,.T.);
#7807 = VERTEX_POINT('',#7808);
#7808 = CARTESIAN_POINT('',(0.291625810805,-2.490492580077,
    1.173008704591));
#7809 = B_SPLINE_CURVE_WITH_KNOTS('',3,(#7810,#7811,#7812,#7813),
  .UNSPECIFIED.,.F.,.F.,(4,4),(16.,17.),.PIECEWISE_BEZIER_KNOTS.);
#7810 = CARTESIAN_POINT('',(0.301572819396,-2.491959109512,
    1.145025655985));
#7811 = CARTESIAN_POINT('',(0.301572819396,-2.491375037183,
    1.156170419932));
#7812 = CARTESIAN_POINT('',(0.298236932368,-2.490886194038,
    1.165498102801));
#7813 = CARTESIAN_POINT('',(0.291625810805,-2.490492580077,
    1.173008704591));
#7814 = ORIENTED_EDGE('',*,*,#7815,.T.);
#7815 = EDGE_CURVE('',#7807,#3076,#7816,.T.);
#7816 = LINE('',#7817,#7818);
#7817 = CARTESIAN_POINT('',(0.291625810805,-2.490492580077,
    1.173008704591));
#7818 = VECTOR('',#7819,1.);
#7819 = DIRECTION('',(0.,0.998629534755,-5.233595624292E-02));
#7820 = ORIENTED_EDGE('',*,*,#3084,.F.);
#7821 = B_SPLINE_SURFACE_WITH_KNOTS('',3,1,(
    (#7822,#7823)
    ,(#7824,#7825)
    ,(#7826,#7827)
    ,(#7828,#7829
    )),.UNSPECIFIED.,.F.,.F.,.F.,(4,4),(2,2),(16.,17.),(0.,1.),
  .PIECEWISE_BEZIER_KNOTS.);
#7822 = CARTESIAN_POINT('',(0.301572819396,-2.491959109512,
    1.145025655985));
#7823 = CARTESIAN_POINT('',(0.301572819396,-2.481972823007,
    1.144502296886));
#7824 = CARTESIAN_POINT('',(0.301572819396,-2.491375037183,
    1.156170419932));
#7825 = CARTESIAN_POINT('',(0.301572819396,-2.481388750678,
    1.155647060833));
#7826 = CARTESIAN_POINT('',(0.298236932368,-2.490886194038,
    1.165498102801));
#7827 = CARTESIAN_POINT('',(0.298236932368,-2.480899907533,
    1.164974743702));
#7828 = CARTESIAN_POINT('',(0.291625810805,-2.490492580077,
    1.173008704591));
#7829 = CARTESIAN_POINT('',(0.291625810805,-2.480506293572,
    1.172485345492));
#7830 = ADVANCED_FACE('',(#7831),#7850,.F.);
#7831 = FACE_BOUND('',#7832,.F.);
#7832 = EDGE_LOOP('',(#7833,#7834,#7843,#7849));
#7833 = ORIENTED_EDGE('',*,*,#7815,.F.);
#7834 = ORIENTED_EDGE('',*,*,#7835,.T.);
#7835 = EDGE_CURVE('',#7807,#7836,#7838,.T.);
#7836 = VERTEX_POINT('',#7837);
#7837 = CARTESIAN_POINT('',(0.253293436236,-2.489343481255,
    1.194934816268));
#7838 = B_SPLINE_CURVE_WITH_KNOTS('',3,(#7839,#7840,#7841,#7842),
  .UNSPECIFIED.,.F.,.F.,(4,4),(15.,16.),.PIECEWISE_BEZIER_KNOTS.);
#7839 = CARTESIAN_POINT('',(0.291625810805,-2.490492580077,
    1.173008704591));
#7840 = CARTESIAN_POINT('',(0.284954036751,-2.490098966116,
    1.180519306381));
#7841 = CARTESIAN_POINT('',(0.272217013555,-2.489711700767,
    1.187908769432));
#7842 = CARTESIAN_POINT('',(0.253293436236,-2.489343481255,
    1.194934816268));
#7843 = ORIENTED_EDGE('',*,*,#7844,.T.);
#7844 = EDGE_CURVE('',#7836,#3067,#7845,.T.);
#7845 = LINE('',#7846,#7847);
#7846 = CARTESIAN_POINT('',(0.253293436236,-2.489343481255,
    1.194934816268));
#7847 = VECTOR('',#7848,1.);
#7848 = DIRECTION('',(0.,0.998629534755,-5.233595624292E-02));
#7849 = ORIENTED_EDGE('',*,*,#3075,.F.);
#7850 = B_SPLINE_SURFACE_WITH_KNOTS('',3,1,(
    (#7851,#7852)
    ,(#7853,#7854)
    ,(#7855,#7856)
    ,(#7857,#7858
    )),.UNSPECIFIED.,.F.,.F.,.F.,(4,4),(2,2),(15.,16.),(0.,1.),
  .PIECEWISE_BEZIER_KNOTS.);
#7851 = CARTESIAN_POINT('',(0.291625810805,-2.490492580077,
    1.173008704591));
#7852 = CARTESIAN_POINT('',(0.291625810805,-2.480506293572,
    1.172485345492));
#7853 = CARTESIAN_POINT('',(0.284954036751,-2.490098966116,
    1.180519306381));
#7854 = CARTESIAN_POINT('',(0.284954036751,-2.480112679612,
    1.179995947282));
#7855 = CARTESIAN_POINT('',(0.272217013555,-2.489711700767,
    1.187908769432));
#7856 = CARTESIAN_POINT('',(0.272217013555,-2.479725414263,
    1.187385410333));
#7857 = CARTESIAN_POINT('',(0.253293436236,-2.489343481255,
    1.194934816268));
#7858 = CARTESIAN_POINT('',(0.253293436236,-2.479357194751,
    1.194411457169));
#7859 = ADVANCED_FACE('',(#7860),#7879,.F.);
#7860 = FACE_BOUND('',#7861,.F.);
#7861 = EDGE_LOOP('',(#7862,#7863,#7872,#7878));
#7862 = ORIENTED_EDGE('',*,*,#7844,.F.);
#7863 = ORIENTED_EDGE('',*,*,#7864,.T.);
#7864 = EDGE_CURVE('',#7836,#7865,#7867,.T.);
#7865 = VERTEX_POINT('',#7866);
#7866 = CARTESIAN_POINT('',(0.224422850326,-2.488581647783,
    1.209471464895));
#7867 = B_SPLINE_CURVE_WITH_KNOTS('',3,(#7868,#7869,#7870,#7871),
  .UNSPECIFIED.,.F.,.F.,(4,4),(14.,15.),.PIECEWISE_BEZIER_KNOTS.);
#7868 = CARTESIAN_POINT('',(0.253293436236,-2.489343481255,
    1.194934816268));
#7869 = CARTESIAN_POINT('',(0.23837292335,-2.489038747866,1.200749475718
    ));
#7870 = CARTESIAN_POINT('',(0.228789829708,-2.488784803375,
    1.205595025261));
#7871 = CARTESIAN_POINT('',(0.224422850326,-2.488581647783,
    1.209471464895));
#7872 = ORIENTED_EDGE('',*,*,#7873,.T.);
#7873 = EDGE_CURVE('',#7865,#3058,#7874,.T.);
#7874 = LINE('',#7875,#7876);
#7875 = CARTESIAN_POINT('',(0.224422850326,-2.488581647783,
    1.209471464895));
#7876 = VECTOR('',#7877,1.);
#7877 = DIRECTION('',(0.,0.998629534755,-5.233595624292E-02));
#7878 = ORIENTED_EDGE('',*,*,#3066,.F.);
#7879 = B_SPLINE_SURFACE_WITH_KNOTS('',3,1,(
    (#7880,#7881)
    ,(#7882,#7883)
    ,(#7884,#7885)
    ,(#7886,#7887
    )),.UNSPECIFIED.,.F.,.F.,.F.,(4,4),(2,2),(14.,15.),(0.,1.),
  .PIECEWISE_BEZIER_KNOTS.);
#7880 = CARTESIAN_POINT('',(0.253293436236,-2.489343481255,
    1.194934816268));
#7881 = CARTESIAN_POINT('',(0.253293436236,-2.479357194751,
    1.194411457169));
#7882 = CARTESIAN_POINT('',(0.23837292335,-2.489038747866,1.200749475718
    ));
#7883 = CARTESIAN_POINT('',(0.23837292335,-2.479052461362,1.200226116619
    ));
#7884 = CARTESIAN_POINT('',(0.228789829708,-2.488784803375,
    1.205595025261));
#7885 = CARTESIAN_POINT('',(0.228789829708,-2.478798516871,
    1.205071666162));
#7886 = CARTESIAN_POINT('',(0.224422850326,-2.488581647783,
    1.209471464895));
#7887 = CARTESIAN_POINT('',(0.224422850326,-2.478595361278,
    1.208948105796));
#7888 = ADVANCED_FACE('',(#7889),#7908,.F.);
#7889 = FACE_BOUND('',#7890,.F.);
#7890 = EDGE_LOOP('',(#7891,#7892,#7901,#7907));
#7891 = ORIENTED_EDGE('',*,*,#7873,.F.);
#7892 = ORIENTED_EDGE('',*,*,#7893,.T.);
#7893 = EDGE_CURVE('',#7865,#7894,#7896,.T.);
#7894 = VERTEX_POINT('',#7895);
#7895 = CARTESIAN_POINT('',(0.217933033745,-2.487756328187,
    1.225219500907));
#7896 = B_SPLINE_CURVE_WITH_KNOTS('',3,(#7897,#7898,#7899,#7900),
  .UNSPECIFIED.,.F.,.F.,(4,4),(13.,14.),.PIECEWISE_BEZIER_KNOTS.);
#7897 = CARTESIAN_POINT('',(0.224422850326,-2.488581647783,
    1.209471464895));
#7898 = CARTESIAN_POINT('',(0.220116523436,-2.488384840802,
    1.213226765789));
#7899 = CARTESIAN_POINT('',(0.217933033745,-2.488111850474,
    1.218435731548));
#7900 = CARTESIAN_POINT('',(0.217933033745,-2.487756328187,
    1.225219500907));
#7901 = ORIENTED_EDGE('',*,*,#7902,.T.);
#7902 = EDGE_CURVE('',#7894,#3049,#7903,.T.);
#7903 = LINE('',#7904,#7905);
#7904 = CARTESIAN_POINT('',(0.217933033745,-2.487756328187,
    1.225219500907));
#7905 = VECTOR('',#7906,1.);
#7906 = DIRECTION('',(0.,0.998629534755,-5.233595624292E-02));
#7907 = ORIENTED_EDGE('',*,*,#3057,.F.);
#7908 = B_SPLINE_SURFACE_WITH_KNOTS('',3,1,(
    (#7909,#7910)
    ,(#7911,#7912)
    ,(#7913,#7914)
    ,(#7915,#7916
    )),.UNSPECIFIED.,.F.,.F.,.F.,(4,4),(2,2),(13.,14.),(0.,1.),
  .PIECEWISE_BEZIER_KNOTS.);
#7909 = CARTESIAN_POINT('',(0.224422850326,-2.488581647783,
    1.209471464895));
#7910 = CARTESIAN_POINT('',(0.224422850326,-2.478595361278,
    1.208948105796));
#7911 = CARTESIAN_POINT('',(0.220116523436,-2.488384840802,
    1.213226765789));
#7912 = CARTESIAN_POINT('',(0.220116523436,-2.478398554298,1.21270340669
    ));
#7913 = CARTESIAN_POINT('',(0.217933033745,-2.488111850474,
    1.218435731548));
#7914 = CARTESIAN_POINT('',(0.217933033745,-2.47812556397,1.217912372449
    ));
#7915 = CARTESIAN_POINT('',(0.217933033745,-2.487756328187,
    1.225219500907));
#7916 = CARTESIAN_POINT('',(0.217933033745,-2.477770041683,
    1.224696141808));
#7917 = ADVANCED_FACE('',(#7918),#7937,.F.);
#7918 = FACE_BOUND('',#7919,.F.);
#7919 = EDGE_LOOP('',(#7920,#7921,#7930,#7936));
#7920 = ORIENTED_EDGE('',*,*,#7902,.F.);
#7921 = ORIENTED_EDGE('',*,*,#7922,.T.);
#7922 = EDGE_CURVE('',#7894,#7923,#7925,.T.);
#7923 = VERTEX_POINT('',#7924);
#7924 = CARTESIAN_POINT('',(0.226970254965,-2.486892916918,
    1.241694369349));
#7925 = B_SPLINE_CURVE_WITH_KNOTS('',3,(#7926,#7927,#7928,#7929),
  .UNSPECIFIED.,.F.,.F.,(4,4),(12.,13.),.PIECEWISE_BEZIER_KNOTS.);
#7926 = CARTESIAN_POINT('',(0.217933033745,-2.487756328187,
    1.225219500907));
#7927 = CARTESIAN_POINT('',(0.217933033745,-2.4874008059,1.232003270265)
  );
#7928 = CARTESIAN_POINT('',(0.220965658316,-2.487108769735,
    1.237575652238));
#7929 = CARTESIAN_POINT('',(0.226970254965,-2.486892916918,
    1.241694369349));
#7930 = ORIENTED_EDGE('',*,*,#7931,.T.);
#7931 = EDGE_CURVE('',#7923,#3040,#7932,.T.);
#7932 = LINE('',#7933,#7934);
#7933 = CARTESIAN_POINT('',(0.226970254965,-2.486892916918,
    1.241694369349));
#7934 = VECTOR('',#7935,1.);
#7935 = DIRECTION('',(0.,0.998629534755,-5.233595624292E-02));
#7936 = ORIENTED_EDGE('',*,*,#3048,.F.);
#7937 = B_SPLINE_SURFACE_WITH_KNOTS('',3,1,(
    (#7938,#7939)
    ,(#7940,#7941)
    ,(#7942,#7943)
    ,(#7944,#7945
    )),.UNSPECIFIED.,.F.,.F.,.F.,(4,4),(2,2),(12.,13.),(0.,1.),
  .PIECEWISE_BEZIER_KNOTS.);
#7938 = CARTESIAN_POINT('',(0.217933033745,-2.487756328187,
    1.225219500907));
#7939 = CARTESIAN_POINT('',(0.217933033745,-2.477770041683,
    1.224696141808));
#7940 = CARTESIAN_POINT('',(0.217933033745,-2.4874008059,1.232003270265)
  );
#7941 = CARTESIAN_POINT('',(0.217933033745,-2.477414519396,
    1.231479911166));
#7942 = CARTESIAN_POINT('',(0.220965658316,-2.487108769735,
    1.237575652238));
#7943 = CARTESIAN_POINT('',(0.220965658316,-2.477122483231,
    1.237052293139));
#7944 = CARTESIAN_POINT('',(0.226970254965,-2.486892916918,
    1.241694369349));
#7945 = CARTESIAN_POINT('',(0.226970254965,-2.476906630414,1.24117101025
    ));
#7946 = ADVANCED_FACE('',(#7947),#7966,.F.);
#7947 = FACE_BOUND('',#7948,.F.);
#7948 = EDGE_LOOP('',(#7949,#7950,#7959,#7965));
#7949 = ORIENTED_EDGE('',*,*,#7931,.F.);
#7950 = ORIENTED_EDGE('',*,*,#7951,.T.);
#7951 = EDGE_CURVE('',#7923,#7952,#7954,.T.);
#7952 = VERTEX_POINT('',#7953);
#7953 = CARTESIAN_POINT('',(0.250382116648,-2.48656278908,1.247993583755
    ));
#7954 = B_SPLINE_CURVE_WITH_KNOTS('',3,(#7955,#7956,#7957,#7958),
  .UNSPECIFIED.,.F.,.F.,(4,4),(11.,12.),.PIECEWISE_BEZIER_KNOTS.);
#7955 = CARTESIAN_POINT('',(0.226970254965,-2.486892916918,
    1.241694369349));
#7956 = CARTESIAN_POINT('',(0.232974851614,-2.486670715489,
    1.245934225198));
#7957 = CARTESIAN_POINT('',(0.240799023006,-2.48656278908,1.247993583755
    ));
#7958 = CARTESIAN_POINT('',(0.250382116648,-2.48656278908,1.247993583755
    ));
#7959 = ORIENTED_EDGE('',*,*,#7960,.T.);
#7960 = EDGE_CURVE('',#7952,#3031,#7961,.T.);
#7961 = LINE('',#7962,#7963);
#7962 = CARTESIAN_POINT('',(0.250382116648,-2.48656278908,1.247993583755
    ));
#7963 = VECTOR('',#7964,1.);
#7964 = DIRECTION('',(0.,0.998629534755,-5.233595624292E-02));
#7965 = ORIENTED_EDGE('',*,*,#3039,.F.);
#7966 = B_SPLINE_SURFACE_WITH_KNOTS('',3,1,(
    (#7967,#7968)
    ,(#7969,#7970)
    ,(#7971,#7972)
    ,(#7973,#7974
    )),.UNSPECIFIED.,.F.,.F.,.F.,(4,4),(2,2),(11.,12.),(0.,1.),
  .PIECEWISE_BEZIER_KNOTS.);
#7967 = CARTESIAN_POINT('',(0.226970254965,-2.486892916918,
    1.241694369349));
#7968 = CARTESIAN_POINT('',(0.226970254965,-2.476906630414,1.24117101025
    ));
#7969 = CARTESIAN_POINT('',(0.232974851614,-2.486670715489,
    1.245934225198));
#7970 = CARTESIAN_POINT('',(0.232974851614,-2.476684428984,
    1.245410866099));
#7971 = CARTESIAN_POINT('',(0.240799023006,-2.48656278908,1.247993583755
    ));
#7972 = CARTESIAN_POINT('',(0.240799023006,-2.476576502576,
    1.247470224656));
#7973 = CARTESIAN_POINT('',(0.250382116648,-2.48656278908,1.247993583755
    ));
#7974 = CARTESIAN_POINT('',(0.250382116648,-2.476576502576,
    1.247470224656));
#7975 = ADVANCED_FACE('',(#7976),#7995,.F.);
#7976 = FACE_BOUND('',#7977,.F.);
#7977 = EDGE_LOOP('',(#7978,#7979,#7988,#7994));
#7978 = ORIENTED_EDGE('',*,*,#7960,.F.);
#7979 = ORIENTED_EDGE('',*,*,#7980,.T.);
#7980 = EDGE_CURVE('',#7952,#7981,#7983,.T.);
#7981 = VERTEX_POINT('',#7982);
#7982 = CARTESIAN_POINT('',(0.293445385548,-2.487203998919,1.23575857116
    ));
#7983 = B_SPLINE_CURVE_WITH_KNOTS('',3,(#7984,#7985,#7986,#7987),
  .UNSPECIFIED.,.F.,.F.,(4,4),(10.,11.),.PIECEWISE_BEZIER_KNOTS.);
#7984 = CARTESIAN_POINT('',(0.250382116648,-2.48656278908,1.247993583755
    ));
#7985 = CARTESIAN_POINT('',(0.266455026872,-2.48656278908,1.247993583755
    ));
#7986 = CARTESIAN_POINT('',(0.280769014844,-2.486778641897,
    1.243874866644));
#7987 = CARTESIAN_POINT('',(0.293445385548,-2.487203998919,1.23575857116
    ));
#7988 = ORIENTED_EDGE('',*,*,#7989,.T.);
#7989 = EDGE_CURVE('',#7981,#3023,#7990,.T.);
#7990 = LINE('',#7991,#7992);
#7991 = CARTESIAN_POINT('',(0.293445385548,-2.487203998919,1.23575857116
    ));
#7992 = VECTOR('',#7993,1.);
#7993 = DIRECTION('',(0.,0.998629534755,-5.233595624292E-02));
#7994 = ORIENTED_EDGE('',*,*,#3030,.F.);
#7995 = B_SPLINE_SURFACE_WITH_KNOTS('',3,1,(
    (#7996,#7997)
    ,(#7998,#7999)
    ,(#8000,#8001)
    ,(#8002,#8003
    )),.UNSPECIFIED.,.F.,.F.,.F.,(4,4),(2,2),(10.,11.),(0.,1.),
  .PIECEWISE_BEZIER_KNOTS.);
#7996 = CARTESIAN_POINT('',(0.250382116648,-2.48656278908,1.247993583755
    ));
#7997 = CARTESIAN_POINT('',(0.250382116648,-2.476576502576,
    1.247470224656));
#7998 = CARTESIAN_POINT('',(0.266455026872,-2.48656278908,1.247993583755
    ));
#7999 = CARTESIAN_POINT('',(0.266455026872,-2.476576502576,
    1.247470224656));
#8000 = CARTESIAN_POINT('',(0.280769014844,-2.486778641897,
    1.243874866644));
#8001 = CARTESIAN_POINT('',(0.280769014844,-2.476792355393,
    1.243351507545));
#8002 = CARTESIAN_POINT('',(0.293445385548,-2.487203998919,1.23575857116
    ));
#8003 = CARTESIAN_POINT('',(0.293445385548,-2.477217712415,
    1.235235212061));
#8004 = ADVANCED_FACE('',(#8005),#8023,.F.);
#8005 = FACE_BOUND('',#8006,.T.);
#8006 = EDGE_LOOP('',(#8007,#8008,#8016,#8022));
#8007 = ORIENTED_EDGE('',*,*,#3022,.T.);
#8008 = ORIENTED_EDGE('',*,*,#8009,.F.);
#8009 = EDGE_CURVE('',#8010,#3014,#8012,.T.);
#8010 = VERTEX_POINT('',#8011);
#8011 = CARTESIAN_POINT('',(0.293445385548,-2.485693029199,
    1.264589590935));
#8012 = LINE('',#8013,#8014);
#8013 = CARTESIAN_POINT('',(0.293445385548,-2.485693029199,
    1.264589590935));
#8014 = VECTOR('',#8015,1.);
#8015 = DIRECTION('',(0.,0.998629534755,-5.233595624292E-02));
#8016 = ORIENTED_EDGE('',*,*,#8017,.F.);
#8017 = EDGE_CURVE('',#7981,#8010,#8018,.T.);
#8018 = LINE('',#8019,#8020);
#8019 = CARTESIAN_POINT('',(0.293445385548,-2.485693029199,
    1.264589590935));
#8020 = VECTOR('',#8021,1.);
#8021 = DIRECTION('',(0.,5.233595624292E-02,0.998629534755));
#8022 = ORIENTED_EDGE('',*,*,#7989,.T.);
#8023 = PLANE('',#8024);
#8024 = AXIS2_PLACEMENT_3D('',#8025,#8026,#8027);
#8025 = CARTESIAN_POINT('',(0.293445385548,-2.485693029199,
    1.264589590935));
#8026 = DIRECTION('',(-1.,0.,0.));
#8027 = DIRECTION('',(0.,0.,1.));
#8028 = ADVANCED_FACE('',(#8029),#8048,.F.);
#8029 = FACE_BOUND('',#8030,.F.);
#8030 = EDGE_LOOP('',(#8031,#8032,#8041,#8047));
#8031 = ORIENTED_EDGE('',*,*,#8009,.F.);
#8032 = ORIENTED_EDGE('',*,*,#8033,.T.);
#8033 = EDGE_CURVE('',#8010,#8034,#8036,.T.);
#8034 = VERTEX_POINT('',#8035);
#8035 = CARTESIAN_POINT('',(0.253293436236,-2.485299415238,
    1.272100192726));
#8036 = B_SPLINE_CURVE_WITH_KNOTS('',3,(#8037,#8038,#8039,#8040),
  .UNSPECIFIED.,.F.,.F.,(4,4),(8.,9.),.PIECEWISE_BEZIER_KNOTS.);
#8037 = CARTESIAN_POINT('',(0.293445385548,-2.485693029199,
    1.264589590935));
#8038 = CARTESIAN_POINT('',(0.2810722773,-2.485426387483,1.269677417955)
  );
#8039 = CARTESIAN_POINT('',(0.26772872919,-2.485299415238,1.272100192726
    ));
#8040 = CARTESIAN_POINT('',(0.253293436236,-2.485299415238,
    1.272100192726));
#8041 = ORIENTED_EDGE('',*,*,#8042,.T.);
#8042 = EDGE_CURVE('',#8034,#3005,#8043,.T.);
#8043 = LINE('',#8044,#8045);
#8044 = CARTESIAN_POINT('',(0.253293436236,-2.485299415238,
    1.272100192726));
#8045 = VECTOR('',#8046,1.);
#8046 = DIRECTION('',(0.,0.998629534755,-5.233595624292E-02));
#8047 = ORIENTED_EDGE('',*,*,#3013,.F.);
#8048 = B_SPLINE_SURFACE_WITH_KNOTS('',3,1,(
    (#8049,#8050)
    ,(#8051,#8052)
    ,(#8053,#8054)
    ,(#8055,#8056
    )),.UNSPECIFIED.,.F.,.F.,.F.,(4,4),(2,2),(8.,9.),(0.,1.),
  .PIECEWISE_BEZIER_KNOTS.);
#8049 = CARTESIAN_POINT('',(0.293445385548,-2.485693029199,
    1.264589590935));
#8050 = CARTESIAN_POINT('',(0.293445385548,-2.475706742694,
    1.264066231836));
#8051 = CARTESIAN_POINT('',(0.2810722773,-2.485426387483,1.269677417955)
  );
#8052 = CARTESIAN_POINT('',(0.2810722773,-2.475440100979,1.269154058856)
  );
#8053 = CARTESIAN_POINT('',(0.26772872919,-2.485299415238,1.272100192726
    ));
#8054 = CARTESIAN_POINT('',(0.26772872919,-2.475313128733,1.271576833627
    ));
#8055 = CARTESIAN_POINT('',(0.253293436236,-2.485299415238,
    1.272100192726));
#8056 = CARTESIAN_POINT('',(0.253293436236,-2.475313128733,
    1.271576833627));
#8057 = ADVANCED_FACE('',(#8058),#8077,.F.);
#8058 = FACE_BOUND('',#8059,.F.);
#8059 = EDGE_LOOP('',(#8060,#8061,#8070,#8076));
#8060 = ORIENTED_EDGE('',*,*,#8042,.F.);
#8061 = ORIENTED_EDGE('',*,*,#8062,.T.);
#8062 = EDGE_CURVE('',#8034,#8063,#8065,.T.);
#8063 = VERTEX_POINT('',#8064);
#8064 = CARTESIAN_POINT('',(0.206348407887,-2.4860041112,1.258653792746)
  );
#8065 = B_SPLINE_CURVE_WITH_KNOTS('',3,(#8066,#8067,#8068,#8069),
  .UNSPECIFIED.,.F.,.F.,(4,4),(7.,8.),.PIECEWISE_BEZIER_KNOTS.);
#8066 = CARTESIAN_POINT('',(0.253293436236,-2.485299415238,
    1.272100192726));
#8067 = CARTESIAN_POINT('',(0.234733773865,-2.485299415238,
    1.272100192726));
#8068 = CARTESIAN_POINT('',(0.219085431082,-2.485534313892,1.2676180594)
  );
#8069 = CARTESIAN_POINT('',(0.206348407887,-2.4860041112,1.258653792746)
  );
#8070 = ORIENTED_EDGE('',*,*,#8071,.T.);
#8071 = EDGE_CURVE('',#8063,#2996,#8072,.T.);
#8072 = LINE('',#8073,#8074);
#8073 = CARTESIAN_POINT('',(0.206348407887,-2.4860041112,1.258653792746)
  );
#8074 = VECTOR('',#8075,1.);
#8075 = DIRECTION('',(0.,0.998629534755,-5.233595624292E-02));
#8076 = ORIENTED_EDGE('',*,*,#3004,.F.);
#8077 = B_SPLINE_SURFACE_WITH_KNOTS('',3,1,(
    (#8078,#8079)
    ,(#8080,#8081)
    ,(#8082,#8083)
    ,(#8084,#8085
    )),.UNSPECIFIED.,.F.,.F.,.F.,(4,4),(2,2),(7.,8.),(0.,1.),
  .PIECEWISE_BEZIER_KNOTS.);
#8078 = CARTESIAN_POINT('',(0.253293436236,-2.485299415238,
    1.272100192726));
#8079 = CARTESIAN_POINT('',(0.253293436236,-2.475313128733,
    1.271576833627));
#8080 = CARTESIAN_POINT('',(0.234733773865,-2.485299415238,
    1.272100192726));
#8081 = CARTESIAN_POINT('',(0.234733773865,-2.475313128733,
    1.271576833627));
#8082 = CARTESIAN_POINT('',(0.219085431082,-2.485534313892,1.2676180594)
  );
#8083 = CARTESIAN_POINT('',(0.219085431082,-2.475548027388,
    1.267094700301));
#8084 = CARTESIAN_POINT('',(0.206348407887,-2.4860041112,1.258653792746)
  );
#8085 = CARTESIAN_POINT('',(0.206348407887,-2.476017824696,
    1.258130433647));
#8086 = ADVANCED_FACE('',(#8087),#8106,.F.);
#8087 = FACE_BOUND('',#8088,.F.);
#8088 = EDGE_LOOP('',(#8089,#8090,#8099,#8105));
#8089 = ORIENTED_EDGE('',*,*,#8071,.F.);
#8090 = ORIENTED_EDGE('',*,*,#8091,.T.);
#8091 = EDGE_CURVE('',#8063,#8092,#8094,.T.);
#8092 = VERTEX_POINT('',#8093);
#8093 = CARTESIAN_POINT('',(0.187303525585,-2.487895997657,
    1.222554448659));
#8094 = B_SPLINE_CURVE_WITH_KNOTS('',3,(#8095,#8096,#8097,#8098),
  .UNSPECIFIED.,.F.,.F.,(4,4),(6.,7.),.PIECEWISE_BEZIER_KNOTS.);
#8095 = CARTESIAN_POINT('',(0.206348407887,-2.4860041112,1.258653792746)
  );
#8096 = CARTESIAN_POINT('',(0.193672037182,-2.48648025712,1.249568387356
    ));
#8097 = CARTESIAN_POINT('',(0.187303525585,-2.487108769735,
    1.237575652238));
#8098 = CARTESIAN_POINT('',(0.187303525585,-2.487895997657,
    1.222554448659));
#8099 = ORIENTED_EDGE('',*,*,#8100,.T.);
#8100 = EDGE_CURVE('',#8092,#2987,#8101,.T.);
#8101 = LINE('',#8102,#8103);
#8102 = CARTESIAN_POINT('',(0.187303525585,-2.487895997657,
    1.222554448659));
#8103 = VECTOR('',#8104,1.);
#8104 = DIRECTION('',(0.,0.998629534755,-5.233595624292E-02));
#8105 = ORIENTED_EDGE('',*,*,#2995,.F.);
#8106 = B_SPLINE_SURFACE_WITH_KNOTS('',3,1,(
    (#8107,#8108)
    ,(#8109,#8110)
    ,(#8111,#8112)
    ,(#8113,#8114
    )),.UNSPECIFIED.,.F.,.F.,.F.,(4,4),(2,2),(6.,7.),(0.,1.),
  .PIECEWISE_BEZIER_KNOTS.);
#8107 = CARTESIAN_POINT('',(0.206348407887,-2.4860041112,1.258653792746)
  );
#8108 = CARTESIAN_POINT('',(0.206348407887,-2.476017824696,
    1.258130433647));
#8109 = CARTESIAN_POINT('',(0.193672037182,-2.48648025712,1.249568387356
    ));
#8110 = CARTESIAN_POINT('',(0.193672037182,-2.476493970616,
    1.249045028257));
#8111 = CARTESIAN_POINT('',(0.187303525585,-2.487108769735,
    1.237575652238));
#8112 = CARTESIAN_POINT('',(0.187303525585,-2.477122483231,
    1.237052293139));
#8113 = CARTESIAN_POINT('',(0.187303525585,-2.487895997657,
    1.222554448659));
#8114 = CARTESIAN_POINT('',(0.187303525585,-2.477909711153,1.22203108956
    ));
#8115 = ADVANCED_FACE('',(#8116),#8135,.F.);
#8116 = FACE_BOUND('',#8117,.F.);
#8117 = EDGE_LOOP('',(#8118,#8119,#8128,#8134));
#8118 = ORIENTED_EDGE('',*,*,#8100,.F.);
#8119 = ORIENTED_EDGE('',*,*,#8120,.T.);
#8120 = EDGE_CURVE('',#8092,#8121,#8123,.T.);
#8121 = VERTEX_POINT('',#8122);
#8122 = CARTESIAN_POINT('',(0.19573422189,-2.489299040969,1.195782787439
    ));
#8123 = B_SPLINE_CURVE_WITH_KNOTS('',3,(#8124,#8125,#8126,#8127),
  .UNSPECIFIED.,.F.,.F.,(4,4),(5.,6.),.PIECEWISE_BEZIER_KNOTS.);
#8124 = CARTESIAN_POINT('',(0.187303525585,-2.487895997657,
    1.222554448659));
#8125 = CARTESIAN_POINT('',(0.187303525585,-2.488441978313,
    1.212136517142));
#8126 = CARTESIAN_POINT('',(0.190093540189,-2.488911775621,1.20317225049
    ));
#8127 = CARTESIAN_POINT('',(0.19573422189,-2.489299040969,1.195782787439
    ));
#8128 = ORIENTED_EDGE('',*,*,#8129,.T.);
#8129 = EDGE_CURVE('',#8121,#2978,#8130,.T.);
#8130 = LINE('',#8131,#8132);
#8131 = CARTESIAN_POINT('',(0.19573422189,-2.489299040969,1.195782787439
    ));
#8132 = VECTOR('',#8133,1.);
#8133 = DIRECTION('',(0.,0.998629534755,-5.233595624292E-02));
#8134 = ORIENTED_EDGE('',*,*,#2986,.F.);
#8135 = B_SPLINE_SURFACE_WITH_KNOTS('',3,1,(
    (#8136,#8137)
    ,(#8138,#8139)
    ,(#8140,#8141)
    ,(#8142,#8143
    )),.UNSPECIFIED.,.F.,.F.,.F.,(4,4),(2,2),(5.,6.),(0.,1.),
  .PIECEWISE_BEZIER_KNOTS.);
#8136 = CARTESIAN_POINT('',(0.187303525585,-2.487895997657,
    1.222554448659));
#8137 = CARTESIAN_POINT('',(0.187303525585,-2.477909711153,1.22203108956
    ));
#8138 = CARTESIAN_POINT('',(0.187303525585,-2.488441978313,
    1.212136517142));
#8139 = CARTESIAN_POINT('',(0.187303525585,-2.478455691808,
    1.211613158043));
#8140 = CARTESIAN_POINT('',(0.190093540189,-2.488911775621,1.20317225049
    ));
#8141 = CARTESIAN_POINT('',(0.190093540189,-2.478925489117,
    1.202648891391));
#8142 = CARTESIAN_POINT('',(0.19573422189,-2.489299040969,1.195782787439
    ));
#8143 = CARTESIAN_POINT('',(0.19573422189,-2.479312754465,1.19525942834)
  );
#8144 = ADVANCED_FACE('',(#8145),#8164,.F.);
#8145 = FACE_BOUND('',#8146,.F.);
#8146 = EDGE_LOOP('',(#8147,#8148,#8157,#8163));
#8147 = ORIENTED_EDGE('',*,*,#8129,.F.);
#8148 = ORIENTED_EDGE('',*,*,#8149,.T.);
#8149 = EDGE_CURVE('',#8121,#8150,#8152,.T.);
#8150 = VERTEX_POINT('',#8151);
#8151 = CARTESIAN_POINT('',(0.232307674209,-2.49047353424,1.173372120806
    ));
#8152 = B_SPLINE_CURVE_WITH_KNOTS('',3,(#8153,#8154,#8155,#8156),
  .UNSPECIFIED.,.F.,.F.,(4,4),(4.,5.),.PIECEWISE_BEZIER_KNOTS.);
#8153 = CARTESIAN_POINT('',(0.19573422189,-2.489299040969,1.195782787439
    ));
#8154 = CARTESIAN_POINT('',(0.2013142511,-2.489686306318,1.188393324387)
  );
#8155 = CARTESIAN_POINT('',(0.213566054364,-2.490079920279,
    1.180882722596));
#8156 = CARTESIAN_POINT('',(0.232307674209,-2.49047353424,1.173372120806
    ));
#8157 = ORIENTED_EDGE('',*,*,#8158,.T.);
#8158 = EDGE_CURVE('',#8150,#2969,#8159,.T.);
#8159 = LINE('',#8160,#8161);
#8160 = CARTESIAN_POINT('',(0.232307674209,-2.49047353424,1.173372120806
    ));
#8161 = VECTOR('',#8162,1.);
#8162 = DIRECTION('',(0.,0.998629534755,-5.233595624292E-02));
#8163 = ORIENTED_EDGE('',*,*,#2977,.F.);
#8164 = B_SPLINE_SURFACE_WITH_KNOTS('',3,1,(
    (#8165,#8166)
    ,(#8167,#8168)
    ,(#8169,#8170)
    ,(#8171,#8172
    )),.UNSPECIFIED.,.F.,.F.,.F.,(4,4),(2,2),(4.,5.),(0.,1.),
  .PIECEWISE_BEZIER_KNOTS.);
#8165 = CARTESIAN_POINT('',(0.19573422189,-2.489299040969,1.195782787439
    ));
#8166 = CARTESIAN_POINT('',(0.19573422189,-2.479312754465,1.19525942834)
  );
#8167 = CARTESIAN_POINT('',(0.2013142511,-2.489686306318,1.188393324387)
  );
#8168 = CARTESIAN_POINT('',(0.2013142511,-2.479700019814,1.187869965288)
  );
#8169 = CARTESIAN_POINT('',(0.213566054364,-2.490079920279,
    1.180882722596));
#8170 = CARTESIAN_POINT('',(0.213566054364,-2.480093633775,
    1.180359363497));
#8171 = CARTESIAN_POINT('',(0.232307674209,-2.49047353424,1.173372120806
    ));
#8172 = CARTESIAN_POINT('',(0.232307674209,-2.480487247736,
    1.172848761707));
#8173 = ADVANCED_FACE('',(#8174),#8193,.F.);
#8174 = FACE_BOUND('',#8175,.F.);
#8175 = EDGE_LOOP('',(#8176,#8177,#8186,#8192));
#8176 = ORIENTED_EDGE('',*,*,#8158,.F.);
#8177 = ORIENTED_EDGE('',*,*,#8178,.T.);
#8178 = EDGE_CURVE('',#8150,#8179,#8181,.T.);
#8179 = VERTEX_POINT('',#8180);
#8180 = CARTESIAN_POINT('',(0.263422402301,-2.491267110774,
    1.158229778487));
#8181 = B_SPLINE_CURVE_WITH_KNOTS('',3,(#8182,#8183,#8184,#8185),
  .UNSPECIFIED.,.F.,.F.,(4,4),(3.,4.),.PIECEWISE_BEZIER_KNOTS.);
#8182 = CARTESIAN_POINT('',(0.232307674209,-2.49047353424,1.173372120806
    ));
#8183 = CARTESIAN_POINT('',(0.247956016992,-2.490778267629,
    1.167557461356));
#8184 = CARTESIAN_POINT('',(0.258327593023,-2.491044909344,
    1.162469634336));
#8185 = CARTESIAN_POINT('',(0.263422402301,-2.491267110774,
    1.158229778487));
#8186 = ORIENTED_EDGE('',*,*,#8187,.T.);
#8187 = EDGE_CURVE('',#8179,#2960,#8188,.T.);
#8188 = LINE('',#8189,#8190);
#8189 = CARTESIAN_POINT('',(0.263422402301,-2.491267110774,
    1.158229778487));
#8190 = VECTOR('',#8191,1.);
#8191 = DIRECTION('',(0.,0.998629534755,-5.233595624292E-02));
#8192 = ORIENTED_EDGE('',*,*,#2968,.F.);
#8193 = B_SPLINE_SURFACE_WITH_KNOTS('',3,1,(
    (#8194,#8195)
    ,(#8196,#8197)
    ,(#8198,#8199)
    ,(#8200,#8201
    )),.UNSPECIFIED.,.F.,.F.,.F.,(4,4),(2,2),(3.,4.),(0.,1.),
  .PIECEWISE_BEZIER_KNOTS.);
#8194 = CARTESIAN_POINT('',(0.232307674209,-2.49047353424,1.173372120806
    ));
#8195 = CARTESIAN_POINT('',(0.232307674209,-2.480487247736,
    1.172848761707));
#8196 = CARTESIAN_POINT('',(0.247956016992,-2.490778267629,
    1.167557461356));
#8197 = CARTESIAN_POINT('',(0.247956016992,-2.480791981125,
    1.167034102257));
#8198 = CARTESIAN_POINT('',(0.258327593023,-2.491044909344,
    1.162469634336));
#8199 = CARTESIAN_POINT('',(0.258327593023,-2.48105862284,1.161946275237
    ));
#8200 = CARTESIAN_POINT('',(0.263422402301,-2.491267110774,
    1.158229778487));
#8201 = CARTESIAN_POINT('',(0.263422402301,-2.48128082427,1.157706419388
    ));
#8202 = ADVANCED_FACE('',(#8203),#8222,.F.);
#8203 = FACE_BOUND('',#8204,.F.);
#8204 = EDGE_LOOP('',(#8205,#8206,#8215,#8221));
#8205 = ORIENTED_EDGE('',*,*,#8187,.F.);
#8206 = ORIENTED_EDGE('',*,*,#8207,.T.);
#8207 = EDGE_CURVE('',#8179,#8208,#8210,.T.);
#8208 = VERTEX_POINT('',#8209);
#8209 = CARTESIAN_POINT('',(0.271064616218,-2.492111476206,1.14211832626
    ));
#8210 = B_SPLINE_CURVE_WITH_KNOTS('',3,(#8211,#8212,#8213,#8214),
  .UNSPECIFIED.,.F.,.F.,(4,4),(2.,3.),.PIECEWISE_BEZIER_KNOTS.);
#8211 = CARTESIAN_POINT('',(0.263422402301,-2.491267110774,
    1.158229778487));
#8212 = CARTESIAN_POINT('',(0.268517211579,-2.491489312203,
    1.153989922637));
#8213 = CARTESIAN_POINT('',(0.271064616218,-2.491768651143,
    1.148659818142));
#8214 = CARTESIAN_POINT('',(0.271064616218,-2.492111476206,1.14211832626
    ));
#8215 = ORIENTED_EDGE('',*,*,#8216,.T.);
#8216 = EDGE_CURVE('',#8208,#2951,#8217,.T.);
#8217 = LINE('',#8218,#8219);
#8218 = CARTESIAN_POINT('',(0.271064616218,-2.492111476206,1.14211832626
    ));
#8219 = VECTOR('',#8220,1.);
#8220 = DIRECTION('',(0.,0.998629534755,-5.233595624292E-02));
#8221 = ORIENTED_EDGE('',*,*,#2959,.F.);
#8222 = B_SPLINE_SURFACE_WITH_KNOTS('',3,1,(
    (#8223,#8224)
    ,(#8225,#8226)
    ,(#8227,#8228)
    ,(#8229,#8230
    )),.UNSPECIFIED.,.F.,.F.,.F.,(4,4),(2,2),(2.,3.),(0.,1.),
  .PIECEWISE_BEZIER_KNOTS.);
#8223 = CARTESIAN_POINT('',(0.263422402301,-2.491267110774,
    1.158229778487));
#8224 = CARTESIAN_POINT('',(0.263422402301,-2.48128082427,1.157706419388
    ));
#8225 = CARTESIAN_POINT('',(0.268517211579,-2.491489312203,
    1.153989922637));
#8226 = CARTESIAN_POINT('',(0.268517211579,-2.481503025699,
    1.153466563538));
#8227 = CARTESIAN_POINT('',(0.271064616218,-2.491768651143,
    1.148659818142));
#8228 = CARTESIAN_POINT('',(0.271064616218,-2.481782364639,
    1.148136459043));
#8229 = CARTESIAN_POINT('',(0.271064616218,-2.492111476206,1.14211832626
    ));
#8230 = CARTESIAN_POINT('',(0.271064616218,-2.482125189702,
    1.141594967161));
#8231 = ADVANCED_FACE('',(#8232),#8244,.F.);
#8232 = FACE_BOUND('',#8233,.F.);
#8233 = EDGE_LOOP('',(#8234,#8235,#8242,#8243));
#8234 = ORIENTED_EDGE('',*,*,#8216,.F.);
#8235 = ORIENTED_EDGE('',*,*,#8236,.T.);
#8236 = EDGE_CURVE('',#8208,#7659,#8237,.T.);
#8237 = B_SPLINE_CURVE_WITH_KNOTS('',3,(#8238,#8239,#8240,#8241),
  .UNSPECIFIED.,.F.,.F.,(4,4),(1.,2.),.PIECEWISE_BEZIER_KNOTS.);
#8238 = CARTESIAN_POINT('',(0.271064616218,-2.492111476206,1.14211832626
    ));
#8239 = CARTESIAN_POINT('',(0.271064616218,-2.492911401353,
    1.126854845202));
#8240 = CARTESIAN_POINT('',(0.259358685377,-2.493311363926,
    1.119223104674));
#8241 = CARTESIAN_POINT('',(0.236007476185,-2.493311363926,
    1.119223104674));
#8242 = ORIENTED_EDGE('',*,*,#7658,.T.);
#8243 = ORIENTED_EDGE('',*,*,#2950,.F.);
#8244 = B_SPLINE_SURFACE_WITH_KNOTS('',3,1,(
    (#8245,#8246)
    ,(#8247,#8248)
    ,(#8249,#8250)
    ,(#8251,#8252
    )),.UNSPECIFIED.,.F.,.F.,.F.,(4,4),(2,2),(1.,2.),(0.,1.),
  .PIECEWISE_BEZIER_KNOTS.);
#8245 = CARTESIAN_POINT('',(0.271064616218,-2.492111476206,1.14211832626
    ));
#8246 = CARTESIAN_POINT('',(0.271064616218,-2.482125189702,
    1.141594967161));
#8247 = CARTESIAN_POINT('',(0.271064616218,-2.492911401353,
    1.126854845202));
#8248 = CARTESIAN_POINT('',(0.271064616218,-2.482925114848,
    1.126331486103));
#8249 = CARTESIAN_POINT('',(0.259358685377,-2.493311363926,
    1.119223104674));
#8250 = CARTESIAN_POINT('',(0.259358685377,-2.483325077422,
    1.118699745575));
#8251 = CARTESIAN_POINT('',(0.236007476185,-2.493311363926,
    1.119223104674));
#8252 = CARTESIAN_POINT('',(0.236007476185,-2.483325077422,
    1.118699745575));
#8253 = ADVANCED_FACE('',(#8254),#8277,.F.);
#8254 = FACE_BOUND('',#8255,.T.);
#8255 = EDGE_LOOP('',(#8256,#8257,#8258,#8259,#8260,#8261,#8262,#8263,
    #8264,#8265,#8266,#8267,#8268,#8269,#8270,#8271,#8272,#8273,#8274,
    #8275,#8276));
#8256 = ORIENTED_EDGE('',*,*,#7666,.T.);
#8257 = ORIENTED_EDGE('',*,*,#7703,.T.);
#8258 = ORIENTED_EDGE('',*,*,#7719,.T.);
#8259 = ORIENTED_EDGE('',*,*,#7748,.T.);
#8260 = ORIENTED_EDGE('',*,*,#7777,.T.);
#8261 = ORIENTED_EDGE('',*,*,#7806,.T.);
#8262 = ORIENTED_EDGE('',*,*,#7835,.T.);
#8263 = ORIENTED_EDGE('',*,*,#7864,.T.);
#8264 = ORIENTED_EDGE('',*,*,#7893,.T.);
#8265 = ORIENTED_EDGE('',*,*,#7922,.T.);
#8266 = ORIENTED_EDGE('',*,*,#7951,.T.);
#8267 = ORIENTED_EDGE('',*,*,#7980,.T.);
#8268 = ORIENTED_EDGE('',*,*,#8017,.T.);
#8269 = ORIENTED_EDGE('',*,*,#8033,.T.);
#8270 = ORIENTED_EDGE('',*,*,#8062,.T.);
#8271 = ORIENTED_EDGE('',*,*,#8091,.T.);
#8272 = ORIENTED_EDGE('',*,*,#8120,.T.);
#8273 = ORIENTED_EDGE('',*,*,#8149,.T.);
#8274 = ORIENTED_EDGE('',*,*,#8178,.T.);
#8275 = ORIENTED_EDGE('',*,*,#8207,.T.);
#8276 = ORIENTED_EDGE('',*,*,#8236,.T.);
#8277 = PLANE('',#8278);
#8278 = AXIS2_PLACEMENT_3D('',#8279,#8280,#8281);
#8279 = CARTESIAN_POINT('',(0.210700224145,-2.493097098261,1.1233115371)
  );
#8280 = DIRECTION('',(-7.458544183653E-14,0.998629534755,
    -5.233595624306E-02));
#8281 = DIRECTION('',(0.,5.233595624306E-02,0.998629534755));
#8282 = ADVANCED_FACE('',(#8283),#8308,.F.);
#8283 = FACE_BOUND('',#8284,.T.);
#8284 = EDGE_LOOP('',(#8285,#8286,#8294,#8302));
#8285 = ORIENTED_EDGE('',*,*,#2804,.T.);
#8286 = ORIENTED_EDGE('',*,*,#8287,.F.);
#8287 = EDGE_CURVE('',#8288,#2807,#8290,.T.);
#8288 = VERTEX_POINT('',#8289);
#8289 = CARTESIAN_POINT('',(0.448897721026,-2.48550257083,1.268223753092
    ));
#8290 = LINE('',#8291,#8292);
#8291 = CARTESIAN_POINT('',(0.448897721026,-2.48550257083,1.268223753092
    ));
#8292 = VECTOR('',#8293,1.);
#8293 = DIRECTION('',(0.,0.998629534755,-5.233595624292E-02));
#8294 = ORIENTED_EDGE('',*,*,#8295,.F.);
#8295 = EDGE_CURVE('',#8296,#8288,#8298,.T.);
#8296 = VERTEX_POINT('',#8297);
#8297 = CARTESIAN_POINT('',(0.479709186659,-2.48550257083,1.268223753092
    ));
#8298 = LINE('',#8299,#8300);
#8299 = CARTESIAN_POINT('',(0.448897721026,-2.48550257083,1.268223753092
    ));
#8300 = VECTOR('',#8301,1.);
#8301 = DIRECTION('',(-1.,-0.,-0.));
#8302 = ORIENTED_EDGE('',*,*,#8303,.T.);
#8303 = EDGE_CURVE('',#8296,#2805,#8304,.T.);
#8304 = LINE('',#8305,#8306);
#8305 = CARTESIAN_POINT('',(0.479709186659,-2.48550257083,1.268223753092
    ));
#8306 = VECTOR('',#8307,1.);
#8307 = DIRECTION('',(0.,0.998629534755,-5.233595624292E-02));
#8308 = PLANE('',#8309);
#8309 = AXIS2_PLACEMENT_3D('',#8310,#8311,#8312);
#8310 = CARTESIAN_POINT('',(0.448897721026,-2.48550257083,1.268223753092
    ));
#8311 = DIRECTION('',(0.,-5.233595624292E-02,-0.998629534755));
#8312 = DIRECTION('',(0.,0.998629534755,-5.233595624292E-02));
#8313 = ADVANCED_FACE('',(#8314),#8332,.F.);
#8314 = FACE_BOUND('',#8315,.T.);
#8315 = EDGE_LOOP('',(#8316,#8317,#8325,#8331));
#8316 = ORIENTED_EDGE('',*,*,#2923,.T.);
#8317 = ORIENTED_EDGE('',*,*,#8318,.F.);
#8318 = EDGE_CURVE('',#8319,#2915,#8321,.T.);
#8319 = VERTEX_POINT('',#8320);
#8320 = CARTESIAN_POINT('',(0.402619870081,-2.492181310941,
    1.140785800136));
#8321 = LINE('',#8322,#8323);
#8322 = CARTESIAN_POINT('',(0.402619870081,-2.492181310941,
    1.140785800136));
#8323 = VECTOR('',#8324,1.);
#8324 = DIRECTION('',(0.,0.998629534755,-5.233595624292E-02));
#8325 = ORIENTED_EDGE('',*,*,#8326,.F.);
#8326 = EDGE_CURVE('',#8288,#8319,#8327,.T.);
#8327 = LINE('',#8328,#8329);
#8328 = CARTESIAN_POINT('',(0.402619870081,-2.492181310941,
    1.140785800136));
#8329 = VECTOR('',#8330,1.);
#8330 = DIRECTION('',(-0.340917796219,-4.920067189016E-02,
    -0.938804745465));
#8331 = ORIENTED_EDGE('',*,*,#8287,.T.);
#8332 = PLANE('',#8333);
#8333 = AXIS2_PLACEMENT_3D('',#8334,#8335,#8336);
#8334 = CARTESIAN_POINT('',(0.402619870081,-2.492181310941,
    1.140785800136));
#8335 = DIRECTION('',(0.9400931104,-1.784225886534E-02,-0.340450580227)
  );
#8336 = DIRECTION('',(-0.340504783743,-1.060436460865E-14,
    -0.940242783672));
#8337 = ADVANCED_FACE('',(#8338),#8357,.F.);
#8338 = FACE_BOUND('',#8339,.F.);
#8339 = EDGE_LOOP('',(#8340,#8341,#8350,#8356));
#8340 = ORIENTED_EDGE('',*,*,#8318,.F.);
#8341 = ORIENTED_EDGE('',*,*,#8342,.T.);
#8342 = EDGE_CURVE('',#8319,#8343,#8345,.T.);
#8343 = VERTEX_POINT('',#8344);
#8344 = CARTESIAN_POINT('',(0.398980720596,-2.492898704128,
    1.127097122679));
#8345 = B_SPLINE_CURVE_WITH_KNOTS('',3,(#8346,#8347,#8348,#8349),
  .UNSPECIFIED.,.F.,.F.,(4,4),(12.,13.),.PIECEWISE_BEZIER_KNOTS.);
#8346 = CARTESIAN_POINT('',(0.402619870081,-2.492181310941,
    1.140785800136));
#8347 = CARTESIAN_POINT('',(0.400800295339,-2.492492392943,
    1.134850001947));
#8348 = CARTESIAN_POINT('',(0.399587245509,-2.492733640209,
    1.130246729882));
#8349 = CARTESIAN_POINT('',(0.398980720596,-2.492898704128,
    1.127097122679));
#8350 = ORIENTED_EDGE('',*,*,#8351,.T.);
#8351 = EDGE_CURVE('',#8343,#2907,#8352,.T.);
#8352 = LINE('',#8353,#8354);
#8353 = CARTESIAN_POINT('',(0.398980720596,-2.492898704128,
    1.127097122679));
#8354 = VECTOR('',#8355,1.);
#8355 = DIRECTION('',(0.,0.998629534755,-5.233595624292E-02));
#8356 = ORIENTED_EDGE('',*,*,#2914,.F.);
#8357 = B_SPLINE_SURFACE_WITH_KNOTS('',3,1,(
    (#8358,#8359)
    ,(#8360,#8361)
    ,(#8362,#8363)
    ,(#8364,#8365
    )),.UNSPECIFIED.,.F.,.F.,.F.,(4,4),(2,2),(12.,13.),(0.,1.),
  .PIECEWISE_BEZIER_KNOTS.);
#8358 = CARTESIAN_POINT('',(0.402619870081,-2.492181310941,
    1.140785800136));
#8359 = CARTESIAN_POINT('',(0.402619870081,-2.482195024437,
    1.140262441037));
#8360 = CARTESIAN_POINT('',(0.400800295339,-2.492492392943,
    1.134850001947));
#8361 = CARTESIAN_POINT('',(0.400800295339,-2.482506106438,
    1.134326642848));
#8362 = CARTESIAN_POINT('',(0.399587245509,-2.492733640209,
    1.130246729882));
#8363 = CARTESIAN_POINT('',(0.399587245509,-2.482747353705,
    1.129723370783));
#8364 = CARTESIAN_POINT('',(0.398980720596,-2.492898704128,
    1.127097122679));
#8365 = CARTESIAN_POINT('',(0.398980720596,-2.482912417624,1.12657376358
    ));
#8366 = ADVANCED_FACE('',(#8367),#8385,.F.);
#8367 = FACE_BOUND('',#8368,.T.);
#8368 = EDGE_LOOP('',(#8369,#8370,#8378,#8384));
#8369 = ORIENTED_EDGE('',*,*,#2906,.T.);
#8370 = ORIENTED_EDGE('',*,*,#8371,.F.);
#8371 = EDGE_CURVE('',#8372,#2899,#8374,.T.);
#8372 = VERTEX_POINT('',#8373);
#8373 = CARTESIAN_POINT('',(0.398192238209,-2.492898704128,
    1.127097122679));
#8374 = LINE('',#8375,#8376);
#8375 = CARTESIAN_POINT('',(0.398192238209,-2.492898704128,
    1.127097122679));
#8376 = VECTOR('',#8377,1.);
#8377 = DIRECTION('',(0.,0.998629534755,-5.233595624292E-02));
#8378 = ORIENTED_EDGE('',*,*,#8379,.F.);
#8379 = EDGE_CURVE('',#8343,#8372,#8380,.T.);
#8380 = LINE('',#8381,#8382);
#8381 = CARTESIAN_POINT('',(0.398192238209,-2.492898704128,
    1.127097122679));
#8382 = VECTOR('',#8383,1.);
#8383 = DIRECTION('',(-1.,-0.,-0.));
#8384 = ORIENTED_EDGE('',*,*,#8351,.T.);
#8385 = PLANE('',#8386);
#8386 = AXIS2_PLACEMENT_3D('',#8387,#8388,#8389);
#8387 = CARTESIAN_POINT('',(0.398192238209,-2.492898704128,
    1.127097122679));
#8388 = DIRECTION('',(0.,-5.233595624292E-02,-0.998629534755));
#8389 = DIRECTION('',(0.,0.998629534755,-5.233595624292E-02));
#8390 = ADVANCED_FACE('',(#8391),#8409,.F.);
#8391 = FACE_BOUND('',#8392,.T.);
#8392 = EDGE_LOOP('',(#8393,#8394,#8402,#8408));
#8393 = ORIENTED_EDGE('',*,*,#2898,.T.);
#8394 = ORIENTED_EDGE('',*,*,#8395,.F.);
#8395 = EDGE_CURVE('',#8396,#2891,#8398,.T.);
#8396 = VERTEX_POINT('',#8397);
#8397 = CARTESIAN_POINT('',(0.394553088724,-2.492168613717,
    1.141028077613));
#8398 = LINE('',#8399,#8400);
#8399 = CARTESIAN_POINT('',(0.394553088724,-2.492168613717,
    1.141028077613));
#8400 = VECTOR('',#8401,1.);
#8401 = DIRECTION('',(0.,0.998629534755,-5.233595624292E-02));
#8402 = ORIENTED_EDGE('',*,*,#8403,.F.);
#8403 = EDGE_CURVE('',#8372,#8396,#8404,.T.);
#8404 = LINE('',#8405,#8406);
#8405 = CARTESIAN_POINT('',(0.394553088724,-2.492168613717,
    1.141028077613));
#8406 = VECTOR('',#8407,1.);
#8407 = DIRECTION('',(-0.252421897188,5.06411752275E-02,0.966291186544)
  );
#8408 = ORIENTED_EDGE('',*,*,#8371,.T.);
#8409 = PLANE('',#8410);
#8410 = AXIS2_PLACEMENT_3D('',#8411,#8412,#8413);
#8411 = CARTESIAN_POINT('',(0.394553088724,-2.492168613717,
    1.141028077613));
#8412 = DIRECTION('',(-0.967617272386,-1.321074136598E-02,
    -0.252075961751));
#8413 = DIRECTION('',(-0.252097961244,-1.057357326695E-14,0.967701719507
    ));
#8414 = ADVANCED_FACE('',(#8415),#8433,.F.);
#8415 = FACE_BOUND('',#8416,.T.);
#8416 = EDGE_LOOP('',(#8417,#8418,#8426,#8432));
#8417 = ORIENTED_EDGE('',*,*,#2890,.T.);
#8418 = ORIENTED_EDGE('',*,*,#8419,.F.);
#8419 = EDGE_CURVE('',#8420,#2883,#8422,.T.);
#8420 = VERTEX_POINT('',#8421);
#8421 = CARTESIAN_POINT('',(0.350276769996,-2.48550257083,1.268223753092
    ));
#8422 = LINE('',#8423,#8424);
#8423 = CARTESIAN_POINT('',(0.350276769996,-2.48550257083,1.268223753092
    ));
#8424 = VECTOR('',#8425,1.);
#8425 = DIRECTION('',(0.,0.998629534755,-5.233595624292E-02));
#8426 = ORIENTED_EDGE('',*,*,#8427,.F.);
#8427 = EDGE_CURVE('',#8396,#8420,#8428,.T.);
#8428 = LINE('',#8429,#8430);
#8429 = CARTESIAN_POINT('',(0.350276769996,-2.48550257083,1.268223753092
    ));
#8430 = VECTOR('',#8431,1.);
#8431 = DIRECTION('',(-0.328346164813,4.943431791795E-02,0.943262977258)
  );
#8432 = ORIENTED_EDGE('',*,*,#8395,.T.);
#8433 = PLANE('',#8434);
#8434 = AXIS2_PLACEMENT_3D('',#8435,#8436,#8437);
#8435 = CARTESIAN_POINT('',(0.350276769996,-2.48550257083,1.268223753092
    ));
#8436 = DIRECTION('',(-0.944557460429,-1.718431051418E-02,
    -0.327896177805));
#8437 = DIRECTION('',(-0.327944602487,-6.483528991463E-15,0.944696955483
    ));
#8438 = ADVANCED_FACE('',(#8439),#8457,.F.);
#8439 = FACE_BOUND('',#8440,.T.);
#8440 = EDGE_LOOP('',(#8441,#8442,#8450,#8456));
#8441 = ORIENTED_EDGE('',*,*,#2882,.T.);
#8442 = ORIENTED_EDGE('',*,*,#8443,.F.);
#8443 = EDGE_CURVE('',#8444,#2875,#8446,.T.);
#8444 = VERTEX_POINT('',#8445);
#8445 = CARTESIAN_POINT('',(0.317039204705,-2.48550257083,1.268223753092
    ));
#8446 = LINE('',#8447,#8448);
#8447 = CARTESIAN_POINT('',(0.317039204705,-2.48550257083,1.268223753092
    ));
#8448 = VECTOR('',#8449,1.);
#8449 = DIRECTION('',(0.,0.998629534755,-5.233595624292E-02));
#8450 = ORIENTED_EDGE('',*,*,#8451,.F.);
#8451 = EDGE_CURVE('',#8420,#8444,#8452,.T.);
#8452 = LINE('',#8453,#8454);
#8453 = CARTESIAN_POINT('',(0.317039204705,-2.48550257083,1.268223753092
    ));
#8454 = VECTOR('',#8455,1.);
#8455 = DIRECTION('',(-1.,-0.,-0.));
#8456 = ORIENTED_EDGE('',*,*,#8419,.T.);
#8457 = PLANE('',#8458);
#8458 = AXIS2_PLACEMENT_3D('',#8459,#8460,#8461);
#8459 = CARTESIAN_POINT('',(0.317039204705,-2.48550257083,1.268223753092
    ));
#8460 = DIRECTION('',(0.,-5.233595624292E-02,-0.998629534755));
#8461 = DIRECTION('',(0.,0.998629534755,-5.233595624292E-02));
#8462 = ADVANCED_FACE('',(#8463),#8481,.F.);
#8463 = FACE_BOUND('',#8464,.T.);
#8464 = EDGE_LOOP('',(#8465,#8466,#8474,#8480));
#8465 = ORIENTED_EDGE('',*,*,#2874,.T.);
#8466 = ORIENTED_EDGE('',*,*,#8467,.F.);
#8467 = EDGE_CURVE('',#8468,#2867,#8470,.T.);
#8468 = VERTEX_POINT('',#8469);
#8469 = CARTESIAN_POINT('',(0.383514335288,-2.494352536338,
    1.099356351551));
#8470 = LINE('',#8471,#8472);
#8471 = CARTESIAN_POINT('',(0.383514335288,-2.494352536338,
    1.099356351551));
#8472 = VECTOR('',#8473,1.);
#8473 = DIRECTION('',(0.,0.998629534755,-5.233595624292E-02));
#8474 = ORIENTED_EDGE('',*,*,#8475,.F.);
#8475 = EDGE_CURVE('',#8444,#8468,#8476,.T.);
#8476 = LINE('',#8477,#8478);
#8477 = CARTESIAN_POINT('',(0.383514335288,-2.494352536338,
    1.099356351551));
#8478 = VECTOR('',#8479,1.);
#8479 = DIRECTION('',(0.365858921669,-4.870752128206E-02,-0.929394871304
    ));
#8480 = ORIENTED_EDGE('',*,*,#8443,.T.);
#8481 = PLANE('',#8482);
#8482 = AXIS2_PLACEMENT_3D('',#8483,#8484,#8485);
#8483 = CARTESIAN_POINT('',(0.383514335288,-2.494352536338,
    1.099356351551));
#8484 = DIRECTION('',(0.930670322636,1.914757651558E-02,0.365357524732)
  );
#8485 = DIRECTION('',(0.365424518611,-1.408508726319E-14,-0.930840975246
    ));
#8486 = ADVANCED_FACE('',(#8487),#8505,.F.);
#8487 = FACE_BOUND('',#8488,.T.);
#8488 = EDGE_LOOP('',(#8489,#8490,#8498,#8504));
#8489 = ORIENTED_EDGE('',*,*,#2866,.T.);
#8490 = ORIENTED_EDGE('',*,*,#8491,.F.);
#8491 = EDGE_CURVE('',#8492,#2858,#8494,.T.);
#8492 = VERTEX_POINT('',#8493);
#8493 = CARTESIAN_POINT('',(0.370474049635,-2.495965083856,
    1.068587111959));
#8494 = LINE('',#8495,#8496);
#8495 = CARTESIAN_POINT('',(0.370474049635,-2.495965083856,
    1.068587111959));
#8496 = VECTOR('',#8497,1.);
#8497 = DIRECTION('',(0.,0.998629534755,-5.233595624292E-02));
#8498 = ORIENTED_EDGE('',*,*,#8499,.F.);
#8499 = EDGE_CURVE('',#8468,#8492,#8500,.T.);
#8500 = LINE('',#8501,#8502);
#8501 = CARTESIAN_POINT('',(0.370474049635,-2.495965083856,
    1.068587111959));
#8502 = VECTOR('',#8503,1.);
#8503 = DIRECTION('',(-0.389758265065,-4.819708244049E-02,
    -0.919655117997));
#8504 = ORIENTED_EDGE('',*,*,#8467,.T.);
#8505 = PLANE('',#8506);
#8506 = AXIS2_PLACEMENT_3D('',#8507,#8508,#8509);
#8507 = CARTESIAN_POINT('',(0.370474049635,-2.495965083856,
    1.068587111959));
#8508 = DIRECTION('',(0.920917203017,-2.03983715058E-02,-0.389224114909)
  );
#8509 = DIRECTION('',(-0.389305117012,6.747206959812E-15,-0.921108856688
    ));
#8510 = ADVANCED_FACE('',(#8511),#8530,.F.);
#8511 = FACE_BOUND('',#8512,.F.);
#8512 = EDGE_LOOP('',(#8513,#8514,#8523,#8529));
#8513 = ORIENTED_EDGE('',*,*,#8491,.F.);
#8514 = ORIENTED_EDGE('',*,*,#8515,.T.);
#8515 = EDGE_CURVE('',#8492,#8516,#8518,.T.);
#8516 = VERTEX_POINT('',#8517);
#8517 = CARTESIAN_POINT('',(0.340026498948,-2.497215760473,
    1.044722780464));
#8518 = B_SPLINE_CURVE_WITH_KNOTS('',3,(#8519,#8520,#8521,#8522),
  .UNSPECIFIED.,.F.,.F.,(4,4),(5.,6.),.PIECEWISE_BEZIER_KNOTS.);
#8519 = CARTESIAN_POINT('',(0.370474049635,-2.495965083856,
    1.068587111959));
#8520 = CARTESIAN_POINT('',(0.363741623089,-2.496803100676,1.05259679847
    ));
#8521 = CARTESIAN_POINT('',(0.353612657024,-2.497215760473,
    1.044722780464));
#8522 = CARTESIAN_POINT('',(0.340026498948,-2.497215760473,
    1.044722780464));
#8523 = ORIENTED_EDGE('',*,*,#8524,.T.);
#8524 = EDGE_CURVE('',#8516,#2849,#8525,.T.);
#8525 = LINE('',#8526,#8527);
#8526 = CARTESIAN_POINT('',(0.340026498948,-2.497215760473,
    1.044722780464));
#8527 = VECTOR('',#8528,1.);
#8528 = DIRECTION('',(0.,0.998629534755,-5.233595624292E-02));
#8529 = ORIENTED_EDGE('',*,*,#2857,.F.);
#8530 = B_SPLINE_SURFACE_WITH_KNOTS('',3,1,(
    (#8531,#8532)
    ,(#8533,#8534)
    ,(#8535,#8536)
    ,(#8537,#8538
    )),.UNSPECIFIED.,.F.,.F.,.F.,(4,4),(2,2),(5.,6.),(0.,1.),
  .PIECEWISE_BEZIER_KNOTS.);
#8531 = CARTESIAN_POINT('',(0.370474049635,-2.495965083856,
    1.068587111959));
#8532 = CARTESIAN_POINT('',(0.370474049635,-2.485978797352,1.06806375286
    ));
#8533 = CARTESIAN_POINT('',(0.363741623089,-2.496803100676,1.05259679847
    ));
#8534 = CARTESIAN_POINT('',(0.363741623089,-2.486816814172,
    1.052073439371));
#8535 = CARTESIAN_POINT('',(0.353612657024,-2.497215760473,
    1.044722780464));
#8536 = CARTESIAN_POINT('',(0.353612657024,-2.487229473969,
    1.044199421365));
#8537 = CARTESIAN_POINT('',(0.340026498948,-2.497215760473,
    1.044722780464));
#8538 = CARTESIAN_POINT('',(0.340026498948,-2.487229473969,
    1.044199421365));
#8539 = ADVANCED_FACE('',(#8540),#8559,.F.);
#8540 = FACE_BOUND('',#8541,.F.);
#8541 = EDGE_LOOP('',(#8542,#8543,#8552,#8558));
#8542 = ORIENTED_EDGE('',*,*,#8524,.F.);
#8543 = ORIENTED_EDGE('',*,*,#8544,.T.);
#8544 = EDGE_CURVE('',#8516,#8545,#8547,.T.);
#8545 = VERTEX_POINT('',#8546);
#8546 = CARTESIAN_POINT('',(0.323165106338,-2.49703799933,1.048114665144
    ));
#8547 = B_SPLINE_CURVE_WITH_KNOTS('',3,(#8548,#8549,#8550,#8551),
  .UNSPECIFIED.,.F.,.F.,(4,4),(4.,5.),.PIECEWISE_BEZIER_KNOTS.);
#8548 = CARTESIAN_POINT('',(0.340026498948,-2.497215760473,
    1.044722780464));
#8549 = CARTESIAN_POINT('',(0.334567774722,-2.497215760473,
    1.044722780464));
#8550 = CARTESIAN_POINT('',(0.328987745512,-2.497158622963,
    1.045813029111));
#8551 = CARTESIAN_POINT('',(0.323165106338,-2.49703799933,1.048114665144
    ));
#8552 = ORIENTED_EDGE('',*,*,#8553,.T.);
#8553 = EDGE_CURVE('',#8545,#2841,#8554,.T.);
#8554 = LINE('',#8555,#8556);
#8555 = CARTESIAN_POINT('',(0.323165106338,-2.49703799933,1.048114665144
    ));
#8556 = VECTOR('',#8557,1.);
#8557 = DIRECTION('',(0.,0.998629534755,-5.233595624292E-02));
#8558 = ORIENTED_EDGE('',*,*,#2848,.F.);
#8559 = B_SPLINE_SURFACE_WITH_KNOTS('',3,1,(
    (#8560,#8561)
    ,(#8562,#8563)
    ,(#8564,#8565)
    ,(#8566,#8567
    )),.UNSPECIFIED.,.F.,.F.,.F.,(4,4),(2,2),(4.,5.),(0.,1.),
  .PIECEWISE_BEZIER_KNOTS.);
#8560 = CARTESIAN_POINT('',(0.340026498948,-2.497215760473,
    1.044722780464));
#8561 = CARTESIAN_POINT('',(0.340026498948,-2.487229473969,
    1.044199421365));
#8562 = CARTESIAN_POINT('',(0.334567774722,-2.497215760473,
    1.044722780464));
#8563 = CARTESIAN_POINT('',(0.334567774722,-2.487229473969,
    1.044199421365));
#8564 = CARTESIAN_POINT('',(0.328987745512,-2.497158622963,
    1.045813029111));
#8565 = CARTESIAN_POINT('',(0.328987745512,-2.487172336459,
    1.045289670012));
#8566 = CARTESIAN_POINT('',(0.323165106338,-2.49703799933,1.048114665144
    ));
#8567 = CARTESIAN_POINT('',(0.323165106338,-2.487051712826,
    1.047591306045));
#8568 = ADVANCED_FACE('',(#8569),#8587,.F.);
#8569 = FACE_BOUND('',#8570,.T.);
#8570 = EDGE_LOOP('',(#8571,#8572,#8580,#8586));
#8571 = ORIENTED_EDGE('',*,*,#2840,.T.);
#8572 = ORIENTED_EDGE('',*,*,#8573,.F.);
#8573 = EDGE_CURVE('',#8574,#2832,#8576,.T.);
#8574 = VERTEX_POINT('',#8575);
#8575 = CARTESIAN_POINT('',(0.323165106338,-2.498421996805,
    1.021706420139));
#8576 = LINE('',#8577,#8578);
#8577 = CARTESIAN_POINT('',(0.323165106338,-2.498421996805,
    1.021706420139));
#8578 = VECTOR('',#8579,1.);
#8579 = DIRECTION('',(0.,0.998629534755,-5.233595624292E-02));
#8580 = ORIENTED_EDGE('',*,*,#8581,.F.);
#8581 = EDGE_CURVE('',#8545,#8574,#8582,.T.);
#8582 = LINE('',#8583,#8584);
#8583 = CARTESIAN_POINT('',(0.323165106338,-2.498421996805,
    1.021706420139));
#8584 = VECTOR('',#8585,1.);
#8585 = DIRECTION('',(-0.,-5.233595624292E-02,-0.998629534755));
#8586 = ORIENTED_EDGE('',*,*,#8553,.T.);
#8587 = PLANE('',#8588);
#8588 = AXIS2_PLACEMENT_3D('',#8589,#8590,#8591);
#8589 = CARTESIAN_POINT('',(0.323165106338,-2.498421996805,
    1.021706420139));
#8590 = DIRECTION('',(1.,0.,0.));
#8591 = DIRECTION('',(0.,0.,-1.));
#8592 = ADVANCED_FACE('',(#8593),#8612,.F.);
#8593 = FACE_BOUND('',#8594,.F.);
#8594 = EDGE_LOOP('',(#8595,#8596,#8605,#8611));
#8595 = ORIENTED_EDGE('',*,*,#8573,.F.);
#8596 = ORIENTED_EDGE('',*,*,#8597,.T.);
#8597 = EDGE_CURVE('',#8574,#8598,#8600,.T.);
#8598 = VERTEX_POINT('',#8599);
#8599 = CARTESIAN_POINT('',(0.342331293622,-2.498548969051,
    1.019283645368));
#8600 = B_SPLINE_CURVE_WITH_KNOTS('',3,(#8601,#8602,#8603,#8604),
  .UNSPECIFIED.,.F.,.F.,(4,4),(2.,3.),.PIECEWISE_BEZIER_KNOTS.);
#8601 = CARTESIAN_POINT('',(0.323165106338,-2.498421996805,
    1.021706420139));
#8602 = CARTESIAN_POINT('',(0.32844187309,-2.498504528765,1.020131616538
    ));
#8603 = CARTESIAN_POINT('',(0.334871037179,-2.498548969051,
    1.019283645368));
#8604 = CARTESIAN_POINT('',(0.342331293622,-2.498548969051,
    1.019283645368));
#8605 = ORIENTED_EDGE('',*,*,#8606,.T.);
#8606 = EDGE_CURVE('',#8598,#2823,#8607,.T.);
#8607 = LINE('',#8608,#8609);
#8608 = CARTESIAN_POINT('',(0.342331293622,-2.498548969051,
    1.019283645368));
#8609 = VECTOR('',#8610,1.);
#8610 = DIRECTION('',(0.,0.998629534755,-5.233595624292E-02));
#8611 = ORIENTED_EDGE('',*,*,#2831,.F.);
#8612 = B_SPLINE_SURFACE_WITH_KNOTS('',3,1,(
    (#8613,#8614)
    ,(#8615,#8616)
    ,(#8617,#8618)
    ,(#8619,#8620
    )),.UNSPECIFIED.,.F.,.F.,.F.,(4,4),(2,2),(2.,3.),(0.,1.),
  .PIECEWISE_BEZIER_KNOTS.);
#8613 = CARTESIAN_POINT('',(0.323165106338,-2.498421996805,
    1.021706420139));
#8614 = CARTESIAN_POINT('',(0.323165106338,-2.488435710301,1.02118306104
    ));
#8615 = CARTESIAN_POINT('',(0.32844187309,-2.498504528765,1.020131616538
    ));
#8616 = CARTESIAN_POINT('',(0.32844187309,-2.488518242261,1.019608257439
    ));
#8617 = CARTESIAN_POINT('',(0.334871037179,-2.498548969051,
    1.019283645368));
#8618 = CARTESIAN_POINT('',(0.334871037179,-2.488562682547,
    1.018760286269));
#8619 = CARTESIAN_POINT('',(0.342331293622,-2.498548969051,
    1.019283645368));
#8620 = CARTESIAN_POINT('',(0.342331293622,-2.488562682547,
    1.018760286269));
#8621 = ADVANCED_FACE('',(#8622),#8641,.F.);
#8622 = FACE_BOUND('',#8623,.F.);
#8623 = EDGE_LOOP('',(#8624,#8625,#8634,#8640));
#8624 = ORIENTED_EDGE('',*,*,#8606,.F.);
#8625 = ORIENTED_EDGE('',*,*,#8626,.T.);
#8626 = EDGE_CURVE('',#8598,#8627,#8629,.T.);
#8627 = VERTEX_POINT('',#8628);
#8628 = CARTESIAN_POINT('',(0.402801827555,-2.495711139365,
    1.073432661502));
#8629 = B_SPLINE_CURVE_WITH_KNOTS('',3,(#8630,#8631,#8632,#8633),
  .UNSPECIFIED.,.F.,.F.,(4,4),(1.,2.),.PIECEWISE_BEZIER_KNOTS.);
#8630 = CARTESIAN_POINT('',(0.342331293622,-2.498548969051,
    1.019283645368));
#8631 = CARTESIAN_POINT('',(0.368351212435,-2.498548969051,
    1.019283645368));
#8632 = CARTESIAN_POINT('',(0.388487839583,-2.497603025822,
    1.037333317413));
#8633 = CARTESIAN_POINT('',(0.402801827555,-2.495711139365,
    1.073432661502));
#8634 = ORIENTED_EDGE('',*,*,#8635,.T.);
#8635 = EDGE_CURVE('',#8627,#2815,#8636,.T.);
#8636 = LINE('',#8637,#8638);
#8637 = CARTESIAN_POINT('',(0.402801827555,-2.495711139365,
    1.073432661502));
#8638 = VECTOR('',#8639,1.);
#8639 = DIRECTION('',(0.,0.998629534755,-5.233595624292E-02));
#8640 = ORIENTED_EDGE('',*,*,#2822,.F.);
#8641 = B_SPLINE_SURFACE_WITH_KNOTS('',3,1,(
    (#8642,#8643)
    ,(#8644,#8645)
    ,(#8646,#8647)
    ,(#8648,#8649
    )),.UNSPECIFIED.,.F.,.F.,.F.,(4,4),(2,2),(1.,2.),(0.,1.),
  .PIECEWISE_BEZIER_KNOTS.);
#8642 = CARTESIAN_POINT('',(0.342331293622,-2.498548969051,
    1.019283645368));
#8643 = CARTESIAN_POINT('',(0.342331293622,-2.488562682547,
    1.018760286269));
#8644 = CARTESIAN_POINT('',(0.368351212435,-2.498548969051,
    1.019283645368));
#8645 = CARTESIAN_POINT('',(0.368351212435,-2.488562682547,
    1.018760286269));
#8646 = CARTESIAN_POINT('',(0.388487839583,-2.497603025822,
    1.037333317413));
#8647 = CARTESIAN_POINT('',(0.388487839583,-2.487616739318,
    1.036809958314));
#8648 = CARTESIAN_POINT('',(0.402801827555,-2.495711139365,
    1.073432661502));
#8649 = CARTESIAN_POINT('',(0.402801827555,-2.485724852861,
    1.072909302403));
#8650 = ADVANCED_FACE('',(#8651),#8662,.F.);
#8651 = FACE_BOUND('',#8652,.T.);
#8652 = EDGE_LOOP('',(#8653,#8654,#8655,#8661));
#8653 = ORIENTED_EDGE('',*,*,#2814,.T.);
#8654 = ORIENTED_EDGE('',*,*,#8303,.F.);
#8655 = ORIENTED_EDGE('',*,*,#8656,.F.);
#8656 = EDGE_CURVE('',#8627,#8296,#8657,.T.);
#8657 = LINE('',#8658,#8659);
#8658 = CARTESIAN_POINT('',(0.479709186659,-2.48550257083,1.268223753092
    ));
#8659 = VECTOR('',#8660,1.);
#8660 = DIRECTION('',(0.366797678951,4.86881787053E-02,0.929025792952));
#8661 = ORIENTED_EDGE('',*,*,#8635,.T.);
#8662 = PLANE('',#8663);
#8663 = AXIS2_PLACEMENT_3D('',#8664,#8665,#8666);
#8664 = CARTESIAN_POINT('',(0.479709186659,-2.48550257083,1.268223753092
    ));
#8665 = DIRECTION('',(-0.930300737781,1.919670727559E-02,0.36629499548)
  );
#8666 = DIRECTION('',(0.366362506478,2.354887118639E-15,0.930472199395)
  );
#8667 = ADVANCED_FACE('',(#8668),#8685,.T.);
#8668 = FACE_BOUND('',#8669,.T.);
#8669 = EDGE_LOOP('',(#8670,#8671,#8672,#8673,#8674,#8675,#8676,#8677,
    #8678,#8679,#8680,#8681,#8682,#8683,#8684));
#8670 = ORIENTED_EDGE('',*,*,#8295,.T.);
#8671 = ORIENTED_EDGE('',*,*,#8326,.T.);
#8672 = ORIENTED_EDGE('',*,*,#8342,.T.);
#8673 = ORIENTED_EDGE('',*,*,#8379,.T.);
#8674 = ORIENTED_EDGE('',*,*,#8403,.T.);
#8675 = ORIENTED_EDGE('',*,*,#8427,.T.);
#8676 = ORIENTED_EDGE('',*,*,#8451,.T.);
#8677 = ORIENTED_EDGE('',*,*,#8475,.T.);
#8678 = ORIENTED_EDGE('',*,*,#8499,.T.);
#8679 = ORIENTED_EDGE('',*,*,#8515,.T.);
#8680 = ORIENTED_EDGE('',*,*,#8544,.T.);
#8681 = ORIENTED_EDGE('',*,*,#8581,.T.);
#8682 = ORIENTED_EDGE('',*,*,#8597,.T.);
#8683 = ORIENTED_EDGE('',*,*,#8626,.T.);
#8684 = ORIENTED_EDGE('',*,*,#8656,.T.);
#8685 = PLANE('',#8686);
#8686 = AXIS2_PLACEMENT_3D('',#8687,#8688,#8689);
#8687 = CARTESIAN_POINT('',(0.376956284654,-2.497839511629,
    1.032820899401));
#8688 = DIRECTION('',(1.27392037094E-14,-0.998629534755,
    5.233595624292E-02));
#8689 = DIRECTION('',(0.,-5.233595624292E-02,-0.998629534755));
#8690 = ADVANCED_FACE('',(#8691),#8716,.F.);
#8691 = FACE_BOUND('',#8692,.T.);
#8692 = EDGE_LOOP('',(#8693,#8694,#8702,#8710));
#8693 = ORIENTED_EDGE('',*,*,#3810,.T.);
#8694 = ORIENTED_EDGE('',*,*,#8695,.F.);
#8695 = EDGE_CURVE('',#8696,#3813,#8698,.T.);
#8696 = VERTEX_POINT('',#8697);
#8697 = CARTESIAN_POINT('',(0.639346544045,-2.492955841638,
    1.126006874033));
#8698 = LINE('',#8699,#8700);
#8699 = CARTESIAN_POINT('',(0.639346544045,-2.492955841638,
    1.126006874033));
#8700 = VECTOR('',#8701,1.);
#8701 = DIRECTION('',(0.,0.998629534755,-5.233595624292E-02));
#8702 = ORIENTED_EDGE('',*,*,#8703,.F.);
#8703 = EDGE_CURVE('',#8704,#8696,#8706,.T.);
#8704 = VERTEX_POINT('',#8705);
#8705 = CARTESIAN_POINT('',(0.639346544045,-2.494371582175,
    1.098992935336));
#8706 = LINE('',#8707,#8708);
#8707 = CARTESIAN_POINT('',(0.639346544045,-2.492955841638,
    1.126006874033));
#8708 = VECTOR('',#8709,1.);
#8709 = DIRECTION('',(0.,5.233595624293E-02,0.998629534755));
#8710 = ORIENTED_EDGE('',*,*,#8711,.T.);
#8711 = EDGE_CURVE('',#8704,#3811,#8712,.T.);
#8712 = LINE('',#8713,#8714);
#8713 = CARTESIAN_POINT('',(0.639346544045,-2.494371582175,
    1.098992935336));
#8714 = VECTOR('',#8715,1.);
#8715 = DIRECTION('',(0.,0.998629534755,-5.233595624292E-02));
#8716 = PLANE('',#8717);
#8717 = AXIS2_PLACEMENT_3D('',#8718,#8719,#8720);
#8718 = CARTESIAN_POINT('',(0.639346544045,-2.492955841638,
    1.126006874033));
#8719 = DIRECTION('',(-1.,0.,0.));
#8720 = DIRECTION('',(0.,0.,1.));
#8721 = ADVANCED_FACE('',(#8722),#8740,.F.);
#8722 = FACE_BOUND('',#8723,.T.);
#8723 = EDGE_LOOP('',(#8724,#8725,#8733,#8739));
#8724 = ORIENTED_EDGE('',*,*,#3900,.T.);
#8725 = ORIENTED_EDGE('',*,*,#8726,.F.);
#8726 = EDGE_CURVE('',#8727,#3893,#8729,.T.);
#8727 = VERTEX_POINT('',#8728);
#8728 = CARTESIAN_POINT('',(0.542363210285,-2.492955841638,
    1.126006874033));
#8729 = LINE('',#8730,#8731);
#8730 = CARTESIAN_POINT('',(0.542363210285,-2.492955841638,
    1.126006874033));
#8731 = VECTOR('',#8732,1.);
#8732 = DIRECTION('',(0.,0.998629534755,-5.233595624292E-02));
#8733 = ORIENTED_EDGE('',*,*,#8734,.F.);
#8734 = EDGE_CURVE('',#8696,#8727,#8735,.T.);
#8735 = LINE('',#8736,#8737);
#8736 = CARTESIAN_POINT('',(0.542363210285,-2.492955841638,
    1.126006874033));
#8737 = VECTOR('',#8738,1.);
#8738 = DIRECTION('',(-1.,-0.,-0.));
#8739 = ORIENTED_EDGE('',*,*,#8695,.T.);
#8740 = PLANE('',#8741);
#8741 = AXIS2_PLACEMENT_3D('',#8742,#8743,#8744);
#8742 = CARTESIAN_POINT('',(0.542363210285,-2.492955841638,
    1.126006874033));
#8743 = DIRECTION('',(0.,-5.233595624292E-02,-0.998629534755));
#8744 = DIRECTION('',(0.,0.998629534755,-5.233595624292E-02));
#8745 = ADVANCED_FACE('',(#8746),#8764,.F.);
#8746 = FACE_BOUND('',#8747,.T.);
#8747 = EDGE_LOOP('',(#8748,#8749,#8757,#8763));
#8748 = ORIENTED_EDGE('',*,*,#3892,.T.);
#8749 = ORIENTED_EDGE('',*,*,#8750,.F.);
#8750 = EDGE_CURVE('',#8751,#3885,#8753,.T.);
#8751 = VERTEX_POINT('',#8752);
#8752 = CARTESIAN_POINT('',(0.542363210285,-2.488778454763,1.205716164)
  );
#8753 = LINE('',#8754,#8755);
#8754 = CARTESIAN_POINT('',(0.542363210285,-2.488778454763,1.205716164)
  );
#8755 = VECTOR('',#8756,1.);
#8756 = DIRECTION('',(0.,0.998629534755,-5.233595624292E-02));
#8757 = ORIENTED_EDGE('',*,*,#8758,.F.);
#8758 = EDGE_CURVE('',#8727,#8751,#8759,.T.);
#8759 = LINE('',#8760,#8761);
#8760 = CARTESIAN_POINT('',(0.542363210285,-2.488778454763,1.205716164)
  );
#8761 = VECTOR('',#8762,1.);
#8762 = DIRECTION('',(0.,5.233595624292E-02,0.998629534755));
#8763 = ORIENTED_EDGE('',*,*,#8726,.T.);
#8764 = PLANE('',#8765);
#8765 = AXIS2_PLACEMENT_3D('',#8766,#8767,#8768);
#8766 = CARTESIAN_POINT('',(0.542363210285,-2.488778454763,1.205716164)
  );
#8767 = DIRECTION('',(-1.,0.,0.));
#8768 = DIRECTION('',(0.,0.,1.));
#8769 = ADVANCED_FACE('',(#8770),#8788,.F.);
#8770 = FACE_BOUND('',#8771,.T.);
#8771 = EDGE_LOOP('',(#8772,#8773,#8781,#8787));
#8772 = ORIENTED_EDGE('',*,*,#3884,.T.);
#8773 = ORIENTED_EDGE('',*,*,#8774,.F.);
#8774 = EDGE_CURVE('',#8775,#3877,#8777,.T.);
#8775 = VERTEX_POINT('',#8776);
#8776 = CARTESIAN_POINT('',(0.627216045762,-2.488778454763,1.205716164)
  );
#8777 = LINE('',#8778,#8779);
#8778 = CARTESIAN_POINT('',(0.627216045762,-2.488778454763,1.205716164)
  );
#8779 = VECTOR('',#8780,1.);
#8780 = DIRECTION('',(0.,0.998629534755,-5.233595624292E-02));
#8781 = ORIENTED_EDGE('',*,*,#8782,.F.);
#8782 = EDGE_CURVE('',#8751,#8775,#8783,.T.);
#8783 = LINE('',#8784,#8785);
#8784 = CARTESIAN_POINT('',(0.627216045762,-2.488778454763,1.205716164)
  );
#8785 = VECTOR('',#8786,1.);
#8786 = DIRECTION('',(1.,0.,0.));
#8787 = ORIENTED_EDGE('',*,*,#8750,.T.);
#8788 = PLANE('',#8789);
#8789 = AXIS2_PLACEMENT_3D('',#8790,#8791,#8792);
#8790 = CARTESIAN_POINT('',(0.627216045762,-2.488778454763,1.205716164)
  );
#8791 = DIRECTION('',(0.,5.233595624292E-02,0.998629534755));
#8792 = DIRECTION('',(0.,-0.998629534755,5.233595624292E-02));
#8793 = ADVANCED_FACE('',(#8794),#8812,.F.);
#8794 = FACE_BOUND('',#8795,.T.);
#8795 = EDGE_LOOP('',(#8796,#8797,#8805,#8811));
#8796 = ORIENTED_EDGE('',*,*,#3876,.T.);
#8797 = ORIENTED_EDGE('',*,*,#8798,.F.);
#8798 = EDGE_CURVE('',#8799,#3869,#8801,.T.);
#8799 = VERTEX_POINT('',#8800);
#8800 = CARTESIAN_POINT('',(0.627216045762,-2.487356365614,
    1.232851241435));
#8801 = LINE('',#8802,#8803);
#8802 = CARTESIAN_POINT('',(0.627216045762,-2.487356365614,
    1.232851241435));
#8803 = VECTOR('',#8804,1.);
#8804 = DIRECTION('',(0.,0.998629534755,-5.233595624292E-02));
#8805 = ORIENTED_EDGE('',*,*,#8806,.F.);
#8806 = EDGE_CURVE('',#8775,#8799,#8807,.T.);
#8807 = LINE('',#8808,#8809);
#8808 = CARTESIAN_POINT('',(0.627216045762,-2.487356365614,
    1.232851241435));
#8809 = VECTOR('',#8810,1.);
#8810 = DIRECTION('',(0.,5.233595624292E-02,0.998629534755));
#8811 = ORIENTED_EDGE('',*,*,#8774,.T.);
#8812 = PLANE('',#8813);
#8813 = AXIS2_PLACEMENT_3D('',#8814,#8815,#8816);
#8814 = CARTESIAN_POINT('',(0.627216045762,-2.487356365614,
    1.232851241435));
#8815 = DIRECTION('',(-1.,0.,0.));
#8816 = DIRECTION('',(0.,0.,1.));
#8817 = ADVANCED_FACE('',(#8818),#8836,.F.);
#8818 = FACE_BOUND('',#8819,.T.);
#8819 = EDGE_LOOP('',(#8820,#8821,#8829,#8835));
#8820 = ORIENTED_EDGE('',*,*,#3868,.T.);
#8821 = ORIENTED_EDGE('',*,*,#8822,.F.);
#8822 = EDGE_CURVE('',#8823,#3861,#8825,.T.);
#8823 = VERTEX_POINT('',#8824);
#8824 = CARTESIAN_POINT('',(0.542363210285,-2.487356365614,
    1.232851241435));
#8825 = LINE('',#8826,#8827);
#8826 = CARTESIAN_POINT('',(0.542363210285,-2.487356365614,
    1.232851241435));
#8827 = VECTOR('',#8828,1.);
#8828 = DIRECTION('',(0.,0.998629534755,-5.233595624292E-02));
#8829 = ORIENTED_EDGE('',*,*,#8830,.F.);
#8830 = EDGE_CURVE('',#8799,#8823,#8831,.T.);
#8831 = LINE('',#8832,#8833);
#8832 = CARTESIAN_POINT('',(0.542363210285,-2.487356365614,
    1.232851241435));
#8833 = VECTOR('',#8834,1.);
#8834 = DIRECTION('',(-1.,-0.,-0.));
#8835 = ORIENTED_EDGE('',*,*,#8798,.T.);
#8836 = PLANE('',#8837);
#8837 = AXIS2_PLACEMENT_3D('',#8838,#8839,#8840);
#8838 = CARTESIAN_POINT('',(0.542363210285,-2.487356365614,
    1.232851241435));
#8839 = DIRECTION('',(0.,-5.233595624292E-02,-0.998629534755));
#8840 = DIRECTION('',(0.,0.998629534755,-5.233595624292E-02));
#8841 = ADVANCED_FACE('',(#8842),#8860,.F.);
#8842 = FACE_BOUND('',#8843,.T.);
#8843 = EDGE_LOOP('',(#8844,#8845,#8853,#8859));
#8844 = ORIENTED_EDGE('',*,*,#3860,.T.);
#8845 = ORIENTED_EDGE('',*,*,#8846,.F.);
#8846 = EDGE_CURVE('',#8847,#3853,#8849,.T.);
#8847 = VERTEX_POINT('',#8848);
#8848 = CARTESIAN_POINT('',(0.542363210285,-2.483382134331,
    1.308684091769));
#8849 = LINE('',#8850,#8851);
#8850 = CARTESIAN_POINT('',(0.542363210285,-2.483382134331,
    1.308684091769));
#8851 = VECTOR('',#8852,1.);
#8852 = DIRECTION('',(0.,0.998629534755,-5.233595624292E-02));
#8853 = ORIENTED_EDGE('',*,*,#8854,.F.);
#8854 = EDGE_CURVE('',#8823,#8847,#8855,.T.);
#8855 = LINE('',#8856,#8857);
#8856 = CARTESIAN_POINT('',(0.542363210285,-2.483382134331,
    1.308684091769));
#8857 = VECTOR('',#8858,1.);
#8858 = DIRECTION('',(0.,5.233595624293E-02,0.998629534755));
#8859 = ORIENTED_EDGE('',*,*,#8822,.T.);
#8860 = PLANE('',#8861);
#8861 = AXIS2_PLACEMENT_3D('',#8862,#8863,#8864);
#8862 = CARTESIAN_POINT('',(0.542363210285,-2.483382134331,
    1.308684091769));
#8863 = DIRECTION('',(-1.,0.,0.));
#8864 = DIRECTION('',(0.,0.,1.));
#8865 = ADVANCED_FACE('',(#8866),#8884,.F.);
#8866 = FACE_BOUND('',#8867,.T.);
#8867 = EDGE_LOOP('',(#8868,#8869,#8877,#8883));
#8868 = ORIENTED_EDGE('',*,*,#3852,.T.);
#8869 = ORIENTED_EDGE('',*,*,#8870,.F.);
#8870 = EDGE_CURVE('',#8871,#3845,#8873,.T.);
#8871 = VERTEX_POINT('',#8872);
#8872 = CARTESIAN_POINT('',(0.633948472309,-2.483382134331,
    1.308684091769));
#8873 = LINE('',#8874,#8875);
#8874 = CARTESIAN_POINT('',(0.633948472309,-2.483382134331,
    1.308684091769));
#8875 = VECTOR('',#8876,1.);
#8876 = DIRECTION('',(0.,0.998629534755,-5.233595624292E-02));
#8877 = ORIENTED_EDGE('',*,*,#8878,.F.);
#8878 = EDGE_CURVE('',#8847,#8871,#8879,.T.);
#8879 = LINE('',#8880,#8881);
#8880 = CARTESIAN_POINT('',(0.633948472309,-2.483382134331,
    1.308684091769));
#8881 = VECTOR('',#8882,1.);
#8882 = DIRECTION('',(1.,0.,0.));
#8883 = ORIENTED_EDGE('',*,*,#8846,.T.);
#8884 = PLANE('',#8885);
#8885 = AXIS2_PLACEMENT_3D('',#8886,#8887,#8888);
#8886 = CARTESIAN_POINT('',(0.633948472309,-2.483382134331,
    1.308684091769));
#8887 = DIRECTION('',(0.,5.233595624292E-02,0.998629534755));
#8888 = DIRECTION('',(0.,-0.998629534755,5.233595624292E-02));
#8889 = ADVANCED_FACE('',(#8890),#8908,.F.);
#8890 = FACE_BOUND('',#8891,.T.);
#8891 = EDGE_LOOP('',(#8892,#8893,#8901,#8907));
#8892 = ORIENTED_EDGE('',*,*,#3844,.T.);
#8893 = ORIENTED_EDGE('',*,*,#8894,.F.);
#8894 = EDGE_CURVE('',#8895,#3837,#8897,.T.);
#8895 = VERTEX_POINT('',#8896);
#8896 = CARTESIAN_POINT('',(0.633948472309,-2.48195369657,1.335940307943
    ));
#8897 = LINE('',#8898,#8899);
#8898 = CARTESIAN_POINT('',(0.633948472309,-2.48195369657,1.335940307943
    ));
#8899 = VECTOR('',#8900,1.);
#8900 = DIRECTION('',(0.,0.998629534755,-5.233595624292E-02));
#8901 = ORIENTED_EDGE('',*,*,#8902,.F.);
#8902 = EDGE_CURVE('',#8871,#8895,#8903,.T.);
#8903 = LINE('',#8904,#8905);
#8904 = CARTESIAN_POINT('',(0.633948472309,-2.48195369657,1.335940307943
    ));
#8905 = VECTOR('',#8906,1.);
#8906 = DIRECTION('',(0.,5.233595624292E-02,0.998629534755));
#8907 = ORIENTED_EDGE('',*,*,#8870,.T.);
#8908 = PLANE('',#8909);
#8909 = AXIS2_PLACEMENT_3D('',#8910,#8911,#8912);
#8910 = CARTESIAN_POINT('',(0.633948472309,-2.48195369657,1.335940307943
    ));
#8911 = DIRECTION('',(-1.,0.,0.));
#8912 = DIRECTION('',(0.,0.,1.));
#8913 = ADVANCED_FACE('',(#8914),#8932,.F.);
#8914 = FACE_BOUND('',#8915,.T.);
#8915 = EDGE_LOOP('',(#8916,#8917,#8925,#8931));
#8916 = ORIENTED_EDGE('',*,*,#3836,.T.);
#8917 = ORIENTED_EDGE('',*,*,#8918,.F.);
#8918 = EDGE_CURVE('',#8919,#3829,#8921,.T.);
#8919 = VERTEX_POINT('',#8920);
#8920 = CARTESIAN_POINT('',(0.511733702123,-2.48195369657,1.335940307943
    ));
#8921 = LINE('',#8922,#8923);
#8922 = CARTESIAN_POINT('',(0.511733702123,-2.48195369657,1.335940307943
    ));
#8923 = VECTOR('',#8924,1.);
#8924 = DIRECTION('',(0.,0.998629534755,-5.233595624292E-02));
#8925 = ORIENTED_EDGE('',*,*,#8926,.F.);
#8926 = EDGE_CURVE('',#8895,#8919,#8927,.T.);
#8927 = LINE('',#8928,#8929);
#8928 = CARTESIAN_POINT('',(0.511733702123,-2.48195369657,1.335940307943
    ));
#8929 = VECTOR('',#8930,1.);
#8930 = DIRECTION('',(-1.,-0.,-0.));
#8931 = ORIENTED_EDGE('',*,*,#8894,.T.);
#8932 = PLANE('',#8933);
#8933 = AXIS2_PLACEMENT_3D('',#8934,#8935,#8936);
#8934 = CARTESIAN_POINT('',(0.511733702123,-2.48195369657,1.335940307943
    ));
#8935 = DIRECTION('',(0.,-5.233595624292E-02,-0.998629534755));
#8936 = DIRECTION('',(0.,0.998629534755,-5.233595624292E-02));
#8937 = ADVANCED_FACE('',(#8938),#8956,.F.);
#8938 = FACE_BOUND('',#8939,.T.);
#8939 = EDGE_LOOP('',(#8940,#8941,#8949,#8955));
#8940 = ORIENTED_EDGE('',*,*,#3828,.T.);
#8941 = ORIENTED_EDGE('',*,*,#8942,.F.);
#8942 = EDGE_CURVE('',#8943,#3821,#8945,.T.);
#8943 = VERTEX_POINT('',#8944);
#8944 = CARTESIAN_POINT('',(0.511733702123,-2.494371582175,
    1.098992935336));
#8945 = LINE('',#8946,#8947);
#8946 = CARTESIAN_POINT('',(0.511733702123,-2.494371582175,
    1.098992935336));
#8947 = VECTOR('',#8948,1.);
#8948 = DIRECTION('',(0.,0.998629534755,-5.233595624292E-02));
#8949 = ORIENTED_EDGE('',*,*,#8950,.F.);
#8950 = EDGE_CURVE('',#8919,#8943,#8951,.T.);
#8951 = LINE('',#8952,#8953);
#8952 = CARTESIAN_POINT('',(0.511733702123,-2.494371582175,
    1.098992935336));
#8953 = VECTOR('',#8954,1.);
#8954 = DIRECTION('',(-0.,-5.233595624293E-02,-0.998629534755));
#8955 = ORIENTED_EDGE('',*,*,#8918,.T.);
#8956 = PLANE('',#8957);
#8957 = AXIS2_PLACEMENT_3D('',#8958,#8959,#8960);
#8958 = CARTESIAN_POINT('',(0.511733702123,-2.494371582175,
    1.098992935336));
#8959 = DIRECTION('',(1.,0.,0.));
#8960 = DIRECTION('',(0.,0.,-1.));
#8961 = ADVANCED_FACE('',(#8962),#8973,.F.);
#8962 = FACE_BOUND('',#8963,.T.);
#8963 = EDGE_LOOP('',(#8964,#8965,#8966,#8972));
#8964 = ORIENTED_EDGE('',*,*,#3820,.T.);
#8965 = ORIENTED_EDGE('',*,*,#8711,.F.);
#8966 = ORIENTED_EDGE('',*,*,#8967,.F.);
#8967 = EDGE_CURVE('',#8943,#8704,#8968,.T.);
#8968 = LINE('',#8969,#8970);
#8969 = CARTESIAN_POINT('',(0.639346544045,-2.494371582175,
    1.098992935336));
#8970 = VECTOR('',#8971,1.);
#8971 = DIRECTION('',(1.,0.,0.));
#8972 = ORIENTED_EDGE('',*,*,#8942,.T.);
#8973 = PLANE('',#8974);
#8974 = AXIS2_PLACEMENT_3D('',#8975,#8976,#8977);
#8975 = CARTESIAN_POINT('',(0.639346544045,-2.494371582175,
    1.098992935336));
#8976 = DIRECTION('',(0.,5.233595624292E-02,0.998629534755));
#8977 = DIRECTION('',(0.,-0.998629534755,5.233595624292E-02));
#8978 = ADVANCED_FACE('',(#8979),#8993,.F.);
#8979 = FACE_BOUND('',#8980,.T.);
#8980 = EDGE_LOOP('',(#8981,#8982,#8983,#8984,#8985,#8986,#8987,#8988,
    #8989,#8990,#8991,#8992));
#8981 = ORIENTED_EDGE('',*,*,#8703,.T.);
#8982 = ORIENTED_EDGE('',*,*,#8734,.T.);
#8983 = ORIENTED_EDGE('',*,*,#8758,.T.);
#8984 = ORIENTED_EDGE('',*,*,#8782,.T.);
#8985 = ORIENTED_EDGE('',*,*,#8806,.T.);
#8986 = ORIENTED_EDGE('',*,*,#8830,.T.);
#8987 = ORIENTED_EDGE('',*,*,#8854,.T.);
#8988 = ORIENTED_EDGE('',*,*,#8878,.T.);
#8989 = ORIENTED_EDGE('',*,*,#8902,.T.);
#8990 = ORIENTED_EDGE('',*,*,#8926,.T.);
#8991 = ORIENTED_EDGE('',*,*,#8950,.T.);
#8992 = ORIENTED_EDGE('',*,*,#8967,.T.);
#8993 = PLANE('',#8994);
#8994 = AXIS2_PLACEMENT_3D('',#8995,#8996,#8997);
#8995 = CARTESIAN_POINT('',(0.,-2.544453393215,0.14337505331));
#8996 = DIRECTION('',(0.,0.998629534755,-5.233595624293E-02));
#8997 = DIRECTION('',(0.,5.233595624293E-02,0.998629534755));
#8998 = ADVANCED_FACE('',(#8999,#9061),#9123,.T.);
#8999 = FACE_BOUND('',#9000,.T.);
#9000 = EDGE_LOOP('',(#9001,#9011,#9020,#9029,#9038,#9047,#9055));
#9001 = ORIENTED_EDGE('',*,*,#9002,.T.);
#9002 = EDGE_CURVE('',#9003,#9005,#9007,.T.);
#9003 = VERTEX_POINT('',#9004);
#9004 = CARTESIAN_POINT('',(0.684168735195,-2.494371582175,
    1.098992935336));
#9005 = VERTEX_POINT('',#9006);
#9006 = CARTESIAN_POINT('',(0.74943081595,-2.494371582175,1.098992935336
    ));
#9007 = LINE('',#9008,#9009);
#9008 = CARTESIAN_POINT('',(0.74943081595,-2.494371582175,1.098992935336
    ));
#9009 = VECTOR('',#9010,1.);
#9010 = DIRECTION('',(1.,0.,0.));
#9011 = ORIENTED_EDGE('',*,*,#9012,.T.);
#9012 = EDGE_CURVE('',#9005,#9013,#9015,.T.);
#9013 = VERTEX_POINT('',#9014);
#9014 = CARTESIAN_POINT('',(0.841561950396,-2.492632062413,
    1.132184949699));
#9015 = B_SPLINE_CURVE_WITH_KNOTS('',3,(#9016,#9017,#9018,#9019),
  .UNSPECIFIED.,.F.,.F.,(4,4),(5.,6.),.PIECEWISE_BEZIER_KNOTS.);
#9016 = CARTESIAN_POINT('',(0.74943081595,-2.494371582175,1.098992935336
    ));
#9017 = CARTESIAN_POINT('',(0.78697470813,-2.494371582175,1.098992935336
    ));
#9018 = CARTESIAN_POINT('',(0.817725521274,-2.493793858458,
    1.110016560543));
#9019 = CARTESIAN_POINT('',(0.841561950396,-2.492632062413,
    1.132184949699));
#9020 = ORIENTED_EDGE('',*,*,#9021,.T.);
#9021 = EDGE_CURVE('',#9013,#9022,#9024,.T.);
#9022 = VERTEX_POINT('',#9023);
#9023 = CARTESIAN_POINT('',(0.877346920328,-2.488003924066,
    1.220495090102));
#9024 = B_SPLINE_CURVE_WITH_KNOTS('',3,(#9025,#9026,#9027,#9028),
  .UNSPECIFIED.,.F.,.F.,(4,4),(4.,5.),.PIECEWISE_BEZIER_KNOTS.);
#9025 = CARTESIAN_POINT('',(0.841561950396,-2.492632062413,
    1.132184949699));
#9026 = CARTESIAN_POINT('',(0.865398379519,-2.491470266367,
    1.154353338854));
#9027 = CARTESIAN_POINT('',(0.877346920328,-2.489927553584,
    1.183790052321));
#9028 = CARTESIAN_POINT('',(0.877346920328,-2.488003924066,
    1.220495090102));
#9029 = ORIENTED_EDGE('',*,*,#9030,.T.);
#9030 = EDGE_CURVE('',#9022,#9031,#9033,.T.);
#9031 = VERTEX_POINT('',#9032);
#9032 = CARTESIAN_POINT('',(0.841561950396,-2.483597987149,
    1.304565374658));
#9033 = B_SPLINE_CURVE_WITH_KNOTS('',3,(#9034,#9035,#9036,#9037),
  .UNSPECIFIED.,.F.,.F.,(4,4),(3.,4.),.PIECEWISE_BEZIER_KNOTS.);
#9034 = CARTESIAN_POINT('',(0.877346920328,-2.488003924066,
    1.220495090102));
#9035 = CARTESIAN_POINT('',(0.877346920328,-2.486162826507,
    1.255625324283));
#9036 = CARTESIAN_POINT('',(0.865398379519,-2.484696297072,
    1.283608372889));
#9037 = CARTESIAN_POINT('',(0.841561950396,-2.483597987149,
    1.304565374658));
#9038 = ORIENTED_EDGE('',*,*,#9039,.T.);
#9039 = EDGE_CURVE('',#9031,#9040,#9042,.T.);
#9040 = VERTEX_POINT('',#9041);
#9041 = CARTESIAN_POINT('',(0.751856915605,-2.48195369657,1.335940307943
    ));
#9042 = B_SPLINE_CURVE_WITH_KNOTS('',3,(#9043,#9044,#9045,#9046),
  .UNSPECIFIED.,.F.,.F.,(4,4),(2.,3.),.PIECEWISE_BEZIER_KNOTS.);
#9043 = CARTESIAN_POINT('',(0.841561950396,-2.483597987149,
    1.304565374658));
#9044 = CARTESIAN_POINT('',(0.817725521274,-2.482499677225,
    1.325522376427));
#9045 = CARTESIAN_POINT('',(0.787823843009,-2.48195369657,1.335940307943
    ));
#9046 = CARTESIAN_POINT('',(0.751856915605,-2.48195369657,1.335940307943
    ));
#9047 = ORIENTED_EDGE('',*,*,#9048,.T.);
#9048 = EDGE_CURVE('',#9040,#9049,#9051,.T.);
#9049 = VERTEX_POINT('',#9050);
#9050 = CARTESIAN_POINT('',(0.684168735195,-2.48195369657,1.335940307943
    ));
#9051 = LINE('',#9052,#9053);
#9052 = CARTESIAN_POINT('',(0.684168735195,-2.48195369657,1.335940307943
    ));
#9053 = VECTOR('',#9054,1.);
#9054 = DIRECTION('',(-1.,-0.,-0.));
#9055 = ORIENTED_EDGE('',*,*,#9056,.T.);
#9056 = EDGE_CURVE('',#9049,#9003,#9057,.T.);
#9057 = LINE('',#9058,#9059);
#9058 = CARTESIAN_POINT('',(0.684168735195,-2.494371582175,
    1.098992935336));
#9059 = VECTOR('',#9060,1.);
#9060 = DIRECTION('',(-0.,-5.233595624293E-02,-0.998629534755));
#9061 = FACE_BOUND('',#9062,.T.);
#9062 = EDGE_LOOP('',(#9063,#9073,#9081,#9090,#9099,#9108,#9117));
#9063 = ORIENTED_EDGE('',*,*,#9064,.F.);
#9064 = EDGE_CURVE('',#9065,#9067,#9069,.T.);
#9065 = VERTEX_POINT('',#9066);
#9066 = CARTESIAN_POINT('',(0.714798243355,-2.483382134331,
    1.308684091769));
#9067 = VERTEX_POINT('',#9068);
#9068 = CARTESIAN_POINT('',(0.714798243355,-2.492955841638,
    1.126006874033));
#9069 = LINE('',#9070,#9071);
#9070 = CARTESIAN_POINT('',(0.714798243355,-2.483382134331,
    1.308684091769));
#9071 = VECTOR('',#9072,1.);
#9072 = DIRECTION('',(0.,-5.233595624292E-02,-0.998629534755));
#9073 = ORIENTED_EDGE('',*,*,#9074,.F.);
#9074 = EDGE_CURVE('',#9075,#9065,#9077,.T.);
#9075 = VERTEX_POINT('',#9076);
#9076 = CARTESIAN_POINT('',(0.750643865776,-2.483382134331,
    1.308684091769));
#9077 = LINE('',#9078,#9079);
#9078 = CARTESIAN_POINT('',(0.750643865776,-2.483382134331,
    1.308684091769));
#9079 = VECTOR('',#9080,1.);
#9080 = DIRECTION('',(-1.,0.,0.));
#9081 = ORIENTED_EDGE('',*,*,#9082,.F.);
#9082 = EDGE_CURVE('',#9083,#9075,#9085,.T.);
#9083 = VERTEX_POINT('',#9084);
#9084 = CARTESIAN_POINT('',(0.819120528575,-2.484550278989,
    1.286394563875));
#9085 = B_SPLINE_CURVE_WITH_KNOTS('',3,(#9086,#9087,#9088,#9089),
  .UNSPECIFIED.,.F.,.F.,(4,4),(5.,6.),.PIECEWISE_BEZIER_KNOTS.);
#9086 = CARTESIAN_POINT('',(0.819120528575,-2.484550278989,
    1.286394563875));
#9087 = CARTESIAN_POINT('',(0.801773916033,-2.48376939968,1.301294628716
    ));
#9088 = CARTESIAN_POINT('',(0.778907926772,-2.483382134331,
    1.308684091769));
#9089 = CARTESIAN_POINT('',(0.750643865776,-2.483382134331,
    1.308684091769));
#9090 = ORIENTED_EDGE('',*,*,#9091,.F.);
#9091 = EDGE_CURVE('',#9092,#9083,#9094,.T.);
#9092 = VERTEX_POINT('',#9093);
#9093 = CARTESIAN_POINT('',(0.845140447388,-2.488048364352,
    1.219647118933));
#9094 = B_SPLINE_CURVE_WITH_KNOTS('',3,(#9095,#9096,#9097,#9098),
  .UNSPECIFIED.,.F.,.F.,(4,4),(4.,5.),.PIECEWISE_BEZIER_KNOTS.);
#9095 = CARTESIAN_POINT('',(0.845140447388,-2.488048364352,
    1.219647118933));
#9096 = CARTESIAN_POINT('',(0.845140447388,-2.486499302957,1.24920497114
    ));
#9097 = CARTESIAN_POINT('',(0.836467141117,-2.485331158299,
    1.271494499033));
#9098 = CARTESIAN_POINT('',(0.819120528575,-2.484550278989,
    1.286394563875));
#9099 = ORIENTED_EDGE('',*,*,#9100,.F.);
#9100 = EDGE_CURVE('',#9101,#9092,#9103,.T.);
#9101 = VERTEX_POINT('',#9102);
#9102 = CARTESIAN_POINT('',(0.819787705981,-2.491660724735,
    1.150719176697));
#9103 = B_SPLINE_CURVE_WITH_KNOTS('',3,(#9104,#9105,#9106,#9107),
  .UNSPECIFIED.,.F.,.F.,(4,4),(3.,4.),.PIECEWISE_BEZIER_KNOTS.);
#9104 = CARTESIAN_POINT('',(0.819787705981,-2.491660724735,
    1.150719176697));
#9105 = CARTESIAN_POINT('',(0.836709751084,-2.490803662078,
    1.167072906402));
#9106 = CARTESIAN_POINT('',(0.845140447388,-2.489597425746,
    1.190089266727));
#9107 = CARTESIAN_POINT('',(0.845140447388,-2.488048364352,
    1.219647118933));
#9108 = ORIENTED_EDGE('',*,*,#9109,.F.);
#9109 = EDGE_CURVE('',#9110,#9101,#9112,.T.);
#9110 = VERTEX_POINT('',#9111);
#9111 = CARTESIAN_POINT('',(0.749248858474,-2.492955841638,
    1.126006874033));
#9112 = B_SPLINE_CURVE_WITH_KNOTS('',3,(#9113,#9114,#9115,#9116),
  .UNSPECIFIED.,.F.,.F.,(4,4),(2.,3.),.PIECEWISE_BEZIER_KNOTS.);
#9113 = CARTESIAN_POINT('',(0.749248858474,-2.492955841638,
    1.126006874033));
#9114 = CARTESIAN_POINT('',(0.779393146703,-2.492955841638,
    1.126006874033));
#9115 = CARTESIAN_POINT('',(0.80292631337,-2.492524136004,1.134244308253
    ));
#9116 = CARTESIAN_POINT('',(0.819787705981,-2.491660724735,
    1.150719176697));
#9117 = ORIENTED_EDGE('',*,*,#9118,.F.);
#9118 = EDGE_CURVE('',#9067,#9110,#9119,.T.);
#9119 = LINE('',#9120,#9121);
#9120 = CARTESIAN_POINT('',(0.714798243355,-2.492955841638,
    1.126006874033));
#9121 = VECTOR('',#9122,1.);
#9122 = DIRECTION('',(1.,0.,0.));
#9123 = PLANE('',#9124);
#9124 = AXIS2_PLACEMENT_3D('',#9125,#9126,#9127);
#9125 = CARTESIAN_POINT('',(0.801258369856,-2.482363975638,
    1.328111716964));
#9126 = DIRECTION('',(0.,-0.998629534755,5.233595624295E-02));
#9127 = DIRECTION('',(0.,-5.233595624295E-02,-0.998629534755));
#9128 = ADVANCED_FACE('',(#9129),#9145,.F.);
#9129 = FACE_BOUND('',#9130,.T.);
#9130 = EDGE_LOOP('',(#9131,#9132,#9138,#9139));
#9131 = ORIENTED_EDGE('',*,*,#3908,.T.);
#9132 = ORIENTED_EDGE('',*,*,#9133,.F.);
#9133 = EDGE_CURVE('',#9005,#3911,#9134,.T.);
#9134 = LINE('',#9135,#9136);
#9135 = CARTESIAN_POINT('',(0.74943081595,-2.494371582175,1.098992935336
    ));
#9136 = VECTOR('',#9137,1.);
#9137 = DIRECTION('',(0.,0.998629534755,-5.233595624292E-02));
#9138 = ORIENTED_EDGE('',*,*,#9002,.F.);
#9139 = ORIENTED_EDGE('',*,*,#9140,.T.);
#9140 = EDGE_CURVE('',#9003,#3909,#9141,.T.);
#9141 = LINE('',#9142,#9143);
#9142 = CARTESIAN_POINT('',(0.684168735195,-2.494371582175,
    1.098992935336));
#9143 = VECTOR('',#9144,1.);
#9144 = DIRECTION('',(0.,0.998629534755,-5.233595624292E-02));
#9145 = PLANE('',#9146);
#9146 = AXIS2_PLACEMENT_3D('',#9147,#9148,#9149);
#9147 = CARTESIAN_POINT('',(0.74943081595,-2.494371582175,1.098992935336
    ));
#9148 = DIRECTION('',(0.,5.233595624292E-02,0.998629534755));
#9149 = DIRECTION('',(0.,-0.998629534755,5.233595624292E-02));
#9150 = ADVANCED_FACE('',(#9151),#9162,.F.);
#9151 = FACE_BOUND('',#9152,.F.);
#9152 = EDGE_LOOP('',(#9153,#9154,#9155,#9161));
#9153 = ORIENTED_EDGE('',*,*,#9133,.F.);
#9154 = ORIENTED_EDGE('',*,*,#9012,.T.);
#9155 = ORIENTED_EDGE('',*,*,#9156,.T.);
#9156 = EDGE_CURVE('',#9013,#3953,#9157,.T.);
#9157 = LINE('',#9158,#9159);
#9158 = CARTESIAN_POINT('',(0.841561950396,-2.492632062413,
    1.132184949699));
#9159 = VECTOR('',#9160,1.);
#9160 = DIRECTION('',(0.,0.998629534755,-5.233595624292E-02));
#9161 = ORIENTED_EDGE('',*,*,#3961,.F.);
#9162 = B_SPLINE_SURFACE_WITH_KNOTS('',3,1,(
    (#9163,#9164)
    ,(#9165,#9166)
    ,(#9167,#9168)
    ,(#9169,#9170
    )),.UNSPECIFIED.,.F.,.F.,.F.,(4,4),(2,2),(5.,6.),(0.,1.),
  .PIECEWISE_BEZIER_KNOTS.);
#9163 = CARTESIAN_POINT('',(0.74943081595,-2.494371582175,1.098992935336
    ));
#9164 = CARTESIAN_POINT('',(0.74943081595,-2.484385295671,1.098469576237
    ));
#9165 = CARTESIAN_POINT('',(0.78697470813,-2.494371582175,1.098992935336
    ));
#9166 = CARTESIAN_POINT('',(0.78697470813,-2.484385295671,1.098469576237
    ));
#9167 = CARTESIAN_POINT('',(0.817725521274,-2.493793858458,
    1.110016560543));
#9168 = CARTESIAN_POINT('',(0.817725521274,-2.483807571954,
    1.109493201444));
#9169 = CARTESIAN_POINT('',(0.841561950396,-2.492632062413,
    1.132184949699));
#9170 = CARTESIAN_POINT('',(0.841561950396,-2.482645775908,1.1316615906)
  );
#9171 = ADVANCED_FACE('',(#9172),#9183,.F.);
#9172 = FACE_BOUND('',#9173,.F.);
#9173 = EDGE_LOOP('',(#9174,#9175,#9176,#9182));
#9174 = ORIENTED_EDGE('',*,*,#9156,.F.);
#9175 = ORIENTED_EDGE('',*,*,#9021,.T.);
#9176 = ORIENTED_EDGE('',*,*,#9177,.T.);
#9177 = EDGE_CURVE('',#9022,#3944,#9178,.T.);
#9178 = LINE('',#9179,#9180);
#9179 = CARTESIAN_POINT('',(0.877346920328,-2.488003924066,
    1.220495090102));
#9180 = VECTOR('',#9181,1.);
#9181 = DIRECTION('',(0.,0.998629534755,-5.233595624292E-02));
#9182 = ORIENTED_EDGE('',*,*,#3952,.F.);
#9183 = B_SPLINE_SURFACE_WITH_KNOTS('',3,1,(
    (#9184,#9185)
    ,(#9186,#9187)
    ,(#9188,#9189)
    ,(#9190,#9191
    )),.UNSPECIFIED.,.F.,.F.,.F.,(4,4),(2,2),(4.,5.),(0.,1.),
  .PIECEWISE_BEZIER_KNOTS.);
#9184 = CARTESIAN_POINT('',(0.841561950396,-2.492632062413,
    1.132184949699));
#9185 = CARTESIAN_POINT('',(0.841561950396,-2.482645775908,1.1316615906)
  );
#9186 = CARTESIAN_POINT('',(0.865398379519,-2.491470266367,
    1.154353338854));
#9187 = CARTESIAN_POINT('',(0.865398379519,-2.481483979862,
    1.153829979755));
#9188 = CARTESIAN_POINT('',(0.877346920328,-2.489927553584,
    1.183790052321));
#9189 = CARTESIAN_POINT('',(0.877346920328,-2.47994126708,1.183266693222
    ));
#9190 = CARTESIAN_POINT('',(0.877346920328,-2.488003924066,
    1.220495090102));
#9191 = CARTESIAN_POINT('',(0.877346920328,-2.478017637562,
    1.219971731003));
#9192 = ADVANCED_FACE('',(#9193),#9204,.F.);
#9193 = FACE_BOUND('',#9194,.F.);
#9194 = EDGE_LOOP('',(#9195,#9196,#9197,#9203));
#9195 = ORIENTED_EDGE('',*,*,#9177,.F.);
#9196 = ORIENTED_EDGE('',*,*,#9030,.T.);
#9197 = ORIENTED_EDGE('',*,*,#9198,.T.);
#9198 = EDGE_CURVE('',#9031,#3935,#9199,.T.);
#9199 = LINE('',#9200,#9201);
#9200 = CARTESIAN_POINT('',(0.841561950396,-2.483597987149,
    1.304565374658));
#9201 = VECTOR('',#9202,1.);
#9202 = DIRECTION('',(0.,0.998629534755,-5.233595624292E-02));
#9203 = ORIENTED_EDGE('',*,*,#3943,.F.);
#9204 = B_SPLINE_SURFACE_WITH_KNOTS('',3,1,(
    (#9205,#9206)
    ,(#9207,#9208)
    ,(#9209,#9210)
    ,(#9211,#9212
    )),.UNSPECIFIED.,.F.,.F.,.F.,(4,4),(2,2),(3.,4.),(0.,1.),
  .PIECEWISE_BEZIER_KNOTS.);
#9205 = CARTESIAN_POINT('',(0.877346920328,-2.488003924066,
    1.220495090102));
#9206 = CARTESIAN_POINT('',(0.877346920328,-2.478017637562,
    1.219971731003));
#9207 = CARTESIAN_POINT('',(0.877346920328,-2.486162826507,
    1.255625324283));
#9208 = CARTESIAN_POINT('',(0.877346920328,-2.476176540003,
    1.255101965184));
#9209 = CARTESIAN_POINT('',(0.865398379519,-2.484696297072,
    1.283608372889));
#9210 = CARTESIAN_POINT('',(0.865398379519,-2.474710010568,1.28308501379
    ));
#9211 = CARTESIAN_POINT('',(0.841561950396,-2.483597987149,
    1.304565374658));
#9212 = CARTESIAN_POINT('',(0.841561950396,-2.473611700644,
    1.304042015559));
#9213 = ADVANCED_FACE('',(#9214),#9225,.F.);
#9214 = FACE_BOUND('',#9215,.F.);
#9215 = EDGE_LOOP('',(#9216,#9217,#9218,#9224));
#9216 = ORIENTED_EDGE('',*,*,#9198,.F.);
#9217 = ORIENTED_EDGE('',*,*,#9039,.T.);
#9218 = ORIENTED_EDGE('',*,*,#9219,.T.);
#9219 = EDGE_CURVE('',#9040,#3927,#9220,.T.);
#9220 = LINE('',#9221,#9222);
#9221 = CARTESIAN_POINT('',(0.751856915605,-2.48195369657,1.335940307943
    ));
#9222 = VECTOR('',#9223,1.);
#9223 = DIRECTION('',(0.,0.998629534755,-5.233595624292E-02));
#9224 = ORIENTED_EDGE('',*,*,#3934,.F.);
#9225 = B_SPLINE_SURFACE_WITH_KNOTS('',3,1,(
    (#9226,#9227)
    ,(#9228,#9229)
    ,(#9230,#9231)
    ,(#9232,#9233
    )),.UNSPECIFIED.,.F.,.F.,.F.,(4,4),(2,2),(2.,3.),(0.,1.),
  .PIECEWISE_BEZIER_KNOTS.);
#9226 = CARTESIAN_POINT('',(0.841561950396,-2.483597987149,
    1.304565374658));
#9227 = CARTESIAN_POINT('',(0.841561950396,-2.473611700644,
    1.304042015559));
#9228 = CARTESIAN_POINT('',(0.817725521274,-2.482499677225,
    1.325522376427));
#9229 = CARTESIAN_POINT('',(0.817725521274,-2.472513390721,
    1.324999017328));
#9230 = CARTESIAN_POINT('',(0.787823843009,-2.48195369657,1.335940307943
    ));
#9231 = CARTESIAN_POINT('',(0.787823843009,-2.471967410066,
    1.335416948844));
#9232 = CARTESIAN_POINT('',(0.751856915605,-2.48195369657,1.335940307943
    ));
#9233 = CARTESIAN_POINT('',(0.751856915605,-2.471967410066,
    1.335416948844));
#9234 = ADVANCED_FACE('',(#9235),#9246,.F.);
#9235 = FACE_BOUND('',#9236,.T.);
#9236 = EDGE_LOOP('',(#9237,#9238,#9244,#9245));
#9237 = ORIENTED_EDGE('',*,*,#3926,.T.);
#9238 = ORIENTED_EDGE('',*,*,#9239,.F.);
#9239 = EDGE_CURVE('',#9049,#3919,#9240,.T.);
#9240 = LINE('',#9241,#9242);
#9241 = CARTESIAN_POINT('',(0.684168735195,-2.48195369657,1.335940307943
    ));
#9242 = VECTOR('',#9243,1.);
#9243 = DIRECTION('',(0.,0.998629534755,-5.233595624292E-02));
#9244 = ORIENTED_EDGE('',*,*,#9048,.F.);
#9245 = ORIENTED_EDGE('',*,*,#9219,.T.);
#9246 = PLANE('',#9247);
#9247 = AXIS2_PLACEMENT_3D('',#9248,#9249,#9250);
#9248 = CARTESIAN_POINT('',(0.684168735195,-2.48195369657,1.335940307943
    ));
#9249 = DIRECTION('',(0.,-5.233595624292E-02,-0.998629534755));
#9250 = DIRECTION('',(0.,0.998629534755,-5.233595624292E-02));
#9251 = ADVANCED_FACE('',(#9252),#9258,.F.);
#9252 = FACE_BOUND('',#9253,.T.);
#9253 = EDGE_LOOP('',(#9254,#9255,#9256,#9257));
#9254 = ORIENTED_EDGE('',*,*,#3918,.T.);
#9255 = ORIENTED_EDGE('',*,*,#9140,.F.);
#9256 = ORIENTED_EDGE('',*,*,#9056,.F.);
#9257 = ORIENTED_EDGE('',*,*,#9239,.T.);
#9258 = PLANE('',#9259);
#9259 = AXIS2_PLACEMENT_3D('',#9260,#9261,#9262);
#9260 = CARTESIAN_POINT('',(0.684168735195,-2.494371582175,
    1.098992935336));
#9261 = DIRECTION('',(1.,0.,0.));
#9262 = DIRECTION('',(0.,0.,-1.));
#9263 = ADVANCED_FACE('',(#9264),#9289,.T.);
#9264 = FACE_BOUND('',#9265,.T.);
#9265 = EDGE_LOOP('',(#9266,#9276,#9282,#9283));
#9266 = ORIENTED_EDGE('',*,*,#9267,.F.);
#9267 = EDGE_CURVE('',#9268,#9270,#9272,.T.);
#9268 = VERTEX_POINT('',#9269);
#9269 = CARTESIAN_POINT('',(0.750643865776,-2.473395847827,1.30816073267
    ));
#9270 = VERTEX_POINT('',#9271);
#9271 = CARTESIAN_POINT('',(0.714798243355,-2.473395847827,1.30816073267
    ));
#9272 = LINE('',#9273,#9274);
#9273 = CARTESIAN_POINT('',(0.750643865776,-2.473395847827,1.30816073267
    ));
#9274 = VECTOR('',#9275,1.);
#9275 = DIRECTION('',(-1.,0.,0.));
#9276 = ORIENTED_EDGE('',*,*,#9277,.F.);
#9277 = EDGE_CURVE('',#9075,#9268,#9278,.T.);
#9278 = LINE('',#9279,#9280);
#9279 = CARTESIAN_POINT('',(0.750643865776,-2.483382134331,
    1.308684091769));
#9280 = VECTOR('',#9281,1.);
#9281 = DIRECTION('',(0.,0.998629534755,-5.233595624292E-02));
#9282 = ORIENTED_EDGE('',*,*,#9074,.T.);
#9283 = ORIENTED_EDGE('',*,*,#9284,.T.);
#9284 = EDGE_CURVE('',#9065,#9270,#9285,.T.);
#9285 = LINE('',#9286,#9287);
#9286 = CARTESIAN_POINT('',(0.714798243355,-2.483382134331,
    1.308684091769));
#9287 = VECTOR('',#9288,1.);
#9288 = DIRECTION('',(0.,0.998629534755,-5.233595624292E-02));
#9289 = PLANE('',#9290);
#9290 = AXIS2_PLACEMENT_3D('',#9291,#9292,#9293);
#9291 = CARTESIAN_POINT('',(0.750643865776,-2.483382134331,
    1.308684091769));
#9292 = DIRECTION('',(0.,-5.233595624292E-02,-0.998629534755));
#9293 = DIRECTION('',(0.,0.998629534755,-5.233595624292E-02));
#9294 = ADVANCED_FACE('',(#9295),#9313,.T.);
#9295 = FACE_BOUND('',#9296,.T.);
#9296 = EDGE_LOOP('',(#9297,#9305,#9306,#9307));
#9297 = ORIENTED_EDGE('',*,*,#9298,.F.);
#9298 = EDGE_CURVE('',#9270,#9299,#9301,.T.);
#9299 = VERTEX_POINT('',#9300);
#9300 = CARTESIAN_POINT('',(0.714798243355,-2.482969555134,
    1.125483514934));
#9301 = LINE('',#9302,#9303);
#9302 = CARTESIAN_POINT('',(0.714798243355,-2.473395847827,1.30816073267
    ));
#9303 = VECTOR('',#9304,1.);
#9304 = DIRECTION('',(0.,-5.233595624292E-02,-0.998629534755));
#9305 = ORIENTED_EDGE('',*,*,#9284,.F.);
#9306 = ORIENTED_EDGE('',*,*,#9064,.T.);
#9307 = ORIENTED_EDGE('',*,*,#9308,.T.);
#9308 = EDGE_CURVE('',#9067,#9299,#9309,.T.);
#9309 = LINE('',#9310,#9311);
#9310 = CARTESIAN_POINT('',(0.714798243355,-2.492955841638,
    1.126006874033));
#9311 = VECTOR('',#9312,1.);
#9312 = DIRECTION('',(0.,0.998629534755,-5.233595624292E-02));
#9313 = PLANE('',#9314);
#9314 = AXIS2_PLACEMENT_3D('',#9315,#9316,#9317);
#9315 = CARTESIAN_POINT('',(0.714798243355,-2.483382134331,
    1.308684091769));
#9316 = DIRECTION('',(1.,0.,0.));
#9317 = DIRECTION('',(0.,0.,-1.));
#9318 = ADVANCED_FACE('',(#9319),#9337,.T.);
#9319 = FACE_BOUND('',#9320,.T.);
#9320 = EDGE_LOOP('',(#9321,#9329,#9330,#9331));
#9321 = ORIENTED_EDGE('',*,*,#9322,.F.);
#9322 = EDGE_CURVE('',#9299,#9323,#9325,.T.);
#9323 = VERTEX_POINT('',#9324);
#9324 = CARTESIAN_POINT('',(0.749248858474,-2.482969555134,
    1.125483514934));
#9325 = LINE('',#9326,#9327);
#9326 = CARTESIAN_POINT('',(0.714798243355,-2.482969555134,
    1.125483514934));
#9327 = VECTOR('',#9328,1.);
#9328 = DIRECTION('',(1.,0.,0.));
#9329 = ORIENTED_EDGE('',*,*,#9308,.F.);
#9330 = ORIENTED_EDGE('',*,*,#9118,.T.);
#9331 = ORIENTED_EDGE('',*,*,#9332,.T.);
#9332 = EDGE_CURVE('',#9110,#9323,#9333,.T.);
#9333 = LINE('',#9334,#9335);
#9334 = CARTESIAN_POINT('',(0.749248858474,-2.492955841638,
    1.126006874033));
#9335 = VECTOR('',#9336,1.);
#9336 = DIRECTION('',(0.,0.998629534755,-5.233595624292E-02));
#9337 = PLANE('',#9338);
#9338 = AXIS2_PLACEMENT_3D('',#9339,#9340,#9341);
#9339 = CARTESIAN_POINT('',(0.714798243355,-2.492955841638,
    1.126006874033));
#9340 = DIRECTION('',(0.,5.233595624292E-02,0.998629534755));
#9341 = DIRECTION('',(0.,-0.998629534755,5.233595624292E-02));
#9342 = ADVANCED_FACE('',(#9343),#9362,.T.);
#9343 = FACE_BOUND('',#9344,.T.);
#9344 = EDGE_LOOP('',(#9345,#9354,#9355,#9356));
#9345 = ORIENTED_EDGE('',*,*,#9346,.F.);
#9346 = EDGE_CURVE('',#9323,#9347,#9349,.T.);
#9347 = VERTEX_POINT('',#9348);
#9348 = CARTESIAN_POINT('',(0.819787705981,-2.481674438231,
    1.150195817598));
#9349 = B_SPLINE_CURVE_WITH_KNOTS('',3,(#9350,#9351,#9352,#9353),
  .UNSPECIFIED.,.F.,.F.,(4,4),(2.,3.),.PIECEWISE_BEZIER_KNOTS.);
#9350 = CARTESIAN_POINT('',(0.749248858474,-2.482969555134,
    1.125483514934));
#9351 = CARTESIAN_POINT('',(0.779393146703,-2.482969555134,
    1.125483514934));
#9352 = CARTESIAN_POINT('',(0.80292631337,-2.4825378495,1.133720949154)
  );
#9353 = CARTESIAN_POINT('',(0.819787705981,-2.481674438231,
    1.150195817598));
#9354 = ORIENTED_EDGE('',*,*,#9332,.F.);
#9355 = ORIENTED_EDGE('',*,*,#9109,.T.);
#9356 = ORIENTED_EDGE('',*,*,#9357,.T.);
#9357 = EDGE_CURVE('',#9101,#9347,#9358,.T.);
#9358 = LINE('',#9359,#9360);
#9359 = CARTESIAN_POINT('',(0.819787705981,-2.491660724735,
    1.150719176697));
#9360 = VECTOR('',#9361,1.);
#9361 = DIRECTION('',(0.,0.998629534755,-5.233595624292E-02));
#9362 = B_SPLINE_SURFACE_WITH_KNOTS('',3,1,(
    (#9363,#9364)
    ,(#9365,#9366)
    ,(#9367,#9368)
    ,(#9369,#9370
    )),.UNSPECIFIED.,.F.,.F.,.F.,(4,4),(2,2),(2.,3.),(0.,1.),
  .PIECEWISE_BEZIER_KNOTS.);
#9363 = CARTESIAN_POINT('',(0.749248858474,-2.492955841638,
    1.126006874033));
#9364 = CARTESIAN_POINT('',(0.749248858474,-2.482969555134,
    1.125483514934));
#9365 = CARTESIAN_POINT('',(0.779393146703,-2.492955841638,
    1.126006874033));
#9366 = CARTESIAN_POINT('',(0.779393146703,-2.482969555134,
    1.125483514934));
#9367 = CARTESIAN_POINT('',(0.80292631337,-2.492524136004,1.134244308253
    ));
#9368 = CARTESIAN_POINT('',(0.80292631337,-2.4825378495,1.133720949154)
  );
#9369 = CARTESIAN_POINT('',(0.819787705981,-2.491660724735,
    1.150719176697));
#9370 = CARTESIAN_POINT('',(0.819787705981,-2.481674438231,
    1.150195817598));
#9371 = ADVANCED_FACE('',(#9372),#9391,.T.);
#9372 = FACE_BOUND('',#9373,.T.);
#9373 = EDGE_LOOP('',(#9374,#9383,#9384,#9385));
#9374 = ORIENTED_EDGE('',*,*,#9375,.F.);
#9375 = EDGE_CURVE('',#9347,#9376,#9378,.T.);
#9376 = VERTEX_POINT('',#9377);
#9377 = CARTESIAN_POINT('',(0.845140447388,-2.478062077848,
    1.219123759834));
#9378 = B_SPLINE_CURVE_WITH_KNOTS('',3,(#9379,#9380,#9381,#9382),
  .UNSPECIFIED.,.F.,.F.,(4,4),(3.,4.),.PIECEWISE_BEZIER_KNOTS.);
#9379 = CARTESIAN_POINT('',(0.819787705981,-2.481674438231,
    1.150195817598));
#9380 = CARTESIAN_POINT('',(0.836709751084,-2.480817375574,
    1.166549547303));
#9381 = CARTESIAN_POINT('',(0.845140447388,-2.479611139242,
    1.189565907628));
#9382 = CARTESIAN_POINT('',(0.845140447388,-2.478062077848,
    1.219123759834));
#9383 = ORIENTED_EDGE('',*,*,#9357,.F.);
#9384 = ORIENTED_EDGE('',*,*,#9100,.T.);
#9385 = ORIENTED_EDGE('',*,*,#9386,.T.);
#9386 = EDGE_CURVE('',#9092,#9376,#9387,.T.);
#9387 = LINE('',#9388,#9389);
#9388 = CARTESIAN_POINT('',(0.845140447388,-2.488048364352,
    1.219647118933));
#9389 = VECTOR('',#9390,1.);
#9390 = DIRECTION('',(0.,0.998629534755,-5.233595624292E-02));
#9391 = B_SPLINE_SURFACE_WITH_KNOTS('',3,1,(
    (#9392,#9393)
    ,(#9394,#9395)
    ,(#9396,#9397)
    ,(#9398,#9399
    )),.UNSPECIFIED.,.F.,.F.,.F.,(4,4),(2,2),(3.,4.),(0.,1.),
  .PIECEWISE_BEZIER_KNOTS.);
#9392 = CARTESIAN_POINT('',(0.819787705981,-2.491660724735,
    1.150719176697));
#9393 = CARTESIAN_POINT('',(0.819787705981,-2.481674438231,
    1.150195817598));
#9394 = CARTESIAN_POINT('',(0.836709751084,-2.490803662078,
    1.167072906402));
#9395 = CARTESIAN_POINT('',(0.836709751084,-2.480817375574,
    1.166549547303));
#9396 = CARTESIAN_POINT('',(0.845140447388,-2.489597425746,
    1.190089266727));
#9397 = CARTESIAN_POINT('',(0.845140447388,-2.479611139242,
    1.189565907628));
#9398 = CARTESIAN_POINT('',(0.845140447388,-2.488048364352,
    1.219647118933));
#9399 = CARTESIAN_POINT('',(0.845140447388,-2.478062077848,
    1.219123759834));
#9400 = ADVANCED_FACE('',(#9401),#9420,.T.);
#9401 = FACE_BOUND('',#9402,.T.);
#9402 = EDGE_LOOP('',(#9403,#9412,#9413,#9414));
#9403 = ORIENTED_EDGE('',*,*,#9404,.F.);
#9404 = EDGE_CURVE('',#9376,#9405,#9407,.T.);
#9405 = VERTEX_POINT('',#9406);
#9406 = CARTESIAN_POINT('',(0.819120528575,-2.474563992485,
    1.285871204776));
#9407 = B_SPLINE_CURVE_WITH_KNOTS('',3,(#9408,#9409,#9410,#9411),
  .UNSPECIFIED.,.F.,.F.,(4,4),(4.,5.),.PIECEWISE_BEZIER_KNOTS.);
#9408 = CARTESIAN_POINT('',(0.845140447388,-2.478062077848,
    1.219123759834));
#9409 = CARTESIAN_POINT('',(0.845140447388,-2.476513016453,
    1.248681612041));
#9410 = CARTESIAN_POINT('',(0.836467141117,-2.475344871795,
    1.270971139934));
#9411 = CARTESIAN_POINT('',(0.819120528575,-2.474563992485,
    1.285871204776));
#9412 = ORIENTED_EDGE('',*,*,#9386,.F.);
#9413 = ORIENTED_EDGE('',*,*,#9091,.T.);
#9414 = ORIENTED_EDGE('',*,*,#9415,.T.);
#9415 = EDGE_CURVE('',#9083,#9405,#9416,.T.);
#9416 = LINE('',#9417,#9418);
#9417 = CARTESIAN_POINT('',(0.819120528575,-2.484550278989,
    1.286394563875));
#9418 = VECTOR('',#9419,1.);
#9419 = DIRECTION('',(0.,0.998629534755,-5.233595624292E-02));
#9420 = B_SPLINE_SURFACE_WITH_KNOTS('',3,1,(
    (#9421,#9422)
    ,(#9423,#9424)
    ,(#9425,#9426)
    ,(#9427,#9428
    )),.UNSPECIFIED.,.F.,.F.,.F.,(4,4),(2,2),(4.,5.),(0.,1.),
  .PIECEWISE_BEZIER_KNOTS.);
#9421 = CARTESIAN_POINT('',(0.845140447388,-2.488048364352,
    1.219647118933));
#9422 = CARTESIAN_POINT('',(0.845140447388,-2.478062077848,
    1.219123759834));
#9423 = CARTESIAN_POINT('',(0.845140447388,-2.486499302957,1.24920497114
    ));
#9424 = CARTESIAN_POINT('',(0.845140447388,-2.476513016453,
    1.248681612041));
#9425 = CARTESIAN_POINT('',(0.836467141117,-2.485331158299,
    1.271494499033));
#9426 = CARTESIAN_POINT('',(0.836467141117,-2.475344871795,
    1.270971139934));
#9427 = CARTESIAN_POINT('',(0.819120528575,-2.484550278989,
    1.286394563875));
#9428 = CARTESIAN_POINT('',(0.819120528575,-2.474563992485,
    1.285871204776));
#9429 = ADVANCED_FACE('',(#9430),#9442,.T.);
#9430 = FACE_BOUND('',#9431,.T.);
#9431 = EDGE_LOOP('',(#9432,#9439,#9440,#9441));
#9432 = ORIENTED_EDGE('',*,*,#9433,.F.);
#9433 = EDGE_CURVE('',#9405,#9268,#9434,.T.);
#9434 = B_SPLINE_CURVE_WITH_KNOTS('',3,(#9435,#9436,#9437,#9438),
  .UNSPECIFIED.,.F.,.F.,(4,4),(5.,6.),.PIECEWISE_BEZIER_KNOTS.);
#9435 = CARTESIAN_POINT('',(0.819120528575,-2.474563992485,
    1.285871204776));
#9436 = CARTESIAN_POINT('',(0.801773916033,-2.473783113176,
    1.300771269617));
#9437 = CARTESIAN_POINT('',(0.778907926772,-2.473395847827,1.30816073267
    ));
#9438 = CARTESIAN_POINT('',(0.750643865776,-2.473395847827,1.30816073267
    ));
#9439 = ORIENTED_EDGE('',*,*,#9415,.F.);
#9440 = ORIENTED_EDGE('',*,*,#9082,.T.);
#9441 = ORIENTED_EDGE('',*,*,#9277,.T.);
#9442 = B_SPLINE_SURFACE_WITH_KNOTS('',3,1,(
    (#9443,#9444)
    ,(#9445,#9446)
    ,(#9447,#9448)
    ,(#9449,#9450
    )),.UNSPECIFIED.,.F.,.F.,.F.,(4,4),(2,2),(5.,6.),(0.,1.),
  .PIECEWISE_BEZIER_KNOTS.);
#9443 = CARTESIAN_POINT('',(0.819120528575,-2.484550278989,
    1.286394563875));
#9444 = CARTESIAN_POINT('',(0.819120528575,-2.474563992485,
    1.285871204776));
#9445 = CARTESIAN_POINT('',(0.801773916033,-2.48376939968,1.301294628716
    ));
#9446 = CARTESIAN_POINT('',(0.801773916033,-2.473783113176,
    1.300771269617));
#9447 = CARTESIAN_POINT('',(0.778907926772,-2.483382134331,
    1.308684091769));
#9448 = CARTESIAN_POINT('',(0.778907926772,-2.473395847827,1.30816073267
    ));
#9449 = CARTESIAN_POINT('',(0.750643865776,-2.483382134331,
    1.308684091769));
#9450 = CARTESIAN_POINT('',(0.750643865776,-2.473395847827,1.30816073267
    ));
#9451 = ADVANCED_FACE('',(#9452),#9461,.T.);
#9452 = FACE_BOUND('',#9453,.T.);
#9453 = EDGE_LOOP('',(#9454,#9455,#9456,#9457,#9458,#9459,#9460));
#9454 = ORIENTED_EDGE('',*,*,#9433,.T.);
#9455 = ORIENTED_EDGE('',*,*,#9267,.T.);
#9456 = ORIENTED_EDGE('',*,*,#9298,.T.);
#9457 = ORIENTED_EDGE('',*,*,#9322,.T.);
#9458 = ORIENTED_EDGE('',*,*,#9346,.T.);
#9459 = ORIENTED_EDGE('',*,*,#9375,.T.);
#9460 = ORIENTED_EDGE('',*,*,#9404,.T.);
#9461 = PLANE('',#9462);
#9462 = AXIS2_PLACEMENT_3D('',#9463,#9464,#9465);
#9463 = CARTESIAN_POINT('',(-3.499996900561,-2.499503383156,
    0.809999282478));
#9464 = DIRECTION('',(0.,-0.998629534755,5.233595624292E-02));
#9465 = DIRECTION('',(0.,-5.233595624292E-02,-0.998629534755));
#9466 = ADVANCED_FACE('',(#9467,#9533),#9585,.F.);
#9467 = FACE_BOUND('',#9468,.T.);
#9468 = EDGE_LOOP('',(#9469,#9479,#9487,#9495,#9503,#9511,#9519,#9527));
#9469 = ORIENTED_EDGE('',*,*,#9470,.T.);
#9470 = EDGE_CURVE('',#9471,#9473,#9475,.T.);
#9471 = VERTEX_POINT('',#9472);
#9472 = CARTESIAN_POINT('',(1.104005280716,-2.494371582175,
    1.098992935336));
#9473 = VERTEX_POINT('',#9474);
#9474 = CARTESIAN_POINT('',(1.01363306852,-2.48195369657,1.335940307943)
  );
#9475 = LINE('',#9476,#9477);
#9476 = CARTESIAN_POINT('',(1.01363306852,-2.48195369657,1.335940307943)
  );
#9477 = VECTOR('',#9478,1.);
#9478 = DIRECTION('',(-0.355935724364,4.890849743068E-02,0.933229724666)
  );
#9479 = ORIENTED_EDGE('',*,*,#9480,.T.);
#9480 = EDGE_CURVE('',#9473,#9481,#9483,.T.);
#9481 = VERTEX_POINT('',#9482);
#9482 = CARTESIAN_POINT('',(0.980880723159,-2.48195369657,1.335940307943
    ));
#9483 = LINE('',#9484,#9485);
#9484 = CARTESIAN_POINT('',(0.980880723159,-2.48195369657,1.335940307943
    ));
#9485 = VECTOR('',#9486,1.);
#9486 = DIRECTION('',(-1.,-0.,-0.));
#9487 = ORIENTED_EDGE('',*,*,#9488,.T.);
#9488 = EDGE_CURVE('',#9481,#9489,#9491,.T.);
#9489 = VERTEX_POINT('',#9490);
#9490 = CARTESIAN_POINT('',(0.890508510961,-2.494371582175,
    1.098992935336));
#9491 = LINE('',#9492,#9493);
#9492 = CARTESIAN_POINT('',(0.890508510961,-2.494371582175,
    1.098992935336));
#9493 = VECTOR('',#9494,1.);
#9494 = DIRECTION('',(-0.35593572437,-4.890849743056E-02,-0.933229724664
    ));
#9495 = ORIENTED_EDGE('',*,*,#9496,.T.);
#9496 = EDGE_CURVE('',#9489,#9497,#9499,.T.);
#9497 = VERTEX_POINT('',#9498);
#9498 = CARTESIAN_POINT('',(0.924352601167,-2.494371582175,
    1.098992935336));
#9499 = LINE('',#9500,#9501);
#9500 = CARTESIAN_POINT('',(0.924352601167,-2.494371582175,
    1.098992935336));
#9501 = VECTOR('',#9502,1.);
#9502 = DIRECTION('',(1.,0.,0.));
#9503 = ORIENTED_EDGE('',*,*,#9504,.T.);
#9504 = EDGE_CURVE('',#9497,#9505,#9507,.T.);
#9505 = VERTEX_POINT('',#9506);
#9506 = CARTESIAN_POINT('',(0.947157937936,-2.490975074609,1.16380216046
    ));
#9507 = LINE('',#9508,#9509);
#9508 = CARTESIAN_POINT('',(0.947157937936,-2.490975074609,1.16380216046
    ));
#9509 = VECTOR('',#9510,1.);
#9510 = DIRECTION('',(0.331528418358,4.937610843608E-02,0.942152274177)
  );
#9511 = ORIENTED_EDGE('',*,*,#9512,.T.);
#9512 = EDGE_CURVE('',#9505,#9513,#9515,.T.);
#9513 = VERTEX_POINT('',#9514);
#9514 = CARTESIAN_POINT('',(1.045960846439,-2.490975074609,1.16380216046
    ));
#9515 = LINE('',#9516,#9517);
#9516 = CARTESIAN_POINT('',(1.045960846439,-2.490975074609,1.16380216046
    ));
#9517 = VECTOR('',#9518,1.);
#9518 = DIRECTION('',(1.,0.,0.));
#9519 = ORIENTED_EDGE('',*,*,#9520,.T.);
#9520 = EDGE_CURVE('',#9513,#9521,#9523,.T.);
#9521 = VERTEX_POINT('',#9522);
#9522 = CARTESIAN_POINT('',(1.070161190512,-2.494371582175,
    1.098992935336));
#9523 = LINE('',#9524,#9525);
#9524 = CARTESIAN_POINT('',(1.070161190512,-2.494371582175,
    1.098992935336));
#9525 = VECTOR('',#9526,1.);
#9526 = DIRECTION('',(0.349395479497,-4.903750070602E-02,-0.935691253797
    ));
#9527 = ORIENTED_EDGE('',*,*,#9528,.T.);
#9528 = EDGE_CURVE('',#9521,#9471,#9529,.T.);
#9529 = LINE('',#9530,#9531);
#9530 = CARTESIAN_POINT('',(1.104005280716,-2.494371582175,
    1.098992935336));
#9531 = VECTOR('',#9532,1.);
#9532 = DIRECTION('',(1.,0.,0.));
#9533 = FACE_BOUND('',#9534,.T.);
#9534 = EDGE_LOOP('',(#9535,#9545,#9553,#9562,#9570,#9579));
#9535 = ORIENTED_EDGE('',*,*,#9536,.F.);
#9536 = EDGE_CURVE('',#9537,#9539,#9541,.T.);
#9537 = VERTEX_POINT('',#9538);
#9538 = CARTESIAN_POINT('',(0.956862336563,-2.489572031297,1.19057382168
    ));
#9539 = VERTEX_POINT('',#9540);
#9540 = CARTESIAN_POINT('',(1.03649905778,-2.489572031297,1.19057382168)
  );
#9541 = LINE('',#9542,#9543);
#9542 = CARTESIAN_POINT('',(0.956862336563,-2.489572031297,1.19057382168
    ));
#9543 = VECTOR('',#9544,1.);
#9544 = DIRECTION('',(1.,0.,0.));
#9545 = ORIENTED_EDGE('',*,*,#9546,.F.);
#9546 = EDGE_CURVE('',#9547,#9537,#9549,.T.);
#9547 = VERTEX_POINT('',#9548);
#9548 = CARTESIAN_POINT('',(0.992344044034,-2.484410609519,
    1.289059616124));
#9549 = LINE('',#9550,#9551);
#9550 = CARTESIAN_POINT('',(0.992344044034,-2.484410609519,
    1.289059616124));
#9551 = VECTOR('',#9552,1.);
#9552 = DIRECTION('',(-0.338535034296,-4.924571625879E-02,
    -0.939664243219));
#9553 = ORIENTED_EDGE('',*,*,#9554,.F.);
#9554 = EDGE_CURVE('',#9555,#9547,#9557,.T.);
#9555 = VERTEX_POINT('',#9556);
#9556 = CARTESIAN_POINT('',(0.996225803485,-2.483540849638,
    1.305655623304));
#9557 = B_SPLINE_CURVE_WITH_KNOTS('',3,(#9558,#9559,#9560,#9561),
  .UNSPECIFIED.,.F.,.F.,(4,4),(3.,4.),.PIECEWISE_BEZIER_KNOTS.);
#9558 = CARTESIAN_POINT('',(0.996225803485,-2.483540849638,
    1.305655623304));
#9559 = CARTESIAN_POINT('',(0.995073406148,-2.483915417762,1.29850843773
    ));
#9560 = CARTESIAN_POINT('',(0.99379970383,-2.484207453927,1.292936055756
    ));
#9561 = CARTESIAN_POINT('',(0.992344044034,-2.484410609519,
    1.289059616124));
#9562 = ORIENTED_EDGE('',*,*,#9563,.F.);
#9563 = EDGE_CURVE('',#9564,#9555,#9566,.T.);
#9564 = VERTEX_POINT('',#9565);
#9565 = CARTESIAN_POINT('',(0.996953633383,-2.483540849638,
    1.305655623304));
#9566 = LINE('',#9567,#9568);
#9567 = CARTESIAN_POINT('',(0.996953633383,-2.483540849638,
    1.305655623304));
#9568 = VECTOR('',#9569,1.);
#9569 = DIRECTION('',(-1.,0.,0.));
#9570 = ORIENTED_EDGE('',*,*,#9571,.F.);
#9571 = EDGE_CURVE('',#9572,#9564,#9574,.T.);
#9572 = VERTEX_POINT('',#9573);
#9573 = CARTESIAN_POINT('',(1.000653435357,-2.484410609519,
    1.289059616124));
#9574 = B_SPLINE_CURVE_WITH_KNOTS('',3,(#9575,#9576,#9577,#9578),
  .UNSPECIFIED.,.F.,.F.,(4,4),(1.,2.),.PIECEWISE_BEZIER_KNOTS.);
#9575 = CARTESIAN_POINT('',(1.000653435357,-2.484410609519,
    1.289059616124));
#9576 = CARTESIAN_POINT('',(0.999501038022,-2.484239196988,
    1.292330362064));
#9577 = CARTESIAN_POINT('',(0.998287988192,-2.483953509436,
    1.297781605299));
#9578 = CARTESIAN_POINT('',(0.996953633383,-2.483540849638,
    1.305655623304));
#9579 = ORIENTED_EDGE('',*,*,#9580,.F.);
#9580 = EDGE_CURVE('',#9539,#9572,#9581,.T.);
#9581 = LINE('',#9582,#9583);
#9582 = CARTESIAN_POINT('',(1.03649905778,-2.489572031297,1.19057382168)
  );
#9583 = VECTOR('',#9584,1.);
#9584 = DIRECTION('',(-0.34160383069,4.918763664549E-02,0.938556018178)
  );
#9585 = PLANE('',#9586);
#9586 = AXIS2_PLACEMENT_3D('',#9587,#9588,#9589);
#9587 = CARTESIAN_POINT('',(0.,-2.544453393215,0.14337505331));
#9588 = DIRECTION('',(0.,0.998629534755,-5.233595624293E-02));
#9589 = DIRECTION('',(0.,5.233595624293E-02,0.998629534755));
#9590 = ADVANCED_FACE('',(#9591),#9607,.F.);
#9591 = FACE_BOUND('',#9592,.T.);
#9592 = EDGE_LOOP('',(#9593,#9594,#9600,#9601));
#9593 = ORIENTED_EDGE('',*,*,#3970,.T.);
#9594 = ORIENTED_EDGE('',*,*,#9595,.F.);
#9595 = EDGE_CURVE('',#9473,#3973,#9596,.T.);
#9596 = LINE('',#9597,#9598);
#9597 = CARTESIAN_POINT('',(1.01363306852,-2.48195369657,1.335940307943)
  );
#9598 = VECTOR('',#9599,1.);
#9599 = DIRECTION('',(0.,0.998629534755,-5.233595624292E-02));
#9600 = ORIENTED_EDGE('',*,*,#9470,.F.);
#9601 = ORIENTED_EDGE('',*,*,#9602,.T.);
#9602 = EDGE_CURVE('',#9471,#3971,#9603,.T.);
#9603 = LINE('',#9604,#9605);
#9604 = CARTESIAN_POINT('',(1.104005280716,-2.494371582175,
    1.098992935336));
#9605 = VECTOR('',#9606,1.);
#9606 = DIRECTION('',(0.,0.998629534755,-5.233595624292E-02));
#9607 = PLANE('',#9608);
#9608 = AXIS2_PLACEMENT_3D('',#9609,#9610,#9611);
#9609 = CARTESIAN_POINT('',(1.01363306852,-2.48195369657,1.335940307943)
  );
#9610 = DIRECTION('',(-0.934510438744,-1.862823649563E-02,
    -0.355447926824));
#9611 = DIRECTION('',(-0.355509615084,1.442162361753E-14,0.934672623747)
  );
#9612 = ADVANCED_FACE('',(#9613),#9624,.F.);
#9613 = FACE_BOUND('',#9614,.T.);
#9614 = EDGE_LOOP('',(#9615,#9616,#9622,#9623));
#9615 = ORIENTED_EDGE('',*,*,#4028,.T.);
#9616 = ORIENTED_EDGE('',*,*,#9617,.F.);
#9617 = EDGE_CURVE('',#9481,#4021,#9618,.T.);
#9618 = LINE('',#9619,#9620);
#9619 = CARTESIAN_POINT('',(0.980880723159,-2.48195369657,1.335940307943
    ));
#9620 = VECTOR('',#9621,1.);
#9621 = DIRECTION('',(0.,0.998629534755,-5.233595624292E-02));
#9622 = ORIENTED_EDGE('',*,*,#9480,.F.);
#9623 = ORIENTED_EDGE('',*,*,#9595,.T.);
#9624 = PLANE('',#9625);
#9625 = AXIS2_PLACEMENT_3D('',#9626,#9627,#9628);
#9626 = CARTESIAN_POINT('',(0.980880723159,-2.48195369657,1.335940307943
    ));
#9627 = DIRECTION('',(0.,-5.233595624292E-02,-0.998629534755));
#9628 = DIRECTION('',(0.,0.998629534755,-5.233595624292E-02));
#9629 = ADVANCED_FACE('',(#9630),#9641,.F.);
#9630 = FACE_BOUND('',#9631,.T.);
#9631 = EDGE_LOOP('',(#9632,#9633,#9639,#9640));
#9632 = ORIENTED_EDGE('',*,*,#4020,.T.);
#9633 = ORIENTED_EDGE('',*,*,#9634,.F.);
#9634 = EDGE_CURVE('',#9489,#4013,#9635,.T.);
#9635 = LINE('',#9636,#9637);
#9636 = CARTESIAN_POINT('',(0.890508510961,-2.494371582175,
    1.098992935336));
#9637 = VECTOR('',#9638,1.);
#9638 = DIRECTION('',(0.,0.998629534755,-5.233595624292E-02));
#9639 = ORIENTED_EDGE('',*,*,#9488,.F.);
#9640 = ORIENTED_EDGE('',*,*,#9617,.T.);
#9641 = PLANE('',#9642);
#9642 = AXIS2_PLACEMENT_3D('',#9643,#9644,#9645);
#9643 = CARTESIAN_POINT('',(0.890508510961,-2.494371582175,
    1.098992935336));
#9644 = DIRECTION('',(0.934510438742,-1.862823649592E-02,-0.35544792683)
  );
#9645 = DIRECTION('',(-0.35550961509,3.006275783868E-15,-0.934672623745)
  );
#9646 = ADVANCED_FACE('',(#9647),#9658,.F.);
#9647 = FACE_BOUND('',#9648,.T.);
#9648 = EDGE_LOOP('',(#9649,#9650,#9656,#9657));
#9649 = ORIENTED_EDGE('',*,*,#4012,.T.);
#9650 = ORIENTED_EDGE('',*,*,#9651,.F.);
#9651 = EDGE_CURVE('',#9497,#4005,#9652,.T.);
#9652 = LINE('',#9653,#9654);
#9653 = CARTESIAN_POINT('',(0.924352601167,-2.494371582175,
    1.098992935336));
#9654 = VECTOR('',#9655,1.);
#9655 = DIRECTION('',(0.,0.998629534755,-5.233595624292E-02));
#9656 = ORIENTED_EDGE('',*,*,#9496,.F.);
#9657 = ORIENTED_EDGE('',*,*,#9634,.T.);
#9658 = PLANE('',#9659);
#9659 = AXIS2_PLACEMENT_3D('',#9660,#9661,#9662);
#9660 = CARTESIAN_POINT('',(0.924352601167,-2.494371582175,
    1.098992935336));
#9661 = DIRECTION('',(0.,5.233595624292E-02,0.998629534755));
#9662 = DIRECTION('',(0.,-0.998629534755,5.233595624292E-02));
#9663 = ADVANCED_FACE('',(#9664),#9675,.F.);
#9664 = FACE_BOUND('',#9665,.T.);
#9665 = EDGE_LOOP('',(#9666,#9667,#9673,#9674));
#9666 = ORIENTED_EDGE('',*,*,#4004,.T.);
#9667 = ORIENTED_EDGE('',*,*,#9668,.F.);
#9668 = EDGE_CURVE('',#9505,#3997,#9669,.T.);
#9669 = LINE('',#9670,#9671);
#9670 = CARTESIAN_POINT('',(0.947157937936,-2.490975074609,1.16380216046
    ));
#9671 = VECTOR('',#9672,1.);
#9672 = DIRECTION('',(0.,0.998629534755,-5.233595624292E-02));
#9673 = ORIENTED_EDGE('',*,*,#9504,.F.);
#9674 = ORIENTED_EDGE('',*,*,#9651,.T.);
#9675 = PLANE('',#9676);
#9676 = AXIS2_PLACEMENT_3D('',#9677,#9678,#9679);
#9677 = CARTESIAN_POINT('',(0.947157937936,-2.490975074609,1.16380216046
    ));
#9678 = DIRECTION('',(-0.94344523308,1.735085679646E-02,0.331074070182)
  );
#9679 = DIRECTION('',(0.331123916731,4.084406424187E-15,0.9435872783));
#9680 = ADVANCED_FACE('',(#9681),#9692,.F.);
#9681 = FACE_BOUND('',#9682,.T.);
#9682 = EDGE_LOOP('',(#9683,#9684,#9690,#9691));
#9683 = ORIENTED_EDGE('',*,*,#3996,.T.);
#9684 = ORIENTED_EDGE('',*,*,#9685,.F.);
#9685 = EDGE_CURVE('',#9513,#3989,#9686,.T.);
#9686 = LINE('',#9687,#9688);
#9687 = CARTESIAN_POINT('',(1.045960846439,-2.490975074609,1.16380216046
    ));
#9688 = VECTOR('',#9689,1.);
#9689 = DIRECTION('',(0.,0.998629534755,-5.233595624292E-02));
#9690 = ORIENTED_EDGE('',*,*,#9512,.F.);
#9691 = ORIENTED_EDGE('',*,*,#9668,.T.);
#9692 = PLANE('',#9693);
#9693 = AXIS2_PLACEMENT_3D('',#9694,#9695,#9696);
#9694 = CARTESIAN_POINT('',(1.045960846439,-2.490975074609,1.16380216046
    ));
#9695 = DIRECTION('',(0.,5.233595624292E-02,0.998629534755));
#9696 = DIRECTION('',(0.,-0.998629534755,5.233595624292E-02));
#9697 = ADVANCED_FACE('',(#9698),#9709,.F.);
#9698 = FACE_BOUND('',#9699,.T.);
#9699 = EDGE_LOOP('',(#9700,#9701,#9707,#9708));
#9700 = ORIENTED_EDGE('',*,*,#3988,.T.);
#9701 = ORIENTED_EDGE('',*,*,#9702,.F.);
#9702 = EDGE_CURVE('',#9521,#3981,#9703,.T.);
#9703 = LINE('',#9704,#9705);
#9704 = CARTESIAN_POINT('',(1.070161190512,-2.494371582175,
    1.098992935336));
#9705 = VECTOR('',#9706,1.);
#9706 = DIRECTION('',(0.,0.998629534755,-5.233595624292E-02));
#9707 = ORIENTED_EDGE('',*,*,#9520,.F.);
#9708 = ORIENTED_EDGE('',*,*,#9685,.T.);
#9709 = PLANE('',#9710);
#9710 = AXIS2_PLACEMENT_3D('',#9711,#9712,#9713);
#9711 = CARTESIAN_POINT('',(1.070161190512,-2.494371582175,
    1.098992935336));
#9712 = DIRECTION('',(0.936975345944,1.828594652645E-02,0.348916645136)
  );
#9713 = DIRECTION('',(0.348974994418,1.277276895362E-14,-0.937132036199)
  );
#9714 = ADVANCED_FACE('',(#9715),#9721,.F.);
#9715 = FACE_BOUND('',#9716,.T.);
#9716 = EDGE_LOOP('',(#9717,#9718,#9719,#9720));
#9717 = ORIENTED_EDGE('',*,*,#3980,.T.);
#9718 = ORIENTED_EDGE('',*,*,#9602,.F.);
#9719 = ORIENTED_EDGE('',*,*,#9528,.F.);
#9720 = ORIENTED_EDGE('',*,*,#9702,.T.);
#9721 = PLANE('',#9722);
#9722 = AXIS2_PLACEMENT_3D('',#9723,#9724,#9725);
#9723 = CARTESIAN_POINT('',(1.104005280716,-2.494371582175,
    1.098992935336));
#9724 = DIRECTION('',(0.,5.233595624292E-02,0.998629534755));
#9725 = DIRECTION('',(0.,-0.998629534755,5.233595624292E-02));
#9726 = ADVANCED_FACE('',(#9727),#9752,.T.);
#9727 = FACE_BOUND('',#9728,.T.);
#9728 = EDGE_LOOP('',(#9729,#9739,#9745,#9746));
#9729 = ORIENTED_EDGE('',*,*,#9730,.F.);
#9730 = EDGE_CURVE('',#9731,#9733,#9735,.T.);
#9731 = VERTEX_POINT('',#9732);
#9732 = CARTESIAN_POINT('',(0.956862336563,-2.479585744793,
    1.190050462581));
#9733 = VERTEX_POINT('',#9734);
#9734 = CARTESIAN_POINT('',(1.03649905778,-2.479585744793,1.190050462581
    ));
#9735 = LINE('',#9736,#9737);
#9736 = CARTESIAN_POINT('',(0.956862336563,-2.479585744793,
    1.190050462581));
#9737 = VECTOR('',#9738,1.);
#9738 = DIRECTION('',(1.,0.,0.));
#9739 = ORIENTED_EDGE('',*,*,#9740,.F.);
#9740 = EDGE_CURVE('',#9537,#9731,#9741,.T.);
#9741 = LINE('',#9742,#9743);
#9742 = CARTESIAN_POINT('',(0.956862336563,-2.489572031297,1.19057382168
    ));
#9743 = VECTOR('',#9744,1.);
#9744 = DIRECTION('',(0.,0.998629534755,-5.233595624292E-02));
#9745 = ORIENTED_EDGE('',*,*,#9536,.T.);
#9746 = ORIENTED_EDGE('',*,*,#9747,.T.);
#9747 = EDGE_CURVE('',#9539,#9733,#9748,.T.);
#9748 = LINE('',#9749,#9750);
#9749 = CARTESIAN_POINT('',(1.03649905778,-2.489572031297,1.19057382168)
  );
#9750 = VECTOR('',#9751,1.);
#9751 = DIRECTION('',(0.,0.998629534755,-5.233595624292E-02));
#9752 = PLANE('',#9753);
#9753 = AXIS2_PLACEMENT_3D('',#9754,#9755,#9756);
#9754 = CARTESIAN_POINT('',(0.956862336563,-2.489572031297,1.19057382168
    ));
#9755 = DIRECTION('',(0.,5.233595624292E-02,0.998629534755));
#9756 = DIRECTION('',(0.,-0.998629534755,5.233595624292E-02));
#9757 = ADVANCED_FACE('',(#9758),#9776,.T.);
#9758 = FACE_BOUND('',#9759,.T.);
#9759 = EDGE_LOOP('',(#9760,#9768,#9769,#9770));
#9760 = ORIENTED_EDGE('',*,*,#9761,.F.);
#9761 = EDGE_CURVE('',#9733,#9762,#9764,.T.);
#9762 = VERTEX_POINT('',#9763);
#9763 = CARTESIAN_POINT('',(1.000653435357,-2.474424323015,
    1.288536257025));
#9764 = LINE('',#9765,#9766);
#9765 = CARTESIAN_POINT('',(1.03649905778,-2.479585744793,1.190050462581
    ));
#9766 = VECTOR('',#9767,1.);
#9767 = DIRECTION('',(-0.34160383069,4.918763664549E-02,0.938556018178)
  );
#9768 = ORIENTED_EDGE('',*,*,#9747,.F.);
#9769 = ORIENTED_EDGE('',*,*,#9580,.T.);
#9770 = ORIENTED_EDGE('',*,*,#9771,.T.);
#9771 = EDGE_CURVE('',#9572,#9762,#9772,.T.);
#9772 = LINE('',#9773,#9774);
#9773 = CARTESIAN_POINT('',(1.000653435357,-2.484410609519,
    1.289059616124));
#9774 = VECTOR('',#9775,1.);
#9775 = DIRECTION('',(0.,0.998629534755,-5.233595624292E-02));
#9776 = PLANE('',#9777);
#9777 = AXIS2_PLACEMENT_3D('',#9778,#9779,#9780);
#9778 = CARTESIAN_POINT('',(1.03649905778,-2.489572031297,1.19057382168)
  );
#9779 = DIRECTION('',(-0.939844041774,-1.787816313542E-02,
    -0.341135674513));
#9780 = DIRECTION('',(-0.341190205965,-8.442899157579E-15,0.939994278362
    ));
#9781 = ADVANCED_FACE('',(#9782),#9801,.T.);
#9782 = FACE_BOUND('',#9783,.T.);
#9783 = EDGE_LOOP('',(#9784,#9793,#9794,#9795));
#9784 = ORIENTED_EDGE('',*,*,#9785,.F.);
#9785 = EDGE_CURVE('',#9762,#9786,#9788,.T.);
#9786 = VERTEX_POINT('',#9787);
#9787 = CARTESIAN_POINT('',(0.996953633383,-2.473554563134,
    1.305132264205));
#9788 = B_SPLINE_CURVE_WITH_KNOTS('',3,(#9789,#9790,#9791,#9792),
  .UNSPECIFIED.,.F.,.F.,(4,4),(1.,2.),.PIECEWISE_BEZIER_KNOTS.);
#9789 = CARTESIAN_POINT('',(1.000653435357,-2.474424323015,
    1.288536257025));
#9790 = CARTESIAN_POINT('',(0.999501038022,-2.474252910484,
    1.291807002965));
#9791 = CARTESIAN_POINT('',(0.998287988192,-2.473967222932,1.2972582462)
  );
#9792 = CARTESIAN_POINT('',(0.996953633383,-2.473554563134,
    1.305132264205));
#9793 = ORIENTED_EDGE('',*,*,#9771,.F.);
#9794 = ORIENTED_EDGE('',*,*,#9571,.T.);
#9795 = ORIENTED_EDGE('',*,*,#9796,.T.);
#9796 = EDGE_CURVE('',#9564,#9786,#9797,.T.);
#9797 = LINE('',#9798,#9799);
#9798 = CARTESIAN_POINT('',(0.996953633383,-2.483540849638,
    1.305655623304));
#9799 = VECTOR('',#9800,1.);
#9800 = DIRECTION('',(0.,0.998629534755,-5.233595624292E-02));
#9801 = B_SPLINE_SURFACE_WITH_KNOTS('',3,1,(
    (#9802,#9803)
    ,(#9804,#9805)
    ,(#9806,#9807)
    ,(#9808,#9809
    )),.UNSPECIFIED.,.F.,.F.,.F.,(4,4),(2,2),(1.,2.),(0.,1.),
  .PIECEWISE_BEZIER_KNOTS.);
#9802 = CARTESIAN_POINT('',(1.000653435357,-2.484410609519,
    1.289059616124));
#9803 = CARTESIAN_POINT('',(1.000653435357,-2.474424323015,
    1.288536257025));
#9804 = CARTESIAN_POINT('',(0.999501038022,-2.484239196988,
    1.292330362064));
#9805 = CARTESIAN_POINT('',(0.999501038022,-2.474252910484,
    1.291807002965));
#9806 = CARTESIAN_POINT('',(0.998287988192,-2.483953509436,
    1.297781605299));
#9807 = CARTESIAN_POINT('',(0.998287988192,-2.473967222932,1.2972582462)
  );
#9808 = CARTESIAN_POINT('',(0.996953633383,-2.483540849638,
    1.305655623304));
#9809 = CARTESIAN_POINT('',(0.996953633383,-2.473554563134,
    1.305132264205));
#9810 = ADVANCED_FACE('',(#9811),#9829,.T.);
#9811 = FACE_BOUND('',#9812,.T.);
#9812 = EDGE_LOOP('',(#9813,#9821,#9822,#9823));
#9813 = ORIENTED_EDGE('',*,*,#9814,.F.);
#9814 = EDGE_CURVE('',#9786,#9815,#9817,.T.);
#9815 = VERTEX_POINT('',#9816);
#9816 = CARTESIAN_POINT('',(0.996225803485,-2.473554563134,
    1.305132264205));
#9817 = LINE('',#9818,#9819);
#9818 = CARTESIAN_POINT('',(0.996953633383,-2.473554563134,
    1.305132264205));
#9819 = VECTOR('',#9820,1.);
#9820 = DIRECTION('',(-1.,0.,0.));
#9821 = ORIENTED_EDGE('',*,*,#9796,.F.);
#9822 = ORIENTED_EDGE('',*,*,#9563,.T.);
#9823 = ORIENTED_EDGE('',*,*,#9824,.T.);
#9824 = EDGE_CURVE('',#9555,#9815,#9825,.T.);
#9825 = LINE('',#9826,#9827);
#9826 = CARTESIAN_POINT('',(0.996225803485,-2.483540849638,
    1.305655623304));
#9827 = VECTOR('',#9828,1.);
#9828 = DIRECTION('',(0.,0.998629534755,-5.233595624292E-02));
#9829 = PLANE('',#9830);
#9830 = AXIS2_PLACEMENT_3D('',#9831,#9832,#9833);
#9831 = CARTESIAN_POINT('',(0.996953633383,-2.483540849638,
    1.305655623304));
#9832 = DIRECTION('',(0.,-5.233595624292E-02,-0.998629534755));
#9833 = DIRECTION('',(0.,0.998629534755,-5.233595624292E-02));
#9834 = ADVANCED_FACE('',(#9835),#9854,.T.);
#9835 = FACE_BOUND('',#9836,.T.);
#9836 = EDGE_LOOP('',(#9837,#9846,#9847,#9848));
#9837 = ORIENTED_EDGE('',*,*,#9838,.F.);
#9838 = EDGE_CURVE('',#9815,#9839,#9841,.T.);
#9839 = VERTEX_POINT('',#9840);
#9840 = CARTESIAN_POINT('',(0.992344044034,-2.474424323015,
    1.288536257025));
#9841 = B_SPLINE_CURVE_WITH_KNOTS('',3,(#9842,#9843,#9844,#9845),
  .UNSPECIFIED.,.F.,.F.,(4,4),(3.,4.),.PIECEWISE_BEZIER_KNOTS.);
#9842 = CARTESIAN_POINT('',(0.996225803485,-2.473554563134,
    1.305132264205));
#9843 = CARTESIAN_POINT('',(0.995073406148,-2.473929131258,
    1.297985078631));
#9844 = CARTESIAN_POINT('',(0.99379970383,-2.474221167423,1.292412696657
    ));
#9845 = CARTESIAN_POINT('',(0.992344044034,-2.474424323015,
    1.288536257025));
#9846 = ORIENTED_EDGE('',*,*,#9824,.F.);
#9847 = ORIENTED_EDGE('',*,*,#9554,.T.);
#9848 = ORIENTED_EDGE('',*,*,#9849,.T.);
#9849 = EDGE_CURVE('',#9547,#9839,#9850,.T.);
#9850 = LINE('',#9851,#9852);
#9851 = CARTESIAN_POINT('',(0.992344044034,-2.484410609519,
    1.289059616124));
#9852 = VECTOR('',#9853,1.);
#9853 = DIRECTION('',(0.,0.998629534755,-5.233595624292E-02));
#9854 = B_SPLINE_SURFACE_WITH_KNOTS('',3,1,(
    (#9855,#9856)
    ,(#9857,#9858)
    ,(#9859,#9860)
    ,(#9861,#9862
    )),.UNSPECIFIED.,.F.,.F.,.F.,(4,4),(2,2),(3.,4.),(0.,1.),
  .PIECEWISE_BEZIER_KNOTS.);
#9855 = CARTESIAN_POINT('',(0.996225803485,-2.483540849638,
    1.305655623304));
#9856 = CARTESIAN_POINT('',(0.996225803485,-2.473554563134,
    1.305132264205));
#9857 = CARTESIAN_POINT('',(0.995073406148,-2.483915417762,1.29850843773
    ));
#9858 = CARTESIAN_POINT('',(0.995073406148,-2.473929131258,
    1.297985078631));
#9859 = CARTESIAN_POINT('',(0.99379970383,-2.484207453927,1.292936055756
    ));
#9860 = CARTESIAN_POINT('',(0.99379970383,-2.474221167423,1.292412696657
    ));
#9861 = CARTESIAN_POINT('',(0.992344044034,-2.484410609519,
    1.289059616124));
#9862 = CARTESIAN_POINT('',(0.992344044034,-2.474424323015,
    1.288536257025));
#9863 = ADVANCED_FACE('',(#9864),#9875,.T.);
#9864 = FACE_BOUND('',#9865,.T.);
#9865 = EDGE_LOOP('',(#9866,#9872,#9873,#9874));
#9866 = ORIENTED_EDGE('',*,*,#9867,.F.);
#9867 = EDGE_CURVE('',#9839,#9731,#9868,.T.);
#9868 = LINE('',#9869,#9870);
#9869 = CARTESIAN_POINT('',(0.992344044034,-2.474424323015,
    1.288536257025));
#9870 = VECTOR('',#9871,1.);
#9871 = DIRECTION('',(-0.338535034296,-4.924571625879E-02,
    -0.939664243219));
#9872 = ORIENTED_EDGE('',*,*,#9849,.F.);
#9873 = ORIENTED_EDGE('',*,*,#9546,.T.);
#9874 = ORIENTED_EDGE('',*,*,#9740,.T.);
#9875 = PLANE('',#9876);
#9876 = AXIS2_PLACEMENT_3D('',#9877,#9878,#9879);
#9877 = CARTESIAN_POINT('',(0.992344044034,-2.484410609519,
    1.289059616124));
#9878 = DIRECTION('',(0.940953787683,-1.771755474159E-02,-0.338071083797
    ));
#9879 = DIRECTION('',(-0.338124158535,-4.51028103754E-16,-0.941101510686
    ));
#9880 = ADVANCED_FACE('',(#9881),#9889,.T.);
#9881 = FACE_BOUND('',#9882,.T.);
#9882 = EDGE_LOOP('',(#9883,#9884,#9885,#9886,#9887,#9888));
#9883 = ORIENTED_EDGE('',*,*,#9867,.T.);
#9884 = ORIENTED_EDGE('',*,*,#9730,.T.);
#9885 = ORIENTED_EDGE('',*,*,#9761,.T.);
#9886 = ORIENTED_EDGE('',*,*,#9785,.T.);
#9887 = ORIENTED_EDGE('',*,*,#9814,.T.);
#9888 = ORIENTED_EDGE('',*,*,#9838,.T.);
#9889 = PLANE('',#9890);
#9890 = AXIS2_PLACEMENT_3D('',#9891,#9892,#9893);
#9891 = CARTESIAN_POINT('',(-3.499996900561,-2.499503383156,
    0.809999282478));
#9892 = DIRECTION('',(0.,-0.998629534755,5.233595624292E-02));
#9893 = DIRECTION('',(0.,-5.233595624292E-02,-0.998629534755));
#9894 = ADVANCED_FACE('',(#9895,#10189),#10214,.F.);
#9895 = FACE_BOUND('',#9896,.T.);
#9896 = EDGE_LOOP('',(#9897,#9908,#9917,#9926,#9935,#9944,#9953,#9962,
    #9971,#9980,#9989,#9998,#10007,#10016,#10024,#10032,#10040,#10049,
    #10058,#10067,#10076,#10085,#10094,#10103,#10112,#10121,#10130,
    #10138,#10147,#10156,#10165,#10173,#10182));
#9897 = ORIENTED_EDGE('',*,*,#9898,.T.);
#9898 = EDGE_CURVE('',#9899,#9901,#9903,.T.);
#9899 = VERTEX_POINT('',#9900);
#9900 = CARTESIAN_POINT('',(-0.339697003047,-2.4820540639,1.334025185194
    ));
#9901 = VERTEX_POINT('',#9902);
#9902 = CARTESIAN_POINT('',(-0.506708334738,-2.47048809047,
    1.554717105137));
#9903 = B_SPLINE_CURVE_WITH_KNOTS('',3,(#9904,#9905,#9906,#9907),
  .UNSPECIFIED.,.F.,.F.,(4,4),(35.,36.),.PIECEWISE_BEZIER_KNOTS.);
#9904 = CARTESIAN_POINT('',(-0.339697003047,-2.4820540639,1.334025185194
    ));
#9905 = CARTESIAN_POINT('',(-0.341383960844,-2.476756673469,
    1.435105416095));
#9906 = CARTESIAN_POINT('',(-0.410550324531,-2.472077307937,
    1.524393029438));
#9907 = CARTESIAN_POINT('',(-0.506708334738,-2.47048809047,
    1.554717105137));
#9908 = ORIENTED_EDGE('',*,*,#9909,.T.);
#9909 = EDGE_CURVE('',#9901,#9910,#9912,.T.);
#9910 = VERTEX_POINT('',#9911);
#9911 = CARTESIAN_POINT('',(-0.597805471554,-2.463513188551,
    1.687806162044));
#9912 = B_SPLINE_CURVE_WITH_KNOTS('',3,(#9913,#9914,#9915,#9916),
  .UNSPECIFIED.,.F.,.F.,(4,4),(0.,1.),.PIECEWISE_BEZIER_KNOTS.);
#9913 = CARTESIAN_POINT('',(-0.506708334738,-2.47048809047,
    1.554717105137));
#9914 = CARTESIAN_POINT('',(-0.525265127919,-2.467839393571,
    1.605257252718));
#9915 = CARTESIAN_POINT('',(-0.557317840891,-2.46545556653,
    1.650743382331));
#9916 = CARTESIAN_POINT('',(-0.597805471554,-2.463513188551,
    1.687806162044));
#9917 = ORIENTED_EDGE('',*,*,#9918,.T.);
#9918 = EDGE_CURVE('',#9910,#9919,#9921,.T.);
#9919 = VERTEX_POINT('',#9920);
#9920 = CARTESIAN_POINT('',(-0.827235207038,-2.458922113673,
    1.775409089343));
#9921 = B_SPLINE_CURVE_WITH_KNOTS('',3,(#9922,#9923,#9924,#9925),
  .UNSPECIFIED.,.F.,.F.,(4,4),(1.,2.),.PIECEWISE_BEZIER_KNOTS.);
#9922 = CARTESIAN_POINT('',(-0.597805471554,-2.463513188551,
    1.687806162044));
#9923 = CARTESIAN_POINT('',(-0.661910833144,-2.460599621688,
    1.743400329609));
#9924 = CARTESIAN_POINT('',(-0.742886030118,-2.458922113673,
    1.775409089343));
#9925 = CARTESIAN_POINT('',(-0.827235207038,-2.458922113673,
    1.775409089343));
#9926 = ORIENTED_EDGE('',*,*,#9927,.T.);
#9927 = EDGE_CURVE('',#9919,#9928,#9930,.T.);
#9928 = VERTEX_POINT('',#9929);
#9929 = CARTESIAN_POINT('',(-1.029673231649,-2.462365419726,
    1.709706895877));
#9930 = B_SPLINE_CURVE_WITH_KNOTS('',3,(#9931,#9932,#9933,#9934),
  .UNSPECIFIED.,.F.,.F.,(4,4),(2.,3.),.PIECEWISE_BEZIER_KNOTS.);
#9931 = CARTESIAN_POINT('',(-0.827235207038,-2.458922113673,
    1.775409089343));
#9932 = CARTESIAN_POINT('',(-0.901462476293,-2.458922113673,
    1.775409089343));
#9933 = CARTESIAN_POINT('',(-0.970628807803,-2.460158172205,
    1.751823687539));
#9934 = CARTESIAN_POINT('',(-1.029673231649,-2.462365419726,
    1.709706895877));
#9935 = ORIENTED_EDGE('',*,*,#9936,.T.);
#9936 = EDGE_CURVE('',#9928,#9937,#9939,.T.);
#9937 = VERTEX_POINT('',#9938);
#9938 = CARTESIAN_POINT('',(-1.103900500903,-2.466250175263,
    1.635581344483));
#9939 = B_SPLINE_CURVE_WITH_KNOTS('',3,(#9940,#9941,#9942,#9943),
  .UNSPECIFIED.,.F.,.F.,(4,4),(3.,4.),.PIECEWISE_BEZIER_KNOTS.);
#9940 = CARTESIAN_POINT('',(-1.029673231649,-2.462365419726,
    1.709706895877));
#9941 = CARTESIAN_POINT('',(-1.058351964673,-2.463424898738,
    1.689490832024));
#9942 = CARTESIAN_POINT('',(-1.081969727775,-2.464749247188,
    1.664220758233));
#9943 = CARTESIAN_POINT('',(-1.103900500903,-2.466250175263,
    1.635581344483));
#9944 = ORIENTED_EDGE('',*,*,#9945,.T.);
#9945 = EDGE_CURVE('',#9937,#9946,#9948,.T.);
#9946 = VERTEX_POINT('',#9947);
#9947 = CARTESIAN_POINT('',(-1.142701109417,-2.466073595638,
    1.638950684441));
#9948 = B_SPLINE_CURVE_WITH_KNOTS('',3,(#9949,#9950,#9951,#9952),
  .UNSPECIFIED.,.F.,.F.,(4,4),(4.,5.),.PIECEWISE_BEZIER_KNOTS.);
#9949 = CARTESIAN_POINT('',(-1.103900500903,-2.466250175263,
    1.635581344483));
#9950 = CARTESIAN_POINT('',(-1.11739635634,-2.466161885029,
    1.637266022495));
#9951 = CARTESIAN_POINT('',(-1.12920525398,-2.466073595638,
    1.638950684441));
#9952 = CARTESIAN_POINT('',(-1.142701109417,-2.466073595638,
    1.638950684441));
#9953 = ORIENTED_EDGE('',*,*,#9954,.T.);
#9954 = EDGE_CURVE('',#9946,#9955,#9957,.T.);
#9955 = VERTEX_POINT('',#9956);
#9956 = CARTESIAN_POINT('',(-1.336704216334,-2.470311510845,
    1.558086445095));
#9957 = B_SPLINE_CURVE_WITH_KNOTS('',3,(#9958,#9959,#9960,#9961),
  .UNSPECIFIED.,.F.,.F.,(4,4),(5.,6.),.PIECEWISE_BEZIER_KNOTS.);
#9958 = CARTESIAN_POINT('',(-1.142701109417,-2.466073595638,
    1.638950684441));
#9959 = CARTESIAN_POINT('',(-1.215241404786,-2.466073595638,
    1.638950684441));
#9960 = CARTESIAN_POINT('',(-1.284407720208,-2.467574523713,
    1.610311270692));
#9961 = CARTESIAN_POINT('',(-1.336704216334,-2.470311510845,
    1.558086445095));
#9962 = ORIENTED_EDGE('',*,*,#9963,.T.);
#9963 = EDGE_CURVE('',#9955,#9964,#9966,.T.);
#9964 = VERTEX_POINT('',#9965);
#9965 = CARTESIAN_POINT('',(-1.415992487688,-2.480376557885,
    1.366033906772));
#9966 = B_SPLINE_CURVE_WITH_KNOTS('',3,(#9967,#9968,#9969,#9970),
  .UNSPECIFIED.,.F.,.F.,(4,4),(6.,7.),.PIECEWISE_BEZIER_KNOTS.);
#9967 = CARTESIAN_POINT('',(-1.336704216334,-2.470311510845,
    1.558086445095));
#9968 = CARTESIAN_POINT('',(-1.38731376673,-2.472960206903,
    1.507546313578));
#9969 = CARTESIAN_POINT('',(-1.415992487688,-2.476580093002,
    1.43847477212));
#9970 = CARTESIAN_POINT('',(-1.415992487688,-2.480376557885,
    1.366033906772));
#9971 = ORIENTED_EDGE('',*,*,#9972,.T.);
#9972 = EDGE_CURVE('',#9964,#9973,#9975,.T.);
#9973 = VERTEX_POINT('',#9974);
#9974 = CARTESIAN_POINT('',(-1.345139182291,-2.490000154599,
    1.182404742444));
#9975 = B_SPLINE_CURVE_WITH_KNOTS('',3,(#9976,#9977,#9978,#9979),
  .UNSPECIFIED.,.F.,.F.,(4,4),(7.,8.),.PIECEWISE_BEZIER_KNOTS.);
#9976 = CARTESIAN_POINT('',(-1.415992487688,-2.480376557885,
    1.366033906772));
#9977 = CARTESIAN_POINT('',(-1.415992487688,-2.483908153751,
    1.298647043326));
#9978 = CARTESIAN_POINT('',(-1.390687734612,-2.487351461067,
    1.232944825762));
#9979 = CARTESIAN_POINT('',(-1.345139182291,-2.490000154599,
    1.182404742444));
#9980 = ORIENTED_EDGE('',*,*,#9981,.T.);
#9981 = EDGE_CURVE('',#9973,#9982,#9984,.T.);
#9982 = VERTEX_POINT('',#9983);
#9983 = CARTESIAN_POINT('',(-1.210180499219,-2.494238068964,
    1.101540519164));
#9984 = B_SPLINE_CURVE_WITH_KNOTS('',3,(#9985,#9986,#9987,#9988),
  .UNSPECIFIED.,.F.,.F.,(4,4),(8.,9.),.PIECEWISE_BEZIER_KNOTS.);
#9985 = CARTESIAN_POINT('',(-1.345139182291,-2.490000154599,
    1.182404742444));
#9986 = CARTESIAN_POINT('',(-1.308025547665,-2.492119113466,
    1.14197259867));
#9987 = CARTESIAN_POINT('',(-1.262476979256,-2.493531750465,1.115017879)
  );
#9988 = CARTESIAN_POINT('',(-1.210180499219,-2.494238068964,
    1.101540519164));
#9989 = ORIENTED_EDGE('',*,*,#9990,.T.);
#9990 = EDGE_CURVE('',#9982,#9991,#9993,.T.);
#9991 = VERTEX_POINT('',#9992);
#9992 = CARTESIAN_POINT('',(-1.04991704698,-2.500241781263,
    0.986982864161));
#9993 = B_SPLINE_CURVE_WITH_KNOTS('',3,(#9994,#9995,#9996,#9997),
  .UNSPECIFIED.,.F.,.F.,(4,4),(9.,10.),.PIECEWISE_BEZIER_KNOTS.);
#9994 = CARTESIAN_POINT('',(-1.210180499219,-2.494238068964,
    1.101540519164));
#9995 = CARTESIAN_POINT('',(-1.188249710002,-2.49776966483,
    1.034153655718));
#9996 = CARTESIAN_POINT('',(-1.124144348412,-2.500241781263,
    0.986982864161));
#9997 = CARTESIAN_POINT('',(-1.04991704698,-2.500241781263,
    0.986982864161));
#9998 = ORIENTED_EDGE('',*,*,#9999,.T.);
#9999 = EDGE_CURVE('',#9991,#10000,#10002,.T.);
#10000 = VERTEX_POINT('',#10001);
#10001 = CARTESIAN_POINT('',(-0.881218693138,-2.491412791598,
    1.155450022772));
#10002 = B_SPLINE_CURVE_WITH_KNOTS('',3,(#10003,#10004,#10005,#10006),
  .UNSPECIFIED.,.F.,.F.,(4,4),(10.,11.),.PIECEWISE_BEZIER_KNOTS.);
#10003 = CARTESIAN_POINT('',(-1.04991704698,-2.500241781263,
    0.986982864161));
#10004 = CARTESIAN_POINT('',(-0.957132952367,-2.500241781263,
    0.986982864161));
#10005 = CARTESIAN_POINT('',(-0.881218693138,-2.496268735914,
    1.062793085535));
#10006 = CARTESIAN_POINT('',(-0.881218693138,-2.491412791598,
    1.155450022772));
#10007 = ORIENTED_EDGE('',*,*,#10008,.T.);
#10008 = EDGE_CURVE('',#10000,#10009,#10011,.T.);
#10009 = VERTEX_POINT('',#10010);
#10010 = CARTESIAN_POINT('',(-0.881218693138,-2.490529892631,
    1.172296738634));
#10011 = B_SPLINE_CURVE_WITH_KNOTS('',3,(#10012,#10013,#10014,#10015),
  .UNSPECIFIED.,.F.,.F.,(4,4),(11.,12.),.PIECEWISE_BEZIER_KNOTS.);
#10012 = CARTESIAN_POINT('',(-0.881218693138,-2.491412791598,
    1.155450022772));
#10013 = CARTESIAN_POINT('',(-0.881218693138,-2.491147922582,
    1.160504024677));
#10014 = CARTESIAN_POINT('',(-0.881218693138,-2.490883053565,
    1.165558026583));
#10015 = CARTESIAN_POINT('',(-0.881218693138,-2.490529892631,
    1.172296738634));
#10016 = ORIENTED_EDGE('',*,*,#10017,.T.);
#10017 = EDGE_CURVE('',#10009,#10018,#10020,.T.);
#10018 = VERTEX_POINT('',#10019);
#10019 = CARTESIAN_POINT('',(-0.645040997759,-2.483996440616,
    1.296962429579));
#10020 = LINE('',#10021,#10022);
#10021 = CARTESIAN_POINT('',(-0.881218693138,-2.490529892631,
    1.172296738634));
#10022 = VECTOR('',#10023,1.);
#10023 = DIRECTION('',(0.884094950248,2.44569747583E-02,0.466666878332)
  );
#10024 = ORIENTED_EDGE('',*,*,#10025,.T.);
#10025 = EDGE_CURVE('',#10018,#10026,#10028,.T.);
#10026 = VERTEX_POINT('',#10027);
#10027 = CARTESIAN_POINT('',(-0.697337461709,-2.479317075083,
    1.386250042922));
#10028 = LINE('',#10029,#10030);
#10029 = CARTESIAN_POINT('',(-0.645040997759,-2.483996440616,
    1.296962429579));
#10030 = VECTOR('',#10031,1.);
#10031 = DIRECTION('',(-0.50488304865,4.51757567814E-02,0.862004790117)
  );
#10032 = ORIENTED_EDGE('',*,*,#10033,.T.);
#10033 = EDGE_CURVE('',#10026,#10034,#10036,.T.);
#10034 = VERTEX_POINT('',#10035);
#10035 = CARTESIAN_POINT('',(-0.923393249422,-2.485497367849,
    1.268323031895));
#10036 = LINE('',#10037,#10038);
#10037 = CARTESIAN_POINT('',(-0.697337461709,-2.479317075083,
    1.386250042922));
#10038 = VECTOR('',#10039,1.);
#10039 = DIRECTION('',(-0.886348842796,-2.423249320977E-02,
    -0.46238351522));
#10040 = ORIENTED_EDGE('',*,*,#10041,.T.);
#10041 = EDGE_CURVE('',#10034,#10042,#10044,.T.);
#10042 = VERTEX_POINT('',#10043);
#10043 = CARTESIAN_POINT('',(-1.049917014803,-2.482495511699,
    1.325601859396));
#10044 = B_SPLINE_CURVE_WITH_KNOTS('',3,(#10045,#10046,#10047,#10048),
  .UNSPECIFIED.,.F.,.F.,(4,4),(15.,16.),.PIECEWISE_BEZIER_KNOTS.);
#10045 = CARTESIAN_POINT('',(-0.923393249422,-2.485497367849,
    1.268323031895));
#10046 = CARTESIAN_POINT('',(-0.953758940243,-2.483643279682,
    1.30370114163));
#10047 = CARTESIAN_POINT('',(-0.999307508651,-2.482495511699,
    1.325601859396));
#10048 = CARTESIAN_POINT('',(-1.049917014803,-2.482495511699,
    1.325601859396));
#10049 = ORIENTED_EDGE('',*,*,#10050,.T.);
#10050 = EDGE_CURVE('',#10042,#10051,#10053,.T.);
#10051 = VERTEX_POINT('',#10052);
#10052 = CARTESIAN_POINT('',(-1.20849346098,-2.488322645215,
    1.214413528287));
#10053 = B_SPLINE_CURVE_WITH_KNOTS('',3,(#10054,#10055,#10056,#10057),
  .UNSPECIFIED.,.F.,.F.,(4,4),(16.,17.),.PIECEWISE_BEZIER_KNOTS.);
#10054 = CARTESIAN_POINT('',(-1.049917014803,-2.482495511699,
    1.325601859396));
#10055 = CARTESIAN_POINT('',(-1.122457326261,-2.482495511699,
    1.325601859396));
#10056 = CARTESIAN_POINT('',(-1.184875697877,-2.484967628132,
    1.278431067839));
#10057 = CARTESIAN_POINT('',(-1.20849346098,-2.488322645215,
    1.214413528287));
#10058 = ORIENTED_EDGE('',*,*,#10059,.T.);
#10059 = EDGE_CURVE('',#10051,#10060,#10062,.T.);
#10060 = VERTEX_POINT('',#10061);
#10061 = CARTESIAN_POINT('',(-1.309712473285,-2.48019997405,
    1.369403327061));
#10062 = B_SPLINE_CURVE_WITH_KNOTS('',3,(#10063,#10064,#10065,#10066),
  .UNSPECIFIED.,.F.,.F.,(4,4),(17.,18.),.PIECEWISE_BEZIER_KNOTS.);
#10063 = CARTESIAN_POINT('',(-1.20849346098,-2.488322645215,
    1.214413528287));
#10064 = CARTESIAN_POINT('',(-1.267537884824,-2.486910006532,
    1.24136828009));
#10065 = CARTESIAN_POINT('',(-1.309712473285,-2.483819860149,
    1.300331785604));
#10066 = CARTESIAN_POINT('',(-1.309712473285,-2.48019997405,
    1.369403327061));
#10067 = ORIENTED_EDGE('',*,*,#10068,.T.);
#10068 = EDGE_CURVE('',#10060,#10069,#10071,.T.);
#10069 = VERTEX_POINT('',#10070);
#10070 = CARTESIAN_POINT('',(-1.141014119443,-2.471370984385,
    1.537870485672));
#10071 = B_SPLINE_CURVE_WITH_KNOTS('',3,(#10072,#10073,#10074,#10075),
  .UNSPECIFIED.,.F.,.F.,(4,4),(18.,19.),.PIECEWISE_BEZIER_KNOTS.);
#10072 = CARTESIAN_POINT('',(-1.309712473285,-2.48019997405,
    1.369403327061));
#10073 = CARTESIAN_POINT('',(-1.309712473285,-2.475344029734,
    1.462060264298));
#10074 = CARTESIAN_POINT('',(-1.233798214056,-2.471370984385,
    1.537870485672));
#10075 = CARTESIAN_POINT('',(-1.141014119443,-2.471370984385,
    1.537870485672));
#10076 = ORIENTED_EDGE('',*,*,#10077,.T.);
#10077 = EDGE_CURVE('',#10069,#10078,#10080,.T.);
#10078 = VERTEX_POINT('',#10079);
#10079 = CARTESIAN_POINT('',(-1.051604004777,-2.472695332835,
    1.51260041188));
#10080 = B_SPLINE_CURVE_WITH_KNOTS('',3,(#10081,#10082,#10083,#10084),
  .UNSPECIFIED.,.F.,.F.,(4,4),(19.,20.),.PIECEWISE_BEZIER_KNOTS.);
#10081 = CARTESIAN_POINT('',(-1.141014119443,-2.471370984385,
    1.537870485672));
#10082 = CARTESIAN_POINT('',(-1.108961438648,-2.471370984385,
    1.537870485672));
#10083 = CARTESIAN_POINT('',(-1.076908757853,-2.471900724102,
    1.527762449729));
#10084 = CARTESIAN_POINT('',(-1.051604004777,-2.472695332835,
    1.51260041188));
#10085 = ORIENTED_EDGE('',*,*,#10086,.T.);
#10086 = EDGE_CURVE('',#10078,#10087,#10089,.T.);
#10087 = VERTEX_POINT('',#10088);
#10088 = CARTESIAN_POINT('',(-0.825548249241,-2.464219507472,
    1.674328794176));
#10089 = B_SPLINE_CURVE_WITH_KNOTS('',3,(#10090,#10091,#10092,#10093),
  .UNSPECIFIED.,.F.,.F.,(4,4),(20.,21.),.PIECEWISE_BEZIER_KNOTS.);
#10090 = CARTESIAN_POINT('',(-1.051604004777,-2.472695332835,
    1.51260041188));
#10091 = CARTESIAN_POINT('',(-1.019551356159,-2.467751103337,
    1.606941930732));
#10092 = CARTESIAN_POINT('',(-0.931828199291,-2.464219507472,
    1.674328794176));
#10093 = CARTESIAN_POINT('',(-0.825548249241,-2.464219507472,
    1.674328794176));
#10094 = ORIENTED_EDGE('',*,*,#10095,.T.);
#10095 = EDGE_CURVE('',#10087,#10096,#10098,.T.);
#10096 = VERTEX_POINT('',#10097);
#10097 = CARTESIAN_POINT('',(-0.589370553862,-2.475255744553,
    1.463744845912));
#10098 = B_SPLINE_CURVE_WITH_KNOTS('',3,(#10099,#10100,#10101,#10102),
  .UNSPECIFIED.,.F.,.F.,(4,4),(21.,22.),.PIECEWISE_BEZIER_KNOTS.);
#10099 = CARTESIAN_POINT('',(-0.825548249241,-2.464219507472,
    1.674328794176));
#10100 = CARTESIAN_POINT('',(-0.704085421604,-2.464219507472,
    1.674328794176));
#10101 = CARTESIAN_POINT('',(-0.602866409299,-2.469075451787,
    1.58167185694));
#10102 = CARTESIAN_POINT('',(-0.589370553862,-2.475255744553,
    1.463744845912));
#10103 = ORIENTED_EDGE('',*,*,#10104,.T.);
#10104 = EDGE_CURVE('',#10096,#10105,#10107,.T.);
#10105 = VERTEX_POINT('',#10106);
#10106 = CARTESIAN_POINT('',(-0.575874698425,-2.475255744553,
    1.463744845912));
#10107 = B_SPLINE_CURVE_WITH_KNOTS('',3,(#10108,#10109,#10110,#10111),
  .UNSPECIFIED.,.F.,.F.,(4,4),(22.,23.),.PIECEWISE_BEZIER_KNOTS.);
#10108 = CARTESIAN_POINT('',(-0.589370553862,-2.475255744553,
    1.463744845912));
#10109 = CARTESIAN_POINT('',(-0.584309616118,-2.475255744553,
    1.463744845912));
#10110 = CARTESIAN_POINT('',(-0.58093563617,-2.475255744553,
    1.463744845912));
#10111 = CARTESIAN_POINT('',(-0.575874698425,-2.475255744553,
    1.463744845912));
#10112 = ORIENTED_EDGE('',*,*,#10113,.T.);
#10113 = EDGE_CURVE('',#10105,#10114,#10116,.T.);
#10114 = VERTEX_POINT('',#10115);
#10115 = CARTESIAN_POINT('',(-0.444289995299,-2.482142355818,
    1.332340475049));
#10116 = B_SPLINE_CURVE_WITH_KNOTS('',3,(#10117,#10118,#10119,#10120),
  .UNSPECIFIED.,.F.,.F.,(4,4),(23.,24.),.PIECEWISE_BEZIER_KNOTS.);
#10117 = CARTESIAN_POINT('',(-0.575874698425,-2.475255744553,
    1.463744845912));
#10118 = CARTESIAN_POINT('',(-0.503334419144,-2.475255744553,
    1.463744845912));
#10119 = CARTESIAN_POINT('',(-0.444289995299,-2.478345890935,
    1.404781340399));
#10120 = CARTESIAN_POINT('',(-0.444289995299,-2.482142355818,
    1.332340475049));
#10121 = ORIENTED_EDGE('',*,*,#10122,.T.);
#10122 = EDGE_CURVE('',#10114,#10123,#10125,.T.);
#10123 = VERTEX_POINT('',#10124);
#10124 = CARTESIAN_POINT('',(-0.565752822936,-2.489028967083,
    1.200936104186));
#10125 = B_SPLINE_CURVE_WITH_KNOTS('',3,(#10126,#10127,#10128,#10129),
  .UNSPECIFIED.,.F.,.F.,(4,4),(24.,25.),.PIECEWISE_BEZIER_KNOTS.);
#10126 = CARTESIAN_POINT('',(-0.444289995299,-2.482142355818,
    1.332340475049));
#10127 = CARTESIAN_POINT('',(-0.444289995299,-2.485762241917,
    1.263268933591));
#10128 = CARTESIAN_POINT('',(-0.49658645925,-2.488764098066,
    1.205990106092));
#10129 = CARTESIAN_POINT('',(-0.565752822936,-2.489028967083,
    1.200936104186));
#10130 = ORIENTED_EDGE('',*,*,#10131,.T.);
#10131 = EDGE_CURVE('',#10123,#10132,#10134,.T.);
#10132 = VERTEX_POINT('',#10133);
#10133 = CARTESIAN_POINT('',(-0.641667082165,-2.489028967083,
    1.200936104186));
#10134 = LINE('',#10135,#10136);
#10135 = CARTESIAN_POINT('',(-0.565752822936,-2.489028967083,
    1.200936104186));
#10136 = VECTOR('',#10137,1.);
#10137 = DIRECTION('',(-1.,0.,0.));
#10138 = ORIENTED_EDGE('',*,*,#10139,.T.);
#10139 = EDGE_CURVE('',#10132,#10140,#10142,.T.);
#10140 = VERTEX_POINT('',#10141);
#10141 = CARTESIAN_POINT('',(-0.651788957654,-2.488940678533,
    1.202620750065));
#10142 = B_SPLINE_CURVE_WITH_KNOTS('',3,(#10143,#10144,#10145,#10146),
  .UNSPECIFIED.,.F.,.F.,(4,4),(26.,27.),.PIECEWISE_BEZIER_KNOTS.);
#10143 = CARTESIAN_POINT('',(-0.641667082165,-2.489028967083,
    1.200936104186));
#10144 = CARTESIAN_POINT('',(-0.645041062112,-2.489028967083,
    1.200936104186));
#10145 = CARTESIAN_POINT('',(-0.64841504206,-2.488940678533,
    1.202620750065));
#10146 = CARTESIAN_POINT('',(-0.651788957654,-2.488940678533,
    1.202620750065));
#10147 = ORIENTED_EDGE('',*,*,#10148,.T.);
#10148 = EDGE_CURVE('',#10140,#10149,#10151,.T.);
#10149 = VERTEX_POINT('',#10150);
#10150 = CARTESIAN_POINT('',(-0.704085421604,-2.491677663982,
    1.150395956602));
#10151 = B_SPLINE_CURVE_WITH_KNOTS('',3,(#10152,#10153,#10154,#10155),
  .UNSPECIFIED.,.F.,.F.,(4,4),(27.,28.),.PIECEWISE_BEZIER_KNOTS.);
#10152 = CARTESIAN_POINT('',(-0.651788957654,-2.488940678533,
    1.202620750065));
#10153 = CARTESIAN_POINT('',(-0.680467690678,-2.488940678533,
    1.202620750065));
#10154 = CARTESIAN_POINT('',(-0.704085421604,-2.490176738434,
    1.179035322154));
#10155 = CARTESIAN_POINT('',(-0.704085421604,-2.491677663982,
    1.150395956602));
#10156 = ORIENTED_EDGE('',*,*,#10157,.T.);
#10157 = EDGE_CURVE('',#10149,#10158,#10160,.T.);
#10158 = VERTEX_POINT('',#10159);
#10159 = CARTESIAN_POINT('',(-0.655162873248,-2.494414649431,
    1.098171163138));
#10160 = B_SPLINE_CURVE_WITH_KNOTS('',3,(#10161,#10162,#10163,#10164),
  .UNSPECIFIED.,.F.,.F.,(4,4),(28.,29.),.PIECEWISE_BEZIER_KNOTS.);
#10161 = CARTESIAN_POINT('',(-0.704085421604,-2.491677663982,
    1.150395956602));
#10162 = CARTESIAN_POINT('',(-0.704085421604,-2.493090300981,
    1.12344123693));
#10163 = CARTESIAN_POINT('',(-0.682154648476,-2.494326360882,
    1.099855809017));
#10164 = CARTESIAN_POINT('',(-0.655162873248,-2.494414649431,
    1.098171163138));
#10165 = ORIENTED_EDGE('',*,*,#10166,.T.);
#10166 = EDGE_CURVE('',#10158,#10167,#10169,.T.);
#10167 = VERTEX_POINT('',#10168);
#10168 = CARTESIAN_POINT('',(-0.555630883093,-2.494414649431,
    1.098171163138));
#10169 = LINE('',#10170,#10171);
#10170 = CARTESIAN_POINT('',(-0.655162873248,-2.494414649431,
    1.098171163138));
#10171 = VECTOR('',#10172,1.);
#10172 = DIRECTION('',(1.,0.,0.));
#10173 = ORIENTED_EDGE('',*,*,#10174,.T.);
#10174 = EDGE_CURVE('',#10167,#10175,#10177,.T.);
#10175 = VERTEX_POINT('',#10176);
#10176 = CARTESIAN_POINT('',(-0.40211540684,-2.490441604082,
    1.173981384514));
#10177 = B_SPLINE_CURVE_WITH_KNOTS('',3,(#10178,#10179,#10180,#10181),
  .UNSPECIFIED.,.F.,.F.,(4,4),(33.,34.),.PIECEWISE_BEZIER_KNOTS.);
#10178 = CARTESIAN_POINT('',(-0.555630883093,-2.494414649431,
    1.098171163138));
#10179 = CARTESIAN_POINT('',(-0.49658645925,-2.494149780415,
    1.103225165044));
#10180 = CARTESIAN_POINT('',(-0.442602973149,-2.492737140048,
    1.130179948981));
#10181 = CARTESIAN_POINT('',(-0.40211540684,-2.490441604082,
    1.173981384514));
#10182 = ORIENTED_EDGE('',*,*,#10183,.T.);
#10183 = EDGE_CURVE('',#10175,#9899,#10184,.T.);
#10184 = B_SPLINE_CURVE_WITH_KNOTS('',3,(#10185,#10186,#10187,#10188),
  .UNSPECIFIED.,.F.,.F.,(4,4),(34.,35.),.PIECEWISE_BEZIER_KNOTS.);
#10185 = CARTESIAN_POINT('',(-0.40211540684,-2.490441604082,
    1.173981384514));
#10186 = CARTESIAN_POINT('',(-0.361627776175,-2.488146068116,
    1.217782820046));
#10187 = CARTESIAN_POINT('',(-0.339697003047,-2.485144210283,
    1.27506167968));
#10188 = CARTESIAN_POINT('',(-0.339697003047,-2.4820540639,
    1.334025185194));
#10189 = FACE_BOUND('',#10190,.T.);
#10190 = EDGE_LOOP('',(#10191,#10205));
#10191 = ORIENTED_EDGE('',*,*,#10192,.F.);
#10192 = EDGE_CURVE('',#10193,#10195,#10197,.T.);
#10193 = VERTEX_POINT('',#10194);
#10194 = CARTESIAN_POINT('',(-1.051604036954,-2.4949443942,
    1.088063030798));
#10195 = VERTEX_POINT('',#10196);
#10196 = CARTESIAN_POINT('',(-1.051604036954,-2.488057779567,
    1.219467465926));
#10197 = B_SPLINE_CURVE_WITH_KNOTS('',3,(#10198,#10199,#10200,#10201,
    #10202,#10203,#10204),.UNSPECIFIED.,.F.,.F.,(4,3,4),(0.,1.,2.),
  .PIECEWISE_BEZIER_KNOTS.);
#10198 = CARTESIAN_POINT('',(-1.051604036954,-2.4949443942,
    1.088063030798));
#10199 = CARTESIAN_POINT('',(-1.014490418415,-2.4949443942,
    1.088063030798));
#10200 = CARTESIAN_POINT('',(-0.985811685391,-2.493355173366,
    1.118387170759));
#10201 = CARTESIAN_POINT('',(-0.985811685391,-2.491501086883,
    1.153765248362));
#10202 = CARTESIAN_POINT('',(-0.985811685391,-2.489558708483,
    1.190828036109));
#10203 = CARTESIAN_POINT('',(-1.016177376212,-2.488057779567,
    1.219467465926));
#10204 = CARTESIAN_POINT('',(-1.051604036954,-2.488057779567,
    1.219467465926));
#10205 = ORIENTED_EDGE('',*,*,#10206,.F.);
#10206 = EDGE_CURVE('',#10195,#10193,#10207,.T.);
#10207 = B_SPLINE_CURVE_WITH_KNOTS('',3,(#10208,#10209,#10210,#10211,
    #10212,#10213),.UNSPECIFIED.,.F.,.F.,(4,2,4),(2.,3.,4.),
  .UNSPECIFIED.);
#10208 = CARTESIAN_POINT('',(-1.051604036954,-2.488057779567,
    1.219467465926));
#10209 = CARTESIAN_POINT('',(-1.087030697696,-2.488057779567,
    1.219467465926));
#10210 = CARTESIAN_POINT('',(-1.117396388517,-2.489558708483,
    1.190828036109));
#10211 = CARTESIAN_POINT('',(-1.117396388517,-2.493443465283,
    1.116702460614));
#10212 = CARTESIAN_POINT('',(-1.087030697696,-2.4949443942,
    1.088063030798));
#10213 = CARTESIAN_POINT('',(-1.051604036954,-2.4949443942,
    1.088063030798));
#10214 = PLANE('',#10215);
#10215 = AXIS2_PLACEMENT_3D('',#10216,#10217,#10218);
#10216 = CARTESIAN_POINT('',(-0.387776024239,-2.474880512324,
    1.470904703366));
#10217 = DIRECTION('',(6.834658192208E-15,0.998629534755,
    -5.233595624292E-02));
#10218 = DIRECTION('',(9.860761315263E-32,5.233595624292E-02,
    0.998629534755));
#10219 = ADVANCED_FACE('',(#10220),#10236,.F.);
#10220 = FACE_BOUND('',#10221,.F.);
#10221 = EDGE_LOOP('',(#10222,#10228,#10229,#10235));
#10222 = ORIENTED_EDGE('',*,*,#10223,.F.);
#10223 = EDGE_CURVE('',#9899,#2522,#10224,.T.);
#10224 = LINE('',#10225,#10226);
#10225 = CARTESIAN_POINT('',(-0.339697003047,-2.4820540639,
    1.334025185194));
#10226 = VECTOR('',#10227,1.);
#10227 = DIRECTION('',(0.,0.998629534755,-5.233595624292E-02));
#10228 = ORIENTED_EDGE('',*,*,#9898,.T.);
#10229 = ORIENTED_EDGE('',*,*,#10230,.T.);
#10230 = EDGE_CURVE('',#9901,#2511,#10231,.T.);
#10231 = LINE('',#10232,#10233);
#10232 = CARTESIAN_POINT('',(-0.506708334738,-2.47048809047,
    1.554717105137));
#10233 = VECTOR('',#10234,1.);
#10234 = DIRECTION('',(0.,0.998629534755,-5.233595624292E-02));
#10235 = ORIENTED_EDGE('',*,*,#2521,.F.);
#10236 = B_SPLINE_SURFACE_WITH_KNOTS('',3,1,(
    (#10237,#10238)
    ,(#10239,#10240)
    ,(#10241,#10242)
    ,(#10243,#10244
    )),.UNSPECIFIED.,.F.,.F.,.F.,(4,4),(2,2),(35.,36.),(0.,1.),
  .PIECEWISE_BEZIER_KNOTS.);
#10237 = CARTESIAN_POINT('',(-0.339697003047,-2.4820540639,
    1.334025185194));
#10238 = CARTESIAN_POINT('',(-0.339697003047,-2.472067777396,
    1.333501826095));
#10239 = CARTESIAN_POINT('',(-0.341383960844,-2.476756673469,
    1.435105416095));
#10240 = CARTESIAN_POINT('',(-0.341383960844,-2.466770386965,
    1.434582056996));
#10241 = CARTESIAN_POINT('',(-0.410550324531,-2.472077307937,
    1.524393029438));
#10242 = CARTESIAN_POINT('',(-0.410550324531,-2.462091021432,
    1.523869670339));
#10243 = CARTESIAN_POINT('',(-0.506708334738,-2.47048809047,
    1.554717105137));
#10244 = CARTESIAN_POINT('',(-0.506708334738,-2.460501803966,
    1.554193746038));
#10245 = ADVANCED_FACE('',(#10246),#10257,.F.);
#10246 = FACE_BOUND('',#10247,.F.);
#10247 = EDGE_LOOP('',(#10248,#10249,#10250,#10256));
#10248 = ORIENTED_EDGE('',*,*,#10230,.F.);
#10249 = ORIENTED_EDGE('',*,*,#9909,.T.);
#10250 = ORIENTED_EDGE('',*,*,#10251,.T.);
#10251 = EDGE_CURVE('',#9910,#2513,#10252,.T.);
#10252 = LINE('',#10253,#10254);
#10253 = CARTESIAN_POINT('',(-0.597805471554,-2.463513188551,
    1.687806162044));
#10254 = VECTOR('',#10255,1.);
#10255 = DIRECTION('',(0.,0.998629534755,-5.233595624292E-02));
#10256 = ORIENTED_EDGE('',*,*,#2510,.F.);
#10257 = B_SPLINE_SURFACE_WITH_KNOTS('',3,1,(
    (#10258,#10259)
    ,(#10260,#10261)
    ,(#10262,#10263)
    ,(#10264,#10265
    )),.UNSPECIFIED.,.F.,.F.,.F.,(4,4),(2,2),(0.,1.),(0.,1.),
  .PIECEWISE_BEZIER_KNOTS.);
#10258 = CARTESIAN_POINT('',(-0.506708334738,-2.47048809047,
    1.554717105137));
#10259 = CARTESIAN_POINT('',(-0.506708334738,-2.460501803966,
    1.554193746038));
#10260 = CARTESIAN_POINT('',(-0.525265127919,-2.467839393571,
    1.605257252718));
#10261 = CARTESIAN_POINT('',(-0.525265127919,-2.457853107067,
    1.604733893619));
#10262 = CARTESIAN_POINT('',(-0.557317840891,-2.46545556653,
    1.650743382331));
#10263 = CARTESIAN_POINT('',(-0.557317840891,-2.455469280026,
    1.650220023232));
#10264 = CARTESIAN_POINT('',(-0.597805471554,-2.463513188551,
    1.687806162044));
#10265 = CARTESIAN_POINT('',(-0.597805471554,-2.453526902047,
    1.687282802945));
#10266 = ADVANCED_FACE('',(#10267),#10278,.F.);
#10267 = FACE_BOUND('',#10268,.F.);
#10268 = EDGE_LOOP('',(#10269,#10270,#10271,#10277));
#10269 = ORIENTED_EDGE('',*,*,#10251,.F.);
#10270 = ORIENTED_EDGE('',*,*,#9918,.T.);
#10271 = ORIENTED_EDGE('',*,*,#10272,.T.);
#10272 = EDGE_CURVE('',#9919,#2787,#10273,.T.);
#10273 = LINE('',#10274,#10275);
#10274 = CARTESIAN_POINT('',(-0.827235207038,-2.458922113673,
    1.775409089343));
#10275 = VECTOR('',#10276,1.);
#10276 = DIRECTION('',(0.,0.998629534755,-5.233595624292E-02));
#10277 = ORIENTED_EDGE('',*,*,#2795,.F.);
#10278 = B_SPLINE_SURFACE_WITH_KNOTS('',3,1,(
    (#10279,#10280)
    ,(#10281,#10282)
    ,(#10283,#10284)
    ,(#10285,#10286
    )),.UNSPECIFIED.,.F.,.F.,.F.,(4,4),(2,2),(1.,2.),(0.,1.),
  .PIECEWISE_BEZIER_KNOTS.);
#10279 = CARTESIAN_POINT('',(-0.597805471554,-2.463513188551,
    1.687806162044));
#10280 = CARTESIAN_POINT('',(-0.597805471554,-2.453526902047,
    1.687282802945));
#10281 = CARTESIAN_POINT('',(-0.661910833144,-2.460599621688,
    1.743400329609));
#10282 = CARTESIAN_POINT('',(-0.661910833144,-2.450613335184,
    1.74287697051));
#10283 = CARTESIAN_POINT('',(-0.742886030118,-2.458922113673,
    1.775409089343));
#10284 = CARTESIAN_POINT('',(-0.742886030118,-2.448935827168,
    1.774885730244));
#10285 = CARTESIAN_POINT('',(-0.827235207038,-2.458922113673,
    1.775409089343));
#10286 = CARTESIAN_POINT('',(-0.827235207038,-2.448935827168,
    1.774885730244));
#10287 = ADVANCED_FACE('',(#10288),#10299,.F.);
#10288 = FACE_BOUND('',#10289,.F.);
#10289 = EDGE_LOOP('',(#10290,#10291,#10292,#10298));
#10290 = ORIENTED_EDGE('',*,*,#10272,.F.);
#10291 = ORIENTED_EDGE('',*,*,#9927,.T.);
#10292 = ORIENTED_EDGE('',*,*,#10293,.T.);
#10293 = EDGE_CURVE('',#9928,#2778,#10294,.T.);
#10294 = LINE('',#10295,#10296);
#10295 = CARTESIAN_POINT('',(-1.029673231649,-2.462365419726,
    1.709706895877));
#10296 = VECTOR('',#10297,1.);
#10297 = DIRECTION('',(0.,0.998629534755,-5.233595624292E-02));
#10298 = ORIENTED_EDGE('',*,*,#2786,.F.);
#10299 = B_SPLINE_SURFACE_WITH_KNOTS('',3,1,(
    (#10300,#10301)
    ,(#10302,#10303)
    ,(#10304,#10305)
    ,(#10306,#10307
    )),.UNSPECIFIED.,.F.,.F.,.F.,(4,4),(2,2),(2.,3.),(0.,1.),
  .PIECEWISE_BEZIER_KNOTS.);
#10300 = CARTESIAN_POINT('',(-0.827235207038,-2.458922113673,
    1.775409089343));
#10301 = CARTESIAN_POINT('',(-0.827235207038,-2.448935827168,
    1.774885730244));
#10302 = CARTESIAN_POINT('',(-0.901462476293,-2.458922113673,
    1.775409089343));
#10303 = CARTESIAN_POINT('',(-0.901462476293,-2.448935827168,
    1.774885730244));
#10304 = CARTESIAN_POINT('',(-0.970628807803,-2.460158172205,
    1.751823687539));
#10305 = CARTESIAN_POINT('',(-0.970628807803,-2.4501718857,1.75130032844
    ));
#10306 = CARTESIAN_POINT('',(-1.029673231649,-2.462365419726,
    1.709706895877));
#10307 = CARTESIAN_POINT('',(-1.029673231649,-2.452379133222,
    1.709183536778));
#10308 = ADVANCED_FACE('',(#10309),#10320,.F.);
#10309 = FACE_BOUND('',#10310,.F.);
#10310 = EDGE_LOOP('',(#10311,#10312,#10313,#10319));
#10311 = ORIENTED_EDGE('',*,*,#10293,.F.);
#10312 = ORIENTED_EDGE('',*,*,#9936,.T.);
#10313 = ORIENTED_EDGE('',*,*,#10314,.T.);
#10314 = EDGE_CURVE('',#9937,#2769,#10315,.T.);
#10315 = LINE('',#10316,#10317);
#10316 = CARTESIAN_POINT('',(-1.103900500903,-2.466250175263,
    1.635581344483));
#10317 = VECTOR('',#10318,1.);
#10318 = DIRECTION('',(0.,0.998629534755,-5.233595624292E-02));
#10319 = ORIENTED_EDGE('',*,*,#2777,.F.);
#10320 = B_SPLINE_SURFACE_WITH_KNOTS('',3,1,(
    (#10321,#10322)
    ,(#10323,#10324)
    ,(#10325,#10326)
    ,(#10327,#10328
    )),.UNSPECIFIED.,.F.,.F.,.F.,(4,4),(2,2),(3.,4.),(0.,1.),
  .PIECEWISE_BEZIER_KNOTS.);
#10321 = CARTESIAN_POINT('',(-1.029673231649,-2.462365419726,
    1.709706895877));
#10322 = CARTESIAN_POINT('',(-1.029673231649,-2.452379133222,
    1.709183536778));
#10323 = CARTESIAN_POINT('',(-1.058351964673,-2.463424898738,
    1.689490832024));
#10324 = CARTESIAN_POINT('',(-1.058351964673,-2.453438612234,
    1.688967472925));
#10325 = CARTESIAN_POINT('',(-1.081969727775,-2.464749247188,
    1.664220758233));
#10326 = CARTESIAN_POINT('',(-1.081969727775,-2.454762960684,
    1.663697399135));
#10327 = CARTESIAN_POINT('',(-1.103900500903,-2.466250175263,
    1.635581344483));
#10328 = CARTESIAN_POINT('',(-1.103900500903,-2.456263888759,
    1.635057985384));
#10329 = ADVANCED_FACE('',(#10330),#10341,.F.);
#10330 = FACE_BOUND('',#10331,.F.);
#10331 = EDGE_LOOP('',(#10332,#10333,#10334,#10340));
#10332 = ORIENTED_EDGE('',*,*,#10314,.F.);
#10333 = ORIENTED_EDGE('',*,*,#9945,.T.);
#10334 = ORIENTED_EDGE('',*,*,#10335,.T.);
#10335 = EDGE_CURVE('',#9946,#2760,#10336,.T.);
#10336 = LINE('',#10337,#10338);
#10337 = CARTESIAN_POINT('',(-1.142701109417,-2.466073595638,
    1.638950684441));
#10338 = VECTOR('',#10339,1.);
#10339 = DIRECTION('',(0.,0.998629534755,-5.233595624292E-02));
#10340 = ORIENTED_EDGE('',*,*,#2768,.F.);
#10341 = B_SPLINE_SURFACE_WITH_KNOTS('',3,1,(
    (#10342,#10343)
    ,(#10344,#10345)
    ,(#10346,#10347)
    ,(#10348,#10349
    )),.UNSPECIFIED.,.F.,.F.,.F.,(4,4),(2,2),(4.,5.),(0.,1.),
  .PIECEWISE_BEZIER_KNOTS.);
#10342 = CARTESIAN_POINT('',(-1.103900500903,-2.466250175263,
    1.635581344483));
#10343 = CARTESIAN_POINT('',(-1.103900500903,-2.456263888759,
    1.635057985384));
#10344 = CARTESIAN_POINT('',(-1.11739635634,-2.466161885029,
    1.637266022495));
#10345 = CARTESIAN_POINT('',(-1.11739635634,-2.456175598525,
    1.636742663396));
#10346 = CARTESIAN_POINT('',(-1.12920525398,-2.466073595638,
    1.638950684441));
#10347 = CARTESIAN_POINT('',(-1.12920525398,-2.456087309134,
    1.638427325342));
#10348 = CARTESIAN_POINT('',(-1.142701109417,-2.466073595638,
    1.638950684441));
#10349 = CARTESIAN_POINT('',(-1.142701109417,-2.456087309134,
    1.638427325342));
#10350 = ADVANCED_FACE('',(#10351),#10362,.F.);
#10351 = FACE_BOUND('',#10352,.F.);
#10352 = EDGE_LOOP('',(#10353,#10354,#10355,#10361));
#10353 = ORIENTED_EDGE('',*,*,#10335,.F.);
#10354 = ORIENTED_EDGE('',*,*,#9954,.T.);
#10355 = ORIENTED_EDGE('',*,*,#10356,.T.);
#10356 = EDGE_CURVE('',#9955,#2751,#10357,.T.);
#10357 = LINE('',#10358,#10359);
#10358 = CARTESIAN_POINT('',(-1.336704216334,-2.470311510845,
    1.558086445095));
#10359 = VECTOR('',#10360,1.);
#10360 = DIRECTION('',(0.,0.998629534755,-5.233595624292E-02));
#10361 = ORIENTED_EDGE('',*,*,#2759,.F.);
#10362 = B_SPLINE_SURFACE_WITH_KNOTS('',3,1,(
    (#10363,#10364)
    ,(#10365,#10366)
    ,(#10367,#10368)
    ,(#10369,#10370
    )),.UNSPECIFIED.,.F.,.F.,.F.,(4,4),(2,2),(5.,6.),(0.,1.),
  .PIECEWISE_BEZIER_KNOTS.);
#10363 = CARTESIAN_POINT('',(-1.142701109417,-2.466073595638,
    1.638950684441));
#10364 = CARTESIAN_POINT('',(-1.142701109417,-2.456087309134,
    1.638427325342));
#10365 = CARTESIAN_POINT('',(-1.215241404786,-2.466073595638,
    1.638950684441));
#10366 = CARTESIAN_POINT('',(-1.215241404786,-2.456087309134,
    1.638427325342));
#10367 = CARTESIAN_POINT('',(-1.284407720208,-2.467574523713,
    1.610311270692));
#10368 = CARTESIAN_POINT('',(-1.284407720208,-2.457588237208,
    1.609787911593));
#10369 = CARTESIAN_POINT('',(-1.336704216334,-2.470311510845,
    1.558086445095));
#10370 = CARTESIAN_POINT('',(-1.336704216334,-2.460325224341,
    1.557563085996));
#10371 = ADVANCED_FACE('',(#10372),#10383,.F.);
#10372 = FACE_BOUND('',#10373,.F.);
#10373 = EDGE_LOOP('',(#10374,#10375,#10376,#10382));
#10374 = ORIENTED_EDGE('',*,*,#10356,.F.);
#10375 = ORIENTED_EDGE('',*,*,#9963,.T.);
#10376 = ORIENTED_EDGE('',*,*,#10377,.T.);
#10377 = EDGE_CURVE('',#9964,#2742,#10378,.T.);
#10378 = LINE('',#10379,#10380);
#10379 = CARTESIAN_POINT('',(-1.415992487688,-2.480376557885,
    1.366033906772));
#10380 = VECTOR('',#10381,1.);
#10381 = DIRECTION('',(0.,0.998629534755,-5.233595624292E-02));
#10382 = ORIENTED_EDGE('',*,*,#2750,.F.);
#10383 = B_SPLINE_SURFACE_WITH_KNOTS('',3,1,(
    (#10384,#10385)
    ,(#10386,#10387)
    ,(#10388,#10389)
    ,(#10390,#10391
    )),.UNSPECIFIED.,.F.,.F.,.F.,(4,4),(2,2),(6.,7.),(0.,1.),
  .PIECEWISE_BEZIER_KNOTS.);
#10384 = CARTESIAN_POINT('',(-1.336704216334,-2.470311510845,
    1.558086445095));
#10385 = CARTESIAN_POINT('',(-1.336704216334,-2.460325224341,
    1.557563085996));
#10386 = CARTESIAN_POINT('',(-1.38731376673,-2.472960206903,
    1.507546313578));
#10387 = CARTESIAN_POINT('',(-1.38731376673,-2.462973920399,
    1.507022954479));
#10388 = CARTESIAN_POINT('',(-1.415992487688,-2.476580093002,
    1.43847477212));
#10389 = CARTESIAN_POINT('',(-1.415992487688,-2.466593806498,
    1.437951413021));
#10390 = CARTESIAN_POINT('',(-1.415992487688,-2.480376557885,
    1.366033906772));
#10391 = CARTESIAN_POINT('',(-1.415992487688,-2.470390271381,
    1.365510547673));
#10392 = ADVANCED_FACE('',(#10393),#10404,.F.);
#10393 = FACE_BOUND('',#10394,.F.);
#10394 = EDGE_LOOP('',(#10395,#10396,#10397,#10403));
#10395 = ORIENTED_EDGE('',*,*,#10377,.F.);
#10396 = ORIENTED_EDGE('',*,*,#9972,.T.);
#10397 = ORIENTED_EDGE('',*,*,#10398,.T.);
#10398 = EDGE_CURVE('',#9973,#2733,#10399,.T.);
#10399 = LINE('',#10400,#10401);
#10400 = CARTESIAN_POINT('',(-1.345139182291,-2.490000154599,
    1.182404742444));
#10401 = VECTOR('',#10402,1.);
#10402 = DIRECTION('',(0.,0.998629534755,-5.233595624292E-02));
#10403 = ORIENTED_EDGE('',*,*,#2741,.F.);
#10404 = B_SPLINE_SURFACE_WITH_KNOTS('',3,1,(
    (#10405,#10406)
    ,(#10407,#10408)
    ,(#10409,#10410)
    ,(#10411,#10412
    )),.UNSPECIFIED.,.F.,.F.,.F.,(4,4),(2,2),(7.,8.),(0.,1.),
  .PIECEWISE_BEZIER_KNOTS.);
#10405 = CARTESIAN_POINT('',(-1.415992487688,-2.480376557885,
    1.366033906772));
#10406 = CARTESIAN_POINT('',(-1.415992487688,-2.470390271381,
    1.365510547673));
#10407 = CARTESIAN_POINT('',(-1.415992487688,-2.483908153751,
    1.298647043326));
#10408 = CARTESIAN_POINT('',(-1.415992487688,-2.473921867247,
    1.298123684227));
#10409 = CARTESIAN_POINT('',(-1.390687734612,-2.487351461067,
    1.232944825762));
#10410 = CARTESIAN_POINT('',(-1.390687734612,-2.477365174563,
    1.232421466663));
#10411 = CARTESIAN_POINT('',(-1.345139182291,-2.490000154599,
    1.182404742444));
#10412 = CARTESIAN_POINT('',(-1.345139182291,-2.480013868095,
    1.181881383345));
#10413 = ADVANCED_FACE('',(#10414),#10425,.F.);
#10414 = FACE_BOUND('',#10415,.F.);
#10415 = EDGE_LOOP('',(#10416,#10417,#10418,#10424));
#10416 = ORIENTED_EDGE('',*,*,#10398,.F.);
#10417 = ORIENTED_EDGE('',*,*,#9981,.T.);
#10418 = ORIENTED_EDGE('',*,*,#10419,.T.);
#10419 = EDGE_CURVE('',#9982,#2724,#10420,.T.);
#10420 = LINE('',#10421,#10422);
#10421 = CARTESIAN_POINT('',(-1.210180499219,-2.494238068964,
    1.101540519164));
#10422 = VECTOR('',#10423,1.);
#10423 = DIRECTION('',(0.,0.998629534755,-5.233595624292E-02));
#10424 = ORIENTED_EDGE('',*,*,#2732,.F.);
#10425 = B_SPLINE_SURFACE_WITH_KNOTS('',3,1,(
    (#10426,#10427)
    ,(#10428,#10429)
    ,(#10430,#10431)
    ,(#10432,#10433
    )),.UNSPECIFIED.,.F.,.F.,.F.,(4,4),(2,2),(8.,9.),(0.,1.),
  .PIECEWISE_BEZIER_KNOTS.);
#10426 = CARTESIAN_POINT('',(-1.345139182291,-2.490000154599,
    1.182404742444));
#10427 = CARTESIAN_POINT('',(-1.345139182291,-2.480013868095,
    1.181881383345));
#10428 = CARTESIAN_POINT('',(-1.308025547665,-2.492119113466,
    1.14197259867));
#10429 = CARTESIAN_POINT('',(-1.308025547665,-2.482132826961,
    1.141449239572));
#10430 = CARTESIAN_POINT('',(-1.262476979256,-2.493531750465,1.115017879
    ));
#10431 = CARTESIAN_POINT('',(-1.262476979256,-2.483545463961,
    1.114494519901));
#10432 = CARTESIAN_POINT('',(-1.210180499219,-2.494238068964,
    1.101540519164));
#10433 = CARTESIAN_POINT('',(-1.210180499219,-2.48425178246,
    1.101017160065));
#10434 = ADVANCED_FACE('',(#10435),#10446,.F.);
#10435 = FACE_BOUND('',#10436,.F.);
#10436 = EDGE_LOOP('',(#10437,#10438,#10439,#10445));
#10437 = ORIENTED_EDGE('',*,*,#10419,.F.);
#10438 = ORIENTED_EDGE('',*,*,#9990,.T.);
#10439 = ORIENTED_EDGE('',*,*,#10440,.T.);
#10440 = EDGE_CURVE('',#9991,#2715,#10441,.T.);
#10441 = LINE('',#10442,#10443);
#10442 = CARTESIAN_POINT('',(-1.04991704698,-2.500241781263,
    0.986982864161));
#10443 = VECTOR('',#10444,1.);
#10444 = DIRECTION('',(0.,0.998629534755,-5.233595624292E-02));
#10445 = ORIENTED_EDGE('',*,*,#2723,.F.);
#10446 = B_SPLINE_SURFACE_WITH_KNOTS('',3,1,(
    (#10447,#10448)
    ,(#10449,#10450)
    ,(#10451,#10452)
    ,(#10453,#10454
    )),.UNSPECIFIED.,.F.,.F.,.F.,(4,4),(2,2),(9.,10.),(0.,1.),
  .PIECEWISE_BEZIER_KNOTS.);
#10447 = CARTESIAN_POINT('',(-1.210180499219,-2.494238068964,
    1.101540519164));
#10448 = CARTESIAN_POINT('',(-1.210180499219,-2.48425178246,
    1.101017160065));
#10449 = CARTESIAN_POINT('',(-1.188249710002,-2.49776966483,
    1.034153655718));
#10450 = CARTESIAN_POINT('',(-1.188249710002,-2.487783378326,
    1.033630296619));
#10451 = CARTESIAN_POINT('',(-1.124144348412,-2.500241781263,
    0.986982864161));
#10452 = CARTESIAN_POINT('',(-1.124144348412,-2.490255494759,
    0.986459505062));
#10453 = CARTESIAN_POINT('',(-1.04991704698,-2.500241781263,
    0.986982864161));
#10454 = CARTESIAN_POINT('',(-1.04991704698,-2.490255494759,
    0.986459505062));
#10455 = ADVANCED_FACE('',(#10456),#10467,.F.);
#10456 = FACE_BOUND('',#10457,.F.);
#10457 = EDGE_LOOP('',(#10458,#10459,#10460,#10466));
#10458 = ORIENTED_EDGE('',*,*,#10440,.F.);
#10459 = ORIENTED_EDGE('',*,*,#9999,.T.);
#10460 = ORIENTED_EDGE('',*,*,#10461,.T.);
#10461 = EDGE_CURVE('',#10000,#2706,#10462,.T.);
#10462 = LINE('',#10463,#10464);
#10463 = CARTESIAN_POINT('',(-0.881218693138,-2.491412791598,
    1.155450022772));
#10464 = VECTOR('',#10465,1.);
#10465 = DIRECTION('',(0.,0.998629534755,-5.233595624292E-02));
#10466 = ORIENTED_EDGE('',*,*,#2714,.F.);
#10467 = B_SPLINE_SURFACE_WITH_KNOTS('',3,1,(
    (#10468,#10469)
    ,(#10470,#10471)
    ,(#10472,#10473)
    ,(#10474,#10475
    )),.UNSPECIFIED.,.F.,.F.,.F.,(4,4),(2,2),(10.,11.),(0.,1.),
  .PIECEWISE_BEZIER_KNOTS.);
#10468 = CARTESIAN_POINT('',(-1.04991704698,-2.500241781263,
    0.986982864161));
#10469 = CARTESIAN_POINT('',(-1.04991704698,-2.490255494759,
    0.986459505062));
#10470 = CARTESIAN_POINT('',(-0.957132952367,-2.500241781263,
    0.986982864161));
#10471 = CARTESIAN_POINT('',(-0.957132952367,-2.490255494759,
    0.986459505062));
#10472 = CARTESIAN_POINT('',(-0.881218693138,-2.496268735914,
    1.062793085535));
#10473 = CARTESIAN_POINT('',(-0.881218693138,-2.48628244941,
    1.062269726436));
#10474 = CARTESIAN_POINT('',(-0.881218693138,-2.491412791598,
    1.155450022772));
#10475 = CARTESIAN_POINT('',(-0.881218693138,-2.481426505094,
    1.154926663673));
#10476 = ADVANCED_FACE('',(#10477),#10488,.F.);
#10477 = FACE_BOUND('',#10478,.T.);
#10478 = EDGE_LOOP('',(#10479,#10480,#10486,#10487));
#10479 = ORIENTED_EDGE('',*,*,#2705,.T.);
#10480 = ORIENTED_EDGE('',*,*,#10481,.F.);
#10481 = EDGE_CURVE('',#10009,#2698,#10482,.T.);
#10482 = LINE('',#10483,#10484);
#10483 = CARTESIAN_POINT('',(-0.881218693138,-2.490529892631,
    1.172296738634));
#10484 = VECTOR('',#10485,1.);
#10485 = DIRECTION('',(0.,0.998629534755,-5.233595624292E-02));
#10486 = ORIENTED_EDGE('',*,*,#10008,.F.);
#10487 = ORIENTED_EDGE('',*,*,#10461,.T.);
#10488 = PLANE('',#10489);
#10489 = AXIS2_PLACEMENT_3D('',#10490,#10491,#10492);
#10490 = CARTESIAN_POINT('',(-0.881218693138,-2.491412791598,
    1.155450022772));
#10491 = DIRECTION('',(-1.,0.,0.));
#10492 = DIRECTION('',(0.,0.,1.));
#10493 = ADVANCED_FACE('',(#10494),#10505,.F.);
#10494 = FACE_BOUND('',#10495,.T.);
#10495 = EDGE_LOOP('',(#10496,#10497,#10503,#10504));
#10496 = ORIENTED_EDGE('',*,*,#2697,.T.);
#10497 = ORIENTED_EDGE('',*,*,#10498,.F.);
#10498 = EDGE_CURVE('',#10018,#2690,#10499,.T.);
#10499 = LINE('',#10500,#10501);
#10500 = CARTESIAN_POINT('',(-0.645040997759,-2.483996440616,
    1.296962429579));
#10501 = VECTOR('',#10502,1.);
#10502 = DIRECTION('',(0.,0.998629534755,-5.233595624292E-02));
#10503 = ORIENTED_EDGE('',*,*,#10017,.F.);
#10504 = ORIENTED_EDGE('',*,*,#10481,.T.);
#10505 = PLANE('',#10506);
#10506 = AXIS2_PLACEMENT_3D('',#10507,#10508,#10509);
#10507 = CARTESIAN_POINT('',(-0.881218693138,-2.490529892631,
    1.172296738634));
#10508 = DIRECTION('',(-0.467307306755,4.626995463077E-02,0.882883328845
    ));
#10509 = DIRECTION('',(0.883829935365,1.795438797636E-14,0.467808342542)
  );
#10510 = ADVANCED_FACE('',(#10511),#10522,.F.);
#10511 = FACE_BOUND('',#10512,.T.);
#10512 = EDGE_LOOP('',(#10513,#10514,#10520,#10521));
#10513 = ORIENTED_EDGE('',*,*,#2689,.T.);
#10514 = ORIENTED_EDGE('',*,*,#10515,.F.);
#10515 = EDGE_CURVE('',#10026,#2682,#10516,.T.);
#10516 = LINE('',#10517,#10518);
#10517 = CARTESIAN_POINT('',(-0.697337461709,-2.479317075083,
    1.386250042922));
#10518 = VECTOR('',#10519,1.);
#10519 = DIRECTION('',(0.,0.998629534755,-5.233595624292E-02));
#10520 = ORIENTED_EDGE('',*,*,#10025,.F.);
#10521 = ORIENTED_EDGE('',*,*,#10498,.T.);
#10522 = PLANE('',#10523);
#10523 = AXIS2_PLACEMENT_3D('',#10524,#10525,#10526);
#10524 = CARTESIAN_POINT('',(-0.645040997759,-2.483996440616,
    1.296962429579));
#10525 = DIRECTION('',(-0.863187758941,-2.642353714195E-02,
    -0.504191123979));
#10526 = DIRECTION('',(-0.50436723016,4.128641872825E-16,0.863489257108)
  );
#10527 = ADVANCED_FACE('',(#10528),#10539,.F.);
#10528 = FACE_BOUND('',#10529,.T.);
#10529 = EDGE_LOOP('',(#10530,#10531,#10537,#10538));
#10530 = ORIENTED_EDGE('',*,*,#2681,.T.);
#10531 = ORIENTED_EDGE('',*,*,#10532,.F.);
#10532 = EDGE_CURVE('',#10034,#2673,#10533,.T.);
#10533 = LINE('',#10534,#10535);
#10534 = CARTESIAN_POINT('',(-0.923393249422,-2.485497367849,
    1.268323031895));
#10535 = VECTOR('',#10536,1.);
#10536 = DIRECTION('',(0.,0.998629534755,-5.233595624292E-02));
#10537 = ORIENTED_EDGE('',*,*,#10033,.F.);
#10538 = ORIENTED_EDGE('',*,*,#10515,.T.);
#10539 = PLANE('',#10540);
#10540 = AXIS2_PLACEMENT_3D('',#10541,#10542,#10543);
#10541 = CARTESIAN_POINT('',(-0.697337461709,-2.479317075083,
    1.386250042922));
#10542 = DIRECTION('',(0.463018065387,-4.638791425256E-02,
    -0.885134132511));
#10543 = DIRECTION('',(-0.886088005114,-4.314951174145E-14,
    -0.463517040888));
#10544 = ADVANCED_FACE('',(#10545),#10556,.F.);
#10545 = FACE_BOUND('',#10546,.F.);
#10546 = EDGE_LOOP('',(#10547,#10548,#10549,#10555));
#10547 = ORIENTED_EDGE('',*,*,#10532,.F.);
#10548 = ORIENTED_EDGE('',*,*,#10041,.T.);
#10549 = ORIENTED_EDGE('',*,*,#10550,.T.);
#10550 = EDGE_CURVE('',#10042,#2664,#10551,.T.);
#10551 = LINE('',#10552,#10553);
#10552 = CARTESIAN_POINT('',(-1.049917014803,-2.482495511699,
    1.325601859396));
#10553 = VECTOR('',#10554,1.);
#10554 = DIRECTION('',(0.,0.998629534755,-5.233595624292E-02));
#10555 = ORIENTED_EDGE('',*,*,#2672,.F.);
#10556 = B_SPLINE_SURFACE_WITH_KNOTS('',3,1,(
    (#10557,#10558)
    ,(#10559,#10560)
    ,(#10561,#10562)
    ,(#10563,#10564
    )),.UNSPECIFIED.,.F.,.F.,.F.,(4,4),(2,2),(15.,16.),(0.,1.),
  .PIECEWISE_BEZIER_KNOTS.);
#10557 = CARTESIAN_POINT('',(-0.923393249422,-2.485497367849,
    1.268323031895));
#10558 = CARTESIAN_POINT('',(-0.923393249422,-2.475511081345,
    1.267799672796));
#10559 = CARTESIAN_POINT('',(-0.953758940243,-2.483643279682,
    1.30370114163));
#10560 = CARTESIAN_POINT('',(-0.953758940243,-2.473656993178,
    1.303177782531));
#10561 = CARTESIAN_POINT('',(-0.999307508651,-2.482495511699,
    1.325601859396));
#10562 = CARTESIAN_POINT('',(-0.999307508651,-2.472509225195,
    1.325078500297));
#10563 = CARTESIAN_POINT('',(-1.049917014803,-2.482495511699,
    1.325601859396));
#10564 = CARTESIAN_POINT('',(-1.049917014803,-2.472509225195,
    1.325078500297));
#10565 = ADVANCED_FACE('',(#10566),#10577,.F.);
#10566 = FACE_BOUND('',#10567,.F.);
#10567 = EDGE_LOOP('',(#10568,#10569,#10570,#10576));
#10568 = ORIENTED_EDGE('',*,*,#10550,.F.);
#10569 = ORIENTED_EDGE('',*,*,#10050,.T.);
#10570 = ORIENTED_EDGE('',*,*,#10571,.T.);
#10571 = EDGE_CURVE('',#10051,#2655,#10572,.T.);
#10572 = LINE('',#10573,#10574);
#10573 = CARTESIAN_POINT('',(-1.20849346098,-2.488322645215,
    1.214413528287));
#10574 = VECTOR('',#10575,1.);
#10575 = DIRECTION('',(0.,0.998629534755,-5.233595624292E-02));
#10576 = ORIENTED_EDGE('',*,*,#2663,.F.);
#10577 = B_SPLINE_SURFACE_WITH_KNOTS('',3,1,(
    (#10578,#10579)
    ,(#10580,#10581)
    ,(#10582,#10583)
    ,(#10584,#10585
    )),.UNSPECIFIED.,.F.,.F.,.F.,(4,4),(2,2),(16.,17.),(0.,1.),
  .PIECEWISE_BEZIER_KNOTS.);
#10578 = CARTESIAN_POINT('',(-1.049917014803,-2.482495511699,
    1.325601859396));
#10579 = CARTESIAN_POINT('',(-1.049917014803,-2.472509225195,
    1.325078500297));
#10580 = CARTESIAN_POINT('',(-1.122457326261,-2.482495511699,
    1.325601859396));
#10581 = CARTESIAN_POINT('',(-1.122457326261,-2.472509225195,
    1.325078500297));
#10582 = CARTESIAN_POINT('',(-1.184875697877,-2.484967628132,
    1.278431067839));
#10583 = CARTESIAN_POINT('',(-1.184875697877,-2.474981341628,
    1.27790770874));
#10584 = CARTESIAN_POINT('',(-1.20849346098,-2.488322645215,
    1.214413528287));
#10585 = CARTESIAN_POINT('',(-1.20849346098,-2.478336358711,
    1.213890169188));
#10586 = ADVANCED_FACE('',(#10587),#10598,.F.);
#10587 = FACE_BOUND('',#10588,.F.);
#10588 = EDGE_LOOP('',(#10589,#10590,#10591,#10597));
#10589 = ORIENTED_EDGE('',*,*,#10571,.F.);
#10590 = ORIENTED_EDGE('',*,*,#10059,.T.);
#10591 = ORIENTED_EDGE('',*,*,#10592,.T.);
#10592 = EDGE_CURVE('',#10060,#2646,#10593,.T.);
#10593 = LINE('',#10594,#10595);
#10594 = CARTESIAN_POINT('',(-1.309712473285,-2.48019997405,
    1.369403327061));
#10595 = VECTOR('',#10596,1.);
#10596 = DIRECTION('',(0.,0.998629534755,-5.233595624292E-02));
#10597 = ORIENTED_EDGE('',*,*,#2654,.F.);
#10598 = B_SPLINE_SURFACE_WITH_KNOTS('',3,1,(
    (#10599,#10600)
    ,(#10601,#10602)
    ,(#10603,#10604)
    ,(#10605,#10606
    )),.UNSPECIFIED.,.F.,.F.,.F.,(4,4),(2,2),(17.,18.),(0.,1.),
  .PIECEWISE_BEZIER_KNOTS.);
#10599 = CARTESIAN_POINT('',(-1.20849346098,-2.488322645215,
    1.214413528287));
#10600 = CARTESIAN_POINT('',(-1.20849346098,-2.478336358711,
    1.213890169188));
#10601 = CARTESIAN_POINT('',(-1.267537884824,-2.486910006532,
    1.24136828009));
#10602 = CARTESIAN_POINT('',(-1.267537884824,-2.476923720028,
    1.240844920991));
#10603 = CARTESIAN_POINT('',(-1.309712473285,-2.483819860149,
    1.300331785604));
#10604 = CARTESIAN_POINT('',(-1.309712473285,-2.473833573645,
    1.299808426505));
#10605 = CARTESIAN_POINT('',(-1.309712473285,-2.48019997405,
    1.369403327061));
#10606 = CARTESIAN_POINT('',(-1.309712473285,-2.470213687546,
    1.368879967962));
#10607 = ADVANCED_FACE('',(#10608),#10619,.F.);
#10608 = FACE_BOUND('',#10609,.F.);
#10609 = EDGE_LOOP('',(#10610,#10611,#10612,#10618));
#10610 = ORIENTED_EDGE('',*,*,#10592,.F.);
#10611 = ORIENTED_EDGE('',*,*,#10068,.T.);
#10612 = ORIENTED_EDGE('',*,*,#10613,.T.);
#10613 = EDGE_CURVE('',#10069,#2637,#10614,.T.);
#10614 = LINE('',#10615,#10616);
#10615 = CARTESIAN_POINT('',(-1.141014119443,-2.471370984385,
    1.537870485672));
#10616 = VECTOR('',#10617,1.);
#10617 = DIRECTION('',(0.,0.998629534755,-5.233595624292E-02));
#10618 = ORIENTED_EDGE('',*,*,#2645,.F.);
#10619 = B_SPLINE_SURFACE_WITH_KNOTS('',3,1,(
    (#10620,#10621)
    ,(#10622,#10623)
    ,(#10624,#10625)
    ,(#10626,#10627
    )),.UNSPECIFIED.,.F.,.F.,.F.,(4,4),(2,2),(18.,19.),(0.,1.),
  .PIECEWISE_BEZIER_KNOTS.);
#10620 = CARTESIAN_POINT('',(-1.309712473285,-2.48019997405,
    1.369403327061));
#10621 = CARTESIAN_POINT('',(-1.309712473285,-2.470213687546,
    1.368879967962));
#10622 = CARTESIAN_POINT('',(-1.309712473285,-2.475344029734,
    1.462060264298));
#10623 = CARTESIAN_POINT('',(-1.309712473285,-2.46535774323,
    1.461536905199));
#10624 = CARTESIAN_POINT('',(-1.233798214056,-2.471370984385,
    1.537870485672));
#10625 = CARTESIAN_POINT('',(-1.233798214056,-2.461384697881,
    1.537347126573));
#10626 = CARTESIAN_POINT('',(-1.141014119443,-2.471370984385,
    1.537870485672));
#10627 = CARTESIAN_POINT('',(-1.141014119443,-2.461384697881,
    1.537347126573));
#10628 = ADVANCED_FACE('',(#10629),#10640,.F.);
#10629 = FACE_BOUND('',#10630,.F.);
#10630 = EDGE_LOOP('',(#10631,#10632,#10633,#10639));
#10631 = ORIENTED_EDGE('',*,*,#10613,.F.);
#10632 = ORIENTED_EDGE('',*,*,#10077,.T.);
#10633 = ORIENTED_EDGE('',*,*,#10634,.T.);
#10634 = EDGE_CURVE('',#10078,#2628,#10635,.T.);
#10635 = LINE('',#10636,#10637);
#10636 = CARTESIAN_POINT('',(-1.051604004777,-2.472695332835,
    1.51260041188));
#10637 = VECTOR('',#10638,1.);
#10638 = DIRECTION('',(0.,0.998629534755,-5.233595624292E-02));
#10639 = ORIENTED_EDGE('',*,*,#2636,.F.);
#10640 = B_SPLINE_SURFACE_WITH_KNOTS('',3,1,(
    (#10641,#10642)
    ,(#10643,#10644)
    ,(#10645,#10646)
    ,(#10647,#10648
    )),.UNSPECIFIED.,.F.,.F.,.F.,(4,4),(2,2),(19.,20.),(0.,1.),
  .PIECEWISE_BEZIER_KNOTS.);
#10641 = CARTESIAN_POINT('',(-1.141014119443,-2.471370984385,
    1.537870485672));
#10642 = CARTESIAN_POINT('',(-1.141014119443,-2.461384697881,
    1.537347126573));
#10643 = CARTESIAN_POINT('',(-1.108961438648,-2.471370984385,
    1.537870485672));
#10644 = CARTESIAN_POINT('',(-1.108961438648,-2.461384697881,
    1.537347126573));
#10645 = CARTESIAN_POINT('',(-1.076908757853,-2.471900724102,
    1.527762449729));
#10646 = CARTESIAN_POINT('',(-1.076908757853,-2.461914437597,
    1.527239090631));
#10647 = CARTESIAN_POINT('',(-1.051604004777,-2.472695332835,
    1.51260041188));
#10648 = CARTESIAN_POINT('',(-1.051604004777,-2.462709046331,
    1.512077052781));
#10649 = ADVANCED_FACE('',(#10650),#10661,.F.);
#10650 = FACE_BOUND('',#10651,.F.);
#10651 = EDGE_LOOP('',(#10652,#10653,#10654,#10660));
#10652 = ORIENTED_EDGE('',*,*,#10634,.F.);
#10653 = ORIENTED_EDGE('',*,*,#10086,.T.);
#10654 = ORIENTED_EDGE('',*,*,#10655,.T.);
#10655 = EDGE_CURVE('',#10087,#2619,#10656,.T.);
#10656 = LINE('',#10657,#10658);
#10657 = CARTESIAN_POINT('',(-0.825548249241,-2.464219507472,
    1.674328794176));
#10658 = VECTOR('',#10659,1.);
#10659 = DIRECTION('',(0.,0.998629534755,-5.233595624292E-02));
#10660 = ORIENTED_EDGE('',*,*,#2627,.F.);
#10661 = B_SPLINE_SURFACE_WITH_KNOTS('',3,1,(
    (#10662,#10663)
    ,(#10664,#10665)
    ,(#10666,#10667)
    ,(#10668,#10669
    )),.UNSPECIFIED.,.F.,.F.,.F.,(4,4),(2,2),(20.,21.),(0.,1.),
  .PIECEWISE_BEZIER_KNOTS.);
#10662 = CARTESIAN_POINT('',(-1.051604004777,-2.472695332835,
    1.51260041188));
#10663 = CARTESIAN_POINT('',(-1.051604004777,-2.462709046331,
    1.512077052781));
#10664 = CARTESIAN_POINT('',(-1.019551356159,-2.467751103337,
    1.606941930732));
#10665 = CARTESIAN_POINT('',(-1.019551356159,-2.457764816833,
    1.606418571633));
#10666 = CARTESIAN_POINT('',(-0.931828199291,-2.464219507472,
    1.674328794176));
#10667 = CARTESIAN_POINT('',(-0.931828199291,-2.454233220967,
    1.673805435077));
#10668 = CARTESIAN_POINT('',(-0.825548249241,-2.464219507472,
    1.674328794176));
#10669 = CARTESIAN_POINT('',(-0.825548249241,-2.454233220967,
    1.673805435077));
#10670 = ADVANCED_FACE('',(#10671),#10682,.F.);
#10671 = FACE_BOUND('',#10672,.F.);
#10672 = EDGE_LOOP('',(#10673,#10674,#10675,#10681));
#10673 = ORIENTED_EDGE('',*,*,#10655,.F.);
#10674 = ORIENTED_EDGE('',*,*,#10095,.T.);
#10675 = ORIENTED_EDGE('',*,*,#10676,.T.);
#10676 = EDGE_CURVE('',#10096,#2610,#10677,.T.);
#10677 = LINE('',#10678,#10679);
#10678 = CARTESIAN_POINT('',(-0.589370553862,-2.475255744553,
    1.463744845912));
#10679 = VECTOR('',#10680,1.);
#10680 = DIRECTION('',(0.,0.998629534755,-5.233595624292E-02));
#10681 = ORIENTED_EDGE('',*,*,#2618,.F.);
#10682 = B_SPLINE_SURFACE_WITH_KNOTS('',3,1,(
    (#10683,#10684)
    ,(#10685,#10686)
    ,(#10687,#10688)
    ,(#10689,#10690
    )),.UNSPECIFIED.,.F.,.F.,.F.,(4,4),(2,2),(21.,22.),(0.,1.),
  .PIECEWISE_BEZIER_KNOTS.);
#10683 = CARTESIAN_POINT('',(-0.825548249241,-2.464219507472,
    1.674328794176));
#10684 = CARTESIAN_POINT('',(-0.825548249241,-2.454233220967,
    1.673805435077));
#10685 = CARTESIAN_POINT('',(-0.704085421604,-2.464219507472,
    1.674328794176));
#10686 = CARTESIAN_POINT('',(-0.704085421604,-2.454233220967,
    1.673805435077));
#10687 = CARTESIAN_POINT('',(-0.602866409299,-2.469075451787,
    1.58167185694));
#10688 = CARTESIAN_POINT('',(-0.602866409299,-2.459089165283,
    1.581148497841));
#10689 = CARTESIAN_POINT('',(-0.589370553862,-2.475255744553,
    1.463744845912));
#10690 = CARTESIAN_POINT('',(-0.589370553862,-2.465269458049,
    1.463221486813));
#10691 = ADVANCED_FACE('',(#10692),#10703,.F.);
#10692 = FACE_BOUND('',#10693,.T.);
#10693 = EDGE_LOOP('',(#10694,#10695,#10701,#10702));
#10694 = ORIENTED_EDGE('',*,*,#2609,.T.);
#10695 = ORIENTED_EDGE('',*,*,#10696,.F.);
#10696 = EDGE_CURVE('',#10105,#2601,#10697,.T.);
#10697 = LINE('',#10698,#10699);
#10698 = CARTESIAN_POINT('',(-0.575874698425,-2.475255744553,
    1.463744845912));
#10699 = VECTOR('',#10700,1.);
#10700 = DIRECTION('',(0.,0.998629534755,-5.233595624292E-02));
#10701 = ORIENTED_EDGE('',*,*,#10104,.F.);
#10702 = ORIENTED_EDGE('',*,*,#10676,.T.);
#10703 = PLANE('',#10704);
#10704 = AXIS2_PLACEMENT_3D('',#10705,#10706,#10707);
#10705 = CARTESIAN_POINT('',(-0.589370553862,-2.475255744553,
    1.463744845912));
#10706 = DIRECTION('',(0.,5.233595624292E-02,0.998629534755));
#10707 = DIRECTION('',(0.,-0.998629534755,5.233595624292E-02));
#10708 = ADVANCED_FACE('',(#10709),#10720,.F.);
#10709 = FACE_BOUND('',#10710,.F.);
#10710 = EDGE_LOOP('',(#10711,#10712,#10713,#10719));
#10711 = ORIENTED_EDGE('',*,*,#10696,.F.);
#10712 = ORIENTED_EDGE('',*,*,#10113,.T.);
#10713 = ORIENTED_EDGE('',*,*,#10714,.T.);
#10714 = EDGE_CURVE('',#10114,#2592,#10715,.T.);
#10715 = LINE('',#10716,#10717);
#10716 = CARTESIAN_POINT('',(-0.444289995299,-2.482142355818,
    1.332340475049));
#10717 = VECTOR('',#10718,1.);
#10718 = DIRECTION('',(0.,0.998629534755,-5.233595624292E-02));
#10719 = ORIENTED_EDGE('',*,*,#2600,.F.);
#10720 = B_SPLINE_SURFACE_WITH_KNOTS('',3,1,(
    (#10721,#10722)
    ,(#10723,#10724)
    ,(#10725,#10726)
    ,(#10727,#10728
    )),.UNSPECIFIED.,.F.,.F.,.F.,(4,4),(2,2),(23.,24.),(0.,1.),
  .PIECEWISE_BEZIER_KNOTS.);
#10721 = CARTESIAN_POINT('',(-0.575874698425,-2.475255744553,
    1.463744845912));
#10722 = CARTESIAN_POINT('',(-0.575874698425,-2.465269458049,
    1.463221486813));
#10723 = CARTESIAN_POINT('',(-0.503334419144,-2.475255744553,
    1.463744845912));
#10724 = CARTESIAN_POINT('',(-0.503334419144,-2.465269458049,
    1.463221486813));
#10725 = CARTESIAN_POINT('',(-0.444289995299,-2.478345890935,
    1.404781340399));
#10726 = CARTESIAN_POINT('',(-0.444289995299,-2.468359604431,
    1.4042579813));
#10727 = CARTESIAN_POINT('',(-0.444289995299,-2.482142355818,
    1.332340475049));
#10728 = CARTESIAN_POINT('',(-0.444289995299,-2.472156069314,
    1.33181711595));
#10729 = ADVANCED_FACE('',(#10730),#10741,.F.);
#10730 = FACE_BOUND('',#10731,.F.);
#10731 = EDGE_LOOP('',(#10732,#10733,#10734,#10740));
#10732 = ORIENTED_EDGE('',*,*,#10714,.F.);
#10733 = ORIENTED_EDGE('',*,*,#10122,.T.);
#10734 = ORIENTED_EDGE('',*,*,#10735,.T.);
#10735 = EDGE_CURVE('',#10123,#2584,#10736,.T.);
#10736 = LINE('',#10737,#10738);
#10737 = CARTESIAN_POINT('',(-0.565752822936,-2.489028967083,
    1.200936104186));
#10738 = VECTOR('',#10739,1.);
#10739 = DIRECTION('',(0.,0.998629534755,-5.233595624292E-02));
#10740 = ORIENTED_EDGE('',*,*,#2591,.F.);
#10741 = B_SPLINE_SURFACE_WITH_KNOTS('',3,1,(
    (#10742,#10743)
    ,(#10744,#10745)
    ,(#10746,#10747)
    ,(#10748,#10749
    )),.UNSPECIFIED.,.F.,.F.,.F.,(4,4),(2,2),(24.,25.),(0.,1.),
  .PIECEWISE_BEZIER_KNOTS.);
#10742 = CARTESIAN_POINT('',(-0.444289995299,-2.482142355818,
    1.332340475049));
#10743 = CARTESIAN_POINT('',(-0.444289995299,-2.472156069314,
    1.33181711595));
#10744 = CARTESIAN_POINT('',(-0.444289995299,-2.485762241917,
    1.263268933591));
#10745 = CARTESIAN_POINT('',(-0.444289995299,-2.475775955413,
    1.262745574492));
#10746 = CARTESIAN_POINT('',(-0.49658645925,-2.488764098066,
    1.205990106092));
#10747 = CARTESIAN_POINT('',(-0.49658645925,-2.478777811562,
    1.205466746993));
#10748 = CARTESIAN_POINT('',(-0.565752822936,-2.489028967083,
    1.200936104186));
#10749 = CARTESIAN_POINT('',(-0.565752822936,-2.479042680579,
    1.200412745087));
#10750 = ADVANCED_FACE('',(#10751),#10762,.F.);
#10751 = FACE_BOUND('',#10752,.T.);
#10752 = EDGE_LOOP('',(#10753,#10754,#10760,#10761));
#10753 = ORIENTED_EDGE('',*,*,#2583,.T.);
#10754 = ORIENTED_EDGE('',*,*,#10755,.F.);
#10755 = EDGE_CURVE('',#10132,#2575,#10756,.T.);
#10756 = LINE('',#10757,#10758);
#10757 = CARTESIAN_POINT('',(-0.641667082165,-2.489028967083,
    1.200936104186));
#10758 = VECTOR('',#10759,1.);
#10759 = DIRECTION('',(0.,0.998629534755,-5.233595624292E-02));
#10760 = ORIENTED_EDGE('',*,*,#10131,.F.);
#10761 = ORIENTED_EDGE('',*,*,#10735,.T.);
#10762 = PLANE('',#10763);
#10763 = AXIS2_PLACEMENT_3D('',#10764,#10765,#10766);
#10764 = CARTESIAN_POINT('',(-0.565752822936,-2.489028967083,
    1.200936104186));
#10765 = DIRECTION('',(0.,-5.233595624292E-02,-0.998629534755));
#10766 = DIRECTION('',(0.,0.998629534755,-5.233595624292E-02));
#10767 = ADVANCED_FACE('',(#10768),#10779,.F.);
#10768 = FACE_BOUND('',#10769,.F.);
#10769 = EDGE_LOOP('',(#10770,#10771,#10772,#10778));
#10770 = ORIENTED_EDGE('',*,*,#10755,.F.);
#10771 = ORIENTED_EDGE('',*,*,#10139,.T.);
#10772 = ORIENTED_EDGE('',*,*,#10773,.T.);
#10773 = EDGE_CURVE('',#10140,#2566,#10774,.T.);
#10774 = LINE('',#10775,#10776);
#10775 = CARTESIAN_POINT('',(-0.651788957654,-2.488940678533,
    1.202620750065));
#10776 = VECTOR('',#10777,1.);
#10777 = DIRECTION('',(0.,0.998629534755,-5.233595624292E-02));
#10778 = ORIENTED_EDGE('',*,*,#2574,.F.);
#10779 = B_SPLINE_SURFACE_WITH_KNOTS('',3,1,(
    (#10780,#10781)
    ,(#10782,#10783)
    ,(#10784,#10785)
    ,(#10786,#10787
    )),.UNSPECIFIED.,.F.,.F.,.F.,(4,4),(2,2),(26.,27.),(0.,1.),
  .PIECEWISE_BEZIER_KNOTS.);
#10780 = CARTESIAN_POINT('',(-0.641667082165,-2.489028967083,
    1.200936104186));
#10781 = CARTESIAN_POINT('',(-0.641667082165,-2.479042680579,
    1.200412745087));
#10782 = CARTESIAN_POINT('',(-0.645041062112,-2.489028967083,
    1.200936104186));
#10783 = CARTESIAN_POINT('',(-0.645041062112,-2.479042680579,
    1.200412745087));
#10784 = CARTESIAN_POINT('',(-0.64841504206,-2.488940678533,
    1.202620750065));
#10785 = CARTESIAN_POINT('',(-0.64841504206,-2.478954392029,
    1.202097390966));
#10786 = CARTESIAN_POINT('',(-0.651788957654,-2.488940678533,
    1.202620750065));
#10787 = CARTESIAN_POINT('',(-0.651788957654,-2.478954392029,
    1.202097390966));
#10788 = ADVANCED_FACE('',(#10789),#10800,.F.);
#10789 = FACE_BOUND('',#10790,.F.);
#10790 = EDGE_LOOP('',(#10791,#10792,#10793,#10799));
#10791 = ORIENTED_EDGE('',*,*,#10773,.F.);
#10792 = ORIENTED_EDGE('',*,*,#10148,.T.);
#10793 = ORIENTED_EDGE('',*,*,#10794,.T.);
#10794 = EDGE_CURVE('',#10149,#2557,#10795,.T.);
#10795 = LINE('',#10796,#10797);
#10796 = CARTESIAN_POINT('',(-0.704085421604,-2.491677663982,
    1.150395956602));
#10797 = VECTOR('',#10798,1.);
#10798 = DIRECTION('',(0.,0.998629534755,-5.233595624292E-02));
#10799 = ORIENTED_EDGE('',*,*,#2565,.F.);
#10800 = B_SPLINE_SURFACE_WITH_KNOTS('',3,1,(
    (#10801,#10802)
    ,(#10803,#10804)
    ,(#10805,#10806)
    ,(#10807,#10808
    )),.UNSPECIFIED.,.F.,.F.,.F.,(4,4),(2,2),(27.,28.),(0.,1.),
  .PIECEWISE_BEZIER_KNOTS.);
#10801 = CARTESIAN_POINT('',(-0.651788957654,-2.488940678533,
    1.202620750065));
#10802 = CARTESIAN_POINT('',(-0.651788957654,-2.478954392029,
    1.202097390966));
#10803 = CARTESIAN_POINT('',(-0.680467690678,-2.488940678533,
    1.202620750065));
#10804 = CARTESIAN_POINT('',(-0.680467690678,-2.478954392029,
    1.202097390966));
#10805 = CARTESIAN_POINT('',(-0.704085421604,-2.490176738434,
    1.179035322154));
#10806 = CARTESIAN_POINT('',(-0.704085421604,-2.480190451929,
    1.178511963055));
#10807 = CARTESIAN_POINT('',(-0.704085421604,-2.491677663982,
    1.150395956602));
#10808 = CARTESIAN_POINT('',(-0.704085421604,-2.481691377478,
    1.149872597503));
#10809 = ADVANCED_FACE('',(#10810),#10821,.F.);
#10810 = FACE_BOUND('',#10811,.F.);
#10811 = EDGE_LOOP('',(#10812,#10813,#10814,#10820));
#10812 = ORIENTED_EDGE('',*,*,#10794,.F.);
#10813 = ORIENTED_EDGE('',*,*,#10157,.T.);
#10814 = ORIENTED_EDGE('',*,*,#10815,.T.);
#10815 = EDGE_CURVE('',#10158,#2549,#10816,.T.);
#10816 = LINE('',#10817,#10818);
#10817 = CARTESIAN_POINT('',(-0.655162873248,-2.494414649431,
    1.098171163138));
#10818 = VECTOR('',#10819,1.);
#10819 = DIRECTION('',(0.,0.998629534755,-5.233595624292E-02));
#10820 = ORIENTED_EDGE('',*,*,#2556,.F.);
#10821 = B_SPLINE_SURFACE_WITH_KNOTS('',3,1,(
    (#10822,#10823)
    ,(#10824,#10825)
    ,(#10826,#10827)
    ,(#10828,#10829
    )),.UNSPECIFIED.,.F.,.F.,.F.,(4,4),(2,2),(28.,29.),(0.,1.),
  .PIECEWISE_BEZIER_KNOTS.);
#10822 = CARTESIAN_POINT('',(-0.704085421604,-2.491677663982,
    1.150395956602));
#10823 = CARTESIAN_POINT('',(-0.704085421604,-2.481691377478,
    1.149872597503));
#10824 = CARTESIAN_POINT('',(-0.704085421604,-2.493090300981,
    1.12344123693));
#10825 = CARTESIAN_POINT('',(-0.704085421604,-2.483104014477,
    1.122917877831));
#10826 = CARTESIAN_POINT('',(-0.682154648476,-2.494326360882,
    1.099855809017));
#10827 = CARTESIAN_POINT('',(-0.682154648476,-2.484340074378,
    1.099332449918));
#10828 = CARTESIAN_POINT('',(-0.655162873248,-2.494414649431,
    1.098171163138));
#10829 = CARTESIAN_POINT('',(-0.655162873248,-2.484428362927,
    1.097647804039));
#10830 = ADVANCED_FACE('',(#10831),#10842,.F.);
#10831 = FACE_BOUND('',#10832,.T.);
#10832 = EDGE_LOOP('',(#10833,#10834,#10840,#10841));
#10833 = ORIENTED_EDGE('',*,*,#2548,.T.);
#10834 = ORIENTED_EDGE('',*,*,#10835,.F.);
#10835 = EDGE_CURVE('',#10167,#2540,#10836,.T.);
#10836 = LINE('',#10837,#10838);
#10837 = CARTESIAN_POINT('',(-0.555630883093,-2.494414649431,
    1.098171163138));
#10838 = VECTOR('',#10839,1.);
#10839 = DIRECTION('',(0.,0.998629534755,-5.233595624292E-02));
#10840 = ORIENTED_EDGE('',*,*,#10166,.F.);
#10841 = ORIENTED_EDGE('',*,*,#10815,.T.);
#10842 = PLANE('',#10843);
#10843 = AXIS2_PLACEMENT_3D('',#10844,#10845,#10846);
#10844 = CARTESIAN_POINT('',(-0.560691820838,-2.494414649431,
    1.098171163138));
#10845 = DIRECTION('',(0.,5.233595624292E-02,0.998629534755));
#10846 = DIRECTION('',(0.,-0.998629534755,5.233595624292E-02));
#10847 = ADVANCED_FACE('',(#10848),#10859,.F.);
#10848 = FACE_BOUND('',#10849,.F.);
#10849 = EDGE_LOOP('',(#10850,#10851,#10852,#10858));
#10850 = ORIENTED_EDGE('',*,*,#10835,.F.);
#10851 = ORIENTED_EDGE('',*,*,#10174,.T.);
#10852 = ORIENTED_EDGE('',*,*,#10853,.T.);
#10853 = EDGE_CURVE('',#10175,#2531,#10854,.T.);
#10854 = LINE('',#10855,#10856);
#10855 = CARTESIAN_POINT('',(-0.40211540684,-2.490441604082,
    1.173981384514));
#10856 = VECTOR('',#10857,1.);
#10857 = DIRECTION('',(0.,0.998629534755,-5.233595624292E-02));
#10858 = ORIENTED_EDGE('',*,*,#2539,.F.);
#10859 = B_SPLINE_SURFACE_WITH_KNOTS('',3,1,(
    (#10860,#10861)
    ,(#10862,#10863)
    ,(#10864,#10865)
    ,(#10866,#10867
    )),.UNSPECIFIED.,.F.,.F.,.F.,(4,4),(2,2),(33.,34.),(0.,1.),
  .PIECEWISE_BEZIER_KNOTS.);
#10860 = CARTESIAN_POINT('',(-0.555630883093,-2.494414649431,
    1.098171163138));
#10861 = CARTESIAN_POINT('',(-0.555630883093,-2.484428362927,
    1.097647804039));
#10862 = CARTESIAN_POINT('',(-0.49658645925,-2.494149780415,
    1.103225165044));
#10863 = CARTESIAN_POINT('',(-0.49658645925,-2.484163493911,
    1.102701805945));
#10864 = CARTESIAN_POINT('',(-0.442602973149,-2.492737140048,
    1.130179948981));
#10865 = CARTESIAN_POINT('',(-0.442602973149,-2.482750853543,
    1.129656589882));
#10866 = CARTESIAN_POINT('',(-0.40211540684,-2.490441604082,
    1.173981384514));
#10867 = CARTESIAN_POINT('',(-0.40211540684,-2.480455317578,
    1.173458025415));
#10868 = ADVANCED_FACE('',(#10869),#10875,.F.);
#10869 = FACE_BOUND('',#10870,.F.);
#10870 = EDGE_LOOP('',(#10871,#10872,#10873,#10874));
#10871 = ORIENTED_EDGE('',*,*,#10853,.F.);
#10872 = ORIENTED_EDGE('',*,*,#10183,.T.);
#10873 = ORIENTED_EDGE('',*,*,#10223,.T.);
#10874 = ORIENTED_EDGE('',*,*,#2530,.F.);
#10875 = B_SPLINE_SURFACE_WITH_KNOTS('',3,1,(
    (#10876,#10877)
    ,(#10878,#10879)
    ,(#10880,#10881)
    ,(#10882,#10883
    )),.UNSPECIFIED.,.F.,.F.,.F.,(4,4),(2,2),(34.,35.),(0.,1.),
  .PIECEWISE_BEZIER_KNOTS.);
#10876 = CARTESIAN_POINT('',(-0.40211540684,-2.490441604082,
    1.173981384514));
#10877 = CARTESIAN_POINT('',(-0.40211540684,-2.480455317578,
    1.173458025415));
#10878 = CARTESIAN_POINT('',(-0.361627776175,-2.488146068116,
    1.217782820046));
#10879 = CARTESIAN_POINT('',(-0.361627776175,-2.478159781612,
    1.217259460947));
#10880 = CARTESIAN_POINT('',(-0.339697003047,-2.485144210283,
    1.27506167968));
#10881 = CARTESIAN_POINT('',(-0.339697003047,-2.475157923779,
    1.274538320581));
#10882 = CARTESIAN_POINT('',(-0.339697003047,-2.4820540639,
    1.334025185194));
#10883 = CARTESIAN_POINT('',(-0.339697003047,-2.472067777396,
    1.333501826095));
#10884 = ADVANCED_FACE('',(#10885),#10914,.T.);
#10885 = FACE_BOUND('',#10886,.T.);
#10886 = EDGE_LOOP('',(#10887,#10901,#10907,#10908));
#10887 = ORIENTED_EDGE('',*,*,#10888,.F.);
#10888 = EDGE_CURVE('',#10889,#10891,#10893,.T.);
#10889 = VERTEX_POINT('',#10890);
#10890 = CARTESIAN_POINT('',(-1.051604036954,-2.484958107696,
    1.087539671699));
#10891 = VERTEX_POINT('',#10892);
#10892 = CARTESIAN_POINT('',(-1.051604036954,-2.478071493063,
    1.218944106827));
#10893 = B_SPLINE_CURVE_WITH_KNOTS('',3,(#10894,#10895,#10896,#10897,
    #10898,#10899,#10900),.UNSPECIFIED.,.F.,.F.,(4,3,4),(0.,1.,2.),
  .PIECEWISE_BEZIER_KNOTS.);
#10894 = CARTESIAN_POINT('',(-1.051604036954,-2.484958107696,
    1.087539671699));
#10895 = CARTESIAN_POINT('',(-1.014490418415,-2.484958107696,
    1.087539671699));
#10896 = CARTESIAN_POINT('',(-0.985811685391,-2.483368886862,
    1.11786381166));
#10897 = CARTESIAN_POINT('',(-0.985811685391,-2.481514800379,
    1.153241889263));
#10898 = CARTESIAN_POINT('',(-0.985811685391,-2.479572421979,
    1.19030467701));
#10899 = CARTESIAN_POINT('',(-1.016177376212,-2.478071493063,
    1.218944106827));
#10900 = CARTESIAN_POINT('',(-1.051604036954,-2.478071493063,
    1.218944106827));
#10901 = ORIENTED_EDGE('',*,*,#10902,.F.);
#10902 = EDGE_CURVE('',#10193,#10889,#10903,.T.);
#10903 = LINE('',#10904,#10905);
#10904 = CARTESIAN_POINT('',(-1.051604036954,-2.4949443942,
    1.088063030798));
#10905 = VECTOR('',#10906,1.);
#10906 = DIRECTION('',(0.,0.998629534755,-5.233595624292E-02));
#10907 = ORIENTED_EDGE('',*,*,#10192,.T.);
#10908 = ORIENTED_EDGE('',*,*,#10909,.T.);
#10909 = EDGE_CURVE('',#10195,#10891,#10910,.T.);
#10910 = LINE('',#10911,#10912);
#10911 = CARTESIAN_POINT('',(-1.051604036954,-2.488057779567,
    1.219467465926));
#10912 = VECTOR('',#10913,1.);
#10913 = DIRECTION('',(0.,0.998629534755,-5.233595624292E-02));
#10914 = B_SPLINE_SURFACE_WITH_KNOTS('',3,1,(
    (#10915,#10916)
    ,(#10917,#10918)
    ,(#10919,#10920)
    ,(#10921,#10922)
    ,(#10923,#10924)
    ,(#10925,#10926)
    ,(#10927,#10928
  )),.UNSPECIFIED.,.F.,.F.,.F.,(4,3,4),(2,2),(0.,1.,2.),(0.,1.),
  .PIECEWISE_BEZIER_KNOTS.);
#10915 = CARTESIAN_POINT('',(-1.051604036954,-2.4949443942,
    1.088063030798));
#10916 = CARTESIAN_POINT('',(-1.051604036954,-2.484958107696,
    1.087539671699));
#10917 = CARTESIAN_POINT('',(-1.014490418415,-2.4949443942,
    1.088063030798));
#10918 = CARTESIAN_POINT('',(-1.014490418415,-2.484958107696,
    1.087539671699));
#10919 = CARTESIAN_POINT('',(-0.985811685391,-2.493355173366,
    1.118387170759));
#10920 = CARTESIAN_POINT('',(-0.985811685391,-2.483368886862,
    1.11786381166));
#10921 = CARTESIAN_POINT('',(-0.985811685391,-2.491501086883,
    1.153765248362));
#10922 = CARTESIAN_POINT('',(-0.985811685391,-2.481514800379,
    1.153241889263));
#10923 = CARTESIAN_POINT('',(-0.985811685391,-2.489558708483,
    1.190828036109));
#10924 = CARTESIAN_POINT('',(-0.985811685391,-2.479572421979,
    1.19030467701));
#10925 = CARTESIAN_POINT('',(-1.016177376212,-2.488057779567,
    1.219467465926));
#10926 = CARTESIAN_POINT('',(-1.016177376212,-2.478071493063,
    1.218944106827));
#10927 = CARTESIAN_POINT('',(-1.051604036954,-2.488057779567,
    1.219467465926));
#10928 = CARTESIAN_POINT('',(-1.051604036954,-2.478071493063,
    1.218944106827));
#10929 = ADVANCED_FACE('',(#10930),#10944,.T.);
#10930 = FACE_BOUND('',#10931,.T.);
#10931 = EDGE_LOOP('',(#10932,#10941,#10942,#10943));
#10932 = ORIENTED_EDGE('',*,*,#10933,.F.);
#10933 = EDGE_CURVE('',#10891,#10889,#10934,.T.);
#10934 = B_SPLINE_CURVE_WITH_KNOTS('',3,(#10935,#10936,#10937,#10938,
    #10939,#10940),.UNSPECIFIED.,.F.,.F.,(4,2,4),(2.,3.,4.),
  .UNSPECIFIED.);
#10935 = CARTESIAN_POINT('',(-1.051604036954,-2.478071493063,
    1.218944106827));
#10936 = CARTESIAN_POINT('',(-1.087030697696,-2.478071493063,
    1.218944106827));
#10937 = CARTESIAN_POINT('',(-1.117396388517,-2.479572421979,
    1.19030467701));
#10938 = CARTESIAN_POINT('',(-1.117396388517,-2.483457178779,
    1.116179101516));
#10939 = CARTESIAN_POINT('',(-1.087030697696,-2.484958107696,
    1.087539671699));
#10940 = CARTESIAN_POINT('',(-1.051604036954,-2.484958107696,
    1.087539671699));
#10941 = ORIENTED_EDGE('',*,*,#10909,.F.);
#10942 = ORIENTED_EDGE('',*,*,#10206,.T.);
#10943 = ORIENTED_EDGE('',*,*,#10902,.T.);
#10944 = B_SPLINE_SURFACE_WITH_KNOTS('',3,1,(
    (#10945,#10946)
    ,(#10947,#10948)
    ,(#10949,#10950)
    ,(#10951,#10952)
    ,(#10953,#10954)
    ,(#10955,#10956
  )),.UNSPECIFIED.,.F.,.F.,.F.,(4,2,4),(2,2),(2.,3.,4.),(0.,1.),
  .UNSPECIFIED.);
#10945 = CARTESIAN_POINT('',(-1.051604036954,-2.488057779567,
    1.219467465926));
#10946 = CARTESIAN_POINT('',(-1.051604036954,-2.478071493063,
    1.218944106827));
#10947 = CARTESIAN_POINT('',(-1.087030697696,-2.488057779567,
    1.219467465926));
#10948 = CARTESIAN_POINT('',(-1.087030697696,-2.478071493063,
    1.218944106827));
#10949 = CARTESIAN_POINT('',(-1.117396388517,-2.489558708483,
    1.190828036109));
#10950 = CARTESIAN_POINT('',(-1.117396388517,-2.479572421979,
    1.19030467701));
#10951 = CARTESIAN_POINT('',(-1.117396388517,-2.493443465283,
    1.116702460614));
#10952 = CARTESIAN_POINT('',(-1.117396388517,-2.483457178779,
    1.116179101516));
#10953 = CARTESIAN_POINT('',(-1.087030697696,-2.4949443942,
    1.088063030798));
#10954 = CARTESIAN_POINT('',(-1.087030697696,-2.484958107696,
    1.087539671699));
#10955 = CARTESIAN_POINT('',(-1.051604036954,-2.4949443942,
    1.088063030798));
#10956 = CARTESIAN_POINT('',(-1.051604036954,-2.484958107696,
    1.087539671699));
#10957 = ADVANCED_FACE('',(#10958),#10962,.T.);
#10958 = FACE_BOUND('',#10959,.T.);
#10959 = EDGE_LOOP('',(#10960,#10961));
#10960 = ORIENTED_EDGE('',*,*,#10888,.T.);
#10961 = ORIENTED_EDGE('',*,*,#10933,.T.);
#10962 = PLANE('',#10963);
#10963 = AXIS2_PLACEMENT_3D('',#10964,#10965,#10966);
#10964 = CARTESIAN_POINT('',(-3.499996900561,-2.499503383156,
    0.809999282478));
#10965 = DIRECTION('',(0.,-0.998629534755,5.233595624292E-02));
#10966 = DIRECTION('',(0.,-5.233595624292E-02,-0.998629534755));
#10967 = ( GEOMETRIC_REPRESENTATION_CONTEXT(3) 
GLOBAL_UNCERTAINTY_ASSIGNED_CONTEXT((#10971)) 
GLOBAL_UNIT_ASSIGNED_CONTEXT((#10968,#10969,#10970)) 
REPRESENTATION_CONTEXT('Context #1',
  '3D Context with UNIT and UNCERTAINTY') );
#10968 = ( LENGTH_UNIT() NAMED_UNIT(*) SI_UNIT(.MILLI.,.METRE.) );
#10969 = ( NAMED_UNIT(*) PLANE_ANGLE_UNIT() SI_UNIT($,.RADIAN.) );
#10970 = ( NAMED_UNIT(*) SI_UNIT($,.STERADIAN.) SOLID_ANGLE_UNIT() );
#10971 = UNCERTAINTY_MEASURE_WITH_UNIT(LENGTH_MEASURE(1.E-07),#10968,
  'distance_accuracy_value','confusion accuracy');
#10972 = CONTEXT_DEPENDENT_SHAPE_REPRESENTATION(#10973,#10975);
#10973 = ( REPRESENTATION_RELATIONSHIP('','',#2461,#55) 
REPRESENTATION_RELATIONSHIP_WITH_TRANSFORMATION(#10974) 
SHAPE_REPRESENTATION_RELATIONSHIP() );
#10974 = ITEM_DEFINED_TRANSFORMATION('','',#11,#60);
#10975 = PRODUCT_DEFINITION_SHAPE('Placement','Placement of an item',
  #10976);
#10976 = NEXT_ASSEMBLY_USAGE_OCCURRENCE('2',
'OSC-SMD_10P-L7.0-W5.0-BL_OHXXXXXXX~OSC-SMD_10P-L7.0-W5.0-BL_
OHXXXXXXX~TpNm001','',#50,#2456,$);
#10977 = PRODUCT_RELATED_PRODUCT_CATEGORY('part',$,(#2458));
#10978 = MECHANICAL_DESIGN_GEOMETRIC_PRESENTATION_REPRESENTATION('',(
    #10979,#10990,#10998,#11005,#11012,#11019,#11026,#11033,#11040,
    #11047,#11054,#11061,#11068,#11075,#11083,#11090,#11097),#2443);
#10979 = STYLED_ITEM('color',(#10980),#83);
#10980 = PRESENTATION_STYLE_ASSIGNMENT((#10981,#10987));
#10981 = SURFACE_STYLE_USAGE(.BOTH.,#10982);
#10982 = SURFACE_SIDE_STYLE('',(#10983));
#10983 = SURFACE_STYLE_FILL_AREA(#10984);
#10984 = FILL_AREA_STYLE('',(#10985));
#10985 = FILL_AREA_STYLE_COLOUR('',#10986);
#10986 = COLOUR_RGB('',1.,1.,0.501960817233);
#10987 = CURVE_STYLE('',#10988,POSITIVE_LENGTH_MEASURE(0.1),#10989);
#10988 = DRAUGHTING_PRE_DEFINED_CURVE_FONT('continuous');
#10989 = COLOUR_RGB('',9.803921802644E-02,9.803921802644E-02,
  9.803921802644E-02);
#10990 = OVER_RIDING_STYLED_ITEM('overriding color',(#10991),#169,#10979
  );
#10991 = PRESENTATION_STYLE_ASSIGNMENT((#10992));
#10992 = SURFACE_STYLE_USAGE(.BOTH.,#10993);
#10993 = SURFACE_SIDE_STYLE('',(#10994));
#10994 = SURFACE_STYLE_FILL_AREA(#10995);
#10995 = FILL_AREA_STYLE('',(#10996));
#10996 = FILL_AREA_STYLE_COLOUR('',#10997);
#10997 = COLOUR_RGB('',0.,0.501960817233,0.);
#10998 = OVER_RIDING_STYLED_ITEM('overriding color',(#10999),#565,#10979
  );
#10999 = PRESENTATION_STYLE_ASSIGNMENT((#11000));
#11000 = SURFACE_STYLE_USAGE(.BOTH.,#11001);
#11001 = SURFACE_SIDE_STYLE('',(#11002));
#11002 = SURFACE_STYLE_FILL_AREA(#11003);
#11003 = FILL_AREA_STYLE('',(#11004));
#11004 = FILL_AREA_STYLE_COLOUR('',#10997);
#11005 = OVER_RIDING_STYLED_ITEM('overriding color',(#11006),#688,#10979
  );
#11006 = PRESENTATION_STYLE_ASSIGNMENT((#11007));
#11007 = SURFACE_STYLE_USAGE(.BOTH.,#11008);
#11008 = SURFACE_SIDE_STYLE('',(#11009));
#11009 = SURFACE_STYLE_FILL_AREA(#11010);
#11010 = FILL_AREA_STYLE('',(#11011));
#11011 = FILL_AREA_STYLE_COLOUR('',#10997);
#11012 = OVER_RIDING_STYLED_ITEM('overriding color',(#11013),#735,#10979
  );
#11013 = PRESENTATION_STYLE_ASSIGNMENT((#11014));
#11014 = SURFACE_STYLE_USAGE(.BOTH.,#11015);
#11015 = SURFACE_SIDE_STYLE('',(#11016));
#11016 = SURFACE_STYLE_FILL_AREA(#11017);
#11017 = FILL_AREA_STYLE('',(#11018));
#11018 = FILL_AREA_STYLE_COLOUR('',#10997);
#11019 = OVER_RIDING_STYLED_ITEM('overriding color',(#11020),#798,#10979
  );
#11020 = PRESENTATION_STYLE_ASSIGNMENT((#11021));
#11021 = SURFACE_STYLE_USAGE(.BOTH.,#11022);
#11022 = SURFACE_SIDE_STYLE('',(#11023));
#11023 = SURFACE_STYLE_FILL_AREA(#11024);
#11024 = FILL_AREA_STYLE('',(#11025));
#11025 = FILL_AREA_STYLE_COLOUR('',#10997);
#11026 = OVER_RIDING_STYLED_ITEM('overriding color',(#11027),#861,#10979
  );
#11027 = PRESENTATION_STYLE_ASSIGNMENT((#11028));
#11028 = SURFACE_STYLE_USAGE(.BOTH.,#11029);
#11029 = SURFACE_SIDE_STYLE('',(#11030));
#11030 = SURFACE_STYLE_FILL_AREA(#11031);
#11031 = FILL_AREA_STYLE('',(#11032));
#11032 = FILL_AREA_STYLE_COLOUR('',#10997);
#11033 = OVER_RIDING_STYLED_ITEM('overriding color',(#11034),#908,#10979
  );
#11034 = PRESENTATION_STYLE_ASSIGNMENT((#11035));
#11035 = SURFACE_STYLE_USAGE(.BOTH.,#11036);
#11036 = SURFACE_SIDE_STYLE('',(#11037));
#11037 = SURFACE_STYLE_FILL_AREA(#11038);
#11038 = FILL_AREA_STYLE('',(#11039));
#11039 = FILL_AREA_STYLE_COLOUR('',#10997);
#11040 = OVER_RIDING_STYLED_ITEM('overriding color',(#11041),#971,#10979
  );
#11041 = PRESENTATION_STYLE_ASSIGNMENT((#11042));
#11042 = SURFACE_STYLE_USAGE(.BOTH.,#11043);
#11043 = SURFACE_SIDE_STYLE('',(#11044));
#11044 = SURFACE_STYLE_FILL_AREA(#11045);
#11045 = FILL_AREA_STYLE('',(#11046));
#11046 = FILL_AREA_STYLE_COLOUR('',#10997);
#11047 = OVER_RIDING_STYLED_ITEM('overriding color',(#11048),#1018,
  #10979);
#11048 = PRESENTATION_STYLE_ASSIGNMENT((#11049));
#11049 = SURFACE_STYLE_USAGE(.BOTH.,#11050);
#11050 = SURFACE_SIDE_STYLE('',(#11051));
#11051 = SURFACE_STYLE_FILL_AREA(#11052);
#11052 = FILL_AREA_STYLE('',(#11053));
#11053 = FILL_AREA_STYLE_COLOUR('',#10997);
#11054 = OVER_RIDING_STYLED_ITEM('overriding color',(#11055),#1081,
  #10979);
#11055 = PRESENTATION_STYLE_ASSIGNMENT((#11056));
#11056 = SURFACE_STYLE_USAGE(.BOTH.,#11057);
#11057 = SURFACE_SIDE_STYLE('',(#11058));
#11058 = SURFACE_STYLE_FILL_AREA(#11059);
#11059 = FILL_AREA_STYLE('',(#11060));
#11060 = FILL_AREA_STYLE_COLOUR('',#10997);
#11061 = OVER_RIDING_STYLED_ITEM('overriding color',(#11062),#1222,
  #10979);
#11062 = PRESENTATION_STYLE_ASSIGNMENT((#11063));
#11063 = SURFACE_STYLE_USAGE(.BOTH.,#11064);
#11064 = SURFACE_SIDE_STYLE('',(#11065));
#11065 = SURFACE_STYLE_FILL_AREA(#11066);
#11066 = FILL_AREA_STYLE('',(#11067));
#11067 = FILL_AREA_STYLE_COLOUR('',#10997);
#11068 = OVER_RIDING_STYLED_ITEM('overriding color',(#11069),#1269,
  #10979);
#11069 = PRESENTATION_STYLE_ASSIGNMENT((#11070));
#11070 = SURFACE_STYLE_USAGE(.BOTH.,#11071);
#11071 = SURFACE_SIDE_STYLE('',(#11072));
#11072 = SURFACE_STYLE_FILL_AREA(#11073);
#11073 = FILL_AREA_STYLE('',(#11074));
#11074 = FILL_AREA_STYLE_COLOUR('',#10997);
#11075 = OVER_RIDING_STYLED_ITEM('overriding color',(#11076),#1357,
  #10979);
#11076 = PRESENTATION_STYLE_ASSIGNMENT((#11077));
#11077 = SURFACE_STYLE_USAGE(.BOTH.,#11078);
#11078 = SURFACE_SIDE_STYLE('',(#11079));
#11079 = SURFACE_STYLE_FILL_AREA(#11080);
#11080 = FILL_AREA_STYLE('',(#11081));
#11081 = FILL_AREA_STYLE_COLOUR('',#11082);
#11082 = DRAUGHTING_PRE_DEFINED_COLOUR('white');
#11083 = OVER_RIDING_STYLED_ITEM('overriding color',(#11084),#1369,
  #10979);
#11084 = PRESENTATION_STYLE_ASSIGNMENT((#11085));
#11085 = SURFACE_STYLE_USAGE(.BOTH.,#11086);
#11086 = SURFACE_SIDE_STYLE('',(#11087));
#11087 = SURFACE_STYLE_FILL_AREA(#11088);
#11088 = FILL_AREA_STYLE('',(#11089));
#11089 = FILL_AREA_STYLE_COLOUR('',#11082);
#11090 = OVER_RIDING_STYLED_ITEM('overriding color',(#11091),#1381,
  #10979);
#11091 = PRESENTATION_STYLE_ASSIGNMENT((#11092));
#11092 = SURFACE_STYLE_USAGE(.BOTH.,#11093);
#11093 = SURFACE_SIDE_STYLE('',(#11094));
#11094 = SURFACE_STYLE_FILL_AREA(#11095);
#11095 = FILL_AREA_STYLE('',(#11096));
#11096 = FILL_AREA_STYLE_COLOUR('',#11082);
#11097 = OVER_RIDING_STYLED_ITEM('overriding color',(#11098),#1393,
  #10979);
#11098 = PRESENTATION_STYLE_ASSIGNMENT((#11099));
#11099 = SURFACE_STYLE_USAGE(.BOTH.,#11100);
#11100 = SURFACE_SIDE_STYLE('',(#11101));
#11101 = SURFACE_STYLE_FILL_AREA(#11102);
#11102 = FILL_AREA_STYLE('',(#11103));
#11103 = FILL_AREA_STYLE_COLOUR('',#11082);
#11104 = MECHANICAL_DESIGN_GEOMETRIC_PRESENTATION_REPRESENTATION('',(
    #11105,#11114,#11122,#11129,#11136,#11143,#11150,#11157,#11164,
    #11171,#11178,#11185,#11192,#11199,#11206,#11213,#11220,#11227,
    #11234,#11241,#11248,#11255,#11262,#11269,#11276,#11283,#11290,
    #11297,#11304),#10967);
#11105 = STYLED_ITEM('color',(#11106),#2462);
#11106 = PRESENTATION_STYLE_ASSIGNMENT((#11107,#11112));
#11107 = SURFACE_STYLE_USAGE(.BOTH.,#11108);
#11108 = SURFACE_SIDE_STYLE('',(#11109));
#11109 = SURFACE_STYLE_FILL_AREA(#11110);
#11110 = FILL_AREA_STYLE('',(#11111));
#11111 = FILL_AREA_STYLE_COLOUR('',#11082);
#11112 = CURVE_STYLE('',#11113,POSITIVE_LENGTH_MEASURE(0.1),#10989);
#11113 = DRAUGHTING_PRE_DEFINED_CURVE_FONT('continuous');
#11114 = OVER_RIDING_STYLED_ITEM('overriding color',(#11115),#2506,
  #11105);
#11115 = PRESENTATION_STYLE_ASSIGNMENT((#11116));
#11116 = SURFACE_STYLE_USAGE(.BOTH.,#11117);
#11117 = SURFACE_SIDE_STYLE('',(#11118));
#11118 = SURFACE_STYLE_FILL_AREA(#11119);
#11119 = FILL_AREA_STYLE('',(#11120));
#11120 = FILL_AREA_STYLE_COLOUR('',#11121);
#11121 = COLOUR_RGB('',0.25098037884,0.25098037884,0.25098037884);
#11122 = OVER_RIDING_STYLED_ITEM('overriding color',(#11123),#4290,
  #11105);
#11123 = PRESENTATION_STYLE_ASSIGNMENT((#11124));
#11124 = SURFACE_STYLE_USAGE(.BOTH.,#11125);
#11125 = SURFACE_SIDE_STYLE('',(#11126));
#11126 = SURFACE_STYLE_FILL_AREA(#11127);
#11127 = FILL_AREA_STYLE('',(#11128));
#11128 = FILL_AREA_STYLE_COLOUR('',#11121);
#11129 = OVER_RIDING_STYLED_ITEM('overriding color',(#11130),#4335,
  #11105);
#11130 = PRESENTATION_STYLE_ASSIGNMENT((#11131));
#11131 = SURFACE_STYLE_USAGE(.BOTH.,#11132);
#11132 = SURFACE_SIDE_STYLE('',(#11133));
#11133 = SURFACE_STYLE_FILL_AREA(#11134);
#11134 = FILL_AREA_STYLE('',(#11135));
#11135 = FILL_AREA_STYLE_COLOUR('',#11121);
#11136 = OVER_RIDING_STYLED_ITEM('overriding color',(#11137),#4380,
  #11105);
#11137 = PRESENTATION_STYLE_ASSIGNMENT((#11138));
#11138 = SURFACE_STYLE_USAGE(.BOTH.,#11139);
#11139 = SURFACE_SIDE_STYLE('',(#11140));
#11140 = SURFACE_STYLE_FILL_AREA(#11141);
#11141 = FILL_AREA_STYLE('',(#11142));
#11142 = FILL_AREA_STYLE_COLOUR('',#11121);
#11143 = OVER_RIDING_STYLED_ITEM('overriding color',(#11144),#4416,
  #11105);
#11144 = PRESENTATION_STYLE_ASSIGNMENT((#11145));
#11145 = SURFACE_STYLE_USAGE(.BOTH.,#11146);
#11146 = SURFACE_SIDE_STYLE('',(#11147));
#11147 = SURFACE_STYLE_FILL_AREA(#11148);
#11148 = FILL_AREA_STYLE('',(#11149));
#11149 = FILL_AREA_STYLE_COLOUR('',#11121);
#11150 = OVER_RIDING_STYLED_ITEM('overriding color',(#11151),#4464,
  #11105);
#11151 = PRESENTATION_STYLE_ASSIGNMENT((#11152));
#11152 = SURFACE_STYLE_USAGE(.BOTH.,#11153);
#11153 = SURFACE_SIDE_STYLE('',(#11154));
#11154 = SURFACE_STYLE_FILL_AREA(#11155);
#11155 = FILL_AREA_STYLE('',(#11156));
#11156 = FILL_AREA_STYLE_COLOUR('',#11121);
#11157 = OVER_RIDING_STYLED_ITEM('overriding color',(#11158),#4486,
  #11105);
#11158 = PRESENTATION_STYLE_ASSIGNMENT((#11159));
#11159 = SURFACE_STYLE_USAGE(.BOTH.,#11160);
#11160 = SURFACE_SIDE_STYLE('',(#11161));
#11161 = SURFACE_STYLE_FILL_AREA(#11162);
#11162 = FILL_AREA_STYLE('',(#11163));
#11163 = FILL_AREA_STYLE_COLOUR('',#11121);
#11164 = OVER_RIDING_STYLED_ITEM('overriding color',(#11165),#4518,
  #11105);
#11165 = PRESENTATION_STYLE_ASSIGNMENT((#11166));
#11166 = SURFACE_STYLE_USAGE(.BOTH.,#11167);
#11167 = SURFACE_SIDE_STYLE('',(#11168));
#11168 = SURFACE_STYLE_FILL_AREA(#11169);
#11169 = FILL_AREA_STYLE('',(#11170));
#11170 = FILL_AREA_STYLE_COLOUR('',#11121);
#11171 = OVER_RIDING_STYLED_ITEM('overriding color',(#11172),#4543,
  #11105);
#11172 = PRESENTATION_STYLE_ASSIGNMENT((#11173));
#11173 = SURFACE_STYLE_USAGE(.BOTH.,#11174);
#11174 = SURFACE_SIDE_STYLE('',(#11175));
#11175 = SURFACE_STYLE_FILL_AREA(#11176);
#11176 = FILL_AREA_STYLE('',(#11177));
#11177 = FILL_AREA_STYLE_COLOUR('',#11121);
#11178 = OVER_RIDING_STYLED_ITEM('overriding color',(#11179),#4561,
  #11105);
#11179 = PRESENTATION_STYLE_ASSIGNMENT((#11180));
#11180 = SURFACE_STYLE_USAGE(.BOTH.,#11181);
#11181 = SURFACE_SIDE_STYLE('',(#11182));
#11182 = SURFACE_STYLE_FILL_AREA(#11183);
#11183 = FILL_AREA_STYLE('',(#11184));
#11184 = FILL_AREA_STYLE_COLOUR('',#11121);
#11185 = OVER_RIDING_STYLED_ITEM('overriding color',(#11186),#4572,
  #11105);
#11186 = PRESENTATION_STYLE_ASSIGNMENT((#11187));
#11187 = SURFACE_STYLE_USAGE(.BOTH.,#11188);
#11188 = SURFACE_SIDE_STYLE('',(#11189));
#11189 = SURFACE_STYLE_FILL_AREA(#11190);
#11190 = FILL_AREA_STYLE('',(#11191));
#11191 = FILL_AREA_STYLE_COLOUR('',#11121);
#11192 = OVER_RIDING_STYLED_ITEM('overriding color',(#11193),#4604,
  #11105);
#11193 = PRESENTATION_STYLE_ASSIGNMENT((#11194));
#11194 = SURFACE_STYLE_USAGE(.BOTH.,#11195);
#11195 = SURFACE_SIDE_STYLE('',(#11196));
#11196 = SURFACE_STYLE_FILL_AREA(#11197);
#11197 = FILL_AREA_STYLE('',(#11198));
#11198 = FILL_AREA_STYLE_COLOUR('',#11121);
#11199 = OVER_RIDING_STYLED_ITEM('overriding color',(#11200),#4629,
  #11105);
#11200 = PRESENTATION_STYLE_ASSIGNMENT((#11201));
#11201 = SURFACE_STYLE_USAGE(.BOTH.,#11202);
#11202 = SURFACE_SIDE_STYLE('',(#11203));
#11203 = SURFACE_STYLE_FILL_AREA(#11204);
#11204 = FILL_AREA_STYLE('',(#11205));
#11205 = FILL_AREA_STYLE_COLOUR('',#11121);
#11206 = OVER_RIDING_STYLED_ITEM('overriding color',(#11207),#4647,
  #11105);
#11207 = PRESENTATION_STYLE_ASSIGNMENT((#11208));
#11208 = SURFACE_STYLE_USAGE(.BOTH.,#11209);
#11209 = SURFACE_SIDE_STYLE('',(#11210));
#11210 = SURFACE_STYLE_FILL_AREA(#11211);
#11211 = FILL_AREA_STYLE('',(#11212));
#11212 = FILL_AREA_STYLE_COLOUR('',#11121);
#11213 = OVER_RIDING_STYLED_ITEM('overriding color',(#11214),#4658,
  #11105);
#11214 = PRESENTATION_STYLE_ASSIGNMENT((#11215));
#11215 = SURFACE_STYLE_USAGE(.BOTH.,#11216);
#11216 = SURFACE_SIDE_STYLE('',(#11217));
#11217 = SURFACE_STYLE_FILL_AREA(#11218);
#11218 = FILL_AREA_STYLE('',(#11219));
#11219 = FILL_AREA_STYLE_COLOUR('',#11121);
#11220 = OVER_RIDING_STYLED_ITEM('overriding color',(#11221),#4690,
  #11105);
#11221 = PRESENTATION_STYLE_ASSIGNMENT((#11222));
#11222 = SURFACE_STYLE_USAGE(.BOTH.,#11223);
#11223 = SURFACE_SIDE_STYLE('',(#11224));
#11224 = SURFACE_STYLE_FILL_AREA(#11225);
#11225 = FILL_AREA_STYLE('',(#11226));
#11226 = FILL_AREA_STYLE_COLOUR('',#11121);
#11227 = OVER_RIDING_STYLED_ITEM('overriding color',(#11228),#4715,
  #11105);
#11228 = PRESENTATION_STYLE_ASSIGNMENT((#11229));
#11229 = SURFACE_STYLE_USAGE(.BOTH.,#11230);
#11230 = SURFACE_SIDE_STYLE('',(#11231));
#11231 = SURFACE_STYLE_FILL_AREA(#11232);
#11232 = FILL_AREA_STYLE('',(#11233));
#11233 = FILL_AREA_STYLE_COLOUR('',#11121);
#11234 = OVER_RIDING_STYLED_ITEM('overriding color',(#11235),#4733,
  #11105);
#11235 = PRESENTATION_STYLE_ASSIGNMENT((#11236));
#11236 = SURFACE_STYLE_USAGE(.BOTH.,#11237);
#11237 = SURFACE_SIDE_STYLE('',(#11238));
#11238 = SURFACE_STYLE_FILL_AREA(#11239);
#11239 = FILL_AREA_STYLE('',(#11240));
#11240 = FILL_AREA_STYLE_COLOUR('',#11121);
#11241 = OVER_RIDING_STYLED_ITEM('overriding color',(#11242),#4744,
  #11105);
#11242 = PRESENTATION_STYLE_ASSIGNMENT((#11243));
#11243 = SURFACE_STYLE_USAGE(.BOTH.,#11244);
#11244 = SURFACE_SIDE_STYLE('',(#11245));
#11245 = SURFACE_STYLE_FILL_AREA(#11246);
#11246 = FILL_AREA_STYLE('',(#11247));
#11247 = FILL_AREA_STYLE_COLOUR('',#11121);
#11248 = OVER_RIDING_STYLED_ITEM('overriding color',(#11249),#4776,
  #11105);
#11249 = PRESENTATION_STYLE_ASSIGNMENT((#11250));
#11250 = SURFACE_STYLE_USAGE(.BOTH.,#11251);
#11251 = SURFACE_SIDE_STYLE('',(#11252));
#11252 = SURFACE_STYLE_FILL_AREA(#11253);
#11253 = FILL_AREA_STYLE('',(#11254));
#11254 = FILL_AREA_STYLE_COLOUR('',#11121);
#11255 = OVER_RIDING_STYLED_ITEM('overriding color',(#11256),#4801,
  #11105);
#11256 = PRESENTATION_STYLE_ASSIGNMENT((#11257));
#11257 = SURFACE_STYLE_USAGE(.BOTH.,#11258);
#11258 = SURFACE_SIDE_STYLE('',(#11259));
#11259 = SURFACE_STYLE_FILL_AREA(#11260);
#11260 = FILL_AREA_STYLE('',(#11261));
#11261 = FILL_AREA_STYLE_COLOUR('',#11121);
#11262 = OVER_RIDING_STYLED_ITEM('overriding color',(#11263),#4819,
  #11105);
#11263 = PRESENTATION_STYLE_ASSIGNMENT((#11264));
#11264 = SURFACE_STYLE_USAGE(.BOTH.,#11265);
#11265 = SURFACE_SIDE_STYLE('',(#11266));
#11266 = SURFACE_STYLE_FILL_AREA(#11267);
#11267 = FILL_AREA_STYLE('',(#11268));
#11268 = FILL_AREA_STYLE_COLOUR('',#11121);
#11269 = OVER_RIDING_STYLED_ITEM('overriding color',(#11270),#6195,
  #11105);
#11270 = PRESENTATION_STYLE_ASSIGNMENT((#11271));
#11271 = SURFACE_STYLE_USAGE(.BOTH.,#11272);
#11272 = SURFACE_SIDE_STYLE('',(#11273));
#11273 = SURFACE_STYLE_FILL_AREA(#11274);
#11274 = FILL_AREA_STYLE('',(#11275));
#11275 = FILL_AREA_STYLE_COLOUR('',#11121);
#11276 = OVER_RIDING_STYLED_ITEM('overriding color',(#11277),#6624,
  #11105);
#11277 = PRESENTATION_STYLE_ASSIGNMENT((#11278));
#11278 = SURFACE_STYLE_USAGE(.BOTH.,#11279);
#11279 = SURFACE_SIDE_STYLE('',(#11280));
#11280 = SURFACE_STYLE_FILL_AREA(#11281);
#11281 = FILL_AREA_STYLE('',(#11282));
#11282 = FILL_AREA_STYLE_COLOUR('',#11121);
#11283 = OVER_RIDING_STYLED_ITEM('overriding color',(#11284),#7638,
  #11105);
#11284 = PRESENTATION_STYLE_ASSIGNMENT((#11285));
#11285 = SURFACE_STYLE_USAGE(.BOTH.,#11286);
#11286 = SURFACE_SIDE_STYLE('',(#11287));
#11287 = SURFACE_STYLE_FILL_AREA(#11288);
#11288 = FILL_AREA_STYLE('',(#11289));
#11289 = FILL_AREA_STYLE_COLOUR('',#11121);
#11290 = OVER_RIDING_STYLED_ITEM('overriding color',(#11291),#9451,
  #11105);
#11291 = PRESENTATION_STYLE_ASSIGNMENT((#11292));
#11292 = SURFACE_STYLE_USAGE(.BOTH.,#11293);
#11293 = SURFACE_SIDE_STYLE('',(#11294));
#11294 = SURFACE_STYLE_FILL_AREA(#11295);
#11295 = FILL_AREA_STYLE('',(#11296));
#11296 = FILL_AREA_STYLE_COLOUR('',#11121);
#11297 = OVER_RIDING_STYLED_ITEM('overriding color',(#11298),#9880,
  #11105);
#11298 = PRESENTATION_STYLE_ASSIGNMENT((#11299));
#11299 = SURFACE_STYLE_USAGE(.BOTH.,#11300);
#11300 = SURFACE_SIDE_STYLE('',(#11301));
#11301 = SURFACE_STYLE_FILL_AREA(#11302);
#11302 = FILL_AREA_STYLE('',(#11303));
#11303 = FILL_AREA_STYLE_COLOUR('',#11121);
#11304 = OVER_RIDING_STYLED_ITEM('overriding color',(#11305),#10957,
  #11105);
#11305 = PRESENTATION_STYLE_ASSIGNMENT((#11306));
#11306 = SURFACE_STYLE_USAGE(.BOTH.,#11307);
#11307 = SURFACE_SIDE_STYLE('',(#11308));
#11308 = SURFACE_STYLE_FILL_AREA(#11309);
#11309 = FILL_AREA_STYLE('',(#11310));
#11310 = FILL_AREA_STYLE_COLOUR('',#11121);
ENDSEC;
END-ISO-10303-21;
