ISO-10303-21;
HEADER;
FILE_DESCRIPTION(('FreeCAD Model'),'2;1');
FILE_NAME('Open CASCADE Shape Model','2026-03-12T18:04:31',('Author'),(
    ''),'Open CASCADE STEP processor 7.8','FreeCAD','Unknown');
FILE_SCHEMA(('AUTOMOTIVE_DESIGN { 1 0 10303 214 1 1 1 1 }'));
ENDSEC;
DATA;
#1 = APPLICATION_PROTOCOL_DEFINITION('international standard',
  'automotive_design',2000,#2);
#2 = APPLICATION_CONTEXT(
  'core data for automotive mechanical design processes');
#3 = SHAPE_DEFINITION_REPRESENTATION(#4,#10);
#4 = PRODUCT_DEFINITION_SHAPE('','',#5);
#5 = PRODUCT_DEFINITION('design','',#6,#9);
#6 = PRODUCT_DEFINITION_FORMATION('','',#7);
#7 = PRODUCT(
'OSC1~OSC-SMD_6P-L7.0-W5.0-P2.54-SIT9121AC-2D3~OSC-SMD_
6P-L7.0-W5.0-P2.54-SIT9121AC-2D3~mstP',
'OSC1~OSC-SMD_6P-L7.0-W5.0-P2.54-SIT9121AC-2D3~OSC-SMD_
6P-L7.0-W5.0-P2.54-SIT9121AC-2D3~mstP','',(#8));
#8 = PRODUCT_CONTEXT('',#2,'mechanical');
#9 = PRODUCT_DEFINITION_CONTEXT('part definition',#2,'design');
#10 = SHAPE_REPRESENTATION('',(#11,#15),#19);
#11 = AXIS2_PLACEMENT_3D('',#12,#13,#14);
#12 = CARTESIAN_POINT('',(0.,0.,0.));
#13 = DIRECTION('',(0.,0.,1.));
#14 = DIRECTION('',(1.,0.,-0.));
#15 = AXIS2_PLACEMENT_3D('',#16,#17,#18);
#16 = CARTESIAN_POINT('',(0.,0.,0.));
#17 = DIRECTION('',(0.,0.,1.));
#18 = DIRECTION('',(1.,0.,0.));
#19 = ( GEOMETRIC_REPRESENTATION_CONTEXT(3) 
GLOBAL_UNCERTAINTY_ASSIGNED_CONTEXT((#23)) GLOBAL_UNIT_ASSIGNED_CONTEXT(
(#20,#21,#22)) REPRESENTATION_CONTEXT('Context #1',
  '3D Context with UNIT and UNCERTAINTY') );
#20 = ( LENGTH_UNIT() NAMED_UNIT(*) SI_UNIT(.MILLI.,.METRE.) );
#21 = ( NAMED_UNIT(*) PLANE_ANGLE_UNIT() SI_UNIT($,.RADIAN.) );
#22 = ( NAMED_UNIT(*) SI_UNIT($,.STERADIAN.) SOLID_ANGLE_UNIT() );
#23 = UNCERTAINTY_MEASURE_WITH_UNIT(LENGTH_MEASURE(1.E-07),#20,
  'distance_accuracy_value','confusion accuracy');
#24 = PRODUCT_RELATED_PRODUCT_CATEGORY('part',$,(#7));
#25 = SHAPE_DEFINITION_REPRESENTATION(#26,#32);
#26 = PRODUCT_DEFINITION_SHAPE('','',#27);
#27 = PRODUCT_DEFINITION('design','',#28,#31);
#28 = PRODUCT_DEFINITION_FORMATION('','',#29);
#29 = PRODUCT(
'OSC-SMD_6P-L7.0-W5.0-P2.54-SIT9121AC-2D3~OSC-SMD_
6P-L7.0-W5.0-P2.54-SIT9121AC-2D3~mstP',
'OSC-SMD_6P-L7.0-W5.0-P2.54-SIT9121AC-2D3~OSC-SMD_
6P-L7.0-W5.0-P2.54-SIT9121AC-2D3~mstP','',(#30));
#30 = PRODUCT_CONTEXT('',#2,'mechanical');
#31 = PRODUCT_DEFINITION_CONTEXT('part definition',#2,'design');
#32 = ADVANCED_BREP_SHAPE_REPRESENTATION('',(#11,#33),#3679);
#33 = MANIFOLD_SOLID_BREP('',#34);
#34 = CLOSED_SHELL('',(#35,#77,#809,#840,#864,#888,#905,#927,#945,#955,
    #986,#1011,#1035,#1052,#1064,#1096,#1120,#1144,#1161,#1173,#1205,
    #1229,#1253,#1277,#1301,#1318,#1332,#1363,#1388,#1412,#1429,#1441,
    #1472,#1497,#1521,#1538,#1550,#1582,#1606,#1630,#1647,#1659,#1690,
    #1714,#1738,#1762,#1786,#1810,#1834,#1851,#1925,#1956,#1980,#2018,
    #2042,#2080,#2097,#2128,#2152,#2176,#2250,#2317,#2404,#2435,#2509,
    #2583,#2607,#2624,#2655,#2679,#2703,#2727,#2751,#2775,#2799,#2823,
    #2847,#2871,#2895,#2912,#2932,#2963,#3013,#3087,#3161,#3211,#3235,
    #3285,#3359,#3433,#3476,#3494,#3525,#3549,#3573,#3597,#3621,#3638,
    #3652,#3666));
#35 = ADVANCED_FACE('',(#36),#72,.F.);
#36 = FACE_BOUND('',#37,.F.);
#37 = EDGE_LOOP('',(#38,#48,#57,#65));
#38 = ORIENTED_EDGE('',*,*,#39,.T.);
#39 = EDGE_CURVE('',#40,#42,#44,.T.);
#40 = VERTEX_POINT('',#41);
#41 = CARTESIAN_POINT('',(-2.981727429939,-2.118020308004,0.908999999776
    ));
#42 = VERTEX_POINT('',#43);
#43 = CARTESIAN_POINT('',(-2.981727429939,-2.118020308004,0.909999999776
    ));
#44 = LINE('',#45,#46);
#45 = CARTESIAN_POINT('',(-2.981727429939,-2.118020308004,0.908999999776
    ));
#46 = VECTOR('',#47,1.);
#47 = DIRECTION('',(0.,0.,1.));
#48 = ORIENTED_EDGE('',*,*,#49,.F.);
#49 = EDGE_CURVE('',#50,#42,#52,.T.);
#50 = VERTEX_POINT('',#51);
#51 = CARTESIAN_POINT('',(-3.266655226143,-2.118020308004,0.909999999776
    ));
#52 = CIRCLE('',#53,0.142463898102);
#53 = AXIS2_PLACEMENT_3D('',#54,#55,#56);
#54 = CARTESIAN_POINT('',(-3.124191328041,-2.118020308004,0.909999999776
    ));
#55 = DIRECTION('',(0.,0.,1.));
#56 = DIRECTION('',(1.,0.,-0.));
#57 = ORIENTED_EDGE('',*,*,#58,.F.);
#58 = EDGE_CURVE('',#59,#50,#61,.T.);
#59 = VERTEX_POINT('',#60);
#60 = CARTESIAN_POINT('',(-3.266655226143,-2.118020308004,0.908999999776
    ));
#61 = LINE('',#62,#63);
#62 = CARTESIAN_POINT('',(-3.266655226143,-2.118020308004,0.908999999776
    ));
#63 = VECTOR('',#64,1.);
#64 = DIRECTION('',(0.,0.,1.));
#65 = ORIENTED_EDGE('',*,*,#66,.T.);
#66 = EDGE_CURVE('',#59,#40,#67,.T.);
#67 = CIRCLE('',#68,0.142463898102);
#68 = AXIS2_PLACEMENT_3D('',#69,#70,#71);
#69 = CARTESIAN_POINT('',(-3.124191328041,-2.118020308004,0.908999999776
    ));
#70 = DIRECTION('',(0.,0.,1.));
#71 = DIRECTION('',(1.,0.,-0.));
#72 = CYLINDRICAL_SURFACE('',#73,0.142463898102);
#73 = AXIS2_PLACEMENT_3D('',#74,#75,#76);
#74 = CARTESIAN_POINT('',(-3.124191328041,-2.118020308004,0.908999999776
    ));
#75 = DIRECTION('',(0.,0.,1.));
#76 = DIRECTION('',(1.,0.,-0.));
#77 = ADVANCED_FACE('',(#78,#256,#330,#365,#400,#434,#469,#520,#555,#590
    ,#656,#754),#804,.F.);
#78 = FACE_BOUND('',#79,.T.);
#79 = EDGE_LOOP('',(#80,#90,#106,#130,#154,#170,#178,#194,#218,#242));
#80 = ORIENTED_EDGE('',*,*,#81,.T.);
#81 = EDGE_CURVE('',#82,#84,#86,.T.);
#82 = VERTEX_POINT('',#83);
#83 = CARTESIAN_POINT('',(2.775228204505,-9.545957115928E-02,
    9.999999776483E-03));
#84 = VERTEX_POINT('',#85);
#85 = CARTESIAN_POINT('',(2.775228204505,-0.128386400428,
    9.999999776483E-03));
#86 = LINE('',#87,#88);
#87 = CARTESIAN_POINT('',(2.775228204505,-9.545957115928E-02,
    9.999999776483E-03));
#88 = VECTOR('',#89,1.);
#89 = DIRECTION('',(0.,-1.,0.));
#90 = ORIENTED_EDGE('',*,*,#91,.T.);
#91 = EDGE_CURVE('',#84,#92,#94,.T.);
#92 = VERTEX_POINT('',#93);
#93 = CARTESIAN_POINT('',(2.857773936212,-0.147593717501,
    9.999999776483E-03));
#94 = B_SPLINE_CURVE_WITH_KNOTS('',3,(#95,#96,#97,#98,#99,#100,#101,#102
    ,#103,#104,#105),.UNSPECIFIED.,.F.,.F.,(4,1,1,1,1,1,1,1,4),(0.,
    0.112448389909,0.226527675213,0.344401949326,0.465864972487,
    0.591659449352,0.722168487025,0.858606387555,1.),.UNSPECIFIED.);
#95 = CARTESIAN_POINT('',(2.775228204505,-0.128386400428,
    9.999999776483E-03));
#96 = CARTESIAN_POINT('',(2.778043221737,-0.129940175329,
    9.999999776483E-03));
#97 = CARTESIAN_POINT('',(2.783714083809,-0.133070260307,
    9.999999776483E-03));
#98 = CARTESIAN_POINT('',(2.792782983155,-0.136932487341,
    9.999999776483E-03));
#99 = CARTESIAN_POINT('',(2.802325663031,-0.140263839924,
    9.999999776483E-03));
#100 = CARTESIAN_POINT('',(2.812425646775,-0.142920294792,
    9.999999776483E-03));
#101 = CARTESIAN_POINT('',(2.823015792669,-0.145055219517,
    9.999999776483E-03));
#102 = CARTESIAN_POINT('',(2.83415221544,-0.146501280533,
    9.999999776483E-03));
#103 = CARTESIAN_POINT('',(2.845790796119,-0.147453175436,
    9.999999776483E-03));
#104 = CARTESIAN_POINT('',(2.853732338122,-0.147546316358,
    9.999999776483E-03));
#105 = CARTESIAN_POINT('',(2.857773936212,-0.147593717501,
    9.999999776483E-03));
#106 = ORIENTED_EDGE('',*,*,#107,.T.);
#107 = EDGE_CURVE('',#92,#108,#110,.T.);
#108 = VERTEX_POINT('',#109);
#109 = CARTESIAN_POINT('',(2.998398936212,4.055203041345E-04,
    9.999999776483E-03));
#110 = B_SPLINE_CURVE_WITH_KNOTS('',3,(#111,#112,#113,#114,#115,#116,
    #117,#118,#119,#120,#121,#122,#123,#124,#125,#126,#127,#128,#129),
  .UNSPECIFIED.,.F.,.F.,(4,1,1,1,1,1,1,1,1,1,1,1,1,1,1,1,4),(0.,
    6.783324845577E-02,0.132655536508,0.195050884051,0.255582933069,
    0.314799834147,0.373600472826,0.432545595327,0.492430629284,
    0.552671255963,0.612513044188,0.672610250357,0.733838369314,
    0.796594238568,0.861449799291,0.929198942351,1.),.UNSPECIFIED.);
#111 = CARTESIAN_POINT('',(2.857773936212,-0.147593717501,
    9.999999776483E-03));
#112 = CARTESIAN_POINT('',(2.862981654678,-0.147477570375,
    9.999999776483E-03));
#113 = CARTESIAN_POINT('',(2.873165933077,-0.147250431626,
    9.999999776483E-03));
#114 = CARTESIAN_POINT('',(2.888043671637,-0.145339865948,
    9.999999776483E-03));
#115 = CARTESIAN_POINT('',(2.902118554671,-0.142150111479,
    9.999999776483E-03));
#116 = CARTESIAN_POINT('',(2.915385693542,-0.137668389185,
    9.999999776483E-03));
#117 = CARTESIAN_POINT('',(2.92789150292,-0.132005265875,
    9.999999776483E-03));
#118 = CARTESIAN_POINT('',(2.939571201464,-0.125005086757,
    9.999999776483E-03));
#119 = CARTESIAN_POINT('',(2.950347498066,-0.116612723143,
    9.999999776483E-03));
#120 = CARTESIAN_POINT('',(2.960362991463,-0.107166475833,
    9.999999776483E-03));
#121 = CARTESIAN_POINT('',(2.969299496954,-9.659744371484E-02,
    9.999999776483E-03));
#122 = CARTESIAN_POINT('',(2.97712172105,-8.516543826957E-02,
    9.999999776483E-03));
#123 = CARTESIAN_POINT('',(2.983739285624,-7.290601698137E-02,
    9.999999776483E-03));
#124 = CARTESIAN_POINT('',(2.989108992073,-5.981244957518E-02,
    9.999999776483E-03));
#125 = CARTESIAN_POINT('',(2.993293582099,-4.591131489743E-02,
    9.999999776483E-03));
#126 = CARTESIAN_POINT('',(2.996219943147,-3.119009996767E-02,
    9.999999776483E-03));
#127 = CARTESIAN_POINT('',(2.998121684337,-1.5669458402E-02,
    9.999999776483E-03));
#128 = CARTESIAN_POINT('',(2.998305171665,-5.030919404922E-03,
    9.999999776483E-03));
#129 = CARTESIAN_POINT('',(2.998398936212,4.055203041345E-04,
    9.999999776483E-03));
#130 = ORIENTED_EDGE('',*,*,#131,.T.);
#131 = EDGE_CURVE('',#108,#132,#134,.T.);
#132 = VERTEX_POINT('',#133);
#133 = CARTESIAN_POINT('',(2.845826527676,0.15972335567,
    9.999999776483E-03));
#134 = B_SPLINE_CURVE_WITH_KNOTS('',3,(#135,#136,#137,#138,#139,#140,
    #141,#142,#143,#144,#145,#146,#147,#148,#149,#150,#151,#152,#153),
  .UNSPECIFIED.,.F.,.F.,(4,1,1,1,1,1,1,1,1,1,1,1,1,1,1,1,4),(0.,
    7.064371857535E-02,0.138256715509,0.203364124218,0.266324093803,
    0.327904761543,0.388737715173,0.449423528109,0.510861011459,
    0.572079396048,0.631734428731,0.691117210579,0.75036002949,
    0.810032900531,0.871362450829,0.934427141231,1.),.UNSPECIFIED.);
#135 = CARTESIAN_POINT('',(2.998398936212,4.055203041345E-04,
    9.999999776483E-03));
#136 = CARTESIAN_POINT('',(2.998268279176,6.242173637074E-03,
    9.999999776483E-03));
#137 = CARTESIAN_POINT('',(2.998012570486,1.766507910765E-02,
    9.999999776483E-03));
#138 = CARTESIAN_POINT('',(2.99598003578,3.436816662079E-02,
    9.999999776483E-03));
#139 = CARTESIAN_POINT('',(2.992644978259,5.020636525735E-02,
    9.999999776483E-03));
#140 = CARTESIAN_POINT('',(2.987872072957,6.515563306118E-02,
    9.999999776483E-03));
#141 = CARTESIAN_POINT('',(2.981794165892,7.923617493631E-02,
    9.999999776483E-03));
#142 = CARTESIAN_POINT('',(2.974406091448,9.246672630448E-02,
    9.999999776483E-03));
#143 = CARTESIAN_POINT('',(2.965587801095,0.104779119241,
    9.999999776483E-03));
#144 = CARTESIAN_POINT('',(2.955479728748,0.116089667047,
    9.999999776483E-03));
#145 = CARTESIAN_POINT('',(2.944416342331,0.126341718997,
    9.999999776483E-03));
#146 = CARTESIAN_POINT('',(2.932478995178,0.135287845839,
    9.999999776483E-03));
#147 = CARTESIAN_POINT('',(2.919811681206,0.142848070506,
    9.999999776483E-03));
#148 = CARTESIAN_POINT('',(2.906432330376,0.149072247429,
    9.999999776483E-03));
#149 = CARTESIAN_POINT('',(2.892291757976,0.153823426289,
    9.999999776483E-03));
#150 = CARTESIAN_POINT('',(2.877456123841,0.157235596735,
    9.999999776483E-03));
#151 = CARTESIAN_POINT('',(2.861874334404,0.159349975252,
    9.999999776483E-03));
#152 = CARTESIAN_POINT('',(2.851244880767,0.159597288166,
    9.999999776483E-03));
#153 = CARTESIAN_POINT('',(2.845826527676,0.15972335567,
    9.999999776483E-03));
#154 = ORIENTED_EDGE('',*,*,#155,.T.);
#155 = EDGE_CURVE('',#132,#156,#158,.T.);
#156 = VERTEX_POINT('',#157);
#157 = CARTESIAN_POINT('',(2.775228204505,0.147833111768,
    9.999999776483E-03));
#158 = B_SPLINE_CURVE_WITH_KNOTS('',3,(#159,#160,#161,#162,#163,#164,
    #165,#166,#167,#168,#169),.UNSPECIFIED.,.F.,.F.,(4,1,1,1,1,1,1,1,4),
  (0.,0.145186866472,0.28344261092,0.416524365929,0.543181123535,
    0.665153082638,0.781360206313,0.892756655642,1.),.UNSPECIFIED.);
#159 = CARTESIAN_POINT('',(2.845826527676,0.15972335567,
    9.999999776483E-03));
#160 = CARTESIAN_POINT('',(2.842338469489,0.159698352339,
    9.999999776483E-03));
#161 = CARTESIAN_POINT('',(2.835528870634,0.15964953932,
    9.999999776483E-03));
#162 = CARTESIAN_POINT('',(2.825539097144,0.15903741954,
    9.999999776483E-03));
#163 = CARTESIAN_POINT('',(2.816014914005,0.158172306925,
    9.999999776483E-03));
#164 = CARTESIAN_POINT('',(2.806942538603,0.156823320404,
    9.999999776483E-03));
#165 = CARTESIAN_POINT('',(2.798322437759,0.155217492586,
    9.999999776483E-03));
#166 = CARTESIAN_POINT('',(2.79018690367,0.153124219029,
    9.999999776483E-03));
#167 = CARTESIAN_POINT('',(2.78248479477,0.150778721743,
    9.999999776483E-03));
#168 = CARTESIAN_POINT('',(2.777616241558,0.148802468657,
    9.999999776483E-03));
#169 = CARTESIAN_POINT('',(2.775228204505,0.147833111768,
    9.999999776483E-03));
#170 = ORIENTED_EDGE('',*,*,#171,.T.);
#171 = EDGE_CURVE('',#156,#172,#174,.T.);
#172 = VERTEX_POINT('',#173);
#173 = CARTESIAN_POINT('',(2.775228204505,0.107589209329,
    9.999999776483E-03));
#174 = LINE('',#175,#176);
#175 = CARTESIAN_POINT('',(2.775228204505,0.147833111768,
    9.999999776483E-03));
#176 = VECTOR('',#177,1.);
#177 = DIRECTION('',(0.,-1.,0.));
#178 = ORIENTED_EDGE('',*,*,#179,.T.);
#179 = EDGE_CURVE('',#172,#180,#182,.T.);
#180 = VERTEX_POINT('',#181);
#181 = CARTESIAN_POINT('',(2.845483539871,0.126796526402,
    9.999999776483E-03));
#182 = B_SPLINE_CURVE_WITH_KNOTS('',3,(#183,#184,#185,#186,#187,#188,
    #189,#190,#191,#192,#193),.UNSPECIFIED.,.F.,.F.,(4,1,1,1,1,1,1,1,4),
  (0.,0.125279696736,0.249419970742,0.373356799493,0.496681278782,
    0.620202915744,0.745086320161,0.871269195019,1.),.UNSPECIFIED.);
#183 = CARTESIAN_POINT('',(2.775228204505,0.107589209329,
    9.999999776483E-03));
#184 = CARTESIAN_POINT('',(2.777892320193,0.109137261226,
    9.999999776483E-03));
#185 = CARTESIAN_POINT('',(2.783196321355,0.112219285441,
    9.999999776483E-03));
#186 = CARTESIAN_POINT('',(2.791538550839,0.116072422269,
    9.999999776483E-03));
#187 = CARTESIAN_POINT('',(2.800041523784,0.119414463721,
    9.999999776483E-03));
#188 = CARTESIAN_POINT('',(2.808764765251,0.12208236397,
    9.999999776483E-03));
#189 = CARTESIAN_POINT('',(2.817653373749,0.124236713896,
    9.999999776483E-03));
#190 = CARTESIAN_POINT('',(2.826753959351,0.12568169711,
    9.999999776483E-03));
#191 = CARTESIAN_POINT('',(2.836049279672,0.126653887187,
    9.999999776483E-03));
#192 = CARTESIAN_POINT('',(2.842317900958,0.126748664223,
    9.999999776483E-03));
#193 = CARTESIAN_POINT('',(2.845483539871,0.126796526402,
    9.999999776483E-03));
#194 = ORIENTED_EDGE('',*,*,#195,.T.);
#195 = EDGE_CURVE('',#180,#196,#198,.T.);
#196 = VERTEX_POINT('',#197);
#197 = CARTESIAN_POINT('',(2.958155033773,2.863599572427E-03,
    9.999999776483E-03));
#198 = B_SPLINE_CURVE_WITH_KNOTS('',3,(#199,#200,#201,#202,#203,#204,
    #205,#206,#207,#208,#209,#210,#211,#212,#213,#214,#215,#216,#217),
  .UNSPECIFIED.,.F.,.F.,(4,1,1,1,1,1,1,1,1,1,1,1,1,1,1,1,4),(0.,
    6.460397028839E-02,0.126702413963,0.186756814036,0.245505687365,
    0.30365202445,0.361503073971,0.420240222928,0.480033340777,
    0.540678134776,0.601191806381,0.662333502477,0.724739510297,
    0.789467736173,0.856504860044,0.926312095839,1.),.UNSPECIFIED.);
#199 = CARTESIAN_POINT('',(2.845483539871,0.126796526402,
    9.999999776483E-03));
#200 = CARTESIAN_POINT('',(2.84954834843,0.126709125576,
    9.999999776483E-03));
#201 = CARTESIAN_POINT('',(2.857520320655,0.126537713578,
    9.999999776483E-03));
#202 = CARTESIAN_POINT('',(2.869166763969,0.124854764673,
    9.999999776483E-03));
#203 = CARTESIAN_POINT('',(2.880274981923,0.122336882903,
    9.999999776483E-03));
#204 = CARTESIAN_POINT('',(2.890800431319,0.118651767719,
    9.999999776483E-03));
#205 = CARTESIAN_POINT('',(2.900731160459,0.113895558616,
    9.999999776483E-03));
#206 = CARTESIAN_POINT('',(2.910058557658,0.108050416422,
    9.999999776483E-03));
#207 = CARTESIAN_POINT('',(2.918839905976,0.10124166071,
    9.999999776483E-03));
#208 = CARTESIAN_POINT('',(2.926941248925,9.338434953337E-02,
    9.999999776483E-03));
#209 = CARTESIAN_POINT('',(2.934323825858,8.469541840041E-02,
    9.999999776483E-03));
#210 = CARTESIAN_POINT('',(2.940660674959,7.511740519933E-02,
    9.999999776483E-03));
#211 = CARTESIAN_POINT('',(2.946155685025,6.4909551173E-02,
    9.999999776483E-03));
#212 = CARTESIAN_POINT('',(2.950556078402,5.389276210303E-02,
    9.999999776483E-03));
#213 = CARTESIAN_POINT('',(2.953963928176,4.215156494229E-02,
    9.999999776483E-03));
#214 = CARTESIAN_POINT('',(2.956423677384,2.970198054247E-02,
    9.999999776483E-03));
#215 = CARTESIAN_POINT('',(2.957848822189,1.652104751673E-02,
    9.999999776483E-03));
#216 = CARTESIAN_POINT('',(2.958051139429,7.497426855273E-03,
    9.999999776483E-03));
#217 = CARTESIAN_POINT('',(2.958155033773,2.863599572427E-03,
    9.999999776483E-03));
#218 = ORIENTED_EDGE('',*,*,#219,.T.);
#219 = EDGE_CURVE('',#196,#220,#222,.T.);
#220 = VERTEX_POINT('',#221);
#221 = CARTESIAN_POINT('',(2.8522289667,-0.114666888232,
    9.999999776483E-03));
#222 = B_SPLINE_CURVE_WITH_KNOTS('',3,(#223,#224,#225,#226,#227,#228,
    #229,#230,#231,#232,#233,#234,#235,#236,#237,#238,#239,#240,#241),
  .UNSPECIFIED.,.F.,.F.,(4,1,1,1,1,1,1,1,1,1,1,1,1,1,1,1,4),(0.,
    7.377411937406E-02,0.144079114726,0.211348518309,0.27607688574,
    0.33852091582,0.399885116693,0.460254067465,0.520588964391,
    0.580207684563,0.638632908553,0.696364549491,0.75400177466,
    0.812805681374,0.872754425526,0.935181996978,1.),.UNSPECIFIED.);
#223 = CARTESIAN_POINT('',(2.958155033773,2.863599572427E-03,
    9.999999776483E-03));
#224 = CARTESIAN_POINT('',(2.958071687818,-1.522762136304E-03,
    9.999999776483E-03));
#225 = CARTESIAN_POINT('',(2.957908915134,-1.008922307443E-02,
    9.999999776483E-03));
#226 = CARTESIAN_POINT('',(2.956510439147,-2.259252645127E-02,
    9.999999776483E-03));
#227 = CARTESIAN_POINT('',(2.954245065874,-3.441454300467E-02,
    9.999999776483E-03));
#228 = CARTESIAN_POINT('',(2.951061363365,-4.554485235855E-02,
    9.999999776483E-03));
#229 = CARTESIAN_POINT('',(2.946909931808,-5.597315418151E-02,
    9.999999776483E-03));
#230 = CARTESIAN_POINT('',(2.941895147983,-6.572715643761E-02,
    9.999999776483E-03));
#231 = CARTESIAN_POINT('',(2.935899342657,-7.476281192793E-02,
    9.999999776483E-03));
#232 = CARTESIAN_POINT('',(2.929054872717,-8.303781970199E-02,
    9.999999776483E-03));
#233 = CARTESIAN_POINT('',(2.921455708211,-9.045851533504E-02,
    9.999999776483E-03));
#234 = CARTESIAN_POINT('',(2.913260980829,-9.697555343179E-02,
    9.999999776483E-03));
#235 = CARTESIAN_POINT('',(2.904452836788,-0.102415251481,
    9.999999776483E-03));
#236 = CARTESIAN_POINT('',(2.895113410585,-0.106926021745,
    9.999999776483E-03));
#237 = CARTESIAN_POINT('',(2.885200504869,-0.110413469303,
    9.999999776483E-03));
#238 = CARTESIAN_POINT('',(2.874695563776,-0.112858292347,
    9.999999776483E-03));
#239 = CARTESIAN_POINT('',(2.86364884195,-0.11437256314,
    9.999999776483E-03));
#240 = CARTESIAN_POINT('',(2.856082969203,-0.114567558807,
    9.999999776483E-03));
#241 = CARTESIAN_POINT('',(2.8522289667,-0.114666888232,
    9.999999776483E-03));
#242 = ORIENTED_EDGE('',*,*,#243,.T.);
#243 = EDGE_CURVE('',#220,#82,#244,.T.);
#244 = B_SPLINE_CURVE_WITH_KNOTS('',3,(#245,#246,#247,#248,#249,#250,
    #251,#252,#253,#254,#255),.UNSPECIFIED.,.F.,.F.,(4,1,1,1,1,1,1,1,4),
  (0.,0.135294604763,0.266765657925,0.394816018836,0.520051654434,
    0.642175702971,0.762651820558,0.881834004381,1.),.UNSPECIFIED.);
#245 = CARTESIAN_POINT('',(2.8522289667,-0.114666888232,
    9.999999776483E-03));
#246 = CARTESIAN_POINT('',(2.84860634053,-0.114619326068,
    9.999999776483E-03));
#247 = CARTESIAN_POINT('',(2.841463466982,-0.114525545891,
    9.999999776483E-03));
#248 = CARTESIAN_POINT('',(2.83092990243,-0.113563153406,
    9.999999776483E-03));
#249 = CARTESIAN_POINT('',(2.820726833795,-0.112114687612,
    9.999999776483E-03));
#250 = CARTESIAN_POINT('',(2.810898608539,-0.109982673195,
    9.999999776483E-03));
#251 = CARTESIAN_POINT('',(2.801411530346,-0.10731387234,
    9.999999776483E-03));
#252 = CARTESIAN_POINT('',(2.792319384451,-0.103961654008,
    9.999999776483E-03));
#253 = CARTESIAN_POINT('',(2.783525016914,-0.100132727492,
    9.999999776483E-03));
#254 = CARTESIAN_POINT('',(2.777985903544,-9.701283741269E-02,
    9.999999776483E-03));
#255 = CARTESIAN_POINT('',(2.775228204505,-9.545957115928E-02,
    9.999999776483E-03));
#256 = FACE_BOUND('',#257,.T.);
#257 = EDGE_LOOP('',(#258,#268,#276,#284,#308));
#258 = ORIENTED_EDGE('',*,*,#259,.T.);
#259 = EDGE_CURVE('',#260,#262,#264,.T.);
#260 = VERTEX_POINT('',#261);
#261 = CARTESIAN_POINT('',(2.41560549109,-0.143935180915,
    9.999999776483E-03));
#262 = VERTEX_POINT('',#263);
#263 = CARTESIAN_POINT('',(2.497179424017,-0.143935180915,
    9.999999776483E-03));
#264 = LINE('',#265,#266);
#265 = CARTESIAN_POINT('',(2.41560549109,-0.143935180915,
    9.999999776483E-03));
#266 = VECTOR('',#267,1.);
#267 = DIRECTION('',(1.,0.,0.));
#268 = ORIENTED_EDGE('',*,*,#269,.T.);
#269 = EDGE_CURVE('',#262,#270,#272,.T.);
#270 = VERTEX_POINT('',#271);
#271 = CARTESIAN_POINT('',(2.497179424017,0.156064819085,
    9.999999776483E-03));
#272 = LINE('',#273,#274);
#273 = CARTESIAN_POINT('',(2.497179424017,-0.143935180915,
    9.999999776483E-03));
#274 = VECTOR('',#275,1.);
#275 = DIRECTION('',(0.,1.,0.));
#276 = ORIENTED_EDGE('',*,*,#277,.T.);
#277 = EDGE_CURVE('',#270,#278,#280,.T.);
#278 = VERTEX_POINT('',#279);
#279 = CARTESIAN_POINT('',(2.412518600846,0.156064819085,
    9.999999776483E-03));
#280 = LINE('',#281,#282);
#281 = CARTESIAN_POINT('',(2.497179424017,0.156064819085,
    9.999999776483E-03));
#282 = VECTOR('',#283,1.);
#283 = DIRECTION('',(-1.,0.,0.));
#284 = ORIENTED_EDGE('',*,*,#285,.T.);
#285 = EDGE_CURVE('',#278,#286,#288,.T.);
#286 = VERTEX_POINT('',#287);
#287 = CARTESIAN_POINT('',(2.255716009383,9.837684938281E-03,
    9.999999776483E-03));
#288 = B_SPLINE_CURVE_WITH_KNOTS('',3,(#289,#290,#291,#292,#293,#294,
    #295,#296,#297,#298,#299,#300,#301,#302,#303,#304,#305,#306,#307),
  .UNSPECIFIED.,.F.,.F.,(4,1,1,1,1,1,1,1,1,1,1,1,1,1,1,1,4),(0.,
    6.86311786766E-02,0.134566466039,0.198328154011,0.260789766641,
    0.321999151484,0.382721746503,0.443537474036,0.505133429485,
    0.566213874765,0.626105864618,0.685349322161,0.744995870348,
    0.805415841815,0.867636266346,0.932307782302,1.),.UNSPECIFIED.);
#289 = CARTESIAN_POINT('',(2.412518600846,0.156064819085,
    9.999999776483E-03));
#290 = CARTESIAN_POINT('',(2.407007041626,0.155941971499,
    9.999999776483E-03));
#291 = CARTESIAN_POINT('',(2.39620042194,0.155701101885,
    9.999999776483E-03));
#292 = CARTESIAN_POINT('',(2.380353178684,0.153871415313,
    9.999999776483E-03));
#293 = CARTESIAN_POINT('',(2.365234425781,0.15069631437,
    9.999999776483E-03));
#294 = CARTESIAN_POINT('',(2.350802587672,0.146364764751,
    9.999999776483E-03));
#295 = CARTESIAN_POINT('',(2.337040947458,0.140831257387,
    9.999999776483E-03));
#296 = CARTESIAN_POINT('',(2.324079151116,0.13389924987,
    9.999999776483E-03));
#297 = CARTESIAN_POINT('',(2.3117749799,0.12580966329,9.999999776483E-03
    ));
#298 = CARTESIAN_POINT('',(2.300288546159,0.116544952805,
    9.999999776483E-03));
#299 = CARTESIAN_POINT('',(2.289819063492,0.106243506459,
    9.999999776483E-03));
#300 = CARTESIAN_POINT('',(2.280692427219,9.497710435977E-02,
    9.999999776483E-03));
#301 = CARTESIAN_POINT('',(2.272878609118,8.289643297888E-02,
    9.999999776483E-03));
#302 = CARTESIAN_POINT('',(2.26659054183,6.990597162289E-02,
    9.999999776483E-03));
#303 = CARTESIAN_POINT('',(2.261708045295,5.607571289659E-02,
    9.999999776483E-03));
#304 = CARTESIAN_POINT('',(2.25825060105,4.141568551245E-02,
    9.999999776483E-03));
#305 = CARTESIAN_POINT('',(2.256069916739,2.590928518637E-02,
    9.999999776483E-03));
#306 = CARTESIAN_POINT('',(2.255835759751,1.527577490958E-02,
    9.999999776483E-03));
#307 = CARTESIAN_POINT('',(2.255716009383,9.837684938281E-03,
    9.999999776483E-03));
#308 = ORIENTED_EDGE('',*,*,#309,.T.);
#309 = EDGE_CURVE('',#286,#260,#310,.T.);
#310 = B_SPLINE_CURVE_WITH_KNOTS('',3,(#311,#312,#313,#314,#315,#316,
    #317,#318,#319,#320,#321,#322,#323,#324,#325,#326,#327,#328,#329),
  .UNSPECIFIED.,.F.,.F.,(4,1,1,1,1,1,1,1,1,1,1,1,1,1,1,1,4),(0.,
    6.806869584499E-02,0.133427432819,0.196146033813,0.257048592449,
    0.316882663159,0.376187208666,0.435960335364,0.496535236863,
    0.557465343481,0.61768686341,0.677943640697,0.738805284806,
    0.800949336767,0.86481466747,0.931024781079,1.),.UNSPECIFIED.);
#311 = CARTESIAN_POINT('',(2.255716009383,9.837684938281E-03,
    9.999999776483E-03));
#312 = CARTESIAN_POINT('',(2.255837169544,4.171409586376E-03,
    9.999999776483E-03));
#313 = CARTESIAN_POINT('',(2.256074666223,-6.935554701167E-03,
    9.999999776483E-03));
#314 = CARTESIAN_POINT('',(2.258245399812,-2.314521322479E-02,
    9.999999776483E-03));
#315 = CARTESIAN_POINT('',(2.261710608638,-3.850432310747E-02,
    9.999999776483E-03));
#316 = CARTESIAN_POINT('',(2.266574737196,-5.30041585591E-02,
    9.999999776483E-03));
#317 = CARTESIAN_POINT('',(2.272872363029,-6.663426116393E-02,
    9.999999776483E-03));
#318 = CARTESIAN_POINT('',(2.280680480928,-7.934483427092E-02,
    9.999999776483E-03));
#319 = CARTESIAN_POINT('',(2.289788646059,-9.123279180022E-02,
    9.999999776483E-03));
#320 = CARTESIAN_POINT('',(2.30025926093,-0.102135258981,
    9.999999776483E-03));
#321 = CARTESIAN_POINT('',(2.3118390064,-0.111892928225,
    9.999999776483E-03));
#322 = CARTESIAN_POINT('',(2.324221457284,-0.120570971903,
    9.999999776483E-03));
#323 = CARTESIAN_POINT('',(2.337513010462,-0.127781269602,
    9.999999776483E-03));
#324 = CARTESIAN_POINT('',(2.351600143001,-0.133672425886,
    9.999999776483E-03));
#325 = CARTESIAN_POINT('',(2.366458216473,-0.138349651805,
    9.999999776483E-03));
#326 = CARTESIAN_POINT('',(2.382151623793,-0.141534145342,
    9.999999776483E-03));
#327 = CARTESIAN_POINT('',(2.398609041954,-0.143627670924,
    9.999999776483E-03));
#328 = CARTESIAN_POINT('',(2.409863275997,-0.143831289303,
    9.999999776483E-03));
#329 = CARTESIAN_POINT('',(2.41560549109,-0.143935180915,
    9.999999776483E-03));
#330 = FACE_BOUND('',#331,.T.);
#331 = EDGE_LOOP('',(#332,#342,#350,#358));
#332 = ORIENTED_EDGE('',*,*,#333,.F.);
#333 = EDGE_CURVE('',#334,#336,#338,.T.);
#334 = VERTEX_POINT('',#335);
#335 = CARTESIAN_POINT('',(0.7,2.4,9.999999776483E-03));
#336 = VERTEX_POINT('',#337);
#337 = CARTESIAN_POINT('',(0.7,2.,9.999999776483E-03));
#338 = LINE('',#339,#340);
#339 = CARTESIAN_POINT('',(0.7,-1.89735380185E-16,9.999999776483E-03));
#340 = VECTOR('',#341,1.);
#341 = DIRECTION('',(-2.710505431214E-16,-1.,0.));
#342 = ORIENTED_EDGE('',*,*,#343,.T.);
#343 = EDGE_CURVE('',#334,#344,#346,.T.);
#344 = VERTEX_POINT('',#345);
#345 = CARTESIAN_POINT('',(-0.7,2.4,9.999999776483E-03));
#346 = LINE('',#347,#348);
#347 = CARTESIAN_POINT('',(7.434529182758E-16,2.4,9.999999776483E-03));
#348 = VECTOR('',#349,1.);
#349 = DIRECTION('',(-1.,3.097720492816E-16,0.));
#350 = ORIENTED_EDGE('',*,*,#351,.T.);
#351 = EDGE_CURVE('',#344,#352,#354,.T.);
#352 = VERTEX_POINT('',#353);
#353 = CARTESIAN_POINT('',(-0.7,2.,9.999999776483E-03));
#354 = LINE('',#355,#356);
#355 = CARTESIAN_POINT('',(-0.7,1.89735380185E-16,9.999999776483E-03));
#356 = VECTOR('',#357,1.);
#357 = DIRECTION('',(-2.710505431214E-16,-1.,0.));
#358 = ORIENTED_EDGE('',*,*,#359,.F.);
#359 = EDGE_CURVE('',#336,#352,#360,.T.);
#360 = CIRCLE('',#361,0.7);
#361 = AXIS2_PLACEMENT_3D('',#362,#363,#364);
#362 = CARTESIAN_POINT('',(-4.370865519893E-19,2.,9.999999776483E-03));
#363 = DIRECTION('',(0.,0.,-1.));
#364 = DIRECTION('',(-1.,0.,0.));
#365 = FACE_BOUND('',#366,.T.);
#366 = EDGE_LOOP('',(#367,#377,#385,#393));
#367 = ORIENTED_EDGE('',*,*,#368,.F.);
#368 = EDGE_CURVE('',#369,#371,#373,.T.);
#369 = VERTEX_POINT('',#370);
#370 = CARTESIAN_POINT('',(1.84,-2.4,9.999999776483E-03));
#371 = VERTEX_POINT('',#372);
#372 = CARTESIAN_POINT('',(1.84,-2.,9.999999776483E-03));
#373 = LINE('',#374,#375);
#374 = CARTESIAN_POINT('',(1.84,0.,9.999999776483E-03));
#375 = VECTOR('',#376,1.);
#376 = DIRECTION('',(0.,1.,0.));
#377 = ORIENTED_EDGE('',*,*,#378,.T.);
#378 = EDGE_CURVE('',#369,#379,#381,.T.);
#379 = VERTEX_POINT('',#380);
#380 = CARTESIAN_POINT('',(3.24,-2.4,9.999999776483E-03));
#381 = LINE('',#382,#383);
#382 = CARTESIAN_POINT('',(-7.434529182758E-16,-2.4,9.999999776483E-03)
  );
#383 = VECTOR('',#384,1.);
#384 = DIRECTION('',(1.,-3.097720492816E-16,0.));
#385 = ORIENTED_EDGE('',*,*,#386,.T.);
#386 = EDGE_CURVE('',#379,#387,#389,.T.);
#387 = VERTEX_POINT('',#388);
#388 = CARTESIAN_POINT('',(3.24,-2.,9.999999776483E-03));
#389 = LINE('',#390,#391);
#390 = CARTESIAN_POINT('',(3.24,-3.512815038853E-15,9.999999776483E-03)
  );
#391 = VECTOR('',#392,1.);
#392 = DIRECTION('',(1.084202172486E-15,1.,0.));
#393 = ORIENTED_EDGE('',*,*,#394,.F.);
#394 = EDGE_CURVE('',#371,#387,#395,.T.);
#395 = CIRCLE('',#396,0.7);
#396 = AXIS2_PLACEMENT_3D('',#397,#398,#399);
#397 = CARTESIAN_POINT('',(2.54,-2.,9.999999776483E-03));
#398 = DIRECTION('',(0.,0.,-1.));
#399 = DIRECTION('',(-1.,0.,0.));
#400 = FACE_BOUND('',#401,.T.);
#401 = EDGE_LOOP('',(#402,#412,#420,#428));
#402 = ORIENTED_EDGE('',*,*,#403,.F.);
#403 = EDGE_CURVE('',#404,#406,#408,.T.);
#404 = VERTEX_POINT('',#405);
#405 = CARTESIAN_POINT('',(3.5,-2.5,9.999999776483E-03));
#406 = VERTEX_POINT('',#407);
#407 = CARTESIAN_POINT('',(3.5,2.5,9.999999776483E-03));
#408 = LINE('',#409,#410);
#409 = CARTESIAN_POINT('',(3.5,2.5,9.999999776483E-03));
#410 = VECTOR('',#411,1.);
#411 = DIRECTION('',(-8.673617379884E-17,1.,0.));
#412 = ORIENTED_EDGE('',*,*,#413,.F.);
#413 = EDGE_CURVE('',#414,#404,#416,.T.);
#414 = VERTEX_POINT('',#415);
#415 = CARTESIAN_POINT('',(-3.5,-2.5,9.999999776483E-03));
#416 = LINE('',#417,#418);
#417 = CARTESIAN_POINT('',(-3.5,-2.5,9.999999776483E-03));
#418 = VECTOR('',#419,1.);
#419 = DIRECTION('',(1.,0.,0.));
#420 = ORIENTED_EDGE('',*,*,#421,.F.);
#421 = EDGE_CURVE('',#422,#414,#424,.T.);
#422 = VERTEX_POINT('',#423);
#423 = CARTESIAN_POINT('',(-3.5,2.5,9.999999776483E-03));
#424 = LINE('',#425,#426);
#425 = CARTESIAN_POINT('',(-3.5,2.5,9.999999776483E-03));
#426 = VECTOR('',#427,1.);
#427 = DIRECTION('',(0.,-1.,0.));
#428 = ORIENTED_EDGE('',*,*,#429,.F.);
#429 = EDGE_CURVE('',#406,#422,#430,.T.);
#430 = LINE('',#431,#432);
#431 = CARTESIAN_POINT('',(-3.5,2.5,9.999999776483E-03));
#432 = VECTOR('',#433,1.);
#433 = DIRECTION('',(-1.,-0.,-0.));
#434 = FACE_BOUND('',#435,.T.);
#435 = EDGE_LOOP('',(#436,#446,#455,#463));
#436 = ORIENTED_EDGE('',*,*,#437,.T.);
#437 = EDGE_CURVE('',#438,#440,#442,.T.);
#438 = VERTEX_POINT('',#439);
#439 = CARTESIAN_POINT('',(0.7,-2.4,9.999999776483E-03));
#440 = VERTEX_POINT('',#441);
#441 = CARTESIAN_POINT('',(0.7,-2.,9.999999776483E-03));
#442 = LINE('',#443,#444);
#443 = CARTESIAN_POINT('',(0.7,1.89735380185E-16,9.999999776483E-03));
#444 = VECTOR('',#445,1.);
#445 = DIRECTION('',(-2.710505431214E-16,1.,0.));
#446 = ORIENTED_EDGE('',*,*,#447,.T.);
#447 = EDGE_CURVE('',#440,#448,#450,.T.);
#448 = VERTEX_POINT('',#449);
#449 = CARTESIAN_POINT('',(-0.7,-2.,9.999999776483E-03));
#450 = CIRCLE('',#451,0.7);
#451 = AXIS2_PLACEMENT_3D('',#452,#453,#454);
#452 = CARTESIAN_POINT('',(-4.370865519893E-19,-2.,9.999999776483E-03));
#453 = DIRECTION('',(0.,0.,1.));
#454 = DIRECTION('',(-1.,6.195440985631E-16,0.));
#455 = ORIENTED_EDGE('',*,*,#456,.F.);
#456 = EDGE_CURVE('',#457,#448,#459,.T.);
#457 = VERTEX_POINT('',#458);
#458 = CARTESIAN_POINT('',(-0.7,-2.4,9.999999776483E-03));
#459 = LINE('',#460,#461);
#460 = CARTESIAN_POINT('',(-0.7,-1.89735380185E-16,9.999999776483E-03));
#461 = VECTOR('',#462,1.);
#462 = DIRECTION('',(-2.710505431214E-16,1.,0.));
#463 = ORIENTED_EDGE('',*,*,#464,.F.);
#464 = EDGE_CURVE('',#438,#457,#465,.T.);
#465 = LINE('',#466,#467);
#466 = CARTESIAN_POINT('',(7.434529182758E-16,-2.4,9.999999776483E-03));
#467 = VECTOR('',#468,1.);
#468 = DIRECTION('',(-1.,-3.097720492816E-16,0.));
#469 = FACE_BOUND('',#470,.T.);
#470 = EDGE_LOOP('',(#471,#481,#490,#498,#506,#514));
#471 = ORIENTED_EDGE('',*,*,#472,.T.);
#472 = EDGE_CURVE('',#473,#475,#477,.T.);
#473 = VERTEX_POINT('',#474);
#474 = CARTESIAN_POINT('',(-2.04,-1.3,9.999999776483E-03));
#475 = VERTEX_POINT('',#476);
#476 = CARTESIAN_POINT('',(-2.54,-1.3,9.999999776483E-03));
#477 = LINE('',#478,#479);
#478 = CARTESIAN_POINT('',(0.,-1.3,9.999999776483E-03));
#479 = VECTOR('',#480,1.);
#480 = DIRECTION('',(-1.,0.,0.));
#481 = ORIENTED_EDGE('',*,*,#482,.T.);
#482 = EDGE_CURVE('',#475,#483,#485,.T.);
#483 = VERTEX_POINT('',#484);
#484 = CARTESIAN_POINT('',(-3.24,-2.,9.999999776483E-03));
#485 = CIRCLE('',#486,0.7);
#486 = AXIS2_PLACEMENT_3D('',#487,#488,#489);
#487 = CARTESIAN_POINT('',(-2.54,-2.,9.999999776483E-03));
#488 = DIRECTION('',(0.,0.,1.));
#489 = DIRECTION('',(-1.,1.796677885833E-14,0.));
#490 = ORIENTED_EDGE('',*,*,#491,.T.);
#491 = EDGE_CURVE('',#483,#492,#494,.T.);
#492 = VERTEX_POINT('',#493);
#493 = CARTESIAN_POINT('',(-3.24,-2.4,9.999999776483E-03));
#494 = LINE('',#495,#496);
#495 = CARTESIAN_POINT('',(-3.24,3.512815038853E-15,9.999999776483E-03)
  );
#496 = VECTOR('',#497,1.);
#497 = DIRECTION('',(-1.084202172486E-15,-1.,0.));
#498 = ORIENTED_EDGE('',*,*,#499,.F.);
#499 = EDGE_CURVE('',#500,#492,#502,.T.);
#500 = VERTEX_POINT('',#501);
#501 = CARTESIAN_POINT('',(-1.84,-2.4,9.999999776483E-03));
#502 = LINE('',#503,#504);
#503 = CARTESIAN_POINT('',(0.,-2.4,9.999999776483E-03));
#504 = VECTOR('',#505,1.);
#505 = DIRECTION('',(-1.,0.,0.));
#506 = ORIENTED_EDGE('',*,*,#507,.T.);
#507 = EDGE_CURVE('',#500,#508,#510,.T.);
#508 = VERTEX_POINT('',#509);
#509 = CARTESIAN_POINT('',(-1.84,-1.5,9.999999776483E-03));
#510 = LINE('',#511,#512);
#511 = CARTESIAN_POINT('',(-1.84,-1.773272886554E-15,9.999999776483E-03)
  );
#512 = VECTOR('',#513,1.);
#513 = DIRECTION('',(-9.637352644316E-16,1.,0.));
#514 = ORIENTED_EDGE('',*,*,#515,.T.);
#515 = EDGE_CURVE('',#508,#473,#516,.T.);
#516 = LINE('',#517,#518);
#517 = CARTESIAN_POINT('',(-1.67,-1.67,9.999999776483E-03));
#518 = VECTOR('',#519,1.);
#519 = DIRECTION('',(-0.707106781187,0.707106781187,0.));
#520 = FACE_BOUND('',#521,.T.);
#521 = EDGE_LOOP('',(#522,#532,#540,#548));
#522 = ORIENTED_EDGE('',*,*,#523,.F.);
#523 = EDGE_CURVE('',#524,#526,#528,.T.);
#524 = VERTEX_POINT('',#525);
#525 = CARTESIAN_POINT('',(-1.84,2.4,9.999999776483E-03));
#526 = VERTEX_POINT('',#527);
#527 = CARTESIAN_POINT('',(-1.84,2.,9.999999776483E-03));
#528 = LINE('',#529,#530);
#529 = CARTESIAN_POINT('',(-1.84,0.,9.999999776483E-03));
#530 = VECTOR('',#531,1.);
#531 = DIRECTION('',(0.,-1.,0.));
#532 = ORIENTED_EDGE('',*,*,#533,.T.);
#533 = EDGE_CURVE('',#524,#534,#536,.T.);
#534 = VERTEX_POINT('',#535);
#535 = CARTESIAN_POINT('',(-3.24,2.4,9.999999776483E-03));
#536 = LINE('',#537,#538);
#537 = CARTESIAN_POINT('',(7.434529182758E-16,2.4,9.999999776483E-03));
#538 = VECTOR('',#539,1.);
#539 = DIRECTION('',(-1.,3.097720492816E-16,0.));
#540 = ORIENTED_EDGE('',*,*,#541,.T.);
#541 = EDGE_CURVE('',#534,#542,#544,.T.);
#542 = VERTEX_POINT('',#543);
#543 = CARTESIAN_POINT('',(-3.24,2.,9.999999776483E-03));
#544 = LINE('',#545,#546);
#545 = CARTESIAN_POINT('',(-3.24,3.512815038853E-15,9.999999776483E-03)
  );
#546 = VECTOR('',#547,1.);
#547 = DIRECTION('',(-1.084202172486E-15,-1.,0.));
#548 = ORIENTED_EDGE('',*,*,#549,.F.);
#549 = EDGE_CURVE('',#526,#542,#550,.T.);
#550 = CIRCLE('',#551,0.7);
#551 = AXIS2_PLACEMENT_3D('',#552,#553,#554);
#552 = CARTESIAN_POINT('',(-2.54,2.,9.999999776483E-03));
#553 = DIRECTION('',(0.,0.,-1.));
#554 = DIRECTION('',(-1.,0.,0.));
#555 = FACE_BOUND('',#556,.T.);
#556 = EDGE_LOOP('',(#557,#567,#576,#584));
#557 = ORIENTED_EDGE('',*,*,#558,.T.);
#558 = EDGE_CURVE('',#559,#561,#563,.T.);
#559 = VERTEX_POINT('',#560);
#560 = CARTESIAN_POINT('',(1.84,2.4,9.999999776483E-03));
#561 = VERTEX_POINT('',#562);
#562 = CARTESIAN_POINT('',(1.84,2.,9.999999776483E-03));
#563 = LINE('',#564,#565);
#564 = CARTESIAN_POINT('',(1.84,0.,9.999999776483E-03));
#565 = VECTOR('',#566,1.);
#566 = DIRECTION('',(0.,-1.,0.));
#567 = ORIENTED_EDGE('',*,*,#568,.T.);
#568 = EDGE_CURVE('',#561,#569,#571,.T.);
#569 = VERTEX_POINT('',#570);
#570 = CARTESIAN_POINT('',(3.24,2.,9.999999776483E-03));
#571 = CIRCLE('',#572,0.7);
#572 = AXIS2_PLACEMENT_3D('',#573,#574,#575);
#573 = CARTESIAN_POINT('',(2.54,2.,9.999999776483E-03));
#574 = DIRECTION('',(0.,0.,1.));
#575 = DIRECTION('',(-1.,-6.195440985631E-16,0.));
#576 = ORIENTED_EDGE('',*,*,#577,.F.);
#577 = EDGE_CURVE('',#578,#569,#580,.T.);
#578 = VERTEX_POINT('',#579);
#579 = CARTESIAN_POINT('',(3.24,2.4,9.999999776483E-03));
#580 = LINE('',#581,#582);
#581 = CARTESIAN_POINT('',(3.24,3.512815038853E-15,9.999999776483E-03));
#582 = VECTOR('',#583,1.);
#583 = DIRECTION('',(1.084202172486E-15,-1.,0.));
#584 = ORIENTED_EDGE('',*,*,#585,.F.);
#585 = EDGE_CURVE('',#559,#578,#586,.T.);
#586 = LINE('',#587,#588);
#587 = CARTESIAN_POINT('',(-7.434529182758E-16,2.4,9.999999776483E-03));
#588 = VECTOR('',#589,1.);
#589 = DIRECTION('',(1.,3.097720492816E-16,0.));
#590 = FACE_BOUND('',#591,.T.);
#591 = EDGE_LOOP('',(#592,#602,#610,#618,#626,#634,#642,#650));
#592 = ORIENTED_EDGE('',*,*,#593,.T.);
#593 = EDGE_CURVE('',#594,#596,#598,.T.);
#594 = VERTEX_POINT('',#595);
#595 = CARTESIAN_POINT('',(2.080106253285,0.156064819085,
    9.999999776483E-03));
#596 = VERTEX_POINT('',#597);
#597 = CARTESIAN_POINT('',(1.963033082554,-0.143935180915,
    9.999999776483E-03));
#598 = LINE('',#599,#600);
#599 = CARTESIAN_POINT('',(2.080106253285,0.156064819085,
    9.999999776483E-03));
#600 = VECTOR('',#601,1.);
#601 = DIRECTION('',(-0.363542485653,-0.931577619485,-0.));
#602 = ORIENTED_EDGE('',*,*,#603,.T.);
#603 = EDGE_CURVE('',#596,#604,#606,.T.);
#604 = VERTEX_POINT('',#605);
#605 = CARTESIAN_POINT('',(2.006935521578,-0.143935180915,
    9.999999776483E-03));
#606 = LINE('',#607,#608);
#607 = CARTESIAN_POINT('',(1.963033082554,-0.143935180915,
    9.999999776483E-03));
#608 = VECTOR('',#609,1.);
#609 = DIRECTION('',(1.,0.,0.));
#610 = ORIENTED_EDGE('',*,*,#611,.T.);
#611 = EDGE_CURVE('',#604,#612,#614,.T.);
#612 = VERTEX_POINT('',#613);
#613 = CARTESIAN_POINT('',(2.03728994231,-5.978883945196E-02,
    9.999999776483E-03));
#614 = LINE('',#615,#616);
#615 = CARTESIAN_POINT('',(2.006935521578,-0.143935180915,
    9.999999776483E-03));
#616 = VECTOR('',#617,1.);
#617 = DIRECTION('',(0.339330377275,0.940667260544,0.));
#618 = ORIENTED_EDGE('',*,*,#619,.T.);
#619 = EDGE_CURVE('',#612,#620,#622,.T.);
#620 = VERTEX_POINT('',#621);
#621 = CARTESIAN_POINT('',(2.161222869139,-5.978883945196E-02,
    9.999999776483E-03));
#622 = LINE('',#623,#624);
#623 = CARTESIAN_POINT('',(2.03728994231,-5.978883945196E-02,
    9.999999776483E-03));
#624 = VECTOR('',#625,1.);
#625 = DIRECTION('',(1.,0.,0.));
#626 = ORIENTED_EDGE('',*,*,#627,.T.);
#627 = EDGE_CURVE('',#620,#628,#630,.T.);
#628 = VERTEX_POINT('',#629);
#629 = CARTESIAN_POINT('',(2.189862350846,-0.143935180915,
    9.999999776483E-03));
#630 = LINE('',#631,#632);
#631 = CARTESIAN_POINT('',(2.161222869139,-5.978883945196E-02,
    9.999999776483E-03));
#632 = VECTOR('',#633,1.);
#633 = DIRECTION('',(0.322202485606,-0.946670776072,0.));
#634 = ORIENTED_EDGE('',*,*,#635,.T.);
#635 = EDGE_CURVE('',#628,#636,#638,.T.);
#636 = VERTEX_POINT('',#637);
#637 = CARTESIAN_POINT('',(2.233764789871,-0.143935180915,
    9.999999776483E-03));
#638 = LINE('',#639,#640);
#639 = CARTESIAN_POINT('',(2.189862350846,-0.143935180915,
    9.999999776483E-03));
#640 = VECTOR('',#641,1.);
#641 = DIRECTION('',(1.,0.,0.));
#642 = ORIENTED_EDGE('',*,*,#643,.T.);
#643 = EDGE_CURVE('',#636,#644,#646,.T.);
#644 = VERTEX_POINT('',#645);
#645 = CARTESIAN_POINT('',(2.120350155724,0.156064819085,
    9.999999776483E-03));
#646 = LINE('',#647,#648);
#647 = CARTESIAN_POINT('',(2.233764789871,-0.143935180915,
    9.999999776483E-03));
#648 = VECTOR('',#649,1.);
#649 = DIRECTION('',(-0.353622392329,0.93538826358,0.));
#650 = ORIENTED_EDGE('',*,*,#651,.T.);
#651 = EDGE_CURVE('',#644,#594,#652,.T.);
#652 = LINE('',#653,#654);
#653 = CARTESIAN_POINT('',(2.120350155724,0.156064819085,
    9.999999776483E-03));
#654 = VECTOR('',#655,1.);
#655 = DIRECTION('',(-1.,0.,0.));
#656 = FACE_BOUND('',#657,.T.);
#657 = EDGE_LOOP('',(#658,#668,#676,#684,#692,#700,#708,#716,#724,#732,
    #740,#748));
#658 = ORIENTED_EDGE('',*,*,#659,.T.);
#659 = EDGE_CURVE('',#660,#662,#664,.T.);
#660 = VERTEX_POINT('',#661);
#661 = CARTESIAN_POINT('',(2.555716009383,-0.111008351647,
    9.999999776483E-03));
#662 = VERTEX_POINT('',#663);
#663 = CARTESIAN_POINT('',(2.555716009383,-0.143935180915,
    9.999999776483E-03));
#664 = LINE('',#665,#666);
#665 = CARTESIAN_POINT('',(2.555716009383,-0.111008351647,
    9.999999776483E-03));
#666 = VECTOR('',#667,1.);
#667 = DIRECTION('',(0.,-1.,0.));
#668 = ORIENTED_EDGE('',*,*,#669,.T.);
#669 = EDGE_CURVE('',#662,#670,#672,.T.);
#670 = VERTEX_POINT('',#671);
#671 = CARTESIAN_POINT('',(2.716691619139,-0.143935180915,
    9.999999776483E-03));
#672 = LINE('',#673,#674);
#673 = CARTESIAN_POINT('',(2.555716009383,-0.143935180915,
    9.999999776483E-03));
#674 = VECTOR('',#675,1.);
#675 = DIRECTION('',(1.,0.,0.));
#676 = ORIENTED_EDGE('',*,*,#677,.T.);
#677 = EDGE_CURVE('',#670,#678,#680,.T.);
#678 = VERTEX_POINT('',#679);
#679 = CARTESIAN_POINT('',(2.716691619139,0.156064819085,
    9.999999776483E-03));
#680 = LINE('',#681,#682);
#681 = CARTESIAN_POINT('',(2.716691619139,-0.143935180915,
    9.999999776483E-03));
#682 = VECTOR('',#683,1.);
#683 = DIRECTION('',(0.,1.,0.));
#684 = ORIENTED_EDGE('',*,*,#685,.T.);
#685 = EDGE_CURVE('',#678,#686,#688,.T.);
#686 = VERTEX_POINT('',#687);
#687 = CARTESIAN_POINT('',(2.563033082554,0.156064819085,
    9.999999776483E-03));
#688 = LINE('',#689,#690);
#689 = CARTESIAN_POINT('',(2.716691619139,0.156064819085,
    9.999999776483E-03));
#690 = VECTOR('',#691,1.);
#691 = DIRECTION('',(-1.,0.,0.));
#692 = ORIENTED_EDGE('',*,*,#693,.T.);
#693 = EDGE_CURVE('',#686,#694,#696,.T.);
#694 = VERTEX_POINT('',#695);
#695 = CARTESIAN_POINT('',(2.563033082554,0.123137989816,
    9.999999776483E-03));
#696 = LINE('',#697,#698);
#697 = CARTESIAN_POINT('',(2.563033082554,0.156064819085,
    9.999999776483E-03));
#698 = VECTOR('',#699,1.);
#699 = DIRECTION('',(0.,-1.,0.));
#700 = ORIENTED_EDGE('',*,*,#701,.T.);
#701 = EDGE_CURVE('',#694,#702,#704,.T.);
#702 = VERTEX_POINT('',#703);
#703 = CARTESIAN_POINT('',(2.6764477167,0.123137989816,
    9.999999776483E-03));
#704 = LINE('',#705,#706);
#705 = CARTESIAN_POINT('',(2.563033082554,0.123137989816,
    9.999999776483E-03));
#706 = VECTOR('',#707,1.);
#707 = DIRECTION('',(1.,0.,0.));
#708 = ORIENTED_EDGE('',*,*,#709,.T.);
#709 = EDGE_CURVE('',#702,#710,#712,.T.);
#710 = VERTEX_POINT('',#711);
#711 = CARTESIAN_POINT('',(2.6764477167,2.435750201145E-02,
    9.999999776483E-03));
#712 = LINE('',#713,#714);
#713 = CARTESIAN_POINT('',(2.6764477167,0.123137989816,
    9.999999776483E-03));
#714 = VECTOR('',#715,1.);
#715 = DIRECTION('',(0.,-1.,0.));
#716 = ORIENTED_EDGE('',*,*,#717,.T.);
#717 = EDGE_CURVE('',#710,#718,#720,.T.);
#718 = VERTEX_POINT('',#719);
#719 = CARTESIAN_POINT('',(2.570350155724,2.435750201145E-02,
    9.999999776483E-03));
#720 = LINE('',#721,#722);
#721 = CARTESIAN_POINT('',(2.6764477167,2.435750201145E-02,
    9.999999776483E-03));
#722 = VECTOR('',#723,1.);
#723 = DIRECTION('',(-1.,0.,0.));
#724 = ORIENTED_EDGE('',*,*,#725,.T.);
#725 = EDGE_CURVE('',#718,#726,#728,.T.);
#726 = VERTEX_POINT('',#727);
#727 = CARTESIAN_POINT('',(2.570350155724,-8.569327256841E-03,
    9.999999776483E-03));
#728 = LINE('',#729,#730);
#729 = CARTESIAN_POINT('',(2.570350155724,2.435750201145E-02,
    9.999999776483E-03));
#730 = VECTOR('',#731,1.);
#731 = DIRECTION('',(0.,-1.,0.));
#732 = ORIENTED_EDGE('',*,*,#733,.T.);
#733 = EDGE_CURVE('',#726,#734,#736,.T.);
#734 = VERTEX_POINT('',#735);
#735 = CARTESIAN_POINT('',(2.6764477167,-8.569327256841E-03,
    9.999999776483E-03));
#736 = LINE('',#737,#738);
#737 = CARTESIAN_POINT('',(2.570350155724,-8.569327256841E-03,
    9.999999776483E-03));
#738 = VECTOR('',#739,1.);
#739 = DIRECTION('',(1.,0.,0.));
#740 = ORIENTED_EDGE('',*,*,#741,.T.);
#741 = EDGE_CURVE('',#734,#742,#744,.T.);
#742 = VERTEX_POINT('',#743);
#743 = CARTESIAN_POINT('',(2.6764477167,-0.111008351647,
    9.999999776483E-03));
#744 = LINE('',#745,#746);
#745 = CARTESIAN_POINT('',(2.6764477167,-8.569327256841E-03,
    9.999999776483E-03));
#746 = VECTOR('',#747,1.);
#747 = DIRECTION('',(0.,-1.,0.));
#748 = ORIENTED_EDGE('',*,*,#749,.T.);
#749 = EDGE_CURVE('',#742,#660,#750,.T.);
#750 = LINE('',#751,#752);
#751 = CARTESIAN_POINT('',(2.6764477167,-0.111008351647,
    9.999999776483E-03));
#752 = VECTOR('',#753,1.);
#753 = DIRECTION('',(-1.,0.,0.));
#754 = FACE_BOUND('',#755,.T.);
#755 = EDGE_LOOP('',(#756,#766,#774,#782,#790,#798));
#756 = ORIENTED_EDGE('',*,*,#757,.T.);
#757 = EDGE_CURVE('',#758,#760,#762,.T.);
#758 = VERTEX_POINT('',#759);
#759 = CARTESIAN_POINT('',(3.02400869231,-0.111008351647,
    9.999999776483E-03));
#760 = VERTEX_POINT('',#761);
#761 = CARTESIAN_POINT('',(3.02400869231,-0.143935180915,
    9.999999776483E-03));
#762 = LINE('',#763,#764);
#763 = CARTESIAN_POINT('',(3.02400869231,-0.111008351647,
    9.999999776483E-03));
#764 = VECTOR('',#765,1.);
#765 = DIRECTION('',(0.,-1.,0.));
#766 = ORIENTED_EDGE('',*,*,#767,.T.);
#767 = EDGE_CURVE('',#760,#768,#770,.T.);
#768 = VERTEX_POINT('',#769);
#769 = CARTESIAN_POINT('',(3.177667228895,-0.143935180915,
    9.999999776483E-03));
#770 = LINE('',#771,#772);
#771 = CARTESIAN_POINT('',(3.02400869231,-0.143935180915,
    9.999999776483E-03));
#772 = VECTOR('',#773,1.);
#773 = DIRECTION('',(1.,0.,0.));
#774 = ORIENTED_EDGE('',*,*,#775,.T.);
#775 = EDGE_CURVE('',#768,#776,#778,.T.);
#776 = VERTEX_POINT('',#777);
#777 = CARTESIAN_POINT('',(3.177667228895,0.156064819085,
    9.999999776483E-03));
#778 = LINE('',#779,#780);
#779 = CARTESIAN_POINT('',(3.177667228895,-0.143935180915,
    9.999999776483E-03));
#780 = VECTOR('',#781,1.);
#781 = DIRECTION('',(0.,1.,0.));
#782 = ORIENTED_EDGE('',*,*,#783,.T.);
#783 = EDGE_CURVE('',#776,#784,#786,.T.);
#784 = VERTEX_POINT('',#785);
#785 = CARTESIAN_POINT('',(3.137423326456,0.156064819085,
    9.999999776483E-03));
#786 = LINE('',#787,#788);
#787 = CARTESIAN_POINT('',(3.177667228895,0.156064819085,
    9.999999776483E-03));
#788 = VECTOR('',#789,1.);
#789 = DIRECTION('',(-1.,0.,0.));
#790 = ORIENTED_EDGE('',*,*,#791,.T.);
#791 = EDGE_CURVE('',#784,#792,#794,.T.);
#792 = VERTEX_POINT('',#793);
#793 = CARTESIAN_POINT('',(3.137423326456,-0.111008351647,
    9.999999776483E-03));
#794 = LINE('',#795,#796);
#795 = CARTESIAN_POINT('',(3.137423326456,0.156064819085,
    9.999999776483E-03));
#796 = VECTOR('',#797,1.);
#797 = DIRECTION('',(0.,-1.,0.));
#798 = ORIENTED_EDGE('',*,*,#799,.T.);
#799 = EDGE_CURVE('',#792,#758,#800,.T.);
#800 = LINE('',#801,#802);
#801 = CARTESIAN_POINT('',(3.137423326456,-0.111008351647,
    9.999999776483E-03));
#802 = VECTOR('',#803,1.);
#803 = DIRECTION('',(-1.,0.,0.));
#804 = PLANE('',#805);
#805 = AXIS2_PLACEMENT_3D('',#806,#807,#808);
#806 = CARTESIAN_POINT('',(0.,0.,9.999999776483E-03));
#807 = DIRECTION('',(0.,0.,1.));
#808 = DIRECTION('',(1.,0.,-0.));
#809 = ADVANCED_FACE('',(#810),#835,.F.);
#810 = FACE_BOUND('',#811,.T.);
#811 = EDGE_LOOP('',(#812,#813,#821,#829));
#812 = ORIENTED_EDGE('',*,*,#403,.T.);
#813 = ORIENTED_EDGE('',*,*,#814,.F.);
#814 = EDGE_CURVE('',#815,#406,#817,.T.);
#815 = VERTEX_POINT('',#816);
#816 = CARTESIAN_POINT('',(3.5,2.5,0.909999999776));
#817 = LINE('',#818,#819);
#818 = CARTESIAN_POINT('',(3.5,2.5,0.909999999776));
#819 = VECTOR('',#820,1.);
#820 = DIRECTION('',(-0.,-0.,-1.));
#821 = ORIENTED_EDGE('',*,*,#822,.F.);
#822 = EDGE_CURVE('',#823,#815,#825,.T.);
#823 = VERTEX_POINT('',#824);
#824 = CARTESIAN_POINT('',(3.5,-2.5,0.909999999776));
#825 = LINE('',#826,#827);
#826 = CARTESIAN_POINT('',(3.5,2.5,0.909999999776));
#827 = VECTOR('',#828,1.);
#828 = DIRECTION('',(-8.673617379884E-17,1.,0.));
#829 = ORIENTED_EDGE('',*,*,#830,.T.);
#830 = EDGE_CURVE('',#823,#404,#831,.T.);
#831 = LINE('',#832,#833);
#832 = CARTESIAN_POINT('',(3.5,-2.5,0.909999999776));
#833 = VECTOR('',#834,1.);
#834 = DIRECTION('',(-0.,-0.,-1.));
#835 = PLANE('',#836);
#836 = AXIS2_PLACEMENT_3D('',#837,#838,#839);
#837 = CARTESIAN_POINT('',(3.5,2.5,0.909999999776));
#838 = DIRECTION('',(-1.,-8.673617379884E-17,0.));
#839 = DIRECTION('',(8.673617379884E-17,-1.,0.));
#840 = ADVANCED_FACE('',(#841),#859,.F.);
#841 = FACE_BOUND('',#842,.T.);
#842 = EDGE_LOOP('',(#843,#844,#852,#858));
#843 = ORIENTED_EDGE('',*,*,#429,.T.);
#844 = ORIENTED_EDGE('',*,*,#845,.F.);
#845 = EDGE_CURVE('',#846,#422,#848,.T.);
#846 = VERTEX_POINT('',#847);
#847 = CARTESIAN_POINT('',(-3.5,2.5,0.909999999776));
#848 = LINE('',#849,#850);
#849 = CARTESIAN_POINT('',(-3.5,2.5,0.909999999776));
#850 = VECTOR('',#851,1.);
#851 = DIRECTION('',(-0.,-0.,-1.));
#852 = ORIENTED_EDGE('',*,*,#853,.F.);
#853 = EDGE_CURVE('',#815,#846,#854,.T.);
#854 = LINE('',#855,#856);
#855 = CARTESIAN_POINT('',(-3.5,2.5,0.909999999776));
#856 = VECTOR('',#857,1.);
#857 = DIRECTION('',(-1.,-0.,-0.));
#858 = ORIENTED_EDGE('',*,*,#814,.T.);
#859 = PLANE('',#860);
#860 = AXIS2_PLACEMENT_3D('',#861,#862,#863);
#861 = CARTESIAN_POINT('',(-3.5,2.5,0.909999999776));
#862 = DIRECTION('',(0.,-1.,0.));
#863 = DIRECTION('',(0.,0.,-1.));
#864 = ADVANCED_FACE('',(#865),#883,.F.);
#865 = FACE_BOUND('',#866,.T.);
#866 = EDGE_LOOP('',(#867,#868,#876,#882));
#867 = ORIENTED_EDGE('',*,*,#421,.T.);
#868 = ORIENTED_EDGE('',*,*,#869,.F.);
#869 = EDGE_CURVE('',#870,#414,#872,.T.);
#870 = VERTEX_POINT('',#871);
#871 = CARTESIAN_POINT('',(-3.5,-2.5,0.909999999776));
#872 = LINE('',#873,#874);
#873 = CARTESIAN_POINT('',(-3.5,-2.5,0.909999999776));
#874 = VECTOR('',#875,1.);
#875 = DIRECTION('',(-0.,-0.,-1.));
#876 = ORIENTED_EDGE('',*,*,#877,.F.);
#877 = EDGE_CURVE('',#846,#870,#878,.T.);
#878 = LINE('',#879,#880);
#879 = CARTESIAN_POINT('',(-3.5,2.5,0.909999999776));
#880 = VECTOR('',#881,1.);
#881 = DIRECTION('',(0.,-1.,0.));
#882 = ORIENTED_EDGE('',*,*,#845,.T.);
#883 = PLANE('',#884);
#884 = AXIS2_PLACEMENT_3D('',#885,#886,#887);
#885 = CARTESIAN_POINT('',(-3.5,2.5,0.909999999776));
#886 = DIRECTION('',(1.,0.,0.));
#887 = DIRECTION('',(0.,0.,-1.));
#888 = ADVANCED_FACE('',(#889),#900,.F.);
#889 = FACE_BOUND('',#890,.T.);
#890 = EDGE_LOOP('',(#891,#892,#893,#899));
#891 = ORIENTED_EDGE('',*,*,#413,.T.);
#892 = ORIENTED_EDGE('',*,*,#830,.F.);
#893 = ORIENTED_EDGE('',*,*,#894,.F.);
#894 = EDGE_CURVE('',#870,#823,#895,.T.);
#895 = LINE('',#896,#897);
#896 = CARTESIAN_POINT('',(-3.5,-2.5,0.909999999776));
#897 = VECTOR('',#898,1.);
#898 = DIRECTION('',(1.,0.,0.));
#899 = ORIENTED_EDGE('',*,*,#869,.T.);
#900 = PLANE('',#901);
#901 = AXIS2_PLACEMENT_3D('',#902,#903,#904);
#902 = CARTESIAN_POINT('',(-3.5,-2.5,0.909999999776));
#903 = DIRECTION('',(0.,1.,0.));
#904 = DIRECTION('',(0.,-0.,1.));
#905 = ADVANCED_FACE('',(#906,#916),#922,.T.);
#906 = FACE_BOUND('',#907,.T.);
#907 = EDGE_LOOP('',(#908,#915));
#908 = ORIENTED_EDGE('',*,*,#909,.F.);
#909 = EDGE_CURVE('',#42,#50,#910,.T.);
#910 = CIRCLE('',#911,0.142463898102);
#911 = AXIS2_PLACEMENT_3D('',#912,#913,#914);
#912 = CARTESIAN_POINT('',(-3.124191328041,-2.118020308004,
    0.909999999776));
#913 = DIRECTION('',(0.,0.,1.));
#914 = DIRECTION('',(1.,0.,-0.));
#915 = ORIENTED_EDGE('',*,*,#49,.F.);
#916 = FACE_BOUND('',#917,.T.);
#917 = EDGE_LOOP('',(#918,#919,#920,#921));
#918 = ORIENTED_EDGE('',*,*,#822,.T.);
#919 = ORIENTED_EDGE('',*,*,#853,.T.);
#920 = ORIENTED_EDGE('',*,*,#877,.T.);
#921 = ORIENTED_EDGE('',*,*,#894,.T.);
#922 = PLANE('',#923);
#923 = AXIS2_PLACEMENT_3D('',#924,#925,#926);
#924 = CARTESIAN_POINT('',(0.,0.,0.909999999776));
#925 = DIRECTION('',(0.,0.,1.));
#926 = DIRECTION('',(1.,0.,-0.));
#927 = ADVANCED_FACE('',(#928),#940,.F.);
#928 = FACE_BOUND('',#929,.F.);
#929 = EDGE_LOOP('',(#930,#931,#932,#939));
#930 = ORIENTED_EDGE('',*,*,#909,.F.);
#931 = ORIENTED_EDGE('',*,*,#39,.F.);
#932 = ORIENTED_EDGE('',*,*,#933,.T.);
#933 = EDGE_CURVE('',#40,#59,#934,.T.);
#934 = CIRCLE('',#935,0.142463898102);
#935 = AXIS2_PLACEMENT_3D('',#936,#937,#938);
#936 = CARTESIAN_POINT('',(-3.124191328041,-2.118020308004,
    0.908999999776));
#937 = DIRECTION('',(0.,0.,1.));
#938 = DIRECTION('',(1.,0.,-0.));
#939 = ORIENTED_EDGE('',*,*,#58,.T.);
#940 = CYLINDRICAL_SURFACE('',#941,0.142463898102);
#941 = AXIS2_PLACEMENT_3D('',#942,#943,#944);
#942 = CARTESIAN_POINT('',(-3.124191328041,-2.118020308004,
    0.908999999776));
#943 = DIRECTION('',(0.,0.,1.));
#944 = DIRECTION('',(1.,0.,-0.));
#945 = ADVANCED_FACE('',(#946),#950,.T.);
#946 = FACE_BOUND('',#947,.T.);
#947 = EDGE_LOOP('',(#948,#949));
#948 = ORIENTED_EDGE('',*,*,#933,.T.);
#949 = ORIENTED_EDGE('',*,*,#66,.T.);
#950 = PLANE('',#951);
#951 = AXIS2_PLACEMENT_3D('',#952,#953,#954);
#952 = CARTESIAN_POINT('',(-3.124191328041,-2.118020308004,
    0.908999999776));
#953 = DIRECTION('',(0.,0.,1.));
#954 = DIRECTION('',(1.,0.,-0.));
#955 = ADVANCED_FACE('',(#956),#981,.F.);
#956 = FACE_BOUND('',#957,.T.);
#957 = EDGE_LOOP('',(#958,#959,#967,#975));
#958 = ORIENTED_EDGE('',*,*,#368,.T.);
#959 = ORIENTED_EDGE('',*,*,#960,.F.);
#960 = EDGE_CURVE('',#961,#371,#963,.T.);
#961 = VERTEX_POINT('',#962);
#962 = CARTESIAN_POINT('',(1.84,-2.,-2.235174181159E-10));
#963 = LINE('',#964,#965);
#964 = CARTESIAN_POINT('',(1.84,-2.,-2.235174181159E-10));
#965 = VECTOR('',#966,1.);
#966 = DIRECTION('',(0.,0.,1.));
#967 = ORIENTED_EDGE('',*,*,#968,.F.);
#968 = EDGE_CURVE('',#969,#961,#971,.T.);
#969 = VERTEX_POINT('',#970);
#970 = CARTESIAN_POINT('',(1.84,-2.4,-2.235174181159E-10));
#971 = LINE('',#972,#973);
#972 = CARTESIAN_POINT('',(1.84,0.,-2.235174181159E-10));
#973 = VECTOR('',#974,1.);
#974 = DIRECTION('',(0.,1.,0.));
#975 = ORIENTED_EDGE('',*,*,#976,.T.);
#976 = EDGE_CURVE('',#969,#369,#977,.T.);
#977 = LINE('',#978,#979);
#978 = CARTESIAN_POINT('',(1.84,-2.4,-2.235174181159E-10));
#979 = VECTOR('',#980,1.);
#980 = DIRECTION('',(0.,0.,1.));
#981 = PLANE('',#982);
#982 = AXIS2_PLACEMENT_3D('',#983,#984,#985);
#983 = CARTESIAN_POINT('',(1.84,0.,-2.235174181159E-10));
#984 = DIRECTION('',(1.,0.,0.));
#985 = DIRECTION('',(0.,0.,-1.));
#986 = ADVANCED_FACE('',(#987),#1006,.T.);
#987 = FACE_BOUND('',#988,.T.);
#988 = EDGE_LOOP('',(#989,#990,#998,#1005));
#989 = ORIENTED_EDGE('',*,*,#394,.T.);
#990 = ORIENTED_EDGE('',*,*,#991,.F.);
#991 = EDGE_CURVE('',#992,#387,#994,.T.);
#992 = VERTEX_POINT('',#993);
#993 = CARTESIAN_POINT('',(3.24,-2.,-2.235174181159E-10));
#994 = LINE('',#995,#996);
#995 = CARTESIAN_POINT('',(3.24,-2.,-2.235174181159E-10));
#996 = VECTOR('',#997,1.);
#997 = DIRECTION('',(0.,0.,1.));
#998 = ORIENTED_EDGE('',*,*,#999,.F.);
#999 = EDGE_CURVE('',#961,#992,#1000,.T.);
#1000 = CIRCLE('',#1001,0.7);
#1001 = AXIS2_PLACEMENT_3D('',#1002,#1003,#1004);
#1002 = CARTESIAN_POINT('',(2.54,-2.,-2.235174181159E-10));
#1003 = DIRECTION('',(0.,0.,-1.));
#1004 = DIRECTION('',(-1.,0.,0.));
#1005 = ORIENTED_EDGE('',*,*,#960,.T.);
#1006 = CYLINDRICAL_SURFACE('',#1007,0.7);
#1007 = AXIS2_PLACEMENT_3D('',#1008,#1009,#1010);
#1008 = CARTESIAN_POINT('',(2.54,-2.,-2.235174181159E-10));
#1009 = DIRECTION('',(0.,0.,1.));
#1010 = DIRECTION('',(1.,0.,-0.));
#1011 = ADVANCED_FACE('',(#1012),#1030,.T.);
#1012 = FACE_BOUND('',#1013,.T.);
#1013 = EDGE_LOOP('',(#1014,#1015,#1023,#1029));
#1014 = ORIENTED_EDGE('',*,*,#386,.F.);
#1015 = ORIENTED_EDGE('',*,*,#1016,.F.);
#1016 = EDGE_CURVE('',#1017,#379,#1019,.T.);
#1017 = VERTEX_POINT('',#1018);
#1018 = CARTESIAN_POINT('',(3.24,-2.4,-2.235174181159E-10));
#1019 = LINE('',#1020,#1021);
#1020 = CARTESIAN_POINT('',(3.24,-2.4,-2.235174181159E-10));
#1021 = VECTOR('',#1022,1.);
#1022 = DIRECTION('',(0.,0.,1.));
#1023 = ORIENTED_EDGE('',*,*,#1024,.T.);
#1024 = EDGE_CURVE('',#1017,#992,#1025,.T.);
#1025 = LINE('',#1026,#1027);
#1026 = CARTESIAN_POINT('',(3.24,-3.512815038853E-15,-2.235174181159E-10
    ));
#1027 = VECTOR('',#1028,1.);
#1028 = DIRECTION('',(1.084202172486E-15,1.,0.));
#1029 = ORIENTED_EDGE('',*,*,#991,.T.);
#1030 = PLANE('',#1031);
#1031 = AXIS2_PLACEMENT_3D('',#1032,#1033,#1034);
#1032 = CARTESIAN_POINT('',(3.24,-3.512815038853E-15,-2.235174181159E-10
    ));
#1033 = DIRECTION('',(1.,-1.084202172486E-15,0.));
#1034 = DIRECTION('',(1.084202172486E-15,1.,0.));
#1035 = ADVANCED_FACE('',(#1036),#1047,.T.);
#1036 = FACE_BOUND('',#1037,.T.);
#1037 = EDGE_LOOP('',(#1038,#1039,#1040,#1046));
#1038 = ORIENTED_EDGE('',*,*,#378,.F.);
#1039 = ORIENTED_EDGE('',*,*,#976,.F.);
#1040 = ORIENTED_EDGE('',*,*,#1041,.T.);
#1041 = EDGE_CURVE('',#969,#1017,#1042,.T.);
#1042 = LINE('',#1043,#1044);
#1043 = CARTESIAN_POINT('',(-7.434529182758E-16,-2.4,-2.235174181159E-10
    ));
#1044 = VECTOR('',#1045,1.);
#1045 = DIRECTION('',(1.,-3.097720492816E-16,0.));
#1046 = ORIENTED_EDGE('',*,*,#1016,.T.);
#1047 = PLANE('',#1048);
#1048 = AXIS2_PLACEMENT_3D('',#1049,#1050,#1051);
#1049 = CARTESIAN_POINT('',(-7.434529182758E-16,-2.4,-2.235174181159E-10
    ));
#1050 = DIRECTION('',(-3.097720492816E-16,-1.,0.));
#1051 = DIRECTION('',(1.,-3.097720492816E-16,0.));
#1052 = ADVANCED_FACE('',(#1053),#1059,.T.);
#1053 = FACE_BOUND('',#1054,.T.);
#1054 = EDGE_LOOP('',(#1055,#1056,#1057,#1058));
#1055 = ORIENTED_EDGE('',*,*,#968,.T.);
#1056 = ORIENTED_EDGE('',*,*,#999,.T.);
#1057 = ORIENTED_EDGE('',*,*,#1024,.F.);
#1058 = ORIENTED_EDGE('',*,*,#1041,.F.);
#1059 = PLANE('',#1060);
#1060 = AXIS2_PLACEMENT_3D('',#1061,#1062,#1063);
#1061 = CARTESIAN_POINT('',(0.,0.,-2.235174181159E-10));
#1062 = DIRECTION('',(0.,0.,-1.));
#1063 = DIRECTION('',(-1.,0.,0.));
#1064 = ADVANCED_FACE('',(#1065),#1091,.T.);
#1065 = FACE_BOUND('',#1066,.T.);
#1066 = EDGE_LOOP('',(#1067,#1068,#1076,#1085));
#1067 = ORIENTED_EDGE('',*,*,#447,.F.);
#1068 = ORIENTED_EDGE('',*,*,#1069,.F.);
#1069 = EDGE_CURVE('',#1070,#440,#1072,.T.);
#1070 = VERTEX_POINT('',#1071);
#1071 = CARTESIAN_POINT('',(0.7,-2.,-2.235174181159E-10));
#1072 = LINE('',#1073,#1074);
#1073 = CARTESIAN_POINT('',(0.7,-2.,-2.235174181159E-10));
#1074 = VECTOR('',#1075,1.);
#1075 = DIRECTION('',(0.,0.,1.));
#1076 = ORIENTED_EDGE('',*,*,#1077,.T.);
#1077 = EDGE_CURVE('',#1070,#1078,#1080,.T.);
#1078 = VERTEX_POINT('',#1079);
#1079 = CARTESIAN_POINT('',(-0.7,-2.,-2.235174181159E-10));
#1080 = CIRCLE('',#1081,0.7);
#1081 = AXIS2_PLACEMENT_3D('',#1082,#1083,#1084);
#1082 = CARTESIAN_POINT('',(-4.370865519893E-19,-2.,-2.235174181159E-10)
  );
#1083 = DIRECTION('',(0.,0.,1.));
#1084 = DIRECTION('',(-1.,6.195440985631E-16,0.));
#1085 = ORIENTED_EDGE('',*,*,#1086,.T.);
#1086 = EDGE_CURVE('',#1078,#448,#1087,.T.);
#1087 = LINE('',#1088,#1089);
#1088 = CARTESIAN_POINT('',(-0.7,-2.,-2.235174181159E-10));
#1089 = VECTOR('',#1090,1.);
#1090 = DIRECTION('',(0.,0.,1.));
#1091 = CYLINDRICAL_SURFACE('',#1092,0.7);
#1092 = AXIS2_PLACEMENT_3D('',#1093,#1094,#1095);
#1093 = CARTESIAN_POINT('',(-4.370865519893E-19,-2.,-2.235174181159E-10)
  );
#1094 = DIRECTION('',(0.,0.,1.));
#1095 = DIRECTION('',(1.,0.,-0.));
#1096 = ADVANCED_FACE('',(#1097),#1115,.T.);
#1097 = FACE_BOUND('',#1098,.T.);
#1098 = EDGE_LOOP('',(#1099,#1100,#1108,#1114));
#1099 = ORIENTED_EDGE('',*,*,#437,.F.);
#1100 = ORIENTED_EDGE('',*,*,#1101,.F.);
#1101 = EDGE_CURVE('',#1102,#438,#1104,.T.);
#1102 = VERTEX_POINT('',#1103);
#1103 = CARTESIAN_POINT('',(0.7,-2.4,-2.235174181159E-10));
#1104 = LINE('',#1105,#1106);
#1105 = CARTESIAN_POINT('',(0.7,-2.4,-2.235174181159E-10));
#1106 = VECTOR('',#1107,1.);
#1107 = DIRECTION('',(0.,0.,1.));
#1108 = ORIENTED_EDGE('',*,*,#1109,.T.);
#1109 = EDGE_CURVE('',#1102,#1070,#1110,.T.);
#1110 = LINE('',#1111,#1112);
#1111 = CARTESIAN_POINT('',(0.7,1.89735380185E-16,-2.235174181159E-10));
#1112 = VECTOR('',#1113,1.);
#1113 = DIRECTION('',(-2.710505431214E-16,1.,0.));
#1114 = ORIENTED_EDGE('',*,*,#1069,.T.);
#1115 = PLANE('',#1116);
#1116 = AXIS2_PLACEMENT_3D('',#1117,#1118,#1119);
#1117 = CARTESIAN_POINT('',(0.7,1.89735380185E-16,-2.235174181159E-10));
#1118 = DIRECTION('',(1.,2.710505431214E-16,0.));
#1119 = DIRECTION('',(-2.710505431214E-16,1.,0.));
#1120 = ADVANCED_FACE('',(#1121),#1139,.F.);
#1121 = FACE_BOUND('',#1122,.T.);
#1122 = EDGE_LOOP('',(#1123,#1124,#1132,#1138));
#1123 = ORIENTED_EDGE('',*,*,#464,.T.);
#1124 = ORIENTED_EDGE('',*,*,#1125,.F.);
#1125 = EDGE_CURVE('',#1126,#457,#1128,.T.);
#1126 = VERTEX_POINT('',#1127);
#1127 = CARTESIAN_POINT('',(-0.7,-2.4,-2.235174181159E-10));
#1128 = LINE('',#1129,#1130);
#1129 = CARTESIAN_POINT('',(-0.7,-2.4,-2.235174181159E-10));
#1130 = VECTOR('',#1131,1.);
#1131 = DIRECTION('',(0.,0.,1.));
#1132 = ORIENTED_EDGE('',*,*,#1133,.F.);
#1133 = EDGE_CURVE('',#1102,#1126,#1134,.T.);
#1134 = LINE('',#1135,#1136);
#1135 = CARTESIAN_POINT('',(7.434529182758E-16,-2.4,-2.235174181159E-10)
  );
#1136 = VECTOR('',#1137,1.);
#1137 = DIRECTION('',(-1.,-3.097720492816E-16,0.));
#1138 = ORIENTED_EDGE('',*,*,#1101,.T.);
#1139 = PLANE('',#1140);
#1140 = AXIS2_PLACEMENT_3D('',#1141,#1142,#1143);
#1141 = CARTESIAN_POINT('',(7.434529182758E-16,-2.4,-2.235174181159E-10)
  );
#1142 = DIRECTION('',(-3.097720492816E-16,1.,0.));
#1143 = DIRECTION('',(-1.,-3.097720492816E-16,0.));
#1144 = ADVANCED_FACE('',(#1145),#1156,.F.);
#1145 = FACE_BOUND('',#1146,.T.);
#1146 = EDGE_LOOP('',(#1147,#1148,#1149,#1155));
#1147 = ORIENTED_EDGE('',*,*,#456,.T.);
#1148 = ORIENTED_EDGE('',*,*,#1086,.F.);
#1149 = ORIENTED_EDGE('',*,*,#1150,.F.);
#1150 = EDGE_CURVE('',#1126,#1078,#1151,.T.);
#1151 = LINE('',#1152,#1153);
#1152 = CARTESIAN_POINT('',(-0.7,-1.89735380185E-16,-2.235174181159E-10)
  );
#1153 = VECTOR('',#1154,1.);
#1154 = DIRECTION('',(-2.710505431214E-16,1.,0.));
#1155 = ORIENTED_EDGE('',*,*,#1125,.T.);
#1156 = PLANE('',#1157);
#1157 = AXIS2_PLACEMENT_3D('',#1158,#1159,#1160);
#1158 = CARTESIAN_POINT('',(-0.7,-1.89735380185E-16,-2.235174181159E-10)
  );
#1159 = DIRECTION('',(1.,2.710505431214E-16,0.));
#1160 = DIRECTION('',(-2.710505431214E-16,1.,0.));
#1161 = ADVANCED_FACE('',(#1162),#1168,.T.);
#1162 = FACE_BOUND('',#1163,.T.);
#1163 = EDGE_LOOP('',(#1164,#1165,#1166,#1167));
#1164 = ORIENTED_EDGE('',*,*,#1077,.F.);
#1165 = ORIENTED_EDGE('',*,*,#1109,.F.);
#1166 = ORIENTED_EDGE('',*,*,#1133,.T.);
#1167 = ORIENTED_EDGE('',*,*,#1150,.T.);
#1168 = PLANE('',#1169);
#1169 = AXIS2_PLACEMENT_3D('',#1170,#1171,#1172);
#1170 = CARTESIAN_POINT('',(0.,0.,-2.235174181159E-10));
#1171 = DIRECTION('',(0.,0.,-1.));
#1172 = DIRECTION('',(-1.,0.,0.));
#1173 = ADVANCED_FACE('',(#1174),#1200,.T.);
#1174 = FACE_BOUND('',#1175,.T.);
#1175 = EDGE_LOOP('',(#1176,#1177,#1185,#1194));
#1176 = ORIENTED_EDGE('',*,*,#482,.F.);
#1177 = ORIENTED_EDGE('',*,*,#1178,.F.);
#1178 = EDGE_CURVE('',#1179,#475,#1181,.T.);
#1179 = VERTEX_POINT('',#1180);
#1180 = CARTESIAN_POINT('',(-2.54,-1.3,-2.235174181159E-10));
#1181 = LINE('',#1182,#1183);
#1182 = CARTESIAN_POINT('',(-2.54,-1.3,-2.235174181159E-10));
#1183 = VECTOR('',#1184,1.);
#1184 = DIRECTION('',(0.,0.,1.));
#1185 = ORIENTED_EDGE('',*,*,#1186,.T.);
#1186 = EDGE_CURVE('',#1179,#1187,#1189,.T.);
#1187 = VERTEX_POINT('',#1188);
#1188 = CARTESIAN_POINT('',(-3.24,-2.,-2.235174181159E-10));
#1189 = CIRCLE('',#1190,0.7);
#1190 = AXIS2_PLACEMENT_3D('',#1191,#1192,#1193);
#1191 = CARTESIAN_POINT('',(-2.54,-2.,-2.235174181159E-10));
#1192 = DIRECTION('',(0.,0.,1.));
#1193 = DIRECTION('',(-1.,1.796677885833E-14,0.));
#1194 = ORIENTED_EDGE('',*,*,#1195,.T.);
#1195 = EDGE_CURVE('',#1187,#483,#1196,.T.);
#1196 = LINE('',#1197,#1198);
#1197 = CARTESIAN_POINT('',(-3.24,-2.,-2.235174181159E-10));
#1198 = VECTOR('',#1199,1.);
#1199 = DIRECTION('',(0.,0.,1.));
#1200 = CYLINDRICAL_SURFACE('',#1201,0.7);
#1201 = AXIS2_PLACEMENT_3D('',#1202,#1203,#1204);
#1202 = CARTESIAN_POINT('',(-2.54,-2.,-2.235174181159E-10));
#1203 = DIRECTION('',(0.,0.,1.));
#1204 = DIRECTION('',(1.,0.,-0.));
#1205 = ADVANCED_FACE('',(#1206),#1224,.T.);
#1206 = FACE_BOUND('',#1207,.T.);
#1207 = EDGE_LOOP('',(#1208,#1209,#1217,#1223));
#1208 = ORIENTED_EDGE('',*,*,#472,.F.);
#1209 = ORIENTED_EDGE('',*,*,#1210,.F.);
#1210 = EDGE_CURVE('',#1211,#473,#1213,.T.);
#1211 = VERTEX_POINT('',#1212);
#1212 = CARTESIAN_POINT('',(-2.04,-1.3,-2.235174181159E-10));
#1213 = LINE('',#1214,#1215);
#1214 = CARTESIAN_POINT('',(-2.04,-1.3,-2.235174181159E-10));
#1215 = VECTOR('',#1216,1.);
#1216 = DIRECTION('',(0.,0.,1.));
#1217 = ORIENTED_EDGE('',*,*,#1218,.T.);
#1218 = EDGE_CURVE('',#1211,#1179,#1219,.T.);
#1219 = LINE('',#1220,#1221);
#1220 = CARTESIAN_POINT('',(0.,-1.3,-2.235174181159E-10));
#1221 = VECTOR('',#1222,1.);
#1222 = DIRECTION('',(-1.,0.,0.));
#1223 = ORIENTED_EDGE('',*,*,#1178,.T.);
#1224 = PLANE('',#1225);
#1225 = AXIS2_PLACEMENT_3D('',#1226,#1227,#1228);
#1226 = CARTESIAN_POINT('',(0.,-1.3,-2.235174181159E-10));
#1227 = DIRECTION('',(0.,1.,0.));
#1228 = DIRECTION('',(0.,-0.,1.));
#1229 = ADVANCED_FACE('',(#1230),#1248,.T.);
#1230 = FACE_BOUND('',#1231,.T.);
#1231 = EDGE_LOOP('',(#1232,#1233,#1241,#1247));
#1232 = ORIENTED_EDGE('',*,*,#515,.F.);
#1233 = ORIENTED_EDGE('',*,*,#1234,.F.);
#1234 = EDGE_CURVE('',#1235,#508,#1237,.T.);
#1235 = VERTEX_POINT('',#1236);
#1236 = CARTESIAN_POINT('',(-1.84,-1.5,-2.235174181159E-10));
#1237 = LINE('',#1238,#1239);
#1238 = CARTESIAN_POINT('',(-1.84,-1.5,-2.235174181159E-10));
#1239 = VECTOR('',#1240,1.);
#1240 = DIRECTION('',(0.,0.,1.));
#1241 = ORIENTED_EDGE('',*,*,#1242,.T.);
#1242 = EDGE_CURVE('',#1235,#1211,#1243,.T.);
#1243 = LINE('',#1244,#1245);
#1244 = CARTESIAN_POINT('',(-1.67,-1.67,-2.235174181159E-10));
#1245 = VECTOR('',#1246,1.);
#1246 = DIRECTION('',(-0.707106781187,0.707106781187,0.));
#1247 = ORIENTED_EDGE('',*,*,#1210,.T.);
#1248 = PLANE('',#1249);
#1249 = AXIS2_PLACEMENT_3D('',#1250,#1251,#1252);
#1250 = CARTESIAN_POINT('',(-1.67,-1.67,-2.235174181159E-10));
#1251 = DIRECTION('',(0.707106781187,0.707106781187,0.));
#1252 = DIRECTION('',(-0.707106781187,0.707106781187,0.));
#1253 = ADVANCED_FACE('',(#1254),#1272,.T.);
#1254 = FACE_BOUND('',#1255,.T.);
#1255 = EDGE_LOOP('',(#1256,#1257,#1265,#1271));
#1256 = ORIENTED_EDGE('',*,*,#507,.F.);
#1257 = ORIENTED_EDGE('',*,*,#1258,.F.);
#1258 = EDGE_CURVE('',#1259,#500,#1261,.T.);
#1259 = VERTEX_POINT('',#1260);
#1260 = CARTESIAN_POINT('',(-1.84,-2.4,-2.235174181159E-10));
#1261 = LINE('',#1262,#1263);
#1262 = CARTESIAN_POINT('',(-1.84,-2.4,-2.235174181159E-10));
#1263 = VECTOR('',#1264,1.);
#1264 = DIRECTION('',(0.,0.,1.));
#1265 = ORIENTED_EDGE('',*,*,#1266,.T.);
#1266 = EDGE_CURVE('',#1259,#1235,#1267,.T.);
#1267 = LINE('',#1268,#1269);
#1268 = CARTESIAN_POINT('',(-1.84,-1.773272886554E-15,
    -2.235174181159E-10));
#1269 = VECTOR('',#1270,1.);
#1270 = DIRECTION('',(-9.637352644316E-16,1.,0.));
#1271 = ORIENTED_EDGE('',*,*,#1234,.T.);
#1272 = PLANE('',#1273);
#1273 = AXIS2_PLACEMENT_3D('',#1274,#1275,#1276);
#1274 = CARTESIAN_POINT('',(-1.84,-1.773272886554E-15,
    -2.235174181159E-10));
#1275 = DIRECTION('',(1.,9.637352644316E-16,0.));
#1276 = DIRECTION('',(-9.637352644316E-16,1.,0.));
#1277 = ADVANCED_FACE('',(#1278),#1296,.F.);
#1278 = FACE_BOUND('',#1279,.T.);
#1279 = EDGE_LOOP('',(#1280,#1281,#1289,#1295));
#1280 = ORIENTED_EDGE('',*,*,#499,.T.);
#1281 = ORIENTED_EDGE('',*,*,#1282,.F.);
#1282 = EDGE_CURVE('',#1283,#492,#1285,.T.);
#1283 = VERTEX_POINT('',#1284);
#1284 = CARTESIAN_POINT('',(-3.24,-2.4,-2.235174181159E-10));
#1285 = LINE('',#1286,#1287);
#1286 = CARTESIAN_POINT('',(-3.24,-2.4,-2.235174181159E-10));
#1287 = VECTOR('',#1288,1.);
#1288 = DIRECTION('',(0.,0.,1.));
#1289 = ORIENTED_EDGE('',*,*,#1290,.F.);
#1290 = EDGE_CURVE('',#1259,#1283,#1291,.T.);
#1291 = LINE('',#1292,#1293);
#1292 = CARTESIAN_POINT('',(0.,-2.4,-2.235174181159E-10));
#1293 = VECTOR('',#1294,1.);
#1294 = DIRECTION('',(-1.,0.,0.));
#1295 = ORIENTED_EDGE('',*,*,#1258,.T.);
#1296 = PLANE('',#1297);
#1297 = AXIS2_PLACEMENT_3D('',#1298,#1299,#1300);
#1298 = CARTESIAN_POINT('',(0.,-2.4,-2.235174181159E-10));
#1299 = DIRECTION('',(0.,1.,0.));
#1300 = DIRECTION('',(0.,-0.,1.));
#1301 = ADVANCED_FACE('',(#1302),#1313,.T.);
#1302 = FACE_BOUND('',#1303,.T.);
#1303 = EDGE_LOOP('',(#1304,#1305,#1306,#1312));
#1304 = ORIENTED_EDGE('',*,*,#491,.F.);
#1305 = ORIENTED_EDGE('',*,*,#1195,.F.);
#1306 = ORIENTED_EDGE('',*,*,#1307,.T.);
#1307 = EDGE_CURVE('',#1187,#1283,#1308,.T.);
#1308 = LINE('',#1309,#1310);
#1309 = CARTESIAN_POINT('',(-3.24,3.512815038853E-15,-2.235174181159E-10
    ));
#1310 = VECTOR('',#1311,1.);
#1311 = DIRECTION('',(-1.084202172486E-15,-1.,0.));
#1312 = ORIENTED_EDGE('',*,*,#1282,.T.);
#1313 = PLANE('',#1314);
#1314 = AXIS2_PLACEMENT_3D('',#1315,#1316,#1317);
#1315 = CARTESIAN_POINT('',(-3.24,3.512815038853E-15,-2.235174181159E-10
    ));
#1316 = DIRECTION('',(-1.,1.084202172486E-15,0.));
#1317 = DIRECTION('',(-1.084202172486E-15,-1.,0.));
#1318 = ADVANCED_FACE('',(#1319),#1327,.T.);
#1319 = FACE_BOUND('',#1320,.T.);
#1320 = EDGE_LOOP('',(#1321,#1322,#1323,#1324,#1325,#1326));
#1321 = ORIENTED_EDGE('',*,*,#1186,.F.);
#1322 = ORIENTED_EDGE('',*,*,#1218,.F.);
#1323 = ORIENTED_EDGE('',*,*,#1242,.F.);
#1324 = ORIENTED_EDGE('',*,*,#1266,.F.);
#1325 = ORIENTED_EDGE('',*,*,#1290,.T.);
#1326 = ORIENTED_EDGE('',*,*,#1307,.F.);
#1327 = PLANE('',#1328);
#1328 = AXIS2_PLACEMENT_3D('',#1329,#1330,#1331);
#1329 = CARTESIAN_POINT('',(0.,0.,-2.235174181159E-10));
#1330 = DIRECTION('',(0.,0.,-1.));
#1331 = DIRECTION('',(-1.,0.,0.));
#1332 = ADVANCED_FACE('',(#1333),#1358,.F.);
#1333 = FACE_BOUND('',#1334,.T.);
#1334 = EDGE_LOOP('',(#1335,#1336,#1344,#1352));
#1335 = ORIENTED_EDGE('',*,*,#523,.T.);
#1336 = ORIENTED_EDGE('',*,*,#1337,.F.);
#1337 = EDGE_CURVE('',#1338,#526,#1340,.T.);
#1338 = VERTEX_POINT('',#1339);
#1339 = CARTESIAN_POINT('',(-1.84,2.,-2.235174181159E-10));
#1340 = LINE('',#1341,#1342);
#1341 = CARTESIAN_POINT('',(-1.84,2.,-2.235174181159E-10));
#1342 = VECTOR('',#1343,1.);
#1343 = DIRECTION('',(0.,0.,1.));
#1344 = ORIENTED_EDGE('',*,*,#1345,.F.);
#1345 = EDGE_CURVE('',#1346,#1338,#1348,.T.);
#1346 = VERTEX_POINT('',#1347);
#1347 = CARTESIAN_POINT('',(-1.84,2.4,-2.235174181159E-10));
#1348 = LINE('',#1349,#1350);
#1349 = CARTESIAN_POINT('',(-1.84,0.,-2.235174181159E-10));
#1350 = VECTOR('',#1351,1.);
#1351 = DIRECTION('',(0.,-1.,0.));
#1352 = ORIENTED_EDGE('',*,*,#1353,.T.);
#1353 = EDGE_CURVE('',#1346,#524,#1354,.T.);
#1354 = LINE('',#1355,#1356);
#1355 = CARTESIAN_POINT('',(-1.84,2.4,-2.235174181159E-10));
#1356 = VECTOR('',#1357,1.);
#1357 = DIRECTION('',(0.,0.,1.));
#1358 = PLANE('',#1359);
#1359 = AXIS2_PLACEMENT_3D('',#1360,#1361,#1362);
#1360 = CARTESIAN_POINT('',(-1.84,0.,-2.235174181159E-10));
#1361 = DIRECTION('',(-1.,0.,0.));
#1362 = DIRECTION('',(0.,0.,1.));
#1363 = ADVANCED_FACE('',(#1364),#1383,.T.);
#1364 = FACE_BOUND('',#1365,.T.);
#1365 = EDGE_LOOP('',(#1366,#1367,#1375,#1382));
#1366 = ORIENTED_EDGE('',*,*,#549,.T.);
#1367 = ORIENTED_EDGE('',*,*,#1368,.F.);
#1368 = EDGE_CURVE('',#1369,#542,#1371,.T.);
#1369 = VERTEX_POINT('',#1370);
#1370 = CARTESIAN_POINT('',(-3.24,2.,-2.235174181159E-10));
#1371 = LINE('',#1372,#1373);
#1372 = CARTESIAN_POINT('',(-3.24,2.,-2.235174181159E-10));
#1373 = VECTOR('',#1374,1.);
#1374 = DIRECTION('',(0.,0.,1.));
#1375 = ORIENTED_EDGE('',*,*,#1376,.F.);
#1376 = EDGE_CURVE('',#1338,#1369,#1377,.T.);
#1377 = CIRCLE('',#1378,0.7);
#1378 = AXIS2_PLACEMENT_3D('',#1379,#1380,#1381);
#1379 = CARTESIAN_POINT('',(-2.54,2.,-2.235174181159E-10));
#1380 = DIRECTION('',(0.,0.,-1.));
#1381 = DIRECTION('',(-1.,0.,0.));
#1382 = ORIENTED_EDGE('',*,*,#1337,.T.);
#1383 = CYLINDRICAL_SURFACE('',#1384,0.7);
#1384 = AXIS2_PLACEMENT_3D('',#1385,#1386,#1387);
#1385 = CARTESIAN_POINT('',(-2.54,2.,-2.235174181159E-10));
#1386 = DIRECTION('',(0.,0.,1.));
#1387 = DIRECTION('',(1.,0.,-0.));
#1388 = ADVANCED_FACE('',(#1389),#1407,.T.);
#1389 = FACE_BOUND('',#1390,.T.);
#1390 = EDGE_LOOP('',(#1391,#1392,#1400,#1406));
#1391 = ORIENTED_EDGE('',*,*,#541,.F.);
#1392 = ORIENTED_EDGE('',*,*,#1393,.F.);
#1393 = EDGE_CURVE('',#1394,#534,#1396,.T.);
#1394 = VERTEX_POINT('',#1395);
#1395 = CARTESIAN_POINT('',(-3.24,2.4,-2.235174181159E-10));
#1396 = LINE('',#1397,#1398);
#1397 = CARTESIAN_POINT('',(-3.24,2.4,-2.235174181159E-10));
#1398 = VECTOR('',#1399,1.);
#1399 = DIRECTION('',(0.,0.,1.));
#1400 = ORIENTED_EDGE('',*,*,#1401,.T.);
#1401 = EDGE_CURVE('',#1394,#1369,#1402,.T.);
#1402 = LINE('',#1403,#1404);
#1403 = CARTESIAN_POINT('',(-3.24,3.512815038853E-15,-2.235174181159E-10
    ));
#1404 = VECTOR('',#1405,1.);
#1405 = DIRECTION('',(-1.084202172486E-15,-1.,0.));
#1406 = ORIENTED_EDGE('',*,*,#1368,.T.);
#1407 = PLANE('',#1408);
#1408 = AXIS2_PLACEMENT_3D('',#1409,#1410,#1411);
#1409 = CARTESIAN_POINT('',(-3.24,3.512815038853E-15,-2.235174181159E-10
    ));
#1410 = DIRECTION('',(-1.,1.084202172486E-15,0.));
#1411 = DIRECTION('',(-1.084202172486E-15,-1.,0.));
#1412 = ADVANCED_FACE('',(#1413),#1424,.T.);
#1413 = FACE_BOUND('',#1414,.T.);
#1414 = EDGE_LOOP('',(#1415,#1416,#1417,#1423));
#1415 = ORIENTED_EDGE('',*,*,#533,.F.);
#1416 = ORIENTED_EDGE('',*,*,#1353,.F.);
#1417 = ORIENTED_EDGE('',*,*,#1418,.T.);
#1418 = EDGE_CURVE('',#1346,#1394,#1419,.T.);
#1419 = LINE('',#1420,#1421);
#1420 = CARTESIAN_POINT('',(7.434529182758E-16,2.4,-2.235174181159E-10)
  );
#1421 = VECTOR('',#1422,1.);
#1422 = DIRECTION('',(-1.,3.097720492816E-16,0.));
#1423 = ORIENTED_EDGE('',*,*,#1393,.T.);
#1424 = PLANE('',#1425);
#1425 = AXIS2_PLACEMENT_3D('',#1426,#1427,#1428);
#1426 = CARTESIAN_POINT('',(7.434529182758E-16,2.4,-2.235174181159E-10)
  );
#1427 = DIRECTION('',(3.097720492816E-16,1.,0.));
#1428 = DIRECTION('',(-1.,3.097720492816E-16,0.));
#1429 = ADVANCED_FACE('',(#1430),#1436,.T.);
#1430 = FACE_BOUND('',#1431,.T.);
#1431 = EDGE_LOOP('',(#1432,#1433,#1434,#1435));
#1432 = ORIENTED_EDGE('',*,*,#1345,.T.);
#1433 = ORIENTED_EDGE('',*,*,#1376,.T.);
#1434 = ORIENTED_EDGE('',*,*,#1401,.F.);
#1435 = ORIENTED_EDGE('',*,*,#1418,.F.);
#1436 = PLANE('',#1437);
#1437 = AXIS2_PLACEMENT_3D('',#1438,#1439,#1440);
#1438 = CARTESIAN_POINT('',(0.,0.,-2.235174181159E-10));
#1439 = DIRECTION('',(0.,0.,-1.));
#1440 = DIRECTION('',(-1.,0.,0.));
#1441 = ADVANCED_FACE('',(#1442),#1467,.F.);
#1442 = FACE_BOUND('',#1443,.T.);
#1443 = EDGE_LOOP('',(#1444,#1445,#1453,#1461));
#1444 = ORIENTED_EDGE('',*,*,#333,.T.);
#1445 = ORIENTED_EDGE('',*,*,#1446,.F.);
#1446 = EDGE_CURVE('',#1447,#336,#1449,.T.);
#1447 = VERTEX_POINT('',#1448);
#1448 = CARTESIAN_POINT('',(0.7,2.,-2.235174181159E-10));
#1449 = LINE('',#1450,#1451);
#1450 = CARTESIAN_POINT('',(0.7,2.,-2.235174181159E-10));
#1451 = VECTOR('',#1452,1.);
#1452 = DIRECTION('',(0.,0.,1.));
#1453 = ORIENTED_EDGE('',*,*,#1454,.F.);
#1454 = EDGE_CURVE('',#1455,#1447,#1457,.T.);
#1455 = VERTEX_POINT('',#1456);
#1456 = CARTESIAN_POINT('',(0.7,2.4,-2.235174181159E-10));
#1457 = LINE('',#1458,#1459);
#1458 = CARTESIAN_POINT('',(0.7,-1.89735380185E-16,-2.235174181159E-10)
  );
#1459 = VECTOR('',#1460,1.);
#1460 = DIRECTION('',(-2.710505431214E-16,-1.,0.));
#1461 = ORIENTED_EDGE('',*,*,#1462,.T.);
#1462 = EDGE_CURVE('',#1455,#334,#1463,.T.);
#1463 = LINE('',#1464,#1465);
#1464 = CARTESIAN_POINT('',(0.7,2.4,-2.235174181159E-10));
#1465 = VECTOR('',#1466,1.);
#1466 = DIRECTION('',(0.,0.,1.));
#1467 = PLANE('',#1468);
#1468 = AXIS2_PLACEMENT_3D('',#1469,#1470,#1471);
#1469 = CARTESIAN_POINT('',(0.7,-1.89735380185E-16,-2.235174181159E-10)
  );
#1470 = DIRECTION('',(-1.,2.710505431214E-16,0.));
#1471 = DIRECTION('',(-2.710505431214E-16,-1.,0.));
#1472 = ADVANCED_FACE('',(#1473),#1492,.T.);
#1473 = FACE_BOUND('',#1474,.T.);
#1474 = EDGE_LOOP('',(#1475,#1476,#1484,#1491));
#1475 = ORIENTED_EDGE('',*,*,#359,.T.);
#1476 = ORIENTED_EDGE('',*,*,#1477,.F.);
#1477 = EDGE_CURVE('',#1478,#352,#1480,.T.);
#1478 = VERTEX_POINT('',#1479);
#1479 = CARTESIAN_POINT('',(-0.7,2.,-2.235174181159E-10));
#1480 = LINE('',#1481,#1482);
#1481 = CARTESIAN_POINT('',(-0.7,2.,-2.235174181159E-10));
#1482 = VECTOR('',#1483,1.);
#1483 = DIRECTION('',(0.,0.,1.));
#1484 = ORIENTED_EDGE('',*,*,#1485,.F.);
#1485 = EDGE_CURVE('',#1447,#1478,#1486,.T.);
#1486 = CIRCLE('',#1487,0.7);
#1487 = AXIS2_PLACEMENT_3D('',#1488,#1489,#1490);
#1488 = CARTESIAN_POINT('',(-4.370865519893E-19,2.,-2.235174181159E-10)
  );
#1489 = DIRECTION('',(0.,0.,-1.));
#1490 = DIRECTION('',(-1.,0.,0.));
#1491 = ORIENTED_EDGE('',*,*,#1446,.T.);
#1492 = CYLINDRICAL_SURFACE('',#1493,0.7);
#1493 = AXIS2_PLACEMENT_3D('',#1494,#1495,#1496);
#1494 = CARTESIAN_POINT('',(-4.370865519893E-19,2.,-2.235174181159E-10)
  );
#1495 = DIRECTION('',(0.,0.,1.));
#1496 = DIRECTION('',(1.,0.,-0.));
#1497 = ADVANCED_FACE('',(#1498),#1516,.T.);
#1498 = FACE_BOUND('',#1499,.T.);
#1499 = EDGE_LOOP('',(#1500,#1501,#1509,#1515));
#1500 = ORIENTED_EDGE('',*,*,#351,.F.);
#1501 = ORIENTED_EDGE('',*,*,#1502,.F.);
#1502 = EDGE_CURVE('',#1503,#344,#1505,.T.);
#1503 = VERTEX_POINT('',#1504);
#1504 = CARTESIAN_POINT('',(-0.7,2.4,-2.235174181159E-10));
#1505 = LINE('',#1506,#1507);
#1506 = CARTESIAN_POINT('',(-0.7,2.4,-2.235174181159E-10));
#1507 = VECTOR('',#1508,1.);
#1508 = DIRECTION('',(0.,0.,1.));
#1509 = ORIENTED_EDGE('',*,*,#1510,.T.);
#1510 = EDGE_CURVE('',#1503,#1478,#1511,.T.);
#1511 = LINE('',#1512,#1513);
#1512 = CARTESIAN_POINT('',(-0.7,1.89735380185E-16,-2.235174181159E-10)
  );
#1513 = VECTOR('',#1514,1.);
#1514 = DIRECTION('',(-2.710505431214E-16,-1.,0.));
#1515 = ORIENTED_EDGE('',*,*,#1477,.T.);
#1516 = PLANE('',#1517);
#1517 = AXIS2_PLACEMENT_3D('',#1518,#1519,#1520);
#1518 = CARTESIAN_POINT('',(-0.7,1.89735380185E-16,-2.235174181159E-10)
  );
#1519 = DIRECTION('',(-1.,2.710505431214E-16,0.));
#1520 = DIRECTION('',(-2.710505431214E-16,-1.,0.));
#1521 = ADVANCED_FACE('',(#1522),#1533,.T.);
#1522 = FACE_BOUND('',#1523,.T.);
#1523 = EDGE_LOOP('',(#1524,#1525,#1526,#1532));
#1524 = ORIENTED_EDGE('',*,*,#343,.F.);
#1525 = ORIENTED_EDGE('',*,*,#1462,.F.);
#1526 = ORIENTED_EDGE('',*,*,#1527,.T.);
#1527 = EDGE_CURVE('',#1455,#1503,#1528,.T.);
#1528 = LINE('',#1529,#1530);
#1529 = CARTESIAN_POINT('',(7.434529182758E-16,2.4,-2.235174181159E-10)
  );
#1530 = VECTOR('',#1531,1.);
#1531 = DIRECTION('',(-1.,3.097720492816E-16,0.));
#1532 = ORIENTED_EDGE('',*,*,#1502,.T.);
#1533 = PLANE('',#1534);
#1534 = AXIS2_PLACEMENT_3D('',#1535,#1536,#1537);
#1535 = CARTESIAN_POINT('',(7.434529182758E-16,2.4,-2.235174181159E-10)
  );
#1536 = DIRECTION('',(3.097720492816E-16,1.,0.));
#1537 = DIRECTION('',(-1.,3.097720492816E-16,0.));
#1538 = ADVANCED_FACE('',(#1539),#1545,.T.);
#1539 = FACE_BOUND('',#1540,.T.);
#1540 = EDGE_LOOP('',(#1541,#1542,#1543,#1544));
#1541 = ORIENTED_EDGE('',*,*,#1454,.T.);
#1542 = ORIENTED_EDGE('',*,*,#1485,.T.);
#1543 = ORIENTED_EDGE('',*,*,#1510,.F.);
#1544 = ORIENTED_EDGE('',*,*,#1527,.F.);
#1545 = PLANE('',#1546);
#1546 = AXIS2_PLACEMENT_3D('',#1547,#1548,#1549);
#1547 = CARTESIAN_POINT('',(0.,0.,-2.235174181159E-10));
#1548 = DIRECTION('',(0.,0.,-1.));
#1549 = DIRECTION('',(-1.,0.,0.));
#1550 = ADVANCED_FACE('',(#1551),#1577,.T.);
#1551 = FACE_BOUND('',#1552,.T.);
#1552 = EDGE_LOOP('',(#1553,#1554,#1562,#1571));
#1553 = ORIENTED_EDGE('',*,*,#568,.F.);
#1554 = ORIENTED_EDGE('',*,*,#1555,.F.);
#1555 = EDGE_CURVE('',#1556,#561,#1558,.T.);
#1556 = VERTEX_POINT('',#1557);
#1557 = CARTESIAN_POINT('',(1.84,2.,-2.235174181159E-10));
#1558 = LINE('',#1559,#1560);
#1559 = CARTESIAN_POINT('',(1.84,2.,-2.235174181159E-10));
#1560 = VECTOR('',#1561,1.);
#1561 = DIRECTION('',(0.,0.,1.));
#1562 = ORIENTED_EDGE('',*,*,#1563,.T.);
#1563 = EDGE_CURVE('',#1556,#1564,#1566,.T.);
#1564 = VERTEX_POINT('',#1565);
#1565 = CARTESIAN_POINT('',(3.24,2.,-2.235174181159E-10));
#1566 = CIRCLE('',#1567,0.7);
#1567 = AXIS2_PLACEMENT_3D('',#1568,#1569,#1570);
#1568 = CARTESIAN_POINT('',(2.54,2.,-2.235174181159E-10));
#1569 = DIRECTION('',(0.,0.,1.));
#1570 = DIRECTION('',(-1.,-6.195440985631E-16,0.));
#1571 = ORIENTED_EDGE('',*,*,#1572,.T.);
#1572 = EDGE_CURVE('',#1564,#569,#1573,.T.);
#1573 = LINE('',#1574,#1575);
#1574 = CARTESIAN_POINT('',(3.24,2.,-2.235174181159E-10));
#1575 = VECTOR('',#1576,1.);
#1576 = DIRECTION('',(0.,0.,1.));
#1577 = CYLINDRICAL_SURFACE('',#1578,0.7);
#1578 = AXIS2_PLACEMENT_3D('',#1579,#1580,#1581);
#1579 = CARTESIAN_POINT('',(2.54,2.,-2.235174181159E-10));
#1580 = DIRECTION('',(0.,0.,1.));
#1581 = DIRECTION('',(1.,0.,-0.));
#1582 = ADVANCED_FACE('',(#1583),#1601,.T.);
#1583 = FACE_BOUND('',#1584,.T.);
#1584 = EDGE_LOOP('',(#1585,#1586,#1594,#1600));
#1585 = ORIENTED_EDGE('',*,*,#558,.F.);
#1586 = ORIENTED_EDGE('',*,*,#1587,.F.);
#1587 = EDGE_CURVE('',#1588,#559,#1590,.T.);
#1588 = VERTEX_POINT('',#1589);
#1589 = CARTESIAN_POINT('',(1.84,2.4,-2.235174181159E-10));
#1590 = LINE('',#1591,#1592);
#1591 = CARTESIAN_POINT('',(1.84,2.4,-2.235174181159E-10));
#1592 = VECTOR('',#1593,1.);
#1593 = DIRECTION('',(0.,0.,1.));
#1594 = ORIENTED_EDGE('',*,*,#1595,.T.);
#1595 = EDGE_CURVE('',#1588,#1556,#1596,.T.);
#1596 = LINE('',#1597,#1598);
#1597 = CARTESIAN_POINT('',(1.84,0.,-2.235174181159E-10));
#1598 = VECTOR('',#1599,1.);
#1599 = DIRECTION('',(0.,-1.,0.));
#1600 = ORIENTED_EDGE('',*,*,#1555,.T.);
#1601 = PLANE('',#1602);
#1602 = AXIS2_PLACEMENT_3D('',#1603,#1604,#1605);
#1603 = CARTESIAN_POINT('',(1.84,0.,-2.235174181159E-10));
#1604 = DIRECTION('',(-1.,0.,0.));
#1605 = DIRECTION('',(0.,0.,1.));
#1606 = ADVANCED_FACE('',(#1607),#1625,.F.);
#1607 = FACE_BOUND('',#1608,.T.);
#1608 = EDGE_LOOP('',(#1609,#1610,#1618,#1624));
#1609 = ORIENTED_EDGE('',*,*,#585,.T.);
#1610 = ORIENTED_EDGE('',*,*,#1611,.F.);
#1611 = EDGE_CURVE('',#1612,#578,#1614,.T.);
#1612 = VERTEX_POINT('',#1613);
#1613 = CARTESIAN_POINT('',(3.24,2.4,-2.235174181159E-10));
#1614 = LINE('',#1615,#1616);
#1615 = CARTESIAN_POINT('',(3.24,2.4,-2.235174181159E-10));
#1616 = VECTOR('',#1617,1.);
#1617 = DIRECTION('',(0.,0.,1.));
#1618 = ORIENTED_EDGE('',*,*,#1619,.F.);
#1619 = EDGE_CURVE('',#1588,#1612,#1620,.T.);
#1620 = LINE('',#1621,#1622);
#1621 = CARTESIAN_POINT('',(-7.434529182758E-16,2.4,-2.235174181159E-10)
  );
#1622 = VECTOR('',#1623,1.);
#1623 = DIRECTION('',(1.,3.097720492816E-16,0.));
#1624 = ORIENTED_EDGE('',*,*,#1587,.T.);
#1625 = PLANE('',#1626);
#1626 = AXIS2_PLACEMENT_3D('',#1627,#1628,#1629);
#1627 = CARTESIAN_POINT('',(-7.434529182758E-16,2.4,-2.235174181159E-10)
  );
#1628 = DIRECTION('',(3.097720492816E-16,-1.,0.));
#1629 = DIRECTION('',(1.,3.097720492816E-16,0.));
#1630 = ADVANCED_FACE('',(#1631),#1642,.F.);
#1631 = FACE_BOUND('',#1632,.T.);
#1632 = EDGE_LOOP('',(#1633,#1634,#1635,#1641));
#1633 = ORIENTED_EDGE('',*,*,#577,.T.);
#1634 = ORIENTED_EDGE('',*,*,#1572,.F.);
#1635 = ORIENTED_EDGE('',*,*,#1636,.F.);
#1636 = EDGE_CURVE('',#1612,#1564,#1637,.T.);
#1637 = LINE('',#1638,#1639);
#1638 = CARTESIAN_POINT('',(3.24,3.512815038853E-15,-2.235174181159E-10)
  );
#1639 = VECTOR('',#1640,1.);
#1640 = DIRECTION('',(1.084202172486E-15,-1.,0.));
#1641 = ORIENTED_EDGE('',*,*,#1611,.T.);
#1642 = PLANE('',#1643);
#1643 = AXIS2_PLACEMENT_3D('',#1644,#1645,#1646);
#1644 = CARTESIAN_POINT('',(3.24,3.512815038853E-15,-2.235174181159E-10)
  );
#1645 = DIRECTION('',(-1.,-1.084202172486E-15,0.));
#1646 = DIRECTION('',(1.084202172486E-15,-1.,0.));
#1647 = ADVANCED_FACE('',(#1648),#1654,.T.);
#1648 = FACE_BOUND('',#1649,.T.);
#1649 = EDGE_LOOP('',(#1650,#1651,#1652,#1653));
#1650 = ORIENTED_EDGE('',*,*,#1563,.F.);
#1651 = ORIENTED_EDGE('',*,*,#1595,.F.);
#1652 = ORIENTED_EDGE('',*,*,#1619,.T.);
#1653 = ORIENTED_EDGE('',*,*,#1636,.T.);
#1654 = PLANE('',#1655);
#1655 = AXIS2_PLACEMENT_3D('',#1656,#1657,#1658);
#1656 = CARTESIAN_POINT('',(0.,0.,-2.235174181159E-10));
#1657 = DIRECTION('',(0.,0.,-1.));
#1658 = DIRECTION('',(-1.,0.,0.));
#1659 = ADVANCED_FACE('',(#1660),#1685,.T.);
#1660 = FACE_BOUND('',#1661,.T.);
#1661 = EDGE_LOOP('',(#1662,#1663,#1671,#1679));
#1662 = ORIENTED_EDGE('',*,*,#593,.F.);
#1663 = ORIENTED_EDGE('',*,*,#1664,.F.);
#1664 = EDGE_CURVE('',#1665,#594,#1667,.T.);
#1665 = VERTEX_POINT('',#1666);
#1666 = CARTESIAN_POINT('',(2.080106253285,0.156064819085,
    1.099999977648E-02));
#1667 = LINE('',#1668,#1669);
#1668 = CARTESIAN_POINT('',(2.080106253285,0.156064819085,
    1.099999977648E-02));
#1669 = VECTOR('',#1670,1.);
#1670 = DIRECTION('',(-0.,-0.,-1.));
#1671 = ORIENTED_EDGE('',*,*,#1672,.T.);
#1672 = EDGE_CURVE('',#1665,#1673,#1675,.T.);
#1673 = VERTEX_POINT('',#1674);
#1674 = CARTESIAN_POINT('',(1.963033082554,-0.143935180915,
    1.099999977648E-02));
#1675 = LINE('',#1676,#1677);
#1676 = CARTESIAN_POINT('',(2.080106253285,0.156064819085,
    1.099999977648E-02));
#1677 = VECTOR('',#1678,1.);
#1678 = DIRECTION('',(-0.363542485653,-0.931577619485,-0.));
#1679 = ORIENTED_EDGE('',*,*,#1680,.T.);
#1680 = EDGE_CURVE('',#1673,#596,#1681,.T.);
#1681 = LINE('',#1682,#1683);
#1682 = CARTESIAN_POINT('',(1.963033082554,-0.143935180915,
    1.099999977648E-02));
#1683 = VECTOR('',#1684,1.);
#1684 = DIRECTION('',(-0.,-0.,-1.));
#1685 = PLANE('',#1686);
#1686 = AXIS2_PLACEMENT_3D('',#1687,#1688,#1689);
#1687 = CARTESIAN_POINT('',(2.080106253285,0.156064819085,
    1.099999977648E-02));
#1688 = DIRECTION('',(0.931577619485,-0.363542485653,0.));
#1689 = DIRECTION('',(0.363542485653,0.931577619485,0.));
#1690 = ADVANCED_FACE('',(#1691),#1709,.T.);
#1691 = FACE_BOUND('',#1692,.T.);
#1692 = EDGE_LOOP('',(#1693,#1694,#1695,#1703));
#1693 = ORIENTED_EDGE('',*,*,#603,.F.);
#1694 = ORIENTED_EDGE('',*,*,#1680,.F.);
#1695 = ORIENTED_EDGE('',*,*,#1696,.T.);
#1696 = EDGE_CURVE('',#1673,#1697,#1699,.T.);
#1697 = VERTEX_POINT('',#1698);
#1698 = CARTESIAN_POINT('',(2.006935521578,-0.143935180915,
    1.099999977648E-02));
#1699 = LINE('',#1700,#1701);
#1700 = CARTESIAN_POINT('',(1.963033082554,-0.143935180915,
    1.099999977648E-02));
#1701 = VECTOR('',#1702,1.);
#1702 = DIRECTION('',(1.,0.,0.));
#1703 = ORIENTED_EDGE('',*,*,#1704,.T.);
#1704 = EDGE_CURVE('',#1697,#604,#1705,.T.);
#1705 = LINE('',#1706,#1707);
#1706 = CARTESIAN_POINT('',(2.006935521578,-0.143935180915,
    1.099999977648E-02));
#1707 = VECTOR('',#1708,1.);
#1708 = DIRECTION('',(-0.,-0.,-1.));
#1709 = PLANE('',#1710);
#1710 = AXIS2_PLACEMENT_3D('',#1711,#1712,#1713);
#1711 = CARTESIAN_POINT('',(1.963033082554,-0.143935180915,
    1.099999977648E-02));
#1712 = DIRECTION('',(0.,1.,0.));
#1713 = DIRECTION('',(0.,-0.,1.));
#1714 = ADVANCED_FACE('',(#1715),#1733,.T.);
#1715 = FACE_BOUND('',#1716,.T.);
#1716 = EDGE_LOOP('',(#1717,#1718,#1719,#1727));
#1717 = ORIENTED_EDGE('',*,*,#611,.F.);
#1718 = ORIENTED_EDGE('',*,*,#1704,.F.);
#1719 = ORIENTED_EDGE('',*,*,#1720,.T.);
#1720 = EDGE_CURVE('',#1697,#1721,#1723,.T.);
#1721 = VERTEX_POINT('',#1722);
#1722 = CARTESIAN_POINT('',(2.03728994231,-5.978883945196E-02,
    1.099999977648E-02));
#1723 = LINE('',#1724,#1725);
#1724 = CARTESIAN_POINT('',(2.006935521578,-0.143935180915,
    1.099999977648E-02));
#1725 = VECTOR('',#1726,1.);
#1726 = DIRECTION('',(0.339330377275,0.940667260544,0.));
#1727 = ORIENTED_EDGE('',*,*,#1728,.T.);
#1728 = EDGE_CURVE('',#1721,#612,#1729,.T.);
#1729 = LINE('',#1730,#1731);
#1730 = CARTESIAN_POINT('',(2.03728994231,-5.978883945196E-02,
    1.099999977648E-02));
#1731 = VECTOR('',#1732,1.);
#1732 = DIRECTION('',(-0.,-0.,-1.));
#1733 = PLANE('',#1734);
#1734 = AXIS2_PLACEMENT_3D('',#1735,#1736,#1737);
#1735 = CARTESIAN_POINT('',(2.006935521578,-0.143935180915,
    1.099999977648E-02));
#1736 = DIRECTION('',(-0.940667260544,0.339330377275,0.));
#1737 = DIRECTION('',(-0.339330377275,-0.940667260544,0.));
#1738 = ADVANCED_FACE('',(#1739),#1757,.T.);
#1739 = FACE_BOUND('',#1740,.T.);
#1740 = EDGE_LOOP('',(#1741,#1742,#1743,#1751));
#1741 = ORIENTED_EDGE('',*,*,#619,.F.);
#1742 = ORIENTED_EDGE('',*,*,#1728,.F.);
#1743 = ORIENTED_EDGE('',*,*,#1744,.T.);
#1744 = EDGE_CURVE('',#1721,#1745,#1747,.T.);
#1745 = VERTEX_POINT('',#1746);
#1746 = CARTESIAN_POINT('',(2.161222869139,-5.978883945196E-02,
    1.099999977648E-02));
#1747 = LINE('',#1748,#1749);
#1748 = CARTESIAN_POINT('',(2.03728994231,-5.978883945196E-02,
    1.099999977648E-02));
#1749 = VECTOR('',#1750,1.);
#1750 = DIRECTION('',(1.,0.,0.));
#1751 = ORIENTED_EDGE('',*,*,#1752,.T.);
#1752 = EDGE_CURVE('',#1745,#620,#1753,.T.);
#1753 = LINE('',#1754,#1755);
#1754 = CARTESIAN_POINT('',(2.161222869139,-5.978883945196E-02,
    1.099999977648E-02));
#1755 = VECTOR('',#1756,1.);
#1756 = DIRECTION('',(-0.,-0.,-1.));
#1757 = PLANE('',#1758);
#1758 = AXIS2_PLACEMENT_3D('',#1759,#1760,#1761);
#1759 = CARTESIAN_POINT('',(2.03728994231,-5.978883945196E-02,
    1.099999977648E-02));
#1760 = DIRECTION('',(0.,1.,0.));
#1761 = DIRECTION('',(0.,-0.,1.));
#1762 = ADVANCED_FACE('',(#1763),#1781,.T.);
#1763 = FACE_BOUND('',#1764,.T.);
#1764 = EDGE_LOOP('',(#1765,#1766,#1767,#1775));
#1765 = ORIENTED_EDGE('',*,*,#627,.F.);
#1766 = ORIENTED_EDGE('',*,*,#1752,.F.);
#1767 = ORIENTED_EDGE('',*,*,#1768,.T.);
#1768 = EDGE_CURVE('',#1745,#1769,#1771,.T.);
#1769 = VERTEX_POINT('',#1770);
#1770 = CARTESIAN_POINT('',(2.189862350846,-0.143935180915,
    1.099999977648E-02));
#1771 = LINE('',#1772,#1773);
#1772 = CARTESIAN_POINT('',(2.161222869139,-5.978883945196E-02,
    1.099999977648E-02));
#1773 = VECTOR('',#1774,1.);
#1774 = DIRECTION('',(0.322202485606,-0.946670776072,0.));
#1775 = ORIENTED_EDGE('',*,*,#1776,.T.);
#1776 = EDGE_CURVE('',#1769,#628,#1777,.T.);
#1777 = LINE('',#1778,#1779);
#1778 = CARTESIAN_POINT('',(2.189862350846,-0.143935180915,
    1.099999977648E-02));
#1779 = VECTOR('',#1780,1.);
#1780 = DIRECTION('',(-0.,-0.,-1.));
#1781 = PLANE('',#1782);
#1782 = AXIS2_PLACEMENT_3D('',#1783,#1784,#1785);
#1783 = CARTESIAN_POINT('',(2.161222869139,-5.978883945196E-02,
    1.099999977648E-02));
#1784 = DIRECTION('',(0.946670776072,0.322202485606,0.));
#1785 = DIRECTION('',(-0.322202485606,0.946670776072,0.));
#1786 = ADVANCED_FACE('',(#1787),#1805,.T.);
#1787 = FACE_BOUND('',#1788,.T.);
#1788 = EDGE_LOOP('',(#1789,#1790,#1791,#1799));
#1789 = ORIENTED_EDGE('',*,*,#635,.F.);
#1790 = ORIENTED_EDGE('',*,*,#1776,.F.);
#1791 = ORIENTED_EDGE('',*,*,#1792,.T.);
#1792 = EDGE_CURVE('',#1769,#1793,#1795,.T.);
#1793 = VERTEX_POINT('',#1794);
#1794 = CARTESIAN_POINT('',(2.233764789871,-0.143935180915,
    1.099999977648E-02));
#1795 = LINE('',#1796,#1797);
#1796 = CARTESIAN_POINT('',(2.189862350846,-0.143935180915,
    1.099999977648E-02));
#1797 = VECTOR('',#1798,1.);
#1798 = DIRECTION('',(1.,0.,0.));
#1799 = ORIENTED_EDGE('',*,*,#1800,.T.);
#1800 = EDGE_CURVE('',#1793,#636,#1801,.T.);
#1801 = LINE('',#1802,#1803);
#1802 = CARTESIAN_POINT('',(2.233764789871,-0.143935180915,
    1.099999977648E-02));
#1803 = VECTOR('',#1804,1.);
#1804 = DIRECTION('',(-0.,-0.,-1.));
#1805 = PLANE('',#1806);
#1806 = AXIS2_PLACEMENT_3D('',#1807,#1808,#1809);
#1807 = CARTESIAN_POINT('',(2.189862350846,-0.143935180915,
    1.099999977648E-02));
#1808 = DIRECTION('',(0.,1.,0.));
#1809 = DIRECTION('',(0.,-0.,1.));
#1810 = ADVANCED_FACE('',(#1811),#1829,.T.);
#1811 = FACE_BOUND('',#1812,.T.);
#1812 = EDGE_LOOP('',(#1813,#1814,#1815,#1823));
#1813 = ORIENTED_EDGE('',*,*,#643,.F.);
#1814 = ORIENTED_EDGE('',*,*,#1800,.F.);
#1815 = ORIENTED_EDGE('',*,*,#1816,.T.);
#1816 = EDGE_CURVE('',#1793,#1817,#1819,.T.);
#1817 = VERTEX_POINT('',#1818);
#1818 = CARTESIAN_POINT('',(2.120350155724,0.156064819085,
    1.099999977648E-02));
#1819 = LINE('',#1820,#1821);
#1820 = CARTESIAN_POINT('',(2.233764789871,-0.143935180915,
    1.099999977648E-02));
#1821 = VECTOR('',#1822,1.);
#1822 = DIRECTION('',(-0.353622392329,0.93538826358,0.));
#1823 = ORIENTED_EDGE('',*,*,#1824,.T.);
#1824 = EDGE_CURVE('',#1817,#644,#1825,.T.);
#1825 = LINE('',#1826,#1827);
#1826 = CARTESIAN_POINT('',(2.120350155724,0.156064819085,
    1.099999977648E-02));
#1827 = VECTOR('',#1828,1.);
#1828 = DIRECTION('',(-0.,-0.,-1.));
#1829 = PLANE('',#1830);
#1830 = AXIS2_PLACEMENT_3D('',#1831,#1832,#1833);
#1831 = CARTESIAN_POINT('',(2.233764789871,-0.143935180915,
    1.099999977648E-02));
#1832 = DIRECTION('',(-0.93538826358,-0.353622392329,0.));
#1833 = DIRECTION('',(0.353622392329,-0.93538826358,0.));
#1834 = ADVANCED_FACE('',(#1835),#1846,.T.);
#1835 = FACE_BOUND('',#1836,.T.);
#1836 = EDGE_LOOP('',(#1837,#1838,#1839,#1845));
#1837 = ORIENTED_EDGE('',*,*,#651,.F.);
#1838 = ORIENTED_EDGE('',*,*,#1824,.F.);
#1839 = ORIENTED_EDGE('',*,*,#1840,.T.);
#1840 = EDGE_CURVE('',#1817,#1665,#1841,.T.);
#1841 = LINE('',#1842,#1843);
#1842 = CARTESIAN_POINT('',(2.120350155724,0.156064819085,
    1.099999977648E-02));
#1843 = VECTOR('',#1844,1.);
#1844 = DIRECTION('',(-1.,0.,0.));
#1845 = ORIENTED_EDGE('',*,*,#1664,.T.);
#1846 = PLANE('',#1847);
#1847 = AXIS2_PLACEMENT_3D('',#1848,#1849,#1850);
#1848 = CARTESIAN_POINT('',(2.120350155724,0.156064819085,
    1.099999977648E-02));
#1849 = DIRECTION('',(0.,-1.,0.));
#1850 = DIRECTION('',(0.,0.,-1.));
#1851 = ADVANCED_FACE('',(#1852,#1910),#1920,.F.);
#1852 = FACE_BOUND('',#1853,.T.);
#1853 = EDGE_LOOP('',(#1854,#1864,#1872,#1884,#1892,#1904));
#1854 = ORIENTED_EDGE('',*,*,#1855,.F.);
#1855 = EDGE_CURVE('',#1856,#1858,#1860,.T.);
#1856 = VERTEX_POINT('',#1857);
#1857 = CARTESIAN_POINT('',(2.151104728895,-2.686201018367E-02,
    1.099999977648E-02));
#1858 = VERTEX_POINT('',#1859);
#1859 = CARTESIAN_POINT('',(2.050780795968,-2.686201018367E-02,
    1.099999977648E-02));
#1860 = LINE('',#1861,#1862);
#1861 = CARTESIAN_POINT('',(2.151104728895,-2.686201018367E-02,
    1.099999977648E-02));
#1862 = VECTOR('',#1863,1.);
#1863 = DIRECTION('',(-1.,0.,0.));
#1864 = ORIENTED_EDGE('',*,*,#1865,.F.);
#1865 = EDGE_CURVE('',#1866,#1856,#1868,.T.);
#1866 = VERTEX_POINT('',#1867);
#1867 = CARTESIAN_POINT('',(2.106344820359,9.844286786511E-02,
    1.099999977648E-02));
#1868 = LINE('',#1869,#1870);
#1869 = CARTESIAN_POINT('',(2.106344820359,9.844286786511E-02,
    1.099999977648E-02));
#1870 = VECTOR('',#1871,1.);
#1871 = DIRECTION('',(0.336390827665,-0.941722470297,0.));
#1872 = ORIENTED_EDGE('',*,*,#1873,.F.);
#1873 = EDGE_CURVE('',#1874,#1866,#1876,.T.);
#1874 = VERTEX_POINT('',#1875);
#1875 = CARTESIAN_POINT('',(2.10154299109,0.119479453231,
    1.099999977648E-02));
#1876 = B_SPLINE_CURVE_WITH_KNOTS('',3,(#1877,#1878,#1879,#1880,#1881,
    #1882,#1883),.UNSPECIFIED.,.F.,.F.,(4,1,1,1,4),(0.,0.300541113159,
    0.567747146484,0.800033613737,1.),.UNSPECIFIED.);
#1877 = CARTESIAN_POINT('',(2.10154299109,0.119479453231,
    1.099999977648E-02));
#1878 = CARTESIAN_POINT('',(2.101892815832,0.117343185544,
    1.099999977648E-02));
#1879 = CARTESIAN_POINT('',(2.10255366385,0.113307598299,
    1.099999977648E-02));
#1880 = CARTESIAN_POINT('',(2.103669210312,0.107652905061,
    1.099999977648E-02));
#1881 = CARTESIAN_POINT('',(2.104911252489,0.102765961694,
    1.099999977648E-02));
#1882 = CARTESIAN_POINT('',(2.10589139318,9.981023126714E-02,
    1.099999977648E-02));
#1883 = CARTESIAN_POINT('',(2.106344820359,9.844286786511E-02,
    1.099999977648E-02));
#1884 = ORIENTED_EDGE('',*,*,#1885,.F.);
#1885 = EDGE_CURVE('',#1886,#1874,#1888,.T.);
#1886 = VERTEX_POINT('',#1887);
#1887 = CARTESIAN_POINT('',(2.10057119231,0.119479453231,
    1.099999977648E-02));
#1888 = LINE('',#1889,#1890);
#1889 = CARTESIAN_POINT('',(2.10057119231,0.119479453231,
    1.099999977648E-02));
#1890 = VECTOR('',#1891,1.);
#1891 = DIRECTION('',(1.,0.,0.));
#1892 = ORIENTED_EDGE('',*,*,#1893,.F.);
#1893 = EDGE_CURVE('',#1894,#1886,#1896,.T.);
#1894 = VERTEX_POINT('',#1895);
#1895 = CARTESIAN_POINT('',(2.095940856944,9.844286786511E-02,
    1.099999977648E-02));
#1896 = B_SPLINE_CURVE_WITH_KNOTS('',3,(#1897,#1898,#1899,#1900,#1901,
    #1902,#1903),.UNSPECIFIED.,.F.,.F.,(4,1,1,1,4),(0.,0.174481715317,
    0.398285759128,0.673897847399,1.),.UNSPECIFIED.);
#1897 = CARTESIAN_POINT('',(2.095940856944,9.844286786511E-02,
    1.099999977648E-02));
#1898 = CARTESIAN_POINT('',(2.096315228481,9.963981820104E-02,
    1.099999977648E-02));
#1899 = CARTESIAN_POINT('',(2.097169798552,0.102372071677,
    1.099999977648E-02));
#1900 = CARTESIAN_POINT('',(2.098289640943,0.107087789549,
    1.099999977648E-02));
#1901 = CARTESIAN_POINT('',(2.099387576127,0.112917885143,
    1.099999977648E-02));
#1902 = CARTESIAN_POINT('',(2.100155183509,0.11717324104,
    1.099999977648E-02));
#1903 = CARTESIAN_POINT('',(2.10057119231,0.119479453231,
    1.099999977648E-02));
#1904 = ORIENTED_EDGE('',*,*,#1905,.F.);
#1905 = EDGE_CURVE('',#1858,#1894,#1906,.T.);
#1906 = LINE('',#1907,#1908);
#1907 = CARTESIAN_POINT('',(2.050780795968,-2.686201018367E-02,
    1.099999977648E-02));
#1908 = VECTOR('',#1909,1.);
#1909 = DIRECTION('',(0.339053795485,0.940766986967,0.));
#1910 = FACE_BOUND('',#1911,.T.);
#1911 = EDGE_LOOP('',(#1912,#1913,#1914,#1915,#1916,#1917,#1918,#1919));
#1912 = ORIENTED_EDGE('',*,*,#1672,.F.);
#1913 = ORIENTED_EDGE('',*,*,#1840,.F.);
#1914 = ORIENTED_EDGE('',*,*,#1816,.F.);
#1915 = ORIENTED_EDGE('',*,*,#1792,.F.);
#1916 = ORIENTED_EDGE('',*,*,#1768,.F.);
#1917 = ORIENTED_EDGE('',*,*,#1744,.F.);
#1918 = ORIENTED_EDGE('',*,*,#1720,.F.);
#1919 = ORIENTED_EDGE('',*,*,#1696,.F.);
#1920 = PLANE('',#1921);
#1921 = AXIS2_PLACEMENT_3D('',#1922,#1923,#1924);
#1922 = CARTESIAN_POINT('',(0.,0.,1.099999977648E-02));
#1923 = DIRECTION('',(0.,0.,1.));
#1924 = DIRECTION('',(1.,0.,-0.));
#1925 = ADVANCED_FACE('',(#1926),#1951,.T.);
#1926 = FACE_BOUND('',#1927,.T.);
#1927 = EDGE_LOOP('',(#1928,#1938,#1944,#1945));
#1928 = ORIENTED_EDGE('',*,*,#1929,.F.);
#1929 = EDGE_CURVE('',#1930,#1932,#1934,.T.);
#1930 = VERTEX_POINT('',#1931);
#1931 = CARTESIAN_POINT('',(2.151104728895,-2.686201018367E-02,
    9.999999776483E-03));
#1932 = VERTEX_POINT('',#1933);
#1933 = CARTESIAN_POINT('',(2.050780795968,-2.686201018367E-02,
    9.999999776483E-03));
#1934 = LINE('',#1935,#1936);
#1935 = CARTESIAN_POINT('',(2.151104728895,-2.686201018367E-02,
    9.999999776483E-03));
#1936 = VECTOR('',#1937,1.);
#1937 = DIRECTION('',(-1.,0.,0.));
#1938 = ORIENTED_EDGE('',*,*,#1939,.F.);
#1939 = EDGE_CURVE('',#1856,#1930,#1940,.T.);
#1940 = LINE('',#1941,#1942);
#1941 = CARTESIAN_POINT('',(2.151104728895,-2.686201018367E-02,
    1.099999977648E-02));
#1942 = VECTOR('',#1943,1.);
#1943 = DIRECTION('',(-0.,-0.,-1.));
#1944 = ORIENTED_EDGE('',*,*,#1855,.T.);
#1945 = ORIENTED_EDGE('',*,*,#1946,.T.);
#1946 = EDGE_CURVE('',#1858,#1932,#1947,.T.);
#1947 = LINE('',#1948,#1949);
#1948 = CARTESIAN_POINT('',(2.050780795968,-2.686201018367E-02,
    1.099999977648E-02));
#1949 = VECTOR('',#1950,1.);
#1950 = DIRECTION('',(-0.,-0.,-1.));
#1951 = PLANE('',#1952);
#1952 = AXIS2_PLACEMENT_3D('',#1953,#1954,#1955);
#1953 = CARTESIAN_POINT('',(2.151104728895,-2.686201018367E-02,
    1.099999977648E-02));
#1954 = DIRECTION('',(0.,-1.,0.));
#1955 = DIRECTION('',(0.,0.,-1.));
#1956 = ADVANCED_FACE('',(#1957),#1975,.T.);
#1957 = FACE_BOUND('',#1958,.T.);
#1958 = EDGE_LOOP('',(#1959,#1967,#1973,#1974));
#1959 = ORIENTED_EDGE('',*,*,#1960,.F.);
#1960 = EDGE_CURVE('',#1961,#1930,#1963,.T.);
#1961 = VERTEX_POINT('',#1962);
#1962 = CARTESIAN_POINT('',(2.106344820359,9.844286786511E-02,
    9.999999776483E-03));
#1963 = LINE('',#1964,#1965);
#1964 = CARTESIAN_POINT('',(2.106344820359,9.844286786511E-02,
    9.999999776483E-03));
#1965 = VECTOR('',#1966,1.);
#1966 = DIRECTION('',(0.336390827665,-0.941722470297,0.));
#1967 = ORIENTED_EDGE('',*,*,#1968,.F.);
#1968 = EDGE_CURVE('',#1866,#1961,#1969,.T.);
#1969 = LINE('',#1970,#1971);
#1970 = CARTESIAN_POINT('',(2.106344820359,9.844286786511E-02,
    1.099999977648E-02));
#1971 = VECTOR('',#1972,1.);
#1972 = DIRECTION('',(-0.,-0.,-1.));
#1973 = ORIENTED_EDGE('',*,*,#1865,.T.);
#1974 = ORIENTED_EDGE('',*,*,#1939,.T.);
#1975 = PLANE('',#1976);
#1976 = AXIS2_PLACEMENT_3D('',#1977,#1978,#1979);
#1977 = CARTESIAN_POINT('',(2.106344820359,9.844286786511E-02,
    1.099999977648E-02));
#1978 = DIRECTION('',(0.941722470297,0.336390827665,0.));
#1979 = DIRECTION('',(-0.336390827665,0.941722470297,0.));
#1980 = ADVANCED_FACE('',(#1981),#2003,.T.);
#1981 = FACE_BOUND('',#1982,.T.);
#1982 = EDGE_LOOP('',(#1983,#1995,#2001,#2002));
#1983 = ORIENTED_EDGE('',*,*,#1984,.F.);
#1984 = EDGE_CURVE('',#1985,#1961,#1987,.T.);
#1985 = VERTEX_POINT('',#1986);
#1986 = CARTESIAN_POINT('',(2.10154299109,0.119479453231,
    9.999999776483E-03));
#1987 = B_SPLINE_CURVE_WITH_KNOTS('',3,(#1988,#1989,#1990,#1991,#1992,
    #1993,#1994),.UNSPECIFIED.,.F.,.F.,(4,1,1,1,4),(0.,0.300541113159,
    0.567747146484,0.800033613737,1.),.UNSPECIFIED.);
#1988 = CARTESIAN_POINT('',(2.10154299109,0.119479453231,
    9.999999776483E-03));
#1989 = CARTESIAN_POINT('',(2.101892815832,0.117343185544,
    9.999999776483E-03));
#1990 = CARTESIAN_POINT('',(2.10255366385,0.113307598299,
    9.999999776483E-03));
#1991 = CARTESIAN_POINT('',(2.103669210312,0.107652905061,
    9.999999776483E-03));
#1992 = CARTESIAN_POINT('',(2.104911252489,0.102765961694,
    9.999999776483E-03));
#1993 = CARTESIAN_POINT('',(2.10589139318,9.981023126714E-02,
    9.999999776483E-03));
#1994 = CARTESIAN_POINT('',(2.106344820359,9.844286786511E-02,
    9.999999776483E-03));
#1995 = ORIENTED_EDGE('',*,*,#1996,.F.);
#1996 = EDGE_CURVE('',#1874,#1985,#1997,.T.);
#1997 = LINE('',#1998,#1999);
#1998 = CARTESIAN_POINT('',(2.10154299109,0.119479453231,
    1.099999977648E-02));
#1999 = VECTOR('',#2000,1.);
#2000 = DIRECTION('',(-0.,-0.,-1.));
#2001 = ORIENTED_EDGE('',*,*,#1873,.T.);
#2002 = ORIENTED_EDGE('',*,*,#1968,.T.);
#2003 = B_SPLINE_SURFACE_WITH_KNOTS('',3,1,(
    (#2004,#2005)
    ,(#2006,#2007)
    ,(#2008,#2009)
    ,(#2010,#2011)
    ,(#2012,#2013)
    ,(#2014,#2015)
    ,(#2016,#2017
    )),.UNSPECIFIED.,.F.,.F.,.F.,(4,1,1,1,4),(2,2),(0.,0.300541113159,
    0.567747146484,0.800033613737,1.),(0.,1.),.UNSPECIFIED.);
#2004 = CARTESIAN_POINT('',(2.10154299109,0.119479453231,
    1.099999977648E-02));
#2005 = CARTESIAN_POINT('',(2.10154299109,0.119479453231,
    9.999999776483E-03));
#2006 = CARTESIAN_POINT('',(2.101892815832,0.117343185544,
    1.099999977648E-02));
#2007 = CARTESIAN_POINT('',(2.101892815832,0.117343185544,
    9.999999776483E-03));
#2008 = CARTESIAN_POINT('',(2.10255366385,0.113307598299,
    1.099999977648E-02));
#2009 = CARTESIAN_POINT('',(2.10255366385,0.113307598299,
    9.999999776483E-03));
#2010 = CARTESIAN_POINT('',(2.103669210312,0.107652905061,
    1.099999977648E-02));
#2011 = CARTESIAN_POINT('',(2.103669210312,0.107652905061,
    9.999999776483E-03));
#2012 = CARTESIAN_POINT('',(2.104911252489,0.102765961694,
    1.099999977648E-02));
#2013 = CARTESIAN_POINT('',(2.104911252489,0.102765961694,
    9.999999776483E-03));
#2014 = CARTESIAN_POINT('',(2.10589139318,9.981023126714E-02,
    1.099999977648E-02));
#2015 = CARTESIAN_POINT('',(2.10589139318,9.981023126714E-02,
    9.999999776483E-03));
#2016 = CARTESIAN_POINT('',(2.106344820359,9.844286786511E-02,
    1.099999977648E-02));
#2017 = CARTESIAN_POINT('',(2.106344820359,9.844286786511E-02,
    9.999999776483E-03));
#2018 = ADVANCED_FACE('',(#2019),#2037,.T.);
#2019 = FACE_BOUND('',#2020,.T.);
#2020 = EDGE_LOOP('',(#2021,#2029,#2035,#2036));
#2021 = ORIENTED_EDGE('',*,*,#2022,.F.);
#2022 = EDGE_CURVE('',#2023,#1985,#2025,.T.);
#2023 = VERTEX_POINT('',#2024);
#2024 = CARTESIAN_POINT('',(2.10057119231,0.119479453231,
    9.999999776483E-03));
#2025 = LINE('',#2026,#2027);
#2026 = CARTESIAN_POINT('',(2.10057119231,0.119479453231,
    9.999999776483E-03));
#2027 = VECTOR('',#2028,1.);
#2028 = DIRECTION('',(1.,0.,0.));
#2029 = ORIENTED_EDGE('',*,*,#2030,.F.);
#2030 = EDGE_CURVE('',#1886,#2023,#2031,.T.);
#2031 = LINE('',#2032,#2033);
#2032 = CARTESIAN_POINT('',(2.10057119231,0.119479453231,
    1.099999977648E-02));
#2033 = VECTOR('',#2034,1.);
#2034 = DIRECTION('',(-0.,-0.,-1.));
#2035 = ORIENTED_EDGE('',*,*,#1885,.T.);
#2036 = ORIENTED_EDGE('',*,*,#1996,.T.);
#2037 = PLANE('',#2038);
#2038 = AXIS2_PLACEMENT_3D('',#2039,#2040,#2041);
#2039 = CARTESIAN_POINT('',(2.10057119231,0.119479453231,
    1.099999977648E-02));
#2040 = DIRECTION('',(0.,1.,0.));
#2041 = DIRECTION('',(0.,-0.,1.));
#2042 = ADVANCED_FACE('',(#2043),#2065,.T.);
#2043 = FACE_BOUND('',#2044,.T.);
#2044 = EDGE_LOOP('',(#2045,#2057,#2063,#2064));
#2045 = ORIENTED_EDGE('',*,*,#2046,.F.);
#2046 = EDGE_CURVE('',#2047,#2023,#2049,.T.);
#2047 = VERTEX_POINT('',#2048);
#2048 = CARTESIAN_POINT('',(2.095940856944,9.844286786511E-02,
    9.999999776483E-03));
#2049 = B_SPLINE_CURVE_WITH_KNOTS('',3,(#2050,#2051,#2052,#2053,#2054,
    #2055,#2056),.UNSPECIFIED.,.F.,.F.,(4,1,1,1,4),(0.,0.174481715317,
    0.398285759128,0.673897847399,1.),.UNSPECIFIED.);
#2050 = CARTESIAN_POINT('',(2.095940856944,9.844286786511E-02,
    9.999999776483E-03));
#2051 = CARTESIAN_POINT('',(2.096315228481,9.963981820104E-02,
    9.999999776483E-03));
#2052 = CARTESIAN_POINT('',(2.097169798552,0.102372071677,
    9.999999776483E-03));
#2053 = CARTESIAN_POINT('',(2.098289640943,0.107087789549,
    9.999999776483E-03));
#2054 = CARTESIAN_POINT('',(2.099387576127,0.112917885143,
    9.999999776483E-03));
#2055 = CARTESIAN_POINT('',(2.100155183509,0.11717324104,
    9.999999776483E-03));
#2056 = CARTESIAN_POINT('',(2.10057119231,0.119479453231,
    9.999999776483E-03));
#2057 = ORIENTED_EDGE('',*,*,#2058,.F.);
#2058 = EDGE_CURVE('',#1894,#2047,#2059,.T.);
#2059 = LINE('',#2060,#2061);
#2060 = CARTESIAN_POINT('',(2.095940856944,9.844286786511E-02,
    1.099999977648E-02));
#2061 = VECTOR('',#2062,1.);
#2062 = DIRECTION('',(-0.,-0.,-1.));
#2063 = ORIENTED_EDGE('',*,*,#1893,.T.);
#2064 = ORIENTED_EDGE('',*,*,#2030,.T.);
#2065 = B_SPLINE_SURFACE_WITH_KNOTS('',3,1,(
    (#2066,#2067)
    ,(#2068,#2069)
    ,(#2070,#2071)
    ,(#2072,#2073)
    ,(#2074,#2075)
    ,(#2076,#2077)
    ,(#2078,#2079
    )),.UNSPECIFIED.,.F.,.F.,.F.,(4,1,1,1,4),(2,2),(0.,0.174481715317,
    0.398285759128,0.673897847399,1.),(0.,1.),.UNSPECIFIED.);
#2066 = CARTESIAN_POINT('',(2.095940856944,9.844286786511E-02,
    1.099999977648E-02));
#2067 = CARTESIAN_POINT('',(2.095940856944,9.844286786511E-02,
    9.999999776483E-03));
#2068 = CARTESIAN_POINT('',(2.096315228481,9.963981820104E-02,
    1.099999977648E-02));
#2069 = CARTESIAN_POINT('',(2.096315228481,9.963981820104E-02,
    9.999999776483E-03));
#2070 = CARTESIAN_POINT('',(2.097169798552,0.102372071677,
    1.099999977648E-02));
#2071 = CARTESIAN_POINT('',(2.097169798552,0.102372071677,
    9.999999776483E-03));
#2072 = CARTESIAN_POINT('',(2.098289640943,0.107087789549,
    1.099999977648E-02));
#2073 = CARTESIAN_POINT('',(2.098289640943,0.107087789549,
    9.999999776483E-03));
#2074 = CARTESIAN_POINT('',(2.099387576127,0.112917885143,
    1.099999977648E-02));
#2075 = CARTESIAN_POINT('',(2.099387576127,0.112917885143,
    9.999999776483E-03));
#2076 = CARTESIAN_POINT('',(2.100155183509,0.11717324104,
    1.099999977648E-02));
#2077 = CARTESIAN_POINT('',(2.100155183509,0.11717324104,
    9.999999776483E-03));
#2078 = CARTESIAN_POINT('',(2.10057119231,0.119479453231,
    1.099999977648E-02));
#2079 = CARTESIAN_POINT('',(2.10057119231,0.119479453231,
    9.999999776483E-03));
#2080 = ADVANCED_FACE('',(#2081),#2092,.T.);
#2081 = FACE_BOUND('',#2082,.T.);
#2082 = EDGE_LOOP('',(#2083,#2089,#2090,#2091));
#2083 = ORIENTED_EDGE('',*,*,#2084,.F.);
#2084 = EDGE_CURVE('',#1932,#2047,#2085,.T.);
#2085 = LINE('',#2086,#2087);
#2086 = CARTESIAN_POINT('',(2.050780795968,-2.686201018367E-02,
    9.999999776483E-03));
#2087 = VECTOR('',#2088,1.);
#2088 = DIRECTION('',(0.339053795485,0.940766986967,0.));
#2089 = ORIENTED_EDGE('',*,*,#1946,.F.);
#2090 = ORIENTED_EDGE('',*,*,#1905,.T.);
#2091 = ORIENTED_EDGE('',*,*,#2058,.T.);
#2092 = PLANE('',#2093);
#2093 = AXIS2_PLACEMENT_3D('',#2094,#2095,#2096);
#2094 = CARTESIAN_POINT('',(2.050780795968,-2.686201018367E-02,
    1.099999977648E-02));
#2095 = DIRECTION('',(-0.940766986967,0.339053795485,0.));
#2096 = DIRECTION('',(-0.339053795485,-0.940766986967,0.));
#2097 = ADVANCED_FACE('',(#2098),#2123,.T.);
#2098 = FACE_BOUND('',#2099,.T.);
#2099 = EDGE_LOOP('',(#2100,#2101,#2109,#2117));
#2100 = ORIENTED_EDGE('',*,*,#259,.F.);
#2101 = ORIENTED_EDGE('',*,*,#2102,.F.);
#2102 = EDGE_CURVE('',#2103,#260,#2105,.T.);
#2103 = VERTEX_POINT('',#2104);
#2104 = CARTESIAN_POINT('',(2.41560549109,-0.143935180915,
    1.099999977648E-02));
#2105 = LINE('',#2106,#2107);
#2106 = CARTESIAN_POINT('',(2.41560549109,-0.143935180915,
    1.099999977648E-02));
#2107 = VECTOR('',#2108,1.);
#2108 = DIRECTION('',(-0.,-0.,-1.));
#2109 = ORIENTED_EDGE('',*,*,#2110,.T.);
#2110 = EDGE_CURVE('',#2103,#2111,#2113,.T.);
#2111 = VERTEX_POINT('',#2112);
#2112 = CARTESIAN_POINT('',(2.497179424017,-0.143935180915,
    1.099999977648E-02));
#2113 = LINE('',#2114,#2115);
#2114 = CARTESIAN_POINT('',(2.41560549109,-0.143935180915,
    1.099999977648E-02));
#2115 = VECTOR('',#2116,1.);
#2116 = DIRECTION('',(1.,0.,0.));
#2117 = ORIENTED_EDGE('',*,*,#2118,.T.);
#2118 = EDGE_CURVE('',#2111,#262,#2119,.T.);
#2119 = LINE('',#2120,#2121);
#2120 = CARTESIAN_POINT('',(2.497179424017,-0.143935180915,
    1.099999977648E-02));
#2121 = VECTOR('',#2122,1.);
#2122 = DIRECTION('',(-0.,-0.,-1.));
#2123 = PLANE('',#2124);
#2124 = AXIS2_PLACEMENT_3D('',#2125,#2126,#2127);
#2125 = CARTESIAN_POINT('',(2.41560549109,-0.143935180915,
    1.099999977648E-02));
#2126 = DIRECTION('',(0.,1.,0.));
#2127 = DIRECTION('',(0.,-0.,1.));
#2128 = ADVANCED_FACE('',(#2129),#2147,.T.);
#2129 = FACE_BOUND('',#2130,.T.);
#2130 = EDGE_LOOP('',(#2131,#2132,#2133,#2141));
#2131 = ORIENTED_EDGE('',*,*,#269,.F.);
#2132 = ORIENTED_EDGE('',*,*,#2118,.F.);
#2133 = ORIENTED_EDGE('',*,*,#2134,.T.);
#2134 = EDGE_CURVE('',#2111,#2135,#2137,.T.);
#2135 = VERTEX_POINT('',#2136);
#2136 = CARTESIAN_POINT('',(2.497179424017,0.156064819085,
    1.099999977648E-02));
#2137 = LINE('',#2138,#2139);
#2138 = CARTESIAN_POINT('',(2.497179424017,-0.143935180915,
    1.099999977648E-02));
#2139 = VECTOR('',#2140,1.);
#2140 = DIRECTION('',(0.,1.,0.));
#2141 = ORIENTED_EDGE('',*,*,#2142,.T.);
#2142 = EDGE_CURVE('',#2135,#270,#2143,.T.);
#2143 = LINE('',#2144,#2145);
#2144 = CARTESIAN_POINT('',(2.497179424017,0.156064819085,
    1.099999977648E-02));
#2145 = VECTOR('',#2146,1.);
#2146 = DIRECTION('',(-0.,-0.,-1.));
#2147 = PLANE('',#2148);
#2148 = AXIS2_PLACEMENT_3D('',#2149,#2150,#2151);
#2149 = CARTESIAN_POINT('',(2.497179424017,-0.143935180915,
    1.099999977648E-02));
#2150 = DIRECTION('',(-1.,0.,0.));
#2151 = DIRECTION('',(0.,0.,1.));
#2152 = ADVANCED_FACE('',(#2153),#2171,.T.);
#2153 = FACE_BOUND('',#2154,.T.);
#2154 = EDGE_LOOP('',(#2155,#2156,#2157,#2165));
#2155 = ORIENTED_EDGE('',*,*,#277,.F.);
#2156 = ORIENTED_EDGE('',*,*,#2142,.F.);
#2157 = ORIENTED_EDGE('',*,*,#2158,.T.);
#2158 = EDGE_CURVE('',#2135,#2159,#2161,.T.);
#2159 = VERTEX_POINT('',#2160);
#2160 = CARTESIAN_POINT('',(2.412518600846,0.156064819085,
    1.099999977648E-02));
#2161 = LINE('',#2162,#2163);
#2162 = CARTESIAN_POINT('',(2.497179424017,0.156064819085,
    1.099999977648E-02));
#2163 = VECTOR('',#2164,1.);
#2164 = DIRECTION('',(-1.,0.,0.));
#2165 = ORIENTED_EDGE('',*,*,#2166,.T.);
#2166 = EDGE_CURVE('',#2159,#278,#2167,.T.);
#2167 = LINE('',#2168,#2169);
#2168 = CARTESIAN_POINT('',(2.412518600846,0.156064819085,
    1.099999977648E-02));
#2169 = VECTOR('',#2170,1.);
#2170 = DIRECTION('',(-0.,-0.,-1.));
#2171 = PLANE('',#2172);
#2172 = AXIS2_PLACEMENT_3D('',#2173,#2174,#2175);
#2173 = CARTESIAN_POINT('',(2.497179424017,0.156064819085,
    1.099999977648E-02));
#2174 = DIRECTION('',(0.,-1.,0.));
#2175 = DIRECTION('',(0.,0.,-1.));
#2176 = ADVANCED_FACE('',(#2177),#2211,.T.);
#2177 = FACE_BOUND('',#2178,.T.);
#2178 = EDGE_LOOP('',(#2179,#2180,#2181,#2205));
#2179 = ORIENTED_EDGE('',*,*,#285,.F.);
#2180 = ORIENTED_EDGE('',*,*,#2166,.F.);
#2181 = ORIENTED_EDGE('',*,*,#2182,.T.);
#2182 = EDGE_CURVE('',#2159,#2183,#2185,.T.);
#2183 = VERTEX_POINT('',#2184);
#2184 = CARTESIAN_POINT('',(2.255716009383,9.837684938281E-03,
    1.099999977648E-02));
#2185 = B_SPLINE_CURVE_WITH_KNOTS('',3,(#2186,#2187,#2188,#2189,#2190,
    #2191,#2192,#2193,#2194,#2195,#2196,#2197,#2198,#2199,#2200,#2201,
    #2202,#2203,#2204),.UNSPECIFIED.,.F.,.F.,(4,1,1,1,1,1,1,1,1,1,1,1,1,
    1,1,1,4),(0.,6.86311786766E-02,0.134566466039,0.198328154011,
    0.260789766641,0.321999151484,0.382721746503,0.443537474036,
    0.505133429485,0.566213874765,0.626105864618,0.685349322161,
    0.744995870348,0.805415841815,0.867636266346,0.932307782302,1.),
  .UNSPECIFIED.);
#2186 = CARTESIAN_POINT('',(2.412518600846,0.156064819085,
    1.099999977648E-02));
#2187 = CARTESIAN_POINT('',(2.407007041626,0.155941971499,
    1.099999977648E-02));
#2188 = CARTESIAN_POINT('',(2.39620042194,0.155701101885,
    1.099999977648E-02));
#2189 = CARTESIAN_POINT('',(2.380353178684,0.153871415313,
    1.099999977648E-02));
#2190 = CARTESIAN_POINT('',(2.365234425781,0.15069631437,
    1.099999977648E-02));
#2191 = CARTESIAN_POINT('',(2.350802587672,0.146364764751,
    1.099999977648E-02));
#2192 = CARTESIAN_POINT('',(2.337040947458,0.140831257387,
    1.099999977648E-02));
#2193 = CARTESIAN_POINT('',(2.324079151116,0.13389924987,
    1.099999977648E-02));
#2194 = CARTESIAN_POINT('',(2.3117749799,0.12580966329,
    1.099999977648E-02));
#2195 = CARTESIAN_POINT('',(2.300288546159,0.116544952805,
    1.099999977648E-02));
#2196 = CARTESIAN_POINT('',(2.289819063492,0.106243506459,
    1.099999977648E-02));
#2197 = CARTESIAN_POINT('',(2.280692427219,9.497710435977E-02,
    1.099999977648E-02));
#2198 = CARTESIAN_POINT('',(2.272878609118,8.289643297888E-02,
    1.099999977648E-02));
#2199 = CARTESIAN_POINT('',(2.26659054183,6.990597162289E-02,
    1.099999977648E-02));
#2200 = CARTESIAN_POINT('',(2.261708045295,5.607571289659E-02,
    1.099999977648E-02));
#2201 = CARTESIAN_POINT('',(2.25825060105,4.141568551245E-02,
    1.099999977648E-02));
#2202 = CARTESIAN_POINT('',(2.256069916739,2.590928518637E-02,
    1.099999977648E-02));
#2203 = CARTESIAN_POINT('',(2.255835759751,1.527577490958E-02,
    1.099999977648E-02));
#2204 = CARTESIAN_POINT('',(2.255716009383,9.837684938281E-03,
    1.099999977648E-02));
#2205 = ORIENTED_EDGE('',*,*,#2206,.T.);
#2206 = EDGE_CURVE('',#2183,#286,#2207,.T.);
#2207 = LINE('',#2208,#2209);
#2208 = CARTESIAN_POINT('',(2.255716009383,9.837684938281E-03,
    1.099999977648E-02));
#2209 = VECTOR('',#2210,1.);
#2210 = DIRECTION('',(-0.,-0.,-1.));
#2211 = B_SPLINE_SURFACE_WITH_KNOTS('',3,1,(
    (#2212,#2213)
    ,(#2214,#2215)
    ,(#2216,#2217)
    ,(#2218,#2219)
    ,(#2220,#2221)
    ,(#2222,#2223)
    ,(#2224,#2225)
    ,(#2226,#2227)
    ,(#2228,#2229)
    ,(#2230,#2231)
    ,(#2232,#2233)
    ,(#2234,#2235)
    ,(#2236,#2237)
    ,(#2238,#2239)
    ,(#2240,#2241)
    ,(#2242,#2243)
    ,(#2244,#2245)
    ,(#2246,#2247)
    ,(#2248,#2249
    )),.UNSPECIFIED.,.F.,.F.,.F.,(4,1,1,1,1,1,1,1,1,1,1,1,1,1,1,1,4),(2,
    2),(0.,6.86311786766E-02,0.134566466039,0.198328154011,
    0.260789766641,0.321999151484,0.382721746503,0.443537474036,
    0.505133429485,0.566213874765,0.626105864618,0.685349322161,
    0.744995870348,0.805415841815,0.867636266346,0.932307782302,1.),(0.,
    1.),.UNSPECIFIED.);
#2212 = CARTESIAN_POINT('',(2.412518600846,0.156064819085,
    1.099999977648E-02));
#2213 = CARTESIAN_POINT('',(2.412518600846,0.156064819085,
    9.999999776483E-03));
#2214 = CARTESIAN_POINT('',(2.407007041626,0.155941971499,
    1.099999977648E-02));
#2215 = CARTESIAN_POINT('',(2.407007041626,0.155941971499,
    9.999999776483E-03));
#2216 = CARTESIAN_POINT('',(2.39620042194,0.155701101885,
    1.099999977648E-02));
#2217 = CARTESIAN_POINT('',(2.39620042194,0.155701101885,
    9.999999776483E-03));
#2218 = CARTESIAN_POINT('',(2.380353178684,0.153871415313,
    1.099999977648E-02));
#2219 = CARTESIAN_POINT('',(2.380353178684,0.153871415313,
    9.999999776483E-03));
#2220 = CARTESIAN_POINT('',(2.365234425781,0.15069631437,
    1.099999977648E-02));
#2221 = CARTESIAN_POINT('',(2.365234425781,0.15069631437,
    9.999999776483E-03));
#2222 = CARTESIAN_POINT('',(2.350802587672,0.146364764751,
    1.099999977648E-02));
#2223 = CARTESIAN_POINT('',(2.350802587672,0.146364764751,
    9.999999776483E-03));
#2224 = CARTESIAN_POINT('',(2.337040947458,0.140831257387,
    1.099999977648E-02));
#2225 = CARTESIAN_POINT('',(2.337040947458,0.140831257387,
    9.999999776483E-03));
#2226 = CARTESIAN_POINT('',(2.324079151116,0.13389924987,
    1.099999977648E-02));
#2227 = CARTESIAN_POINT('',(2.324079151116,0.13389924987,
    9.999999776483E-03));
#2228 = CARTESIAN_POINT('',(2.3117749799,0.12580966329,
    1.099999977648E-02));
#2229 = CARTESIAN_POINT('',(2.3117749799,0.12580966329,
    9.999999776483E-03));
#2230 = CARTESIAN_POINT('',(2.300288546159,0.116544952805,
    1.099999977648E-02));
#2231 = CARTESIAN_POINT('',(2.300288546159,0.116544952805,
    9.999999776483E-03));
#2232 = CARTESIAN_POINT('',(2.289819063492,0.106243506459,
    1.099999977648E-02));
#2233 = CARTESIAN_POINT('',(2.289819063492,0.106243506459,
    9.999999776483E-03));
#2234 = CARTESIAN_POINT('',(2.280692427219,9.497710435977E-02,
    1.099999977648E-02));
#2235 = CARTESIAN_POINT('',(2.280692427219,9.497710435977E-02,
    9.999999776483E-03));
#2236 = CARTESIAN_POINT('',(2.272878609118,8.289643297888E-02,
    1.099999977648E-02));
#2237 = CARTESIAN_POINT('',(2.272878609118,8.289643297888E-02,
    9.999999776483E-03));
#2238 = CARTESIAN_POINT('',(2.26659054183,6.990597162289E-02,
    1.099999977648E-02));
#2239 = CARTESIAN_POINT('',(2.26659054183,6.990597162289E-02,
    9.999999776483E-03));
#2240 = CARTESIAN_POINT('',(2.261708045295,5.607571289659E-02,
    1.099999977648E-02));
#2241 = CARTESIAN_POINT('',(2.261708045295,5.607571289659E-02,
    9.999999776483E-03));
#2242 = CARTESIAN_POINT('',(2.25825060105,4.141568551245E-02,
    1.099999977648E-02));
#2243 = CARTESIAN_POINT('',(2.25825060105,4.141568551245E-02,
    9.999999776483E-03));
#2244 = CARTESIAN_POINT('',(2.256069916739,2.590928518637E-02,
    1.099999977648E-02));
#2245 = CARTESIAN_POINT('',(2.256069916739,2.590928518637E-02,
    9.999999776483E-03));
#2246 = CARTESIAN_POINT('',(2.255835759751,1.527577490958E-02,
    1.099999977648E-02));
#2247 = CARTESIAN_POINT('',(2.255835759751,1.527577490958E-02,
    9.999999776483E-03));
#2248 = CARTESIAN_POINT('',(2.255716009383,9.837684938281E-03,
    1.099999977648E-02));
#2249 = CARTESIAN_POINT('',(2.255716009383,9.837684938281E-03,
    9.999999776483E-03));
#2250 = ADVANCED_FACE('',(#2251),#2278,.T.);
#2251 = FACE_BOUND('',#2252,.T.);
#2252 = EDGE_LOOP('',(#2253,#2254,#2255,#2277));
#2253 = ORIENTED_EDGE('',*,*,#309,.F.);
#2254 = ORIENTED_EDGE('',*,*,#2206,.F.);
#2255 = ORIENTED_EDGE('',*,*,#2256,.T.);
#2256 = EDGE_CURVE('',#2183,#2103,#2257,.T.);
#2257 = B_SPLINE_CURVE_WITH_KNOTS('',3,(#2258,#2259,#2260,#2261,#2262,
    #2263,#2264,#2265,#2266,#2267,#2268,#2269,#2270,#2271,#2272,#2273,
    #2274,#2275,#2276),.UNSPECIFIED.,.F.,.F.,(4,1,1,1,1,1,1,1,1,1,1,1,1,
    1,1,1,4),(0.,6.806869584499E-02,0.133427432819,0.196146033813,
    0.257048592449,0.316882663159,0.376187208666,0.435960335364,
    0.496535236863,0.557465343481,0.61768686341,0.677943640697,
    0.738805284806,0.800949336767,0.86481466747,0.931024781079,1.),
  .UNSPECIFIED.);
#2258 = CARTESIAN_POINT('',(2.255716009383,9.837684938281E-03,
    1.099999977648E-02));
#2259 = CARTESIAN_POINT('',(2.255837169544,4.171409586376E-03,
    1.099999977648E-02));
#2260 = CARTESIAN_POINT('',(2.256074666223,-6.935554701167E-03,
    1.099999977648E-02));
#2261 = CARTESIAN_POINT('',(2.258245399812,-2.314521322479E-02,
    1.099999977648E-02));
#2262 = CARTESIAN_POINT('',(2.261710608638,-3.850432310747E-02,
    1.099999977648E-02));
#2263 = CARTESIAN_POINT('',(2.266574737196,-5.30041585591E-02,
    1.099999977648E-02));
#2264 = CARTESIAN_POINT('',(2.272872363029,-6.663426116393E-02,
    1.099999977648E-02));
#2265 = CARTESIAN_POINT('',(2.280680480928,-7.934483427092E-02,
    1.099999977648E-02));
#2266 = CARTESIAN_POINT('',(2.289788646059,-9.123279180022E-02,
    1.099999977648E-02));
#2267 = CARTESIAN_POINT('',(2.30025926093,-0.102135258981,
    1.099999977648E-02));
#2268 = CARTESIAN_POINT('',(2.3118390064,-0.111892928225,
    1.099999977648E-02));
#2269 = CARTESIAN_POINT('',(2.324221457284,-0.120570971903,
    1.099999977648E-02));
#2270 = CARTESIAN_POINT('',(2.337513010462,-0.127781269602,
    1.099999977648E-02));
#2271 = CARTESIAN_POINT('',(2.351600143001,-0.133672425886,
    1.099999977648E-02));
#2272 = CARTESIAN_POINT('',(2.366458216473,-0.138349651805,
    1.099999977648E-02));
#2273 = CARTESIAN_POINT('',(2.382151623793,-0.141534145342,
    1.099999977648E-02));
#2274 = CARTESIAN_POINT('',(2.398609041954,-0.143627670924,
    1.099999977648E-02));
#2275 = CARTESIAN_POINT('',(2.409863275997,-0.143831289303,
    1.099999977648E-02));
#2276 = CARTESIAN_POINT('',(2.41560549109,-0.143935180915,
    1.099999977648E-02));
#2277 = ORIENTED_EDGE('',*,*,#2102,.T.);
#2278 = B_SPLINE_SURFACE_WITH_KNOTS('',3,1,(
    (#2279,#2280)
    ,(#2281,#2282)
    ,(#2283,#2284)
    ,(#2285,#2286)
    ,(#2287,#2288)
    ,(#2289,#2290)
    ,(#2291,#2292)
    ,(#2293,#2294)
    ,(#2295,#2296)
    ,(#2297,#2298)
    ,(#2299,#2300)
    ,(#2301,#2302)
    ,(#2303,#2304)
    ,(#2305,#2306)
    ,(#2307,#2308)
    ,(#2309,#2310)
    ,(#2311,#2312)
    ,(#2313,#2314)
    ,(#2315,#2316
    )),.UNSPECIFIED.,.F.,.F.,.F.,(4,1,1,1,1,1,1,1,1,1,1,1,1,1,1,1,4),(2,
    2),(0.,6.806869584499E-02,0.133427432819,0.196146033813,
    0.257048592449,0.316882663159,0.376187208666,0.435960335364,
    0.496535236863,0.557465343481,0.61768686341,0.677943640697,
    0.738805284806,0.800949336767,0.86481466747,0.931024781079,1.),(0.,
    1.),.UNSPECIFIED.);
#2279 = CARTESIAN_POINT('',(2.255716009383,9.837684938281E-03,
    1.099999977648E-02));
#2280 = CARTESIAN_POINT('',(2.255716009383,9.837684938281E-03,
    9.999999776483E-03));
#2281 = CARTESIAN_POINT('',(2.255837169544,4.171409586376E-03,
    1.099999977648E-02));
#2282 = CARTESIAN_POINT('',(2.255837169544,4.171409586376E-03,
    9.999999776483E-03));
#2283 = CARTESIAN_POINT('',(2.256074666223,-6.935554701167E-03,
    1.099999977648E-02));
#2284 = CARTESIAN_POINT('',(2.256074666223,-6.935554701167E-03,
    9.999999776483E-03));
#2285 = CARTESIAN_POINT('',(2.258245399812,-2.314521322479E-02,
    1.099999977648E-02));
#2286 = CARTESIAN_POINT('',(2.258245399812,-2.314521322479E-02,
    9.999999776483E-03));
#2287 = CARTESIAN_POINT('',(2.261710608638,-3.850432310747E-02,
    1.099999977648E-02));
#2288 = CARTESIAN_POINT('',(2.261710608638,-3.850432310747E-02,
    9.999999776483E-03));
#2289 = CARTESIAN_POINT('',(2.266574737196,-5.30041585591E-02,
    1.099999977648E-02));
#2290 = CARTESIAN_POINT('',(2.266574737196,-5.30041585591E-02,
    9.999999776483E-03));
#2291 = CARTESIAN_POINT('',(2.272872363029,-6.663426116393E-02,
    1.099999977648E-02));
#2292 = CARTESIAN_POINT('',(2.272872363029,-6.663426116393E-02,
    9.999999776483E-03));
#2293 = CARTESIAN_POINT('',(2.280680480928,-7.934483427092E-02,
    1.099999977648E-02));
#2294 = CARTESIAN_POINT('',(2.280680480928,-7.934483427092E-02,
    9.999999776483E-03));
#2295 = CARTESIAN_POINT('',(2.289788646059,-9.123279180022E-02,
    1.099999977648E-02));
#2296 = CARTESIAN_POINT('',(2.289788646059,-9.123279180022E-02,
    9.999999776483E-03));
#2297 = CARTESIAN_POINT('',(2.30025926093,-0.102135258981,
    1.099999977648E-02));
#2298 = CARTESIAN_POINT('',(2.30025926093,-0.102135258981,
    9.999999776483E-03));
#2299 = CARTESIAN_POINT('',(2.3118390064,-0.111892928225,
    1.099999977648E-02));
#2300 = CARTESIAN_POINT('',(2.3118390064,-0.111892928225,
    9.999999776483E-03));
#2301 = CARTESIAN_POINT('',(2.324221457284,-0.120570971903,
    1.099999977648E-02));
#2302 = CARTESIAN_POINT('',(2.324221457284,-0.120570971903,
    9.999999776483E-03));
#2303 = CARTESIAN_POINT('',(2.337513010462,-0.127781269602,
    1.099999977648E-02));
#2304 = CARTESIAN_POINT('',(2.337513010462,-0.127781269602,
    9.999999776483E-03));
#2305 = CARTESIAN_POINT('',(2.351600143001,-0.133672425886,
    1.099999977648E-02));
#2306 = CARTESIAN_POINT('',(2.351600143001,-0.133672425886,
    9.999999776483E-03));
#2307 = CARTESIAN_POINT('',(2.366458216473,-0.138349651805,
    1.099999977648E-02));
#2308 = CARTESIAN_POINT('',(2.366458216473,-0.138349651805,
    9.999999776483E-03));
#2309 = CARTESIAN_POINT('',(2.382151623793,-0.141534145342,
    1.099999977648E-02));
#2310 = CARTESIAN_POINT('',(2.382151623793,-0.141534145342,
    9.999999776483E-03));
#2311 = CARTESIAN_POINT('',(2.398609041954,-0.143627670924,
    1.099999977648E-02));
#2312 = CARTESIAN_POINT('',(2.398609041954,-0.143627670924,
    9.999999776483E-03));
#2313 = CARTESIAN_POINT('',(2.409863275997,-0.143831289303,
    1.099999977648E-02));
#2314 = CARTESIAN_POINT('',(2.409863275997,-0.143831289303,
    9.999999776483E-03));
#2315 = CARTESIAN_POINT('',(2.41560549109,-0.143935180915,
    1.099999977648E-02));
#2316 = CARTESIAN_POINT('',(2.41560549109,-0.143935180915,
    9.999999776483E-03));
#2317 = ADVANCED_FACE('',(#2318,#2392),#2399,.T.);
#2318 = FACE_BOUND('',#2319,.T.);
#2319 = EDGE_LOOP('',(#2320,#2346,#2370,#2378,#2386));
#2320 = ORIENTED_EDGE('',*,*,#2321,.F.);
#2321 = EDGE_CURVE('',#2322,#2324,#2326,.T.);
#2322 = VERTEX_POINT('',#2323);
#2323 = CARTESIAN_POINT('',(2.295959911822,8.980215426086E-03,
    1.099999977648E-02));
#2324 = VERTEX_POINT('',#2325);
#2325 = CARTESIAN_POINT('',(2.412690094749,0.123137989816,
    1.099999977648E-02));
#2326 = B_SPLINE_CURVE_WITH_KNOTS('',3,(#2327,#2328,#2329,#2330,#2331,
    #2332,#2333,#2334,#2335,#2336,#2337,#2338,#2339,#2340,#2341,#2342,
    #2343,#2344,#2345),.UNSPECIFIED.,.F.,.F.,(4,1,1,1,1,1,1,1,1,1,1,1,1,
    1,1,1,4),(0.,7.430379644282E-02,0.144393610364,0.210499496103,
    0.273542606503,0.333824744579,0.392529672409,0.4500874546,
    0.507820611556,0.565464912777,0.623148722334,0.681297192791,
    0.740913498157,0.801855752196,0.865241237721,0.930941657047,1.),
  .UNSPECIFIED.);
#2327 = CARTESIAN_POINT('',(2.295959911822,8.980215426086E-03,
    1.099999977648E-02));
#2328 = CARTESIAN_POINT('',(2.296058245997,1.357648096735E-02,
    1.099999977648E-02));
#2329 = CARTESIAN_POINT('',(2.296249337532,2.250834457955E-02,
    1.099999977648E-02));
#2330 = CARTESIAN_POINT('',(2.297736201792,3.54626469397E-02,
    1.099999977648E-02));
#2331 = CARTESIAN_POINT('',(2.300227997306,4.754873948045E-02,
    1.099999977648E-02));
#2332 = CARTESIAN_POINT('',(2.303770640508,5.873836352314E-02,
    1.099999977648E-02));
#2333 = CARTESIAN_POINT('',(2.308292399616,6.907466550741E-02,
    1.099999977648E-02));
#2334 = CARTESIAN_POINT('',(2.313860349066,7.849842403614E-02,
    1.099999977648E-02));
#2335 = CARTESIAN_POINT('',(2.320431329182,8.705583906569E-02,
    1.099999977648E-02));
#2336 = CARTESIAN_POINT('',(2.32800439371,9.464871078502E-02,
    1.099999977648E-02));
#2337 = CARTESIAN_POINT('',(2.336393601163,0.101323940822,
    1.099999977648E-02));
#2338 = CARTESIAN_POINT('',(2.345392699498,0.107198471868,
    1.099999977648E-02));
#2339 = CARTESIAN_POINT('',(2.355079753356,0.112130963973,
    1.099999977648E-02));
#2340 = CARTESIAN_POINT('',(2.365378882921,0.116184241783,
    1.099999977648E-02));
#2341 = CARTESIAN_POINT('',(2.376324944755,0.119347007853,
    1.099999977648E-02));
#2342 = CARTESIAN_POINT('',(2.387884356985,0.121542288135,
    1.099999977648E-02));
#2343 = CARTESIAN_POINT('',(2.400082459236,0.122878569068,
    1.099999977648E-02));
#2344 = CARTESIAN_POINT('',(2.408418311887,0.123050091566,
    1.099999977648E-02));
#2345 = CARTESIAN_POINT('',(2.412690094749,0.123137989816,
    1.099999977648E-02));
#2346 = ORIENTED_EDGE('',*,*,#2347,.F.);
#2347 = EDGE_CURVE('',#2348,#2322,#2350,.T.);
#2348 = VERTEX_POINT('',#2349);
#2349 = CARTESIAN_POINT('',(2.414347869139,-0.111008351647,
    1.099999977648E-02));
#2350 = B_SPLINE_CURVE_WITH_KNOTS('',3,(#2351,#2352,#2353,#2354,#2355,
    #2356,#2357,#2358,#2359,#2360,#2361,#2362,#2363,#2364,#2365,#2366,
    #2367,#2368,#2369),.UNSPECIFIED.,.F.,.F.,(4,1,1,1,1,1,1,1,1,1,1,1,1,
    1,1,1,4),(0.,7.082657255516E-02,0.13816903328,0.202475331534,
    0.263973754414,0.323380320598,0.381797622713,0.439390074519,
    0.496902724546,0.554662169609,0.612741878492,0.671538836391,
    0.73165572209,0.794297811614,0.859482204979,0.927681325453,1.),
  .UNSPECIFIED.);
#2351 = CARTESIAN_POINT('',(2.414347869139,-0.111008351647,
    1.099999977648E-02));
#2352 = CARTESIAN_POINT('',(2.409827598508,-0.110910638972,
    1.099999977648E-02));
#2353 = CARTESIAN_POINT('',(2.401009419104,-0.110720020319,
    1.099999977648E-02));
#2354 = CARTESIAN_POINT('',(2.388158452141,-0.109206279835,
    1.099999977648E-02));
#2355 = CARTESIAN_POINT('',(2.376063392598,-0.10677550148,
    1.099999977648E-02));
#2356 = CARTESIAN_POINT('',(2.364722638809,-0.103370353033,
    1.099999977648E-02));
#2357 = CARTESIAN_POINT('',(2.354185322715,-9.88566668199E-02,
    1.099999977648E-02));
#2358 = CARTESIAN_POINT('',(2.344366438837,-9.343998727701E-02,
    1.099999977648E-02));
#2359 = CARTESIAN_POINT('',(2.335333429261,-8.699424151324E-02,
    1.099999977648E-02));
#2360 = CARTESIAN_POINT('',(2.327122910805,-7.959172329961E-02,
    1.099999977648E-02));
#2361 = CARTESIAN_POINT('',(2.319804487637,-7.1269294084E-02,
    1.099999977648E-02));
#2362 = CARTESIAN_POINT('',(2.313347777878,-6.215714107656E-02,
    1.099999977648E-02));
#2363 = CARTESIAN_POINT('',(2.30798332483,-5.219135242922E-02,
    1.099999977648E-02));
#2364 = CARTESIAN_POINT('',(2.303541077766,-4.147076562572E-02,
    1.099999977648E-02));
#2365 = CARTESIAN_POINT('',(2.300146572118,-2.9948137595E-02,
    1.099999977648E-02));
#2366 = CARTESIAN_POINT('',(2.29768588891,-1.766962862857E-02,
    1.099999977648E-02));
#2367 = CARTESIAN_POINT('',(2.296264618494,-4.601197039737E-03,
    1.099999977648E-02));
#2368 = CARTESIAN_POINT('',(2.296063446628,4.365452974888E-03,
    1.099999977648E-02));
#2369 = CARTESIAN_POINT('',(2.295959911822,8.980215426086E-03,
    1.099999977648E-02));
#2370 = ORIENTED_EDGE('',*,*,#2371,.F.);
#2371 = EDGE_CURVE('',#2372,#2348,#2374,.T.);
#2372 = VERTEX_POINT('',#2373);
#2373 = CARTESIAN_POINT('',(2.456935521578,-0.111008351647,
    1.099999977648E-02));
#2374 = LINE('',#2375,#2376);
#2375 = CARTESIAN_POINT('',(2.456935521578,-0.111008351647,
    1.099999977648E-02));
#2376 = VECTOR('',#2377,1.);
#2377 = DIRECTION('',(-1.,0.,0.));
#2378 = ORIENTED_EDGE('',*,*,#2379,.F.);
#2379 = EDGE_CURVE('',#2380,#2372,#2382,.T.);
#2380 = VERTEX_POINT('',#2381);
#2381 = CARTESIAN_POINT('',(2.456935521578,0.123137989816,
    1.099999977648E-02));
#2382 = LINE('',#2383,#2384);
#2383 = CARTESIAN_POINT('',(2.456935521578,0.123137989816,
    1.099999977648E-02));
#2384 = VECTOR('',#2385,1.);
#2385 = DIRECTION('',(0.,-1.,0.));
#2386 = ORIENTED_EDGE('',*,*,#2387,.F.);
#2387 = EDGE_CURVE('',#2324,#2380,#2388,.T.);
#2388 = LINE('',#2389,#2390);
#2389 = CARTESIAN_POINT('',(2.412690094749,0.123137989816,
    1.099999977648E-02));
#2390 = VECTOR('',#2391,1.);
#2391 = DIRECTION('',(1.,0.,0.));
#2392 = FACE_BOUND('',#2393,.T.);
#2393 = EDGE_LOOP('',(#2394,#2395,#2396,#2397,#2398));
#2394 = ORIENTED_EDGE('',*,*,#2110,.F.);
#2395 = ORIENTED_EDGE('',*,*,#2256,.F.);
#2396 = ORIENTED_EDGE('',*,*,#2182,.F.);
#2397 = ORIENTED_EDGE('',*,*,#2158,.F.);
#2398 = ORIENTED_EDGE('',*,*,#2134,.F.);
#2399 = PLANE('',#2400);
#2400 = AXIS2_PLACEMENT_3D('',#2401,#2402,#2403);
#2401 = CARTESIAN_POINT('',(2.301345547736,0.117155029213,
    1.099999977648E-02));
#2402 = DIRECTION('',(0.,0.,-1.));
#2403 = DIRECTION('',(-1.,0.,0.));
#2404 = ADVANCED_FACE('',(#2405),#2430,.T.);
#2405 = FACE_BOUND('',#2406,.T.);
#2406 = EDGE_LOOP('',(#2407,#2417,#2423,#2424));
#2407 = ORIENTED_EDGE('',*,*,#2408,.F.);
#2408 = EDGE_CURVE('',#2409,#2411,#2413,.T.);
#2409 = VERTEX_POINT('',#2410);
#2410 = CARTESIAN_POINT('',(2.412690094749,0.123137989816,
    9.999999776483E-03));
#2411 = VERTEX_POINT('',#2412);
#2412 = CARTESIAN_POINT('',(2.456935521578,0.123137989816,
    9.999999776483E-03));
#2413 = LINE('',#2414,#2415);
#2414 = CARTESIAN_POINT('',(2.412690094749,0.123137989816,
    9.999999776483E-03));
#2415 = VECTOR('',#2416,1.);
#2416 = DIRECTION('',(1.,0.,0.));
#2417 = ORIENTED_EDGE('',*,*,#2418,.F.);
#2418 = EDGE_CURVE('',#2324,#2409,#2419,.T.);
#2419 = LINE('',#2420,#2421);
#2420 = CARTESIAN_POINT('',(2.412690094749,0.123137989816,
    1.099999977648E-02));
#2421 = VECTOR('',#2422,1.);
#2422 = DIRECTION('',(-0.,-0.,-1.));
#2423 = ORIENTED_EDGE('',*,*,#2387,.T.);
#2424 = ORIENTED_EDGE('',*,*,#2425,.T.);
#2425 = EDGE_CURVE('',#2380,#2411,#2426,.T.);
#2426 = LINE('',#2427,#2428);
#2427 = CARTESIAN_POINT('',(2.456935521578,0.123137989816,
    1.099999977648E-02));
#2428 = VECTOR('',#2429,1.);
#2429 = DIRECTION('',(-0.,-0.,-1.));
#2430 = PLANE('',#2431);
#2431 = AXIS2_PLACEMENT_3D('',#2432,#2433,#2434);
#2432 = CARTESIAN_POINT('',(2.412690094749,0.123137989816,
    1.099999977648E-02));
#2433 = DIRECTION('',(0.,1.,0.));
#2434 = DIRECTION('',(0.,-0.,1.));
#2435 = ADVANCED_FACE('',(#2436),#2470,.T.);
#2436 = FACE_BOUND('',#2437,.T.);
#2437 = EDGE_LOOP('',(#2438,#2462,#2468,#2469));
#2438 = ORIENTED_EDGE('',*,*,#2439,.F.);
#2439 = EDGE_CURVE('',#2440,#2409,#2442,.T.);
#2440 = VERTEX_POINT('',#2441);
#2441 = CARTESIAN_POINT('',(2.295959911822,8.980215426086E-03,
    9.999999776483E-03));
#2442 = B_SPLINE_CURVE_WITH_KNOTS('',3,(#2443,#2444,#2445,#2446,#2447,
    #2448,#2449,#2450,#2451,#2452,#2453,#2454,#2455,#2456,#2457,#2458,
    #2459,#2460,#2461),.UNSPECIFIED.,.F.,.F.,(4,1,1,1,1,1,1,1,1,1,1,1,1,
    1,1,1,4),(0.,7.430379644282E-02,0.144393610364,0.210499496103,
    0.273542606503,0.333824744579,0.392529672409,0.4500874546,
    0.507820611556,0.565464912777,0.623148722334,0.681297192791,
    0.740913498157,0.801855752196,0.865241237721,0.930941657047,1.),
  .UNSPECIFIED.);
#2443 = CARTESIAN_POINT('',(2.295959911822,8.980215426086E-03,
    9.999999776483E-03));
#2444 = CARTESIAN_POINT('',(2.296058245997,1.357648096735E-02,
    9.999999776483E-03));
#2445 = CARTESIAN_POINT('',(2.296249337532,2.250834457955E-02,
    9.999999776483E-03));
#2446 = CARTESIAN_POINT('',(2.297736201792,3.54626469397E-02,
    9.999999776483E-03));
#2447 = CARTESIAN_POINT('',(2.300227997306,4.754873948045E-02,
    9.999999776483E-03));
#2448 = CARTESIAN_POINT('',(2.303770640508,5.873836352314E-02,
    9.999999776483E-03));
#2449 = CARTESIAN_POINT('',(2.308292399616,6.907466550741E-02,
    9.999999776483E-03));
#2450 = CARTESIAN_POINT('',(2.313860349066,7.849842403614E-02,
    9.999999776483E-03));
#2451 = CARTESIAN_POINT('',(2.320431329182,8.705583906569E-02,
    9.999999776483E-03));
#2452 = CARTESIAN_POINT('',(2.32800439371,9.464871078502E-02,
    9.999999776483E-03));
#2453 = CARTESIAN_POINT('',(2.336393601163,0.101323940822,
    9.999999776483E-03));
#2454 = CARTESIAN_POINT('',(2.345392699498,0.107198471868,
    9.999999776483E-03));
#2455 = CARTESIAN_POINT('',(2.355079753356,0.112130963973,
    9.999999776483E-03));
#2456 = CARTESIAN_POINT('',(2.365378882921,0.116184241783,
    9.999999776483E-03));
#2457 = CARTESIAN_POINT('',(2.376324944755,0.119347007853,
    9.999999776483E-03));
#2458 = CARTESIAN_POINT('',(2.387884356985,0.121542288135,
    9.999999776483E-03));
#2459 = CARTESIAN_POINT('',(2.400082459236,0.122878569068,
    9.999999776483E-03));
#2460 = CARTESIAN_POINT('',(2.408418311887,0.123050091566,
    9.999999776483E-03));
#2461 = CARTESIAN_POINT('',(2.412690094749,0.123137989816,
    9.999999776483E-03));
#2462 = ORIENTED_EDGE('',*,*,#2463,.F.);
#2463 = EDGE_CURVE('',#2322,#2440,#2464,.T.);
#2464 = LINE('',#2465,#2466);
#2465 = CARTESIAN_POINT('',(2.295959911822,8.980215426086E-03,
    1.099999977648E-02));
#2466 = VECTOR('',#2467,1.);
#2467 = DIRECTION('',(-0.,-0.,-1.));
#2468 = ORIENTED_EDGE('',*,*,#2321,.T.);
#2469 = ORIENTED_EDGE('',*,*,#2418,.T.);
#2470 = B_SPLINE_SURFACE_WITH_KNOTS('',3,1,(
    (#2471,#2472)
    ,(#2473,#2474)
    ,(#2475,#2476)
    ,(#2477,#2478)
    ,(#2479,#2480)
    ,(#2481,#2482)
    ,(#2483,#2484)
    ,(#2485,#2486)
    ,(#2487,#2488)
    ,(#2489,#2490)
    ,(#2491,#2492)
    ,(#2493,#2494)
    ,(#2495,#2496)
    ,(#2497,#2498)
    ,(#2499,#2500)
    ,(#2501,#2502)
    ,(#2503,#2504)
    ,(#2505,#2506)
    ,(#2507,#2508
    )),.UNSPECIFIED.,.F.,.F.,.F.,(4,1,1,1,1,1,1,1,1,1,1,1,1,1,1,1,4),(2,
    2),(0.,7.430379644282E-02,0.144393610364,0.210499496103,
    0.273542606503,0.333824744579,0.392529672409,0.4500874546,
    0.507820611556,0.565464912777,0.623148722334,0.681297192791,
    0.740913498157,0.801855752196,0.865241237721,0.930941657047,1.),(0.,
    1.),.UNSPECIFIED.);
#2471 = CARTESIAN_POINT('',(2.295959911822,8.980215426086E-03,
    1.099999977648E-02));
#2472 = CARTESIAN_POINT('',(2.295959911822,8.980215426086E-03,
    9.999999776483E-03));
#2473 = CARTESIAN_POINT('',(2.296058245997,1.357648096735E-02,
    1.099999977648E-02));
#2474 = CARTESIAN_POINT('',(2.296058245997,1.357648096735E-02,
    9.999999776483E-03));
#2475 = CARTESIAN_POINT('',(2.296249337532,2.250834457955E-02,
    1.099999977648E-02));
#2476 = CARTESIAN_POINT('',(2.296249337532,2.250834457955E-02,
    9.999999776483E-03));
#2477 = CARTESIAN_POINT('',(2.297736201792,3.54626469397E-02,
    1.099999977648E-02));
#2478 = CARTESIAN_POINT('',(2.297736201792,3.54626469397E-02,
    9.999999776483E-03));
#2479 = CARTESIAN_POINT('',(2.300227997306,4.754873948045E-02,
    1.099999977648E-02));
#2480 = CARTESIAN_POINT('',(2.300227997306,4.754873948045E-02,
    9.999999776483E-03));
#2481 = CARTESIAN_POINT('',(2.303770640508,5.873836352314E-02,
    1.099999977648E-02));
#2482 = CARTESIAN_POINT('',(2.303770640508,5.873836352314E-02,
    9.999999776483E-03));
#2483 = CARTESIAN_POINT('',(2.308292399616,6.907466550741E-02,
    1.099999977648E-02));
#2484 = CARTESIAN_POINT('',(2.308292399616,6.907466550741E-02,
    9.999999776483E-03));
#2485 = CARTESIAN_POINT('',(2.313860349066,7.849842403614E-02,
    1.099999977648E-02));
#2486 = CARTESIAN_POINT('',(2.313860349066,7.849842403614E-02,
    9.999999776483E-03));
#2487 = CARTESIAN_POINT('',(2.320431329182,8.705583906569E-02,
    1.099999977648E-02));
#2488 = CARTESIAN_POINT('',(2.320431329182,8.705583906569E-02,
    9.999999776483E-03));
#2489 = CARTESIAN_POINT('',(2.32800439371,9.464871078502E-02,
    1.099999977648E-02));
#2490 = CARTESIAN_POINT('',(2.32800439371,9.464871078502E-02,
    9.999999776483E-03));
#2491 = CARTESIAN_POINT('',(2.336393601163,0.101323940822,
    1.099999977648E-02));
#2492 = CARTESIAN_POINT('',(2.336393601163,0.101323940822,
    9.999999776483E-03));
#2493 = CARTESIAN_POINT('',(2.345392699498,0.107198471868,
    1.099999977648E-02));
#2494 = CARTESIAN_POINT('',(2.345392699498,0.107198471868,
    9.999999776483E-03));
#2495 = CARTESIAN_POINT('',(2.355079753356,0.112130963973,
    1.099999977648E-02));
#2496 = CARTESIAN_POINT('',(2.355079753356,0.112130963973,
    9.999999776483E-03));
#2497 = CARTESIAN_POINT('',(2.365378882921,0.116184241783,
    1.099999977648E-02));
#2498 = CARTESIAN_POINT('',(2.365378882921,0.116184241783,
    9.999999776483E-03));
#2499 = CARTESIAN_POINT('',(2.376324944755,0.119347007853,
    1.099999977648E-02));
#2500 = CARTESIAN_POINT('',(2.376324944755,0.119347007853,
    9.999999776483E-03));
#2501 = CARTESIAN_POINT('',(2.387884356985,0.121542288135,
    1.099999977648E-02));
#2502 = CARTESIAN_POINT('',(2.387884356985,0.121542288135,
    9.999999776483E-03));
#2503 = CARTESIAN_POINT('',(2.400082459236,0.122878569068,
    1.099999977648E-02));
#2504 = CARTESIAN_POINT('',(2.400082459236,0.122878569068,
    9.999999776483E-03));
#2505 = CARTESIAN_POINT('',(2.408418311887,0.123050091566,
    1.099999977648E-02));
#2506 = CARTESIAN_POINT('',(2.408418311887,0.123050091566,
    9.999999776483E-03));
#2507 = CARTESIAN_POINT('',(2.412690094749,0.123137989816,
    1.099999977648E-02));
#2508 = CARTESIAN_POINT('',(2.412690094749,0.123137989816,
    9.999999776483E-03));
#2509 = ADVANCED_FACE('',(#2510),#2544,.T.);
#2510 = FACE_BOUND('',#2511,.T.);
#2511 = EDGE_LOOP('',(#2512,#2536,#2542,#2543));
#2512 = ORIENTED_EDGE('',*,*,#2513,.F.);
#2513 = EDGE_CURVE('',#2514,#2440,#2516,.T.);
#2514 = VERTEX_POINT('',#2515);
#2515 = CARTESIAN_POINT('',(2.414347869139,-0.111008351647,
    9.999999776483E-03));
#2516 = B_SPLINE_CURVE_WITH_KNOTS('',3,(#2517,#2518,#2519,#2520,#2521,
    #2522,#2523,#2524,#2525,#2526,#2527,#2528,#2529,#2530,#2531,#2532,
    #2533,#2534,#2535),.UNSPECIFIED.,.F.,.F.,(4,1,1,1,1,1,1,1,1,1,1,1,1,
    1,1,1,4),(0.,7.082657255516E-02,0.13816903328,0.202475331534,
    0.263973754414,0.323380320598,0.381797622713,0.439390074519,
    0.496902724546,0.554662169609,0.612741878492,0.671538836391,
    0.73165572209,0.794297811614,0.859482204979,0.927681325453,1.),
  .UNSPECIFIED.);
#2517 = CARTESIAN_POINT('',(2.414347869139,-0.111008351647,
    9.999999776483E-03));
#2518 = CARTESIAN_POINT('',(2.409827598508,-0.110910638972,
    9.999999776483E-03));
#2519 = CARTESIAN_POINT('',(2.401009419104,-0.110720020319,
    9.999999776483E-03));
#2520 = CARTESIAN_POINT('',(2.388158452141,-0.109206279835,
    9.999999776483E-03));
#2521 = CARTESIAN_POINT('',(2.376063392598,-0.10677550148,
    9.999999776483E-03));
#2522 = CARTESIAN_POINT('',(2.364722638809,-0.103370353033,
    9.999999776483E-03));
#2523 = CARTESIAN_POINT('',(2.354185322715,-9.88566668199E-02,
    9.999999776483E-03));
#2524 = CARTESIAN_POINT('',(2.344366438837,-9.343998727701E-02,
    9.999999776483E-03));
#2525 = CARTESIAN_POINT('',(2.335333429261,-8.699424151324E-02,
    9.999999776483E-03));
#2526 = CARTESIAN_POINT('',(2.327122910805,-7.959172329961E-02,
    9.999999776483E-03));
#2527 = CARTESIAN_POINT('',(2.319804487637,-7.1269294084E-02,
    9.999999776483E-03));
#2528 = CARTESIAN_POINT('',(2.313347777878,-6.215714107656E-02,
    9.999999776483E-03));
#2529 = CARTESIAN_POINT('',(2.30798332483,-5.219135242922E-02,
    9.999999776483E-03));
#2530 = CARTESIAN_POINT('',(2.303541077766,-4.147076562572E-02,
    9.999999776483E-03));
#2531 = CARTESIAN_POINT('',(2.300146572118,-2.9948137595E-02,
    9.999999776483E-03));
#2532 = CARTESIAN_POINT('',(2.29768588891,-1.766962862857E-02,
    9.999999776483E-03));
#2533 = CARTESIAN_POINT('',(2.296264618494,-4.601197039737E-03,
    9.999999776483E-03));
#2534 = CARTESIAN_POINT('',(2.296063446628,4.365452974888E-03,
    9.999999776483E-03));
#2535 = CARTESIAN_POINT('',(2.295959911822,8.980215426086E-03,
    9.999999776483E-03));
#2536 = ORIENTED_EDGE('',*,*,#2537,.F.);
#2537 = EDGE_CURVE('',#2348,#2514,#2538,.T.);
#2538 = LINE('',#2539,#2540);
#2539 = CARTESIAN_POINT('',(2.414347869139,-0.111008351647,
    1.099999977648E-02));
#2540 = VECTOR('',#2541,1.);
#2541 = DIRECTION('',(-0.,-0.,-1.));
#2542 = ORIENTED_EDGE('',*,*,#2347,.T.);
#2543 = ORIENTED_EDGE('',*,*,#2463,.T.);
#2544 = B_SPLINE_SURFACE_WITH_KNOTS('',3,1,(
    (#2545,#2546)
    ,(#2547,#2548)
    ,(#2549,#2550)
    ,(#2551,#2552)
    ,(#2553,#2554)
    ,(#2555,#2556)
    ,(#2557,#2558)
    ,(#2559,#2560)
    ,(#2561,#2562)
    ,(#2563,#2564)
    ,(#2565,#2566)
    ,(#2567,#2568)
    ,(#2569,#2570)
    ,(#2571,#2572)
    ,(#2573,#2574)
    ,(#2575,#2576)
    ,(#2577,#2578)
    ,(#2579,#2580)
    ,(#2581,#2582
    )),.UNSPECIFIED.,.F.,.F.,.F.,(4,1,1,1,1,1,1,1,1,1,1,1,1,1,1,1,4),(2,
    2),(0.,7.082657255516E-02,0.13816903328,0.202475331534,
    0.263973754414,0.323380320598,0.381797622713,0.439390074519,
    0.496902724546,0.554662169609,0.612741878492,0.671538836391,
    0.73165572209,0.794297811614,0.859482204979,0.927681325453,1.),(0.,
    1.),.UNSPECIFIED.);
#2545 = CARTESIAN_POINT('',(2.414347869139,-0.111008351647,
    1.099999977648E-02));
#2546 = CARTESIAN_POINT('',(2.414347869139,-0.111008351647,
    9.999999776483E-03));
#2547 = CARTESIAN_POINT('',(2.409827598508,-0.110910638972,
    1.099999977648E-02));
#2548 = CARTESIAN_POINT('',(2.409827598508,-0.110910638972,
    9.999999776483E-03));
#2549 = CARTESIAN_POINT('',(2.401009419104,-0.110720020319,
    1.099999977648E-02));
#2550 = CARTESIAN_POINT('',(2.401009419104,-0.110720020319,
    9.999999776483E-03));
#2551 = CARTESIAN_POINT('',(2.388158452141,-0.109206279835,
    1.099999977648E-02));
#2552 = CARTESIAN_POINT('',(2.388158452141,-0.109206279835,
    9.999999776483E-03));
#2553 = CARTESIAN_POINT('',(2.376063392598,-0.10677550148,
    1.099999977648E-02));
#2554 = CARTESIAN_POINT('',(2.376063392598,-0.10677550148,
    9.999999776483E-03));
#2555 = CARTESIAN_POINT('',(2.364722638809,-0.103370353033,
    1.099999977648E-02));
#2556 = CARTESIAN_POINT('',(2.364722638809,-0.103370353033,
    9.999999776483E-03));
#2557 = CARTESIAN_POINT('',(2.354185322715,-9.88566668199E-02,
    1.099999977648E-02));
#2558 = CARTESIAN_POINT('',(2.354185322715,-9.88566668199E-02,
    9.999999776483E-03));
#2559 = CARTESIAN_POINT('',(2.344366438837,-9.343998727701E-02,
    1.099999977648E-02));
#2560 = CARTESIAN_POINT('',(2.344366438837,-9.343998727701E-02,
    9.999999776483E-03));
#2561 = CARTESIAN_POINT('',(2.335333429261,-8.699424151324E-02,
    1.099999977648E-02));
#2562 = CARTESIAN_POINT('',(2.335333429261,-8.699424151324E-02,
    9.999999776483E-03));
#2563 = CARTESIAN_POINT('',(2.327122910805,-7.959172329961E-02,
    1.099999977648E-02));
#2564 = CARTESIAN_POINT('',(2.327122910805,-7.959172329961E-02,
    9.999999776483E-03));
#2565 = CARTESIAN_POINT('',(2.319804487637,-7.1269294084E-02,
    1.099999977648E-02));
#2566 = CARTESIAN_POINT('',(2.319804487637,-7.1269294084E-02,
    9.999999776483E-03));
#2567 = CARTESIAN_POINT('',(2.313347777878,-6.215714107656E-02,
    1.099999977648E-02));
#2568 = CARTESIAN_POINT('',(2.313347777878,-6.215714107656E-02,
    9.999999776483E-03));
#2569 = CARTESIAN_POINT('',(2.30798332483,-5.219135242922E-02,
    1.099999977648E-02));
#2570 = CARTESIAN_POINT('',(2.30798332483,-5.219135242922E-02,
    9.999999776483E-03));
#2571 = CARTESIAN_POINT('',(2.303541077766,-4.147076562572E-02,
    1.099999977648E-02));
#2572 = CARTESIAN_POINT('',(2.303541077766,-4.147076562572E-02,
    9.999999776483E-03));
#2573 = CARTESIAN_POINT('',(2.300146572118,-2.9948137595E-02,
    1.099999977648E-02));
#2574 = CARTESIAN_POINT('',(2.300146572118,-2.9948137595E-02,
    9.999999776483E-03));
#2575 = CARTESIAN_POINT('',(2.29768588891,-1.766962862857E-02,
    1.099999977648E-02));
#2576 = CARTESIAN_POINT('',(2.29768588891,-1.766962862857E-02,
    9.999999776483E-03));
#2577 = CARTESIAN_POINT('',(2.296264618494,-4.601197039737E-03,
    1.099999977648E-02));
#2578 = CARTESIAN_POINT('',(2.296264618494,-4.601197039737E-03,
    9.999999776483E-03));
#2579 = CARTESIAN_POINT('',(2.296063446628,4.365452974888E-03,
    1.099999977648E-02));
#2580 = CARTESIAN_POINT('',(2.296063446628,4.365452974888E-03,
    9.999999776483E-03));
#2581 = CARTESIAN_POINT('',(2.295959911822,8.980215426086E-03,
    1.099999977648E-02));
#2582 = CARTESIAN_POINT('',(2.295959911822,8.980215426086E-03,
    9.999999776483E-03));
#2583 = ADVANCED_FACE('',(#2584),#2602,.T.);
#2584 = FACE_BOUND('',#2585,.T.);
#2585 = EDGE_LOOP('',(#2586,#2594,#2600,#2601));
#2586 = ORIENTED_EDGE('',*,*,#2587,.F.);
#2587 = EDGE_CURVE('',#2588,#2514,#2590,.T.);
#2588 = VERTEX_POINT('',#2589);
#2589 = CARTESIAN_POINT('',(2.456935521578,-0.111008351647,
    9.999999776483E-03));
#2590 = LINE('',#2591,#2592);
#2591 = CARTESIAN_POINT('',(2.456935521578,-0.111008351647,
    9.999999776483E-03));
#2592 = VECTOR('',#2593,1.);
#2593 = DIRECTION('',(-1.,0.,0.));
#2594 = ORIENTED_EDGE('',*,*,#2595,.F.);
#2595 = EDGE_CURVE('',#2372,#2588,#2596,.T.);
#2596 = LINE('',#2597,#2598);
#2597 = CARTESIAN_POINT('',(2.456935521578,-0.111008351647,
    1.099999977648E-02));
#2598 = VECTOR('',#2599,1.);
#2599 = DIRECTION('',(-0.,-0.,-1.));
#2600 = ORIENTED_EDGE('',*,*,#2371,.T.);
#2601 = ORIENTED_EDGE('',*,*,#2537,.T.);
#2602 = PLANE('',#2603);
#2603 = AXIS2_PLACEMENT_3D('',#2604,#2605,#2606);
#2604 = CARTESIAN_POINT('',(2.456935521578,-0.111008351647,
    1.099999977648E-02));
#2605 = DIRECTION('',(0.,-1.,0.));
#2606 = DIRECTION('',(0.,0.,-1.));
#2607 = ADVANCED_FACE('',(#2608),#2619,.T.);
#2608 = FACE_BOUND('',#2609,.T.);
#2609 = EDGE_LOOP('',(#2610,#2616,#2617,#2618));
#2610 = ORIENTED_EDGE('',*,*,#2611,.F.);
#2611 = EDGE_CURVE('',#2411,#2588,#2612,.T.);
#2612 = LINE('',#2613,#2614);
#2613 = CARTESIAN_POINT('',(2.456935521578,0.123137989816,
    9.999999776483E-03));
#2614 = VECTOR('',#2615,1.);
#2615 = DIRECTION('',(0.,-1.,0.));
#2616 = ORIENTED_EDGE('',*,*,#2425,.F.);
#2617 = ORIENTED_EDGE('',*,*,#2379,.T.);
#2618 = ORIENTED_EDGE('',*,*,#2595,.T.);
#2619 = PLANE('',#2620);
#2620 = AXIS2_PLACEMENT_3D('',#2621,#2622,#2623);
#2621 = CARTESIAN_POINT('',(2.456935521578,0.123137989816,
    1.099999977648E-02));
#2622 = DIRECTION('',(1.,0.,0.));
#2623 = DIRECTION('',(0.,0.,-1.));
#2624 = ADVANCED_FACE('',(#2625),#2650,.T.);
#2625 = FACE_BOUND('',#2626,.T.);
#2626 = EDGE_LOOP('',(#2627,#2628,#2636,#2644));
#2627 = ORIENTED_EDGE('',*,*,#659,.F.);
#2628 = ORIENTED_EDGE('',*,*,#2629,.F.);
#2629 = EDGE_CURVE('',#2630,#660,#2632,.T.);
#2630 = VERTEX_POINT('',#2631);
#2631 = CARTESIAN_POINT('',(2.555716009383,-0.111008351647,
    1.099999977648E-02));
#2632 = LINE('',#2633,#2634);
#2633 = CARTESIAN_POINT('',(2.555716009383,-0.111008351647,
    1.099999977648E-02));
#2634 = VECTOR('',#2635,1.);
#2635 = DIRECTION('',(-0.,-0.,-1.));
#2636 = ORIENTED_EDGE('',*,*,#2637,.T.);
#2637 = EDGE_CURVE('',#2630,#2638,#2640,.T.);
#2638 = VERTEX_POINT('',#2639);
#2639 = CARTESIAN_POINT('',(2.555716009383,-0.143935180915,
    1.099999977648E-02));
#2640 = LINE('',#2641,#2642);
#2641 = CARTESIAN_POINT('',(2.555716009383,-0.111008351647,
    1.099999977648E-02));
#2642 = VECTOR('',#2643,1.);
#2643 = DIRECTION('',(0.,-1.,0.));
#2644 = ORIENTED_EDGE('',*,*,#2645,.T.);
#2645 = EDGE_CURVE('',#2638,#662,#2646,.T.);
#2646 = LINE('',#2647,#2648);
#2647 = CARTESIAN_POINT('',(2.555716009383,-0.143935180915,
    1.099999977648E-02));
#2648 = VECTOR('',#2649,1.);
#2649 = DIRECTION('',(-0.,-0.,-1.));
#2650 = PLANE('',#2651);
#2651 = AXIS2_PLACEMENT_3D('',#2652,#2653,#2654);
#2652 = CARTESIAN_POINT('',(2.555716009383,-0.111008351647,
    1.099999977648E-02));
#2653 = DIRECTION('',(1.,0.,0.));
#2654 = DIRECTION('',(0.,0.,-1.));
#2655 = ADVANCED_FACE('',(#2656),#2674,.T.);
#2656 = FACE_BOUND('',#2657,.T.);
#2657 = EDGE_LOOP('',(#2658,#2659,#2660,#2668));
#2658 = ORIENTED_EDGE('',*,*,#669,.F.);
#2659 = ORIENTED_EDGE('',*,*,#2645,.F.);
#2660 = ORIENTED_EDGE('',*,*,#2661,.T.);
#2661 = EDGE_CURVE('',#2638,#2662,#2664,.T.);
#2662 = VERTEX_POINT('',#2663);
#2663 = CARTESIAN_POINT('',(2.716691619139,-0.143935180915,
    1.099999977648E-02));
#2664 = LINE('',#2665,#2666);
#2665 = CARTESIAN_POINT('',(2.555716009383,-0.143935180915,
    1.099999977648E-02));
#2666 = VECTOR('',#2667,1.);
#2667 = DIRECTION('',(1.,0.,0.));
#2668 = ORIENTED_EDGE('',*,*,#2669,.T.);
#2669 = EDGE_CURVE('',#2662,#670,#2670,.T.);
#2670 = LINE('',#2671,#2672);
#2671 = CARTESIAN_POINT('',(2.716691619139,-0.143935180915,
    1.099999977648E-02));
#2672 = VECTOR('',#2673,1.);
#2673 = DIRECTION('',(-0.,-0.,-1.));
#2674 = PLANE('',#2675);
#2675 = AXIS2_PLACEMENT_3D('',#2676,#2677,#2678);
#2676 = CARTESIAN_POINT('',(2.555716009383,-0.143935180915,
    1.099999977648E-02));
#2677 = DIRECTION('',(0.,1.,0.));
#2678 = DIRECTION('',(0.,-0.,1.));
#2679 = ADVANCED_FACE('',(#2680),#2698,.T.);
#2680 = FACE_BOUND('',#2681,.T.);
#2681 = EDGE_LOOP('',(#2682,#2683,#2684,#2692));
#2682 = ORIENTED_EDGE('',*,*,#677,.F.);
#2683 = ORIENTED_EDGE('',*,*,#2669,.F.);
#2684 = ORIENTED_EDGE('',*,*,#2685,.T.);
#2685 = EDGE_CURVE('',#2662,#2686,#2688,.T.);
#2686 = VERTEX_POINT('',#2687);
#2687 = CARTESIAN_POINT('',(2.716691619139,0.156064819085,
    1.099999977648E-02));
#2688 = LINE('',#2689,#2690);
#2689 = CARTESIAN_POINT('',(2.716691619139,-0.143935180915,
    1.099999977648E-02));
#2690 = VECTOR('',#2691,1.);
#2691 = DIRECTION('',(0.,1.,0.));
#2692 = ORIENTED_EDGE('',*,*,#2693,.T.);
#2693 = EDGE_CURVE('',#2686,#678,#2694,.T.);
#2694 = LINE('',#2695,#2696);
#2695 = CARTESIAN_POINT('',(2.716691619139,0.156064819085,
    1.099999977648E-02));
#2696 = VECTOR('',#2697,1.);
#2697 = DIRECTION('',(-0.,-0.,-1.));
#2698 = PLANE('',#2699);
#2699 = AXIS2_PLACEMENT_3D('',#2700,#2701,#2702);
#2700 = CARTESIAN_POINT('',(2.716691619139,-0.143935180915,
    1.099999977648E-02));
#2701 = DIRECTION('',(-1.,0.,0.));
#2702 = DIRECTION('',(0.,0.,1.));
#2703 = ADVANCED_FACE('',(#2704),#2722,.T.);
#2704 = FACE_BOUND('',#2705,.T.);
#2705 = EDGE_LOOP('',(#2706,#2707,#2708,#2716));
#2706 = ORIENTED_EDGE('',*,*,#685,.F.);
#2707 = ORIENTED_EDGE('',*,*,#2693,.F.);
#2708 = ORIENTED_EDGE('',*,*,#2709,.T.);
#2709 = EDGE_CURVE('',#2686,#2710,#2712,.T.);
#2710 = VERTEX_POINT('',#2711);
#2711 = CARTESIAN_POINT('',(2.563033082554,0.156064819085,
    1.099999977648E-02));
#2712 = LINE('',#2713,#2714);
#2713 = CARTESIAN_POINT('',(2.716691619139,0.156064819085,
    1.099999977648E-02));
#2714 = VECTOR('',#2715,1.);
#2715 = DIRECTION('',(-1.,0.,0.));
#2716 = ORIENTED_EDGE('',*,*,#2717,.T.);
#2717 = EDGE_CURVE('',#2710,#686,#2718,.T.);
#2718 = LINE('',#2719,#2720);
#2719 = CARTESIAN_POINT('',(2.563033082554,0.156064819085,
    1.099999977648E-02));
#2720 = VECTOR('',#2721,1.);
#2721 = DIRECTION('',(-0.,-0.,-1.));
#2722 = PLANE('',#2723);
#2723 = AXIS2_PLACEMENT_3D('',#2724,#2725,#2726);
#2724 = CARTESIAN_POINT('',(2.716691619139,0.156064819085,
    1.099999977648E-02));
#2725 = DIRECTION('',(0.,-1.,0.));
#2726 = DIRECTION('',(0.,0.,-1.));
#2727 = ADVANCED_FACE('',(#2728),#2746,.T.);
#2728 = FACE_BOUND('',#2729,.T.);
#2729 = EDGE_LOOP('',(#2730,#2731,#2732,#2740));
#2730 = ORIENTED_EDGE('',*,*,#693,.F.);
#2731 = ORIENTED_EDGE('',*,*,#2717,.F.);
#2732 = ORIENTED_EDGE('',*,*,#2733,.T.);
#2733 = EDGE_CURVE('',#2710,#2734,#2736,.T.);
#2734 = VERTEX_POINT('',#2735);
#2735 = CARTESIAN_POINT('',(2.563033082554,0.123137989816,
    1.099999977648E-02));
#2736 = LINE('',#2737,#2738);
#2737 = CARTESIAN_POINT('',(2.563033082554,0.156064819085,
    1.099999977648E-02));
#2738 = VECTOR('',#2739,1.);
#2739 = DIRECTION('',(0.,-1.,0.));
#2740 = ORIENTED_EDGE('',*,*,#2741,.T.);
#2741 = EDGE_CURVE('',#2734,#694,#2742,.T.);
#2742 = LINE('',#2743,#2744);
#2743 = CARTESIAN_POINT('',(2.563033082554,0.123137989816,
    1.099999977648E-02));
#2744 = VECTOR('',#2745,1.);
#2745 = DIRECTION('',(-0.,-0.,-1.));
#2746 = PLANE('',#2747);
#2747 = AXIS2_PLACEMENT_3D('',#2748,#2749,#2750);
#2748 = CARTESIAN_POINT('',(2.563033082554,0.156064819085,
    1.099999977648E-02));
#2749 = DIRECTION('',(1.,0.,0.));
#2750 = DIRECTION('',(0.,0.,-1.));
#2751 = ADVANCED_FACE('',(#2752),#2770,.T.);
#2752 = FACE_BOUND('',#2753,.T.);
#2753 = EDGE_LOOP('',(#2754,#2755,#2756,#2764));
#2754 = ORIENTED_EDGE('',*,*,#701,.F.);
#2755 = ORIENTED_EDGE('',*,*,#2741,.F.);
#2756 = ORIENTED_EDGE('',*,*,#2757,.T.);
#2757 = EDGE_CURVE('',#2734,#2758,#2760,.T.);
#2758 = VERTEX_POINT('',#2759);
#2759 = CARTESIAN_POINT('',(2.6764477167,0.123137989816,
    1.099999977648E-02));
#2760 = LINE('',#2761,#2762);
#2761 = CARTESIAN_POINT('',(2.563033082554,0.123137989816,
    1.099999977648E-02));
#2762 = VECTOR('',#2763,1.);
#2763 = DIRECTION('',(1.,0.,0.));
#2764 = ORIENTED_EDGE('',*,*,#2765,.T.);
#2765 = EDGE_CURVE('',#2758,#702,#2766,.T.);
#2766 = LINE('',#2767,#2768);
#2767 = CARTESIAN_POINT('',(2.6764477167,0.123137989816,
    1.099999977648E-02));
#2768 = VECTOR('',#2769,1.);
#2769 = DIRECTION('',(-0.,-0.,-1.));
#2770 = PLANE('',#2771);
#2771 = AXIS2_PLACEMENT_3D('',#2772,#2773,#2774);
#2772 = CARTESIAN_POINT('',(2.563033082554,0.123137989816,
    1.099999977648E-02));
#2773 = DIRECTION('',(0.,1.,0.));
#2774 = DIRECTION('',(0.,-0.,1.));
#2775 = ADVANCED_FACE('',(#2776),#2794,.T.);
#2776 = FACE_BOUND('',#2777,.T.);
#2777 = EDGE_LOOP('',(#2778,#2779,#2780,#2788));
#2778 = ORIENTED_EDGE('',*,*,#709,.F.);
#2779 = ORIENTED_EDGE('',*,*,#2765,.F.);
#2780 = ORIENTED_EDGE('',*,*,#2781,.T.);
#2781 = EDGE_CURVE('',#2758,#2782,#2784,.T.);
#2782 = VERTEX_POINT('',#2783);
#2783 = CARTESIAN_POINT('',(2.6764477167,2.435750201145E-02,
    1.099999977648E-02));
#2784 = LINE('',#2785,#2786);
#2785 = CARTESIAN_POINT('',(2.6764477167,0.123137989816,
    1.099999977648E-02));
#2786 = VECTOR('',#2787,1.);
#2787 = DIRECTION('',(0.,-1.,0.));
#2788 = ORIENTED_EDGE('',*,*,#2789,.T.);
#2789 = EDGE_CURVE('',#2782,#710,#2790,.T.);
#2790 = LINE('',#2791,#2792);
#2791 = CARTESIAN_POINT('',(2.6764477167,2.435750201145E-02,
    1.099999977648E-02));
#2792 = VECTOR('',#2793,1.);
#2793 = DIRECTION('',(-0.,-0.,-1.));
#2794 = PLANE('',#2795);
#2795 = AXIS2_PLACEMENT_3D('',#2796,#2797,#2798);
#2796 = CARTESIAN_POINT('',(2.6764477167,0.123137989816,
    1.099999977648E-02));
#2797 = DIRECTION('',(1.,0.,0.));
#2798 = DIRECTION('',(0.,0.,-1.));
#2799 = ADVANCED_FACE('',(#2800),#2818,.T.);
#2800 = FACE_BOUND('',#2801,.T.);
#2801 = EDGE_LOOP('',(#2802,#2803,#2804,#2812));
#2802 = ORIENTED_EDGE('',*,*,#717,.F.);
#2803 = ORIENTED_EDGE('',*,*,#2789,.F.);
#2804 = ORIENTED_EDGE('',*,*,#2805,.T.);
#2805 = EDGE_CURVE('',#2782,#2806,#2808,.T.);
#2806 = VERTEX_POINT('',#2807);
#2807 = CARTESIAN_POINT('',(2.570350155724,2.435750201145E-02,
    1.099999977648E-02));
#2808 = LINE('',#2809,#2810);
#2809 = CARTESIAN_POINT('',(2.6764477167,2.435750201145E-02,
    1.099999977648E-02));
#2810 = VECTOR('',#2811,1.);
#2811 = DIRECTION('',(-1.,0.,0.));
#2812 = ORIENTED_EDGE('',*,*,#2813,.T.);
#2813 = EDGE_CURVE('',#2806,#718,#2814,.T.);
#2814 = LINE('',#2815,#2816);
#2815 = CARTESIAN_POINT('',(2.570350155724,2.435750201145E-02,
    1.099999977648E-02));
#2816 = VECTOR('',#2817,1.);
#2817 = DIRECTION('',(-0.,-0.,-1.));
#2818 = PLANE('',#2819);
#2819 = AXIS2_PLACEMENT_3D('',#2820,#2821,#2822);
#2820 = CARTESIAN_POINT('',(2.6764477167,2.435750201145E-02,
    1.099999977648E-02));
#2821 = DIRECTION('',(0.,-1.,0.));
#2822 = DIRECTION('',(0.,0.,-1.));
#2823 = ADVANCED_FACE('',(#2824),#2842,.T.);
#2824 = FACE_BOUND('',#2825,.T.);
#2825 = EDGE_LOOP('',(#2826,#2827,#2828,#2836));
#2826 = ORIENTED_EDGE('',*,*,#725,.F.);
#2827 = ORIENTED_EDGE('',*,*,#2813,.F.);
#2828 = ORIENTED_EDGE('',*,*,#2829,.T.);
#2829 = EDGE_CURVE('',#2806,#2830,#2832,.T.);
#2830 = VERTEX_POINT('',#2831);
#2831 = CARTESIAN_POINT('',(2.570350155724,-8.569327256841E-03,
    1.099999977648E-02));
#2832 = LINE('',#2833,#2834);
#2833 = CARTESIAN_POINT('',(2.570350155724,2.435750201145E-02,
    1.099999977648E-02));
#2834 = VECTOR('',#2835,1.);
#2835 = DIRECTION('',(0.,-1.,0.));
#2836 = ORIENTED_EDGE('',*,*,#2837,.T.);
#2837 = EDGE_CURVE('',#2830,#726,#2838,.T.);
#2838 = LINE('',#2839,#2840);
#2839 = CARTESIAN_POINT('',(2.570350155724,-8.569327256841E-03,
    1.099999977648E-02));
#2840 = VECTOR('',#2841,1.);
#2841 = DIRECTION('',(-0.,-0.,-1.));
#2842 = PLANE('',#2843);
#2843 = AXIS2_PLACEMENT_3D('',#2844,#2845,#2846);
#2844 = CARTESIAN_POINT('',(2.570350155724,2.435750201145E-02,
    1.099999977648E-02));
#2845 = DIRECTION('',(1.,0.,0.));
#2846 = DIRECTION('',(0.,0.,-1.));
#2847 = ADVANCED_FACE('',(#2848),#2866,.T.);
#2848 = FACE_BOUND('',#2849,.T.);
#2849 = EDGE_LOOP('',(#2850,#2851,#2852,#2860));
#2850 = ORIENTED_EDGE('',*,*,#733,.F.);
#2851 = ORIENTED_EDGE('',*,*,#2837,.F.);
#2852 = ORIENTED_EDGE('',*,*,#2853,.T.);
#2853 = EDGE_CURVE('',#2830,#2854,#2856,.T.);
#2854 = VERTEX_POINT('',#2855);
#2855 = CARTESIAN_POINT('',(2.6764477167,-8.569327256841E-03,
    1.099999977648E-02));
#2856 = LINE('',#2857,#2858);
#2857 = CARTESIAN_POINT('',(2.570350155724,-8.569327256841E-03,
    1.099999977648E-02));
#2858 = VECTOR('',#2859,1.);
#2859 = DIRECTION('',(1.,0.,0.));
#2860 = ORIENTED_EDGE('',*,*,#2861,.T.);
#2861 = EDGE_CURVE('',#2854,#734,#2862,.T.);
#2862 = LINE('',#2863,#2864);
#2863 = CARTESIAN_POINT('',(2.6764477167,-8.569327256841E-03,
    1.099999977648E-02));
#2864 = VECTOR('',#2865,1.);
#2865 = DIRECTION('',(-0.,-0.,-1.));
#2866 = PLANE('',#2867);
#2867 = AXIS2_PLACEMENT_3D('',#2868,#2869,#2870);
#2868 = CARTESIAN_POINT('',(2.570350155724,-8.569327256841E-03,
    1.099999977648E-02));
#2869 = DIRECTION('',(0.,1.,0.));
#2870 = DIRECTION('',(0.,-0.,1.));
#2871 = ADVANCED_FACE('',(#2872),#2890,.T.);
#2872 = FACE_BOUND('',#2873,.T.);
#2873 = EDGE_LOOP('',(#2874,#2875,#2876,#2884));
#2874 = ORIENTED_EDGE('',*,*,#741,.F.);
#2875 = ORIENTED_EDGE('',*,*,#2861,.F.);
#2876 = ORIENTED_EDGE('',*,*,#2877,.T.);
#2877 = EDGE_CURVE('',#2854,#2878,#2880,.T.);
#2878 = VERTEX_POINT('',#2879);
#2879 = CARTESIAN_POINT('',(2.6764477167,-0.111008351647,
    1.099999977648E-02));
#2880 = LINE('',#2881,#2882);
#2881 = CARTESIAN_POINT('',(2.6764477167,-8.569327256841E-03,
    1.099999977648E-02));
#2882 = VECTOR('',#2883,1.);
#2883 = DIRECTION('',(0.,-1.,0.));
#2884 = ORIENTED_EDGE('',*,*,#2885,.T.);
#2885 = EDGE_CURVE('',#2878,#742,#2886,.T.);
#2886 = LINE('',#2887,#2888);
#2887 = CARTESIAN_POINT('',(2.6764477167,-0.111008351647,
    1.099999977648E-02));
#2888 = VECTOR('',#2889,1.);
#2889 = DIRECTION('',(-0.,-0.,-1.));
#2890 = PLANE('',#2891);
#2891 = AXIS2_PLACEMENT_3D('',#2892,#2893,#2894);
#2892 = CARTESIAN_POINT('',(2.6764477167,-8.569327256841E-03,
    1.099999977648E-02));
#2893 = DIRECTION('',(1.,0.,0.));
#2894 = DIRECTION('',(0.,0.,-1.));
#2895 = ADVANCED_FACE('',(#2896),#2907,.T.);
#2896 = FACE_BOUND('',#2897,.T.);
#2897 = EDGE_LOOP('',(#2898,#2899,#2900,#2906));
#2898 = ORIENTED_EDGE('',*,*,#749,.F.);
#2899 = ORIENTED_EDGE('',*,*,#2885,.F.);
#2900 = ORIENTED_EDGE('',*,*,#2901,.T.);
#2901 = EDGE_CURVE('',#2878,#2630,#2902,.T.);
#2902 = LINE('',#2903,#2904);
#2903 = CARTESIAN_POINT('',(2.6764477167,-0.111008351647,
    1.099999977648E-02));
#2904 = VECTOR('',#2905,1.);
#2905 = DIRECTION('',(-1.,0.,0.));
#2906 = ORIENTED_EDGE('',*,*,#2629,.T.);
#2907 = PLANE('',#2908);
#2908 = AXIS2_PLACEMENT_3D('',#2909,#2910,#2911);
#2909 = CARTESIAN_POINT('',(2.6764477167,-0.111008351647,
    1.099999977648E-02));
#2910 = DIRECTION('',(0.,-1.,0.));
#2911 = DIRECTION('',(0.,0.,-1.));
#2912 = ADVANCED_FACE('',(#2913),#2927,.F.);
#2913 = FACE_BOUND('',#2914,.T.);
#2914 = EDGE_LOOP('',(#2915,#2916,#2917,#2918,#2919,#2920,#2921,#2922,
    #2923,#2924,#2925,#2926));
#2915 = ORIENTED_EDGE('',*,*,#2637,.F.);
#2916 = ORIENTED_EDGE('',*,*,#2901,.F.);
#2917 = ORIENTED_EDGE('',*,*,#2877,.F.);
#2918 = ORIENTED_EDGE('',*,*,#2853,.F.);
#2919 = ORIENTED_EDGE('',*,*,#2829,.F.);
#2920 = ORIENTED_EDGE('',*,*,#2805,.F.);
#2921 = ORIENTED_EDGE('',*,*,#2781,.F.);
#2922 = ORIENTED_EDGE('',*,*,#2757,.F.);
#2923 = ORIENTED_EDGE('',*,*,#2733,.F.);
#2924 = ORIENTED_EDGE('',*,*,#2709,.F.);
#2925 = ORIENTED_EDGE('',*,*,#2685,.F.);
#2926 = ORIENTED_EDGE('',*,*,#2661,.F.);
#2927 = PLANE('',#2928);
#2928 = AXIS2_PLACEMENT_3D('',#2929,#2930,#2931);
#2929 = CARTESIAN_POINT('',(0.,0.,1.099999977648E-02));
#2930 = DIRECTION('',(0.,0.,1.));
#2931 = DIRECTION('',(1.,0.,-0.));
#2932 = ADVANCED_FACE('',(#2933),#2958,.T.);
#2933 = FACE_BOUND('',#2934,.T.);
#2934 = EDGE_LOOP('',(#2935,#2936,#2944,#2952));
#2935 = ORIENTED_EDGE('',*,*,#81,.F.);
#2936 = ORIENTED_EDGE('',*,*,#2937,.F.);
#2937 = EDGE_CURVE('',#2938,#82,#2940,.T.);
#2938 = VERTEX_POINT('',#2939);
#2939 = CARTESIAN_POINT('',(2.775228204505,-9.545957115928E-02,
    1.099999977648E-02));
#2940 = LINE('',#2941,#2942);
#2941 = CARTESIAN_POINT('',(2.775228204505,-9.545957115928E-02,
    1.099999977648E-02));
#2942 = VECTOR('',#2943,1.);
#2943 = DIRECTION('',(-0.,-0.,-1.));
#2944 = ORIENTED_EDGE('',*,*,#2945,.T.);
#2945 = EDGE_CURVE('',#2938,#2946,#2948,.T.);
#2946 = VERTEX_POINT('',#2947);
#2947 = CARTESIAN_POINT('',(2.775228204505,-0.128386400428,
    1.099999977648E-02));
#2948 = LINE('',#2949,#2950);
#2949 = CARTESIAN_POINT('',(2.775228204505,-9.545957115928E-02,
    1.099999977648E-02));
#2950 = VECTOR('',#2951,1.);
#2951 = DIRECTION('',(0.,-1.,0.));
#2952 = ORIENTED_EDGE('',*,*,#2953,.T.);
#2953 = EDGE_CURVE('',#2946,#84,#2954,.T.);
#2954 = LINE('',#2955,#2956);
#2955 = CARTESIAN_POINT('',(2.775228204505,-0.128386400428,
    1.099999977648E-02));
#2956 = VECTOR('',#2957,1.);
#2957 = DIRECTION('',(-0.,-0.,-1.));
#2958 = PLANE('',#2959);
#2959 = AXIS2_PLACEMENT_3D('',#2960,#2961,#2962);
#2960 = CARTESIAN_POINT('',(2.775228204505,-9.545957115928E-02,
    1.099999977648E-02));
#2961 = DIRECTION('',(1.,0.,0.));
#2962 = DIRECTION('',(0.,0.,-1.));
#2963 = ADVANCED_FACE('',(#2964),#2990,.T.);
#2964 = FACE_BOUND('',#2965,.T.);
#2965 = EDGE_LOOP('',(#2966,#2967,#2968,#2984));
#2966 = ORIENTED_EDGE('',*,*,#91,.F.);
#2967 = ORIENTED_EDGE('',*,*,#2953,.F.);
#2968 = ORIENTED_EDGE('',*,*,#2969,.T.);
#2969 = EDGE_CURVE('',#2946,#2970,#2972,.T.);
#2970 = VERTEX_POINT('',#2971);
#2971 = CARTESIAN_POINT('',(2.857773936212,-0.147593717501,
    1.099999977648E-02));
#2972 = B_SPLINE_CURVE_WITH_KNOTS('',3,(#2973,#2974,#2975,#2976,#2977,
    #2978,#2979,#2980,#2981,#2982,#2983),.UNSPECIFIED.,.F.,.F.,(4,1,1,1,
    1,1,1,1,4),(0.,0.112448389909,0.226527675213,0.344401949326,
    0.465864972487,0.591659449352,0.722168487025,0.858606387555,1.),
  .UNSPECIFIED.);
#2973 = CARTESIAN_POINT('',(2.775228204505,-0.128386400428,
    1.099999977648E-02));
#2974 = CARTESIAN_POINT('',(2.778043221737,-0.129940175329,
    1.099999977648E-02));
#2975 = CARTESIAN_POINT('',(2.783714083809,-0.133070260307,
    1.099999977648E-02));
#2976 = CARTESIAN_POINT('',(2.792782983155,-0.136932487341,
    1.099999977648E-02));
#2977 = CARTESIAN_POINT('',(2.802325663031,-0.140263839924,
    1.099999977648E-02));
#2978 = CARTESIAN_POINT('',(2.812425646775,-0.142920294792,
    1.099999977648E-02));
#2979 = CARTESIAN_POINT('',(2.823015792669,-0.145055219517,
    1.099999977648E-02));
#2980 = CARTESIAN_POINT('',(2.83415221544,-0.146501280533,
    1.099999977648E-02));
#2981 = CARTESIAN_POINT('',(2.845790796119,-0.147453175436,
    1.099999977648E-02));
#2982 = CARTESIAN_POINT('',(2.853732338122,-0.147546316358,
    1.099999977648E-02));
#2983 = CARTESIAN_POINT('',(2.857773936212,-0.147593717501,
    1.099999977648E-02));
#2984 = ORIENTED_EDGE('',*,*,#2985,.T.);
#2985 = EDGE_CURVE('',#2970,#92,#2986,.T.);
#2986 = LINE('',#2987,#2988);
#2987 = CARTESIAN_POINT('',(2.857773936212,-0.147593717501,
    1.099999977648E-02));
#2988 = VECTOR('',#2989,1.);
#2989 = DIRECTION('',(-0.,-0.,-1.));
#2990 = B_SPLINE_SURFACE_WITH_KNOTS('',3,1,(
    (#2991,#2992)
    ,(#2993,#2994)
    ,(#2995,#2996)
    ,(#2997,#2998)
    ,(#2999,#3000)
    ,(#3001,#3002)
    ,(#3003,#3004)
    ,(#3005,#3006)
    ,(#3007,#3008)
    ,(#3009,#3010)
    ,(#3011,#3012
  )),.UNSPECIFIED.,.F.,.F.,.F.,(4,1,1,1,1,1,1,1,4),(2,2),(0.,
    0.112448389909,0.226527675213,0.344401949326,0.465864972487,
    0.591659449352,0.722168487025,0.858606387555,1.),(0.,1.),
  .UNSPECIFIED.);
#2991 = CARTESIAN_POINT('',(2.775228204505,-0.128386400428,
    1.099999977648E-02));
#2992 = CARTESIAN_POINT('',(2.775228204505,-0.128386400428,
    9.999999776483E-03));
#2993 = CARTESIAN_POINT('',(2.778043221737,-0.129940175329,
    1.099999977648E-02));
#2994 = CARTESIAN_POINT('',(2.778043221737,-0.129940175329,
    9.999999776483E-03));
#2995 = CARTESIAN_POINT('',(2.783714083809,-0.133070260307,
    1.099999977648E-02));
#2996 = CARTESIAN_POINT('',(2.783714083809,-0.133070260307,
    9.999999776483E-03));
#2997 = CARTESIAN_POINT('',(2.792782983155,-0.136932487341,
    1.099999977648E-02));
#2998 = CARTESIAN_POINT('',(2.792782983155,-0.136932487341,
    9.999999776483E-03));
#2999 = CARTESIAN_POINT('',(2.802325663031,-0.140263839924,
    1.099999977648E-02));
#3000 = CARTESIAN_POINT('',(2.802325663031,-0.140263839924,
    9.999999776483E-03));
#3001 = CARTESIAN_POINT('',(2.812425646775,-0.142920294792,
    1.099999977648E-02));
#3002 = CARTESIAN_POINT('',(2.812425646775,-0.142920294792,
    9.999999776483E-03));
#3003 = CARTESIAN_POINT('',(2.823015792669,-0.145055219517,
    1.099999977648E-02));
#3004 = CARTESIAN_POINT('',(2.823015792669,-0.145055219517,
    9.999999776483E-03));
#3005 = CARTESIAN_POINT('',(2.83415221544,-0.146501280533,
    1.099999977648E-02));
#3006 = CARTESIAN_POINT('',(2.83415221544,-0.146501280533,
    9.999999776483E-03));
#3007 = CARTESIAN_POINT('',(2.845790796119,-0.147453175436,
    1.099999977648E-02));
#3008 = CARTESIAN_POINT('',(2.845790796119,-0.147453175436,
    9.999999776483E-03));
#3009 = CARTESIAN_POINT('',(2.853732338122,-0.147546316358,
    1.099999977648E-02));
#3010 = CARTESIAN_POINT('',(2.853732338122,-0.147546316358,
    9.999999776483E-03));
#3011 = CARTESIAN_POINT('',(2.857773936212,-0.147593717501,
    1.099999977648E-02));
#3012 = CARTESIAN_POINT('',(2.857773936212,-0.147593717501,
    9.999999776483E-03));
#3013 = ADVANCED_FACE('',(#3014),#3048,.T.);
#3014 = FACE_BOUND('',#3015,.T.);
#3015 = EDGE_LOOP('',(#3016,#3017,#3018,#3042));
#3016 = ORIENTED_EDGE('',*,*,#107,.F.);
#3017 = ORIENTED_EDGE('',*,*,#2985,.F.);
#3018 = ORIENTED_EDGE('',*,*,#3019,.T.);
#3019 = EDGE_CURVE('',#2970,#3020,#3022,.T.);
#3020 = VERTEX_POINT('',#3021);
#3021 = CARTESIAN_POINT('',(2.998398936212,4.055203041345E-04,
    1.099999977648E-02));
#3022 = B_SPLINE_CURVE_WITH_KNOTS('',3,(#3023,#3024,#3025,#3026,#3027,
    #3028,#3029,#3030,#3031,#3032,#3033,#3034,#3035,#3036,#3037,#3038,
    #3039,#3040,#3041),.UNSPECIFIED.,.F.,.F.,(4,1,1,1,1,1,1,1,1,1,1,1,1,
    1,1,1,4),(0.,6.783324845577E-02,0.132655536508,0.195050884051,
    0.255582933069,0.314799834147,0.373600472826,0.432545595327,
    0.492430629284,0.552671255963,0.612513044188,0.672610250357,
    0.733838369314,0.796594238568,0.861449799291,0.929198942351,1.),
  .UNSPECIFIED.);
#3023 = CARTESIAN_POINT('',(2.857773936212,-0.147593717501,
    1.099999977648E-02));
#3024 = CARTESIAN_POINT('',(2.862981654678,-0.147477570375,
    1.099999977648E-02));
#3025 = CARTESIAN_POINT('',(2.873165933077,-0.147250431626,
    1.099999977648E-02));
#3026 = CARTESIAN_POINT('',(2.888043671637,-0.145339865948,
    1.099999977648E-02));
#3027 = CARTESIAN_POINT('',(2.902118554671,-0.142150111479,
    1.099999977648E-02));
#3028 = CARTESIAN_POINT('',(2.915385693542,-0.137668389185,
    1.099999977648E-02));
#3029 = CARTESIAN_POINT('',(2.92789150292,-0.132005265875,
    1.099999977648E-02));
#3030 = CARTESIAN_POINT('',(2.939571201464,-0.125005086757,
    1.099999977648E-02));
#3031 = CARTESIAN_POINT('',(2.950347498066,-0.116612723143,
    1.099999977648E-02));
#3032 = CARTESIAN_POINT('',(2.960362991463,-0.107166475833,
    1.099999977648E-02));
#3033 = CARTESIAN_POINT('',(2.969299496954,-9.659744371484E-02,
    1.099999977648E-02));
#3034 = CARTESIAN_POINT('',(2.97712172105,-8.516543826957E-02,
    1.099999977648E-02));
#3035 = CARTESIAN_POINT('',(2.983739285624,-7.290601698137E-02,
    1.099999977648E-02));
#3036 = CARTESIAN_POINT('',(2.989108992073,-5.981244957518E-02,
    1.099999977648E-02));
#3037 = CARTESIAN_POINT('',(2.993293582099,-4.591131489743E-02,
    1.099999977648E-02));
#3038 = CARTESIAN_POINT('',(2.996219943147,-3.119009996767E-02,
    1.099999977648E-02));
#3039 = CARTESIAN_POINT('',(2.998121684337,-1.5669458402E-02,
    1.099999977648E-02));
#3040 = CARTESIAN_POINT('',(2.998305171665,-5.030919404922E-03,
    1.099999977648E-02));
#3041 = CARTESIAN_POINT('',(2.998398936212,4.055203041345E-04,
    1.099999977648E-02));
#3042 = ORIENTED_EDGE('',*,*,#3043,.T.);
#3043 = EDGE_CURVE('',#3020,#108,#3044,.T.);
#3044 = LINE('',#3045,#3046);
#3045 = CARTESIAN_POINT('',(2.998398936212,4.055203041345E-04,
    1.099999977648E-02));
#3046 = VECTOR('',#3047,1.);
#3047 = DIRECTION('',(-0.,-0.,-1.));
#3048 = B_SPLINE_SURFACE_WITH_KNOTS('',3,1,(
    (#3049,#3050)
    ,(#3051,#3052)
    ,(#3053,#3054)
    ,(#3055,#3056)
    ,(#3057,#3058)
    ,(#3059,#3060)
    ,(#3061,#3062)
    ,(#3063,#3064)
    ,(#3065,#3066)
    ,(#3067,#3068)
    ,(#3069,#3070)
    ,(#3071,#3072)
    ,(#3073,#3074)
    ,(#3075,#3076)
    ,(#3077,#3078)
    ,(#3079,#3080)
    ,(#3081,#3082)
    ,(#3083,#3084)
    ,(#3085,#3086
    )),.UNSPECIFIED.,.F.,.F.,.F.,(4,1,1,1,1,1,1,1,1,1,1,1,1,1,1,1,4),(2,
    2),(0.,6.783324845577E-02,0.132655536508,0.195050884051,
    0.255582933069,0.314799834147,0.373600472826,0.432545595327,
    0.492430629284,0.552671255963,0.612513044188,0.672610250357,
    0.733838369314,0.796594238568,0.861449799291,0.929198942351,1.),(0.,
    1.),.UNSPECIFIED.);
#3049 = CARTESIAN_POINT('',(2.857773936212,-0.147593717501,
    1.099999977648E-02));
#3050 = CARTESIAN_POINT('',(2.857773936212,-0.147593717501,
    9.999999776483E-03));
#3051 = CARTESIAN_POINT('',(2.862981654678,-0.147477570375,
    1.099999977648E-02));
#3052 = CARTESIAN_POINT('',(2.862981654678,-0.147477570375,
    9.999999776483E-03));
#3053 = CARTESIAN_POINT('',(2.873165933077,-0.147250431626,
    1.099999977648E-02));
#3054 = CARTESIAN_POINT('',(2.873165933077,-0.147250431626,
    9.999999776483E-03));
#3055 = CARTESIAN_POINT('',(2.888043671637,-0.145339865948,
    1.099999977648E-02));
#3056 = CARTESIAN_POINT('',(2.888043671637,-0.145339865948,
    9.999999776483E-03));
#3057 = CARTESIAN_POINT('',(2.902118554671,-0.142150111479,
    1.099999977648E-02));
#3058 = CARTESIAN_POINT('',(2.902118554671,-0.142150111479,
    9.999999776483E-03));
#3059 = CARTESIAN_POINT('',(2.915385693542,-0.137668389185,
    1.099999977648E-02));
#3060 = CARTESIAN_POINT('',(2.915385693542,-0.137668389185,
    9.999999776483E-03));
#3061 = CARTESIAN_POINT('',(2.92789150292,-0.132005265875,
    1.099999977648E-02));
#3062 = CARTESIAN_POINT('',(2.92789150292,-0.132005265875,
    9.999999776483E-03));
#3063 = CARTESIAN_POINT('',(2.939571201464,-0.125005086757,
    1.099999977648E-02));
#3064 = CARTESIAN_POINT('',(2.939571201464,-0.125005086757,
    9.999999776483E-03));
#3065 = CARTESIAN_POINT('',(2.950347498066,-0.116612723143,
    1.099999977648E-02));
#3066 = CARTESIAN_POINT('',(2.950347498066,-0.116612723143,
    9.999999776483E-03));
#3067 = CARTESIAN_POINT('',(2.960362991463,-0.107166475833,
    1.099999977648E-02));
#3068 = CARTESIAN_POINT('',(2.960362991463,-0.107166475833,
    9.999999776483E-03));
#3069 = CARTESIAN_POINT('',(2.969299496954,-9.659744371484E-02,
    1.099999977648E-02));
#3070 = CARTESIAN_POINT('',(2.969299496954,-9.659744371484E-02,
    9.999999776483E-03));
#3071 = CARTESIAN_POINT('',(2.97712172105,-8.516543826957E-02,
    1.099999977648E-02));
#3072 = CARTESIAN_POINT('',(2.97712172105,-8.516543826957E-02,
    9.999999776483E-03));
#3073 = CARTESIAN_POINT('',(2.983739285624,-7.290601698137E-02,
    1.099999977648E-02));
#3074 = CARTESIAN_POINT('',(2.983739285624,-7.290601698137E-02,
    9.999999776483E-03));
#3075 = CARTESIAN_POINT('',(2.989108992073,-5.981244957518E-02,
    1.099999977648E-02));
#3076 = CARTESIAN_POINT('',(2.989108992073,-5.981244957518E-02,
    9.999999776483E-03));
#3077 = CARTESIAN_POINT('',(2.993293582099,-4.591131489743E-02,
    1.099999977648E-02));
#3078 = CARTESIAN_POINT('',(2.993293582099,-4.591131489743E-02,
    9.999999776483E-03));
#3079 = CARTESIAN_POINT('',(2.996219943147,-3.119009996767E-02,
    1.099999977648E-02));
#3080 = CARTESIAN_POINT('',(2.996219943147,-3.119009996767E-02,
    9.999999776483E-03));
#3081 = CARTESIAN_POINT('',(2.998121684337,-1.5669458402E-02,
    1.099999977648E-02));
#3082 = CARTESIAN_POINT('',(2.998121684337,-1.5669458402E-02,
    9.999999776483E-03));
#3083 = CARTESIAN_POINT('',(2.998305171665,-5.030919404922E-03,
    1.099999977648E-02));
#3084 = CARTESIAN_POINT('',(2.998305171665,-5.030919404922E-03,
    9.999999776483E-03));
#3085 = CARTESIAN_POINT('',(2.998398936212,4.055203041345E-04,
    1.099999977648E-02));
#3086 = CARTESIAN_POINT('',(2.998398936212,4.055203041345E-04,
    9.999999776483E-03));
#3087 = ADVANCED_FACE('',(#3088),#3122,.T.);
#3088 = FACE_BOUND('',#3089,.T.);
#3089 = EDGE_LOOP('',(#3090,#3091,#3092,#3116));
#3090 = ORIENTED_EDGE('',*,*,#131,.F.);
#3091 = ORIENTED_EDGE('',*,*,#3043,.F.);
#3092 = ORIENTED_EDGE('',*,*,#3093,.T.);
#3093 = EDGE_CURVE('',#3020,#3094,#3096,.T.);
#3094 = VERTEX_POINT('',#3095);
#3095 = CARTESIAN_POINT('',(2.845826527676,0.15972335567,
    1.099999977648E-02));
#3096 = B_SPLINE_CURVE_WITH_KNOTS('',3,(#3097,#3098,#3099,#3100,#3101,
    #3102,#3103,#3104,#3105,#3106,#3107,#3108,#3109,#3110,#3111,#3112,
    #3113,#3114,#3115),.UNSPECIFIED.,.F.,.F.,(4,1,1,1,1,1,1,1,1,1,1,1,1,
    1,1,1,4),(0.,7.064371857535E-02,0.138256715509,0.203364124218,
    0.266324093803,0.327904761543,0.388737715173,0.449423528109,
    0.510861011459,0.572079396048,0.631734428731,0.691117210579,
    0.75036002949,0.810032900531,0.871362450829,0.934427141231,1.),
  .UNSPECIFIED.);
#3097 = CARTESIAN_POINT('',(2.998398936212,4.055203041345E-04,
    1.099999977648E-02));
#3098 = CARTESIAN_POINT('',(2.998268279176,6.242173637074E-03,
    1.099999977648E-02));
#3099 = CARTESIAN_POINT('',(2.998012570486,1.766507910765E-02,
    1.099999977648E-02));
#3100 = CARTESIAN_POINT('',(2.99598003578,3.436816662079E-02,
    1.099999977648E-02));
#3101 = CARTESIAN_POINT('',(2.992644978259,5.020636525735E-02,
    1.099999977648E-02));
#3102 = CARTESIAN_POINT('',(2.987872072957,6.515563306118E-02,
    1.099999977648E-02));
#3103 = CARTESIAN_POINT('',(2.981794165892,7.923617493631E-02,
    1.099999977648E-02));
#3104 = CARTESIAN_POINT('',(2.974406091448,9.246672630448E-02,
    1.099999977648E-02));
#3105 = CARTESIAN_POINT('',(2.965587801095,0.104779119241,
    1.099999977648E-02));
#3106 = CARTESIAN_POINT('',(2.955479728748,0.116089667047,
    1.099999977648E-02));
#3107 = CARTESIAN_POINT('',(2.944416342331,0.126341718997,
    1.099999977648E-02));
#3108 = CARTESIAN_POINT('',(2.932478995178,0.135287845839,
    1.099999977648E-02));
#3109 = CARTESIAN_POINT('',(2.919811681206,0.142848070506,
    1.099999977648E-02));
#3110 = CARTESIAN_POINT('',(2.906432330376,0.149072247429,
    1.099999977648E-02));
#3111 = CARTESIAN_POINT('',(2.892291757976,0.153823426289,
    1.099999977648E-02));
#3112 = CARTESIAN_POINT('',(2.877456123841,0.157235596735,
    1.099999977648E-02));
#3113 = CARTESIAN_POINT('',(2.861874334404,0.159349975252,
    1.099999977648E-02));
#3114 = CARTESIAN_POINT('',(2.851244880767,0.159597288166,
    1.099999977648E-02));
#3115 = CARTESIAN_POINT('',(2.845826527676,0.15972335567,
    1.099999977648E-02));
#3116 = ORIENTED_EDGE('',*,*,#3117,.T.);
#3117 = EDGE_CURVE('',#3094,#132,#3118,.T.);
#3118 = LINE('',#3119,#3120);
#3119 = CARTESIAN_POINT('',(2.845826527676,0.15972335567,
    1.099999977648E-02));
#3120 = VECTOR('',#3121,1.);
#3121 = DIRECTION('',(-0.,-0.,-1.));
#3122 = B_SPLINE_SURFACE_WITH_KNOTS('',3,1,(
    (#3123,#3124)
    ,(#3125,#3126)
    ,(#3127,#3128)
    ,(#3129,#3130)
    ,(#3131,#3132)
    ,(#3133,#3134)
    ,(#3135,#3136)
    ,(#3137,#3138)
    ,(#3139,#3140)
    ,(#3141,#3142)
    ,(#3143,#3144)
    ,(#3145,#3146)
    ,(#3147,#3148)
    ,(#3149,#3150)
    ,(#3151,#3152)
    ,(#3153,#3154)
    ,(#3155,#3156)
    ,(#3157,#3158)
    ,(#3159,#3160
    )),.UNSPECIFIED.,.F.,.F.,.F.,(4,1,1,1,1,1,1,1,1,1,1,1,1,1,1,1,4),(2,
    2),(0.,7.064371857535E-02,0.138256715509,0.203364124218,
    0.266324093803,0.327904761543,0.388737715173,0.449423528109,
    0.510861011459,0.572079396048,0.631734428731,0.691117210579,
    0.75036002949,0.810032900531,0.871362450829,0.934427141231,1.),(0.,
    1.),.UNSPECIFIED.);
#3123 = CARTESIAN_POINT('',(2.998398936212,4.055203041345E-04,
    1.099999977648E-02));
#3124 = CARTESIAN_POINT('',(2.998398936212,4.055203041345E-04,
    9.999999776483E-03));
#3125 = CARTESIAN_POINT('',(2.998268279176,6.242173637074E-03,
    1.099999977648E-02));
#3126 = CARTESIAN_POINT('',(2.998268279176,6.242173637074E-03,
    9.999999776483E-03));
#3127 = CARTESIAN_POINT('',(2.998012570486,1.766507910765E-02,
    1.099999977648E-02));
#3128 = CARTESIAN_POINT('',(2.998012570486,1.766507910765E-02,
    9.999999776483E-03));
#3129 = CARTESIAN_POINT('',(2.99598003578,3.436816662079E-02,
    1.099999977648E-02));
#3130 = CARTESIAN_POINT('',(2.99598003578,3.436816662079E-02,
    9.999999776483E-03));
#3131 = CARTESIAN_POINT('',(2.992644978259,5.020636525735E-02,
    1.099999977648E-02));
#3132 = CARTESIAN_POINT('',(2.992644978259,5.020636525735E-02,
    9.999999776483E-03));
#3133 = CARTESIAN_POINT('',(2.987872072957,6.515563306118E-02,
    1.099999977648E-02));
#3134 = CARTESIAN_POINT('',(2.987872072957,6.515563306118E-02,
    9.999999776483E-03));
#3135 = CARTESIAN_POINT('',(2.981794165892,7.923617493631E-02,
    1.099999977648E-02));
#3136 = CARTESIAN_POINT('',(2.981794165892,7.923617493631E-02,
    9.999999776483E-03));
#3137 = CARTESIAN_POINT('',(2.974406091448,9.246672630448E-02,
    1.099999977648E-02));
#3138 = CARTESIAN_POINT('',(2.974406091448,9.246672630448E-02,
    9.999999776483E-03));
#3139 = CARTESIAN_POINT('',(2.965587801095,0.104779119241,
    1.099999977648E-02));
#3140 = CARTESIAN_POINT('',(2.965587801095,0.104779119241,
    9.999999776483E-03));
#3141 = CARTESIAN_POINT('',(2.955479728748,0.116089667047,
    1.099999977648E-02));
#3142 = CARTESIAN_POINT('',(2.955479728748,0.116089667047,
    9.999999776483E-03));
#3143 = CARTESIAN_POINT('',(2.944416342331,0.126341718997,
    1.099999977648E-02));
#3144 = CARTESIAN_POINT('',(2.944416342331,0.126341718997,
    9.999999776483E-03));
#3145 = CARTESIAN_POINT('',(2.932478995178,0.135287845839,
    1.099999977648E-02));
#3146 = CARTESIAN_POINT('',(2.932478995178,0.135287845839,
    9.999999776483E-03));
#3147 = CARTESIAN_POINT('',(2.919811681206,0.142848070506,
    1.099999977648E-02));
#3148 = CARTESIAN_POINT('',(2.919811681206,0.142848070506,
    9.999999776483E-03));
#3149 = CARTESIAN_POINT('',(2.906432330376,0.149072247429,
    1.099999977648E-02));
#3150 = CARTESIAN_POINT('',(2.906432330376,0.149072247429,
    9.999999776483E-03));
#3151 = CARTESIAN_POINT('',(2.892291757976,0.153823426289,
    1.099999977648E-02));
#3152 = CARTESIAN_POINT('',(2.892291757976,0.153823426289,
    9.999999776483E-03));
#3153 = CARTESIAN_POINT('',(2.877456123841,0.157235596735,
    1.099999977648E-02));
#3154 = CARTESIAN_POINT('',(2.877456123841,0.157235596735,
    9.999999776483E-03));
#3155 = CARTESIAN_POINT('',(2.861874334404,0.159349975252,
    1.099999977648E-02));
#3156 = CARTESIAN_POINT('',(2.861874334404,0.159349975252,
    9.999999776483E-03));
#3157 = CARTESIAN_POINT('',(2.851244880767,0.159597288166,
    1.099999977648E-02));
#3158 = CARTESIAN_POINT('',(2.851244880767,0.159597288166,
    9.999999776483E-03));
#3159 = CARTESIAN_POINT('',(2.845826527676,0.15972335567,
    1.099999977648E-02));
#3160 = CARTESIAN_POINT('',(2.845826527676,0.15972335567,
    9.999999776483E-03));
#3161 = ADVANCED_FACE('',(#3162),#3188,.T.);
#3162 = FACE_BOUND('',#3163,.T.);
#3163 = EDGE_LOOP('',(#3164,#3165,#3166,#3182));
#3164 = ORIENTED_EDGE('',*,*,#155,.F.);
#3165 = ORIENTED_EDGE('',*,*,#3117,.F.);
#3166 = ORIENTED_EDGE('',*,*,#3167,.T.);
#3167 = EDGE_CURVE('',#3094,#3168,#3170,.T.);
#3168 = VERTEX_POINT('',#3169);
#3169 = CARTESIAN_POINT('',(2.775228204505,0.147833111768,
    1.099999977648E-02));
#3170 = B_SPLINE_CURVE_WITH_KNOTS('',3,(#3171,#3172,#3173,#3174,#3175,
    #3176,#3177,#3178,#3179,#3180,#3181),.UNSPECIFIED.,.F.,.F.,(4,1,1,1,
    1,1,1,1,4),(0.,0.145186866472,0.28344261092,0.416524365929,
    0.543181123535,0.665153082638,0.781360206313,0.892756655642,1.),
  .UNSPECIFIED.);
#3171 = CARTESIAN_POINT('',(2.845826527676,0.15972335567,
    1.099999977648E-02));
#3172 = CARTESIAN_POINT('',(2.842338469489,0.159698352339,
    1.099999977648E-02));
#3173 = CARTESIAN_POINT('',(2.835528870634,0.15964953932,
    1.099999977648E-02));
#3174 = CARTESIAN_POINT('',(2.825539097144,0.15903741954,
    1.099999977648E-02));
#3175 = CARTESIAN_POINT('',(2.816014914005,0.158172306925,
    1.099999977648E-02));
#3176 = CARTESIAN_POINT('',(2.806942538603,0.156823320404,
    1.099999977648E-02));
#3177 = CARTESIAN_POINT('',(2.798322437759,0.155217492586,
    1.099999977648E-02));
#3178 = CARTESIAN_POINT('',(2.79018690367,0.153124219029,
    1.099999977648E-02));
#3179 = CARTESIAN_POINT('',(2.78248479477,0.150778721743,
    1.099999977648E-02));
#3180 = CARTESIAN_POINT('',(2.777616241558,0.148802468657,
    1.099999977648E-02));
#3181 = CARTESIAN_POINT('',(2.775228204505,0.147833111768,
    1.099999977648E-02));
#3182 = ORIENTED_EDGE('',*,*,#3183,.T.);
#3183 = EDGE_CURVE('',#3168,#156,#3184,.T.);
#3184 = LINE('',#3185,#3186);
#3185 = CARTESIAN_POINT('',(2.775228204505,0.147833111768,
    1.099999977648E-02));
#3186 = VECTOR('',#3187,1.);
#3187 = DIRECTION('',(-0.,-0.,-1.));
#3188 = B_SPLINE_SURFACE_WITH_KNOTS('',3,1,(
    (#3189,#3190)
    ,(#3191,#3192)
    ,(#3193,#3194)
    ,(#3195,#3196)
    ,(#3197,#3198)
    ,(#3199,#3200)
    ,(#3201,#3202)
    ,(#3203,#3204)
    ,(#3205,#3206)
    ,(#3207,#3208)
    ,(#3209,#3210
  )),.UNSPECIFIED.,.F.,.F.,.F.,(4,1,1,1,1,1,1,1,4),(2,2),(0.,
    0.145186866472,0.28344261092,0.416524365929,0.543181123535,
    0.665153082638,0.781360206313,0.892756655642,1.),(0.,1.),
  .UNSPECIFIED.);
#3189 = CARTESIAN_POINT('',(2.845826527676,0.15972335567,
    1.099999977648E-02));
#3190 = CARTESIAN_POINT('',(2.845826527676,0.15972335567,
    9.999999776483E-03));
#3191 = CARTESIAN_POINT('',(2.842338469489,0.159698352339,
    1.099999977648E-02));
#3192 = CARTESIAN_POINT('',(2.842338469489,0.159698352339,
    9.999999776483E-03));
#3193 = CARTESIAN_POINT('',(2.835528870634,0.15964953932,
    1.099999977648E-02));
#3194 = CARTESIAN_POINT('',(2.835528870634,0.15964953932,
    9.999999776483E-03));
#3195 = CARTESIAN_POINT('',(2.825539097144,0.15903741954,
    1.099999977648E-02));
#3196 = CARTESIAN_POINT('',(2.825539097144,0.15903741954,
    9.999999776483E-03));
#3197 = CARTESIAN_POINT('',(2.816014914005,0.158172306925,
    1.099999977648E-02));
#3198 = CARTESIAN_POINT('',(2.816014914005,0.158172306925,
    9.999999776483E-03));
#3199 = CARTESIAN_POINT('',(2.806942538603,0.156823320404,
    1.099999977648E-02));
#3200 = CARTESIAN_POINT('',(2.806942538603,0.156823320404,
    9.999999776483E-03));
#3201 = CARTESIAN_POINT('',(2.798322437759,0.155217492586,
    1.099999977648E-02));
#3202 = CARTESIAN_POINT('',(2.798322437759,0.155217492586,
    9.999999776483E-03));
#3203 = CARTESIAN_POINT('',(2.79018690367,0.153124219029,
    1.099999977648E-02));
#3204 = CARTESIAN_POINT('',(2.79018690367,0.153124219029,
    9.999999776483E-03));
#3205 = CARTESIAN_POINT('',(2.78248479477,0.150778721743,
    1.099999977648E-02));
#3206 = CARTESIAN_POINT('',(2.78248479477,0.150778721743,
    9.999999776483E-03));
#3207 = CARTESIAN_POINT('',(2.777616241558,0.148802468657,
    1.099999977648E-02));
#3208 = CARTESIAN_POINT('',(2.777616241558,0.148802468657,
    9.999999776483E-03));
#3209 = CARTESIAN_POINT('',(2.775228204505,0.147833111768,
    1.099999977648E-02));
#3210 = CARTESIAN_POINT('',(2.775228204505,0.147833111768,
    9.999999776483E-03));
#3211 = ADVANCED_FACE('',(#3212),#3230,.T.);
#3212 = FACE_BOUND('',#3213,.T.);
#3213 = EDGE_LOOP('',(#3214,#3215,#3216,#3224));
#3214 = ORIENTED_EDGE('',*,*,#171,.F.);
#3215 = ORIENTED_EDGE('',*,*,#3183,.F.);
#3216 = ORIENTED_EDGE('',*,*,#3217,.T.);
#3217 = EDGE_CURVE('',#3168,#3218,#3220,.T.);
#3218 = VERTEX_POINT('',#3219);
#3219 = CARTESIAN_POINT('',(2.775228204505,0.107589209329,
    1.099999977648E-02));
#3220 = LINE('',#3221,#3222);
#3221 = CARTESIAN_POINT('',(2.775228204505,0.147833111768,
    1.099999977648E-02));
#3222 = VECTOR('',#3223,1.);
#3223 = DIRECTION('',(0.,-1.,0.));
#3224 = ORIENTED_EDGE('',*,*,#3225,.T.);
#3225 = EDGE_CURVE('',#3218,#172,#3226,.T.);
#3226 = LINE('',#3227,#3228);
#3227 = CARTESIAN_POINT('',(2.775228204505,0.107589209329,
    1.099999977648E-02));
#3228 = VECTOR('',#3229,1.);
#3229 = DIRECTION('',(-0.,-0.,-1.));
#3230 = PLANE('',#3231);
#3231 = AXIS2_PLACEMENT_3D('',#3232,#3233,#3234);
#3232 = CARTESIAN_POINT('',(2.775228204505,0.147833111768,
    1.099999977648E-02));
#3233 = DIRECTION('',(1.,0.,0.));
#3234 = DIRECTION('',(0.,0.,-1.));
#3235 = ADVANCED_FACE('',(#3236),#3262,.T.);
#3236 = FACE_BOUND('',#3237,.T.);
#3237 = EDGE_LOOP('',(#3238,#3239,#3240,#3256));
#3238 = ORIENTED_EDGE('',*,*,#179,.F.);
#3239 = ORIENTED_EDGE('',*,*,#3225,.F.);
#3240 = ORIENTED_EDGE('',*,*,#3241,.T.);
#3241 = EDGE_CURVE('',#3218,#3242,#3244,.T.);
#3242 = VERTEX_POINT('',#3243);
#3243 = CARTESIAN_POINT('',(2.845483539871,0.126796526402,
    1.099999977648E-02));
#3244 = B_SPLINE_CURVE_WITH_KNOTS('',3,(#3245,#3246,#3247,#3248,#3249,
    #3250,#3251,#3252,#3253,#3254,#3255),.UNSPECIFIED.,.F.,.F.,(4,1,1,1,
    1,1,1,1,4),(0.,0.125279696736,0.249419970742,0.373356799493,
    0.496681278782,0.620202915744,0.745086320161,0.871269195019,1.),
  .UNSPECIFIED.);
#3245 = CARTESIAN_POINT('',(2.775228204505,0.107589209329,
    1.099999977648E-02));
#3246 = CARTESIAN_POINT('',(2.777892320193,0.109137261226,
    1.099999977648E-02));
#3247 = CARTESIAN_POINT('',(2.783196321355,0.112219285441,
    1.099999977648E-02));
#3248 = CARTESIAN_POINT('',(2.791538550839,0.116072422269,
    1.099999977648E-02));
#3249 = CARTESIAN_POINT('',(2.800041523784,0.119414463721,
    1.099999977648E-02));
#3250 = CARTESIAN_POINT('',(2.808764765251,0.12208236397,
    1.099999977648E-02));
#3251 = CARTESIAN_POINT('',(2.817653373749,0.124236713896,
    1.099999977648E-02));
#3252 = CARTESIAN_POINT('',(2.826753959351,0.12568169711,
    1.099999977648E-02));
#3253 = CARTESIAN_POINT('',(2.836049279672,0.126653887187,
    1.099999977648E-02));
#3254 = CARTESIAN_POINT('',(2.842317900958,0.126748664223,
    1.099999977648E-02));
#3255 = CARTESIAN_POINT('',(2.845483539871,0.126796526402,
    1.099999977648E-02));
#3256 = ORIENTED_EDGE('',*,*,#3257,.T.);
#3257 = EDGE_CURVE('',#3242,#180,#3258,.T.);
#3258 = LINE('',#3259,#3260);
#3259 = CARTESIAN_POINT('',(2.845483539871,0.126796526402,
    1.099999977648E-02));
#3260 = VECTOR('',#3261,1.);
#3261 = DIRECTION('',(-0.,-0.,-1.));
#3262 = B_SPLINE_SURFACE_WITH_KNOTS('',3,1,(
    (#3263,#3264)
    ,(#3265,#3266)
    ,(#3267,#3268)
    ,(#3269,#3270)
    ,(#3271,#3272)
    ,(#3273,#3274)
    ,(#3275,#3276)
    ,(#3277,#3278)
    ,(#3279,#3280)
    ,(#3281,#3282)
    ,(#3283,#3284
  )),.UNSPECIFIED.,.F.,.F.,.F.,(4,1,1,1,1,1,1,1,4),(2,2),(0.,
    0.125279696736,0.249419970742,0.373356799493,0.496681278782,
    0.620202915744,0.745086320161,0.871269195019,1.),(0.,1.),
  .UNSPECIFIED.);
#3263 = CARTESIAN_POINT('',(2.775228204505,0.107589209329,
    1.099999977648E-02));
#3264 = CARTESIAN_POINT('',(2.775228204505,0.107589209329,
    9.999999776483E-03));
#3265 = CARTESIAN_POINT('',(2.777892320193,0.109137261226,
    1.099999977648E-02));
#3266 = CARTESIAN_POINT('',(2.777892320193,0.109137261226,
    9.999999776483E-03));
#3267 = CARTESIAN_POINT('',(2.783196321355,0.112219285441,
    1.099999977648E-02));
#3268 = CARTESIAN_POINT('',(2.783196321355,0.112219285441,
    9.999999776483E-03));
#3269 = CARTESIAN_POINT('',(2.791538550839,0.116072422269,
    1.099999977648E-02));
#3270 = CARTESIAN_POINT('',(2.791538550839,0.116072422269,
    9.999999776483E-03));
#3271 = CARTESIAN_POINT('',(2.800041523784,0.119414463721,
    1.099999977648E-02));
#3272 = CARTESIAN_POINT('',(2.800041523784,0.119414463721,
    9.999999776483E-03));
#3273 = CARTESIAN_POINT('',(2.808764765251,0.12208236397,
    1.099999977648E-02));
#3274 = CARTESIAN_POINT('',(2.808764765251,0.12208236397,
    9.999999776483E-03));
#3275 = CARTESIAN_POINT('',(2.817653373749,0.124236713896,
    1.099999977648E-02));
#3276 = CARTESIAN_POINT('',(2.817653373749,0.124236713896,
    9.999999776483E-03));
#3277 = CARTESIAN_POINT('',(2.826753959351,0.12568169711,
    1.099999977648E-02));
#3278 = CARTESIAN_POINT('',(2.826753959351,0.12568169711,
    9.999999776483E-03));
#3279 = CARTESIAN_POINT('',(2.836049279672,0.126653887187,
    1.099999977648E-02));
#3280 = CARTESIAN_POINT('',(2.836049279672,0.126653887187,
    9.999999776483E-03));
#3281 = CARTESIAN_POINT('',(2.842317900958,0.126748664223,
    1.099999977648E-02));
#3282 = CARTESIAN_POINT('',(2.842317900958,0.126748664223,
    9.999999776483E-03));
#3283 = CARTESIAN_POINT('',(2.845483539871,0.126796526402,
    1.099999977648E-02));
#3284 = CARTESIAN_POINT('',(2.845483539871,0.126796526402,
    9.999999776483E-03));
#3285 = ADVANCED_FACE('',(#3286),#3320,.T.);
#3286 = FACE_BOUND('',#3287,.T.);
#3287 = EDGE_LOOP('',(#3288,#3289,#3290,#3314));
#3288 = ORIENTED_EDGE('',*,*,#195,.F.);
#3289 = ORIENTED_EDGE('',*,*,#3257,.F.);
#3290 = ORIENTED_EDGE('',*,*,#3291,.T.);
#3291 = EDGE_CURVE('',#3242,#3292,#3294,.T.);
#3292 = VERTEX_POINT('',#3293);
#3293 = CARTESIAN_POINT('',(2.958155033773,2.863599572427E-03,
    1.099999977648E-02));
#3294 = B_SPLINE_CURVE_WITH_KNOTS('',3,(#3295,#3296,#3297,#3298,#3299,
    #3300,#3301,#3302,#3303,#3304,#3305,#3306,#3307,#3308,#3309,#3310,
    #3311,#3312,#3313),.UNSPECIFIED.,.F.,.F.,(4,1,1,1,1,1,1,1,1,1,1,1,1,
    1,1,1,4),(0.,6.460397028839E-02,0.126702413963,0.186756814036,
    0.245505687365,0.30365202445,0.361503073971,0.420240222928,
    0.480033340777,0.540678134776,0.601191806381,0.662333502477,
    0.724739510297,0.789467736173,0.856504860044,0.926312095839,1.),
  .UNSPECIFIED.);
#3295 = CARTESIAN_POINT('',(2.845483539871,0.126796526402,
    1.099999977648E-02));
#3296 = CARTESIAN_POINT('',(2.84954834843,0.126709125576,
    1.099999977648E-02));
#3297 = CARTESIAN_POINT('',(2.857520320655,0.126537713578,
    1.099999977648E-02));
#3298 = CARTESIAN_POINT('',(2.869166763969,0.124854764673,
    1.099999977648E-02));
#3299 = CARTESIAN_POINT('',(2.880274981923,0.122336882903,
    1.099999977648E-02));
#3300 = CARTESIAN_POINT('',(2.890800431319,0.118651767719,
    1.099999977648E-02));
#3301 = CARTESIAN_POINT('',(2.900731160459,0.113895558616,
    1.099999977648E-02));
#3302 = CARTESIAN_POINT('',(2.910058557658,0.108050416422,
    1.099999977648E-02));
#3303 = CARTESIAN_POINT('',(2.918839905976,0.10124166071,
    1.099999977648E-02));
#3304 = CARTESIAN_POINT('',(2.926941248925,9.338434953337E-02,
    1.099999977648E-02));
#3305 = CARTESIAN_POINT('',(2.934323825858,8.469541840041E-02,
    1.099999977648E-02));
#3306 = CARTESIAN_POINT('',(2.940660674959,7.511740519933E-02,
    1.099999977648E-02));
#3307 = CARTESIAN_POINT('',(2.946155685025,6.4909551173E-02,
    1.099999977648E-02));
#3308 = CARTESIAN_POINT('',(2.950556078402,5.389276210303E-02,
    1.099999977648E-02));
#3309 = CARTESIAN_POINT('',(2.953963928176,4.215156494229E-02,
    1.099999977648E-02));
#3310 = CARTESIAN_POINT('',(2.956423677384,2.970198054247E-02,
    1.099999977648E-02));
#3311 = CARTESIAN_POINT('',(2.957848822189,1.652104751673E-02,
    1.099999977648E-02));
#3312 = CARTESIAN_POINT('',(2.958051139429,7.497426855273E-03,
    1.099999977648E-02));
#3313 = CARTESIAN_POINT('',(2.958155033773,2.863599572427E-03,
    1.099999977648E-02));
#3314 = ORIENTED_EDGE('',*,*,#3315,.T.);
#3315 = EDGE_CURVE('',#3292,#196,#3316,.T.);
#3316 = LINE('',#3317,#3318);
#3317 = CARTESIAN_POINT('',(2.958155033773,2.863599572427E-03,
    1.099999977648E-02));
#3318 = VECTOR('',#3319,1.);
#3319 = DIRECTION('',(-0.,-0.,-1.));
#3320 = B_SPLINE_SURFACE_WITH_KNOTS('',3,1,(
    (#3321,#3322)
    ,(#3323,#3324)
    ,(#3325,#3326)
    ,(#3327,#3328)
    ,(#3329,#3330)
    ,(#3331,#3332)
    ,(#3333,#3334)
    ,(#3335,#3336)
    ,(#3337,#3338)
    ,(#3339,#3340)
    ,(#3341,#3342)
    ,(#3343,#3344)
    ,(#3345,#3346)
    ,(#3347,#3348)
    ,(#3349,#3350)
    ,(#3351,#3352)
    ,(#3353,#3354)
    ,(#3355,#3356)
    ,(#3357,#3358
    )),.UNSPECIFIED.,.F.,.F.,.F.,(4,1,1,1,1,1,1,1,1,1,1,1,1,1,1,1,4),(2,
    2),(0.,6.460397028839E-02,0.126702413963,0.186756814036,
    0.245505687365,0.30365202445,0.361503073971,0.420240222928,
    0.480033340777,0.540678134776,0.601191806381,0.662333502477,
    0.724739510297,0.789467736173,0.856504860044,0.926312095839,1.),(0.,
    1.),.UNSPECIFIED.);
#3321 = CARTESIAN_POINT('',(2.845483539871,0.126796526402,
    1.099999977648E-02));
#3322 = CARTESIAN_POINT('',(2.845483539871,0.126796526402,
    9.999999776483E-03));
#3323 = CARTESIAN_POINT('',(2.84954834843,0.126709125576,
    1.099999977648E-02));
#3324 = CARTESIAN_POINT('',(2.84954834843,0.126709125576,
    9.999999776483E-03));
#3325 = CARTESIAN_POINT('',(2.857520320655,0.126537713578,
    1.099999977648E-02));
#3326 = CARTESIAN_POINT('',(2.857520320655,0.126537713578,
    9.999999776483E-03));
#3327 = CARTESIAN_POINT('',(2.869166763969,0.124854764673,
    1.099999977648E-02));
#3328 = CARTESIAN_POINT('',(2.869166763969,0.124854764673,
    9.999999776483E-03));
#3329 = CARTESIAN_POINT('',(2.880274981923,0.122336882903,
    1.099999977648E-02));
#3330 = CARTESIAN_POINT('',(2.880274981923,0.122336882903,
    9.999999776483E-03));
#3331 = CARTESIAN_POINT('',(2.890800431319,0.118651767719,
    1.099999977648E-02));
#3332 = CARTESIAN_POINT('',(2.890800431319,0.118651767719,
    9.999999776483E-03));
#3333 = CARTESIAN_POINT('',(2.900731160459,0.113895558616,
    1.099999977648E-02));
#3334 = CARTESIAN_POINT('',(2.900731160459,0.113895558616,
    9.999999776483E-03));
#3335 = CARTESIAN_POINT('',(2.910058557658,0.108050416422,
    1.099999977648E-02));
#3336 = CARTESIAN_POINT('',(2.910058557658,0.108050416422,
    9.999999776483E-03));
#3337 = CARTESIAN_POINT('',(2.918839905976,0.10124166071,
    1.099999977648E-02));
#3338 = CARTESIAN_POINT('',(2.918839905976,0.10124166071,
    9.999999776483E-03));
#3339 = CARTESIAN_POINT('',(2.926941248925,9.338434953337E-02,
    1.099999977648E-02));
#3340 = CARTESIAN_POINT('',(2.926941248925,9.338434953337E-02,
    9.999999776483E-03));
#3341 = CARTESIAN_POINT('',(2.934323825858,8.469541840041E-02,
    1.099999977648E-02));
#3342 = CARTESIAN_POINT('',(2.934323825858,8.469541840041E-02,
    9.999999776483E-03));
#3343 = CARTESIAN_POINT('',(2.940660674959,7.511740519933E-02,
    1.099999977648E-02));
#3344 = CARTESIAN_POINT('',(2.940660674959,7.511740519933E-02,
    9.999999776483E-03));
#3345 = CARTESIAN_POINT('',(2.946155685025,6.4909551173E-02,
    1.099999977648E-02));
#3346 = CARTESIAN_POINT('',(2.946155685025,6.4909551173E-02,
    9.999999776483E-03));
#3347 = CARTESIAN_POINT('',(2.950556078402,5.389276210303E-02,
    1.099999977648E-02));
#3348 = CARTESIAN_POINT('',(2.950556078402,5.389276210303E-02,
    9.999999776483E-03));
#3349 = CARTESIAN_POINT('',(2.953963928176,4.215156494229E-02,
    1.099999977648E-02));
#3350 = CARTESIAN_POINT('',(2.953963928176,4.215156494229E-02,
    9.999999776483E-03));
#3351 = CARTESIAN_POINT('',(2.956423677384,2.970198054247E-02,
    1.099999977648E-02));
#3352 = CARTESIAN_POINT('',(2.956423677384,2.970198054247E-02,
    9.999999776483E-03));
#3353 = CARTESIAN_POINT('',(2.957848822189,1.652104751673E-02,
    1.099999977648E-02));
#3354 = CARTESIAN_POINT('',(2.957848822189,1.652104751673E-02,
    9.999999776483E-03));
#3355 = CARTESIAN_POINT('',(2.958051139429,7.497426855273E-03,
    1.099999977648E-02));
#3356 = CARTESIAN_POINT('',(2.958051139429,7.497426855273E-03,
    9.999999776483E-03));
#3357 = CARTESIAN_POINT('',(2.958155033773,2.863599572427E-03,
    1.099999977648E-02));
#3358 = CARTESIAN_POINT('',(2.958155033773,2.863599572427E-03,
    9.999999776483E-03));
#3359 = ADVANCED_FACE('',(#3360),#3394,.T.);
#3360 = FACE_BOUND('',#3361,.T.);
#3361 = EDGE_LOOP('',(#3362,#3363,#3364,#3388));
#3362 = ORIENTED_EDGE('',*,*,#219,.F.);
#3363 = ORIENTED_EDGE('',*,*,#3315,.F.);
#3364 = ORIENTED_EDGE('',*,*,#3365,.T.);
#3365 = EDGE_CURVE('',#3292,#3366,#3368,.T.);
#3366 = VERTEX_POINT('',#3367);
#3367 = CARTESIAN_POINT('',(2.8522289667,-0.114666888232,
    1.099999977648E-02));
#3368 = B_SPLINE_CURVE_WITH_KNOTS('',3,(#3369,#3370,#3371,#3372,#3373,
    #3374,#3375,#3376,#3377,#3378,#3379,#3380,#3381,#3382,#3383,#3384,
    #3385,#3386,#3387),.UNSPECIFIED.,.F.,.F.,(4,1,1,1,1,1,1,1,1,1,1,1,1,
    1,1,1,4),(0.,7.377411937406E-02,0.144079114726,0.211348518309,
    0.27607688574,0.33852091582,0.399885116693,0.460254067465,
    0.520588964391,0.580207684563,0.638632908553,0.696364549491,
    0.75400177466,0.812805681374,0.872754425526,0.935181996978,1.),
  .UNSPECIFIED.);
#3369 = CARTESIAN_POINT('',(2.958155033773,2.863599572427E-03,
    1.099999977648E-02));
#3370 = CARTESIAN_POINT('',(2.958071687818,-1.522762136304E-03,
    1.099999977648E-02));
#3371 = CARTESIAN_POINT('',(2.957908915134,-1.008922307443E-02,
    1.099999977648E-02));
#3372 = CARTESIAN_POINT('',(2.956510439147,-2.259252645127E-02,
    1.099999977648E-02));
#3373 = CARTESIAN_POINT('',(2.954245065874,-3.441454300467E-02,
    1.099999977648E-02));
#3374 = CARTESIAN_POINT('',(2.951061363365,-4.554485235855E-02,
    1.099999977648E-02));
#3375 = CARTESIAN_POINT('',(2.946909931808,-5.597315418151E-02,
    1.099999977648E-02));
#3376 = CARTESIAN_POINT('',(2.941895147983,-6.572715643761E-02,
    1.099999977648E-02));
#3377 = CARTESIAN_POINT('',(2.935899342657,-7.476281192793E-02,
    1.099999977648E-02));
#3378 = CARTESIAN_POINT('',(2.929054872717,-8.303781970199E-02,
    1.099999977648E-02));
#3379 = CARTESIAN_POINT('',(2.921455708211,-9.045851533504E-02,
    1.099999977648E-02));
#3380 = CARTESIAN_POINT('',(2.913260980829,-9.697555343179E-02,
    1.099999977648E-02));
#3381 = CARTESIAN_POINT('',(2.904452836788,-0.102415251481,
    1.099999977648E-02));
#3382 = CARTESIAN_POINT('',(2.895113410585,-0.106926021745,
    1.099999977648E-02));
#3383 = CARTESIAN_POINT('',(2.885200504869,-0.110413469303,
    1.099999977648E-02));
#3384 = CARTESIAN_POINT('',(2.874695563776,-0.112858292347,
    1.099999977648E-02));
#3385 = CARTESIAN_POINT('',(2.86364884195,-0.11437256314,
    1.099999977648E-02));
#3386 = CARTESIAN_POINT('',(2.856082969203,-0.114567558807,
    1.099999977648E-02));
#3387 = CARTESIAN_POINT('',(2.8522289667,-0.114666888232,
    1.099999977648E-02));
#3388 = ORIENTED_EDGE('',*,*,#3389,.T.);
#3389 = EDGE_CURVE('',#3366,#220,#3390,.T.);
#3390 = LINE('',#3391,#3392);
#3391 = CARTESIAN_POINT('',(2.8522289667,-0.114666888232,
    1.099999977648E-02));
#3392 = VECTOR('',#3393,1.);
#3393 = DIRECTION('',(-0.,-0.,-1.));
#3394 = B_SPLINE_SURFACE_WITH_KNOTS('',3,1,(
    (#3395,#3396)
    ,(#3397,#3398)
    ,(#3399,#3400)
    ,(#3401,#3402)
    ,(#3403,#3404)
    ,(#3405,#3406)
    ,(#3407,#3408)
    ,(#3409,#3410)
    ,(#3411,#3412)
    ,(#3413,#3414)
    ,(#3415,#3416)
    ,(#3417,#3418)
    ,(#3419,#3420)
    ,(#3421,#3422)
    ,(#3423,#3424)
    ,(#3425,#3426)
    ,(#3427,#3428)
    ,(#3429,#3430)
    ,(#3431,#3432
    )),.UNSPECIFIED.,.F.,.F.,.F.,(4,1,1,1,1,1,1,1,1,1,1,1,1,1,1,1,4),(2,
    2),(0.,7.377411937406E-02,0.144079114726,0.211348518309,
    0.27607688574,0.33852091582,0.399885116693,0.460254067465,
    0.520588964391,0.580207684563,0.638632908553,0.696364549491,
    0.75400177466,0.812805681374,0.872754425526,0.935181996978,1.),(0.,
    1.),.UNSPECIFIED.);
#3395 = CARTESIAN_POINT('',(2.958155033773,2.863599572427E-03,
    1.099999977648E-02));
#3396 = CARTESIAN_POINT('',(2.958155033773,2.863599572427E-03,
    9.999999776483E-03));
#3397 = CARTESIAN_POINT('',(2.958071687818,-1.522762136304E-03,
    1.099999977648E-02));
#3398 = CARTESIAN_POINT('',(2.958071687818,-1.522762136304E-03,
    9.999999776483E-03));
#3399 = CARTESIAN_POINT('',(2.957908915134,-1.008922307443E-02,
    1.099999977648E-02));
#3400 = CARTESIAN_POINT('',(2.957908915134,-1.008922307443E-02,
    9.999999776483E-03));
#3401 = CARTESIAN_POINT('',(2.956510439147,-2.259252645127E-02,
    1.099999977648E-02));
#3402 = CARTESIAN_POINT('',(2.956510439147,-2.259252645127E-02,
    9.999999776483E-03));
#3403 = CARTESIAN_POINT('',(2.954245065874,-3.441454300467E-02,
    1.099999977648E-02));
#3404 = CARTESIAN_POINT('',(2.954245065874,-3.441454300467E-02,
    9.999999776483E-03));
#3405 = CARTESIAN_POINT('',(2.951061363365,-4.554485235855E-02,
    1.099999977648E-02));
#3406 = CARTESIAN_POINT('',(2.951061363365,-4.554485235855E-02,
    9.999999776483E-03));
#3407 = CARTESIAN_POINT('',(2.946909931808,-5.597315418151E-02,
    1.099999977648E-02));
#3408 = CARTESIAN_POINT('',(2.946909931808,-5.597315418151E-02,
    9.999999776483E-03));
#3409 = CARTESIAN_POINT('',(2.941895147983,-6.572715643761E-02,
    1.099999977648E-02));
#3410 = CARTESIAN_POINT('',(2.941895147983,-6.572715643761E-02,
    9.999999776483E-03));
#3411 = CARTESIAN_POINT('',(2.935899342657,-7.476281192793E-02,
    1.099999977648E-02));
#3412 = CARTESIAN_POINT('',(2.935899342657,-7.476281192793E-02,
    9.999999776483E-03));
#3413 = CARTESIAN_POINT('',(2.929054872717,-8.303781970199E-02,
    1.099999977648E-02));
#3414 = CARTESIAN_POINT('',(2.929054872717,-8.303781970199E-02,
    9.999999776483E-03));
#3415 = CARTESIAN_POINT('',(2.921455708211,-9.045851533504E-02,
    1.099999977648E-02));
#3416 = CARTESIAN_POINT('',(2.921455708211,-9.045851533504E-02,
    9.999999776483E-03));
#3417 = CARTESIAN_POINT('',(2.913260980829,-9.697555343179E-02,
    1.099999977648E-02));
#3418 = CARTESIAN_POINT('',(2.913260980829,-9.697555343179E-02,
    9.999999776483E-03));
#3419 = CARTESIAN_POINT('',(2.904452836788,-0.102415251481,
    1.099999977648E-02));
#3420 = CARTESIAN_POINT('',(2.904452836788,-0.102415251481,
    9.999999776483E-03));
#3421 = CARTESIAN_POINT('',(2.895113410585,-0.106926021745,
    1.099999977648E-02));
#3422 = CARTESIAN_POINT('',(2.895113410585,-0.106926021745,
    9.999999776483E-03));
#3423 = CARTESIAN_POINT('',(2.885200504869,-0.110413469303,
    1.099999977648E-02));
#3424 = CARTESIAN_POINT('',(2.885200504869,-0.110413469303,
    9.999999776483E-03));
#3425 = CARTESIAN_POINT('',(2.874695563776,-0.112858292347,
    1.099999977648E-02));
#3426 = CARTESIAN_POINT('',(2.874695563776,-0.112858292347,
    9.999999776483E-03));
#3427 = CARTESIAN_POINT('',(2.86364884195,-0.11437256314,
    1.099999977648E-02));
#3428 = CARTESIAN_POINT('',(2.86364884195,-0.11437256314,
    9.999999776483E-03));
#3429 = CARTESIAN_POINT('',(2.856082969203,-0.114567558807,
    1.099999977648E-02));
#3430 = CARTESIAN_POINT('',(2.856082969203,-0.114567558807,
    9.999999776483E-03));
#3431 = CARTESIAN_POINT('',(2.8522289667,-0.114666888232,
    1.099999977648E-02));
#3432 = CARTESIAN_POINT('',(2.8522289667,-0.114666888232,
    9.999999776483E-03));
#3433 = ADVANCED_FACE('',(#3434),#3453,.T.);
#3434 = FACE_BOUND('',#3435,.T.);
#3435 = EDGE_LOOP('',(#3436,#3437,#3438,#3452));
#3436 = ORIENTED_EDGE('',*,*,#243,.F.);
#3437 = ORIENTED_EDGE('',*,*,#3389,.F.);
#3438 = ORIENTED_EDGE('',*,*,#3439,.T.);
#3439 = EDGE_CURVE('',#3366,#2938,#3440,.T.);
#3440 = B_SPLINE_CURVE_WITH_KNOTS('',3,(#3441,#3442,#3443,#3444,#3445,
    #3446,#3447,#3448,#3449,#3450,#3451),.UNSPECIFIED.,.F.,.F.,(4,1,1,1,
    1,1,1,1,4),(0.,0.135294604763,0.266765657925,0.394816018836,
    0.520051654434,0.642175702971,0.762651820558,0.881834004381,1.),
  .UNSPECIFIED.);
#3441 = CARTESIAN_POINT('',(2.8522289667,-0.114666888232,
    1.099999977648E-02));
#3442 = CARTESIAN_POINT('',(2.84860634053,-0.114619326068,
    1.099999977648E-02));
#3443 = CARTESIAN_POINT('',(2.841463466982,-0.114525545891,
    1.099999977648E-02));
#3444 = CARTESIAN_POINT('',(2.83092990243,-0.113563153406,
    1.099999977648E-02));
#3445 = CARTESIAN_POINT('',(2.820726833795,-0.112114687612,
    1.099999977648E-02));
#3446 = CARTESIAN_POINT('',(2.810898608539,-0.109982673195,
    1.099999977648E-02));
#3447 = CARTESIAN_POINT('',(2.801411530346,-0.10731387234,
    1.099999977648E-02));
#3448 = CARTESIAN_POINT('',(2.792319384451,-0.103961654008,
    1.099999977648E-02));
#3449 = CARTESIAN_POINT('',(2.783525016914,-0.100132727492,
    1.099999977648E-02));
#3450 = CARTESIAN_POINT('',(2.777985903544,-9.701283741269E-02,
    1.099999977648E-02));
#3451 = CARTESIAN_POINT('',(2.775228204505,-9.545957115928E-02,
    1.099999977648E-02));
#3452 = ORIENTED_EDGE('',*,*,#2937,.T.);
#3453 = B_SPLINE_SURFACE_WITH_KNOTS('',3,1,(
    (#3454,#3455)
    ,(#3456,#3457)
    ,(#3458,#3459)
    ,(#3460,#3461)
    ,(#3462,#3463)
    ,(#3464,#3465)
    ,(#3466,#3467)
    ,(#3468,#3469)
    ,(#3470,#3471)
    ,(#3472,#3473)
    ,(#3474,#3475
  )),.UNSPECIFIED.,.F.,.F.,.F.,(4,1,1,1,1,1,1,1,4),(2,2),(0.,
    0.135294604763,0.266765657925,0.394816018836,0.520051654434,
    0.642175702971,0.762651820558,0.881834004381,1.),(0.,1.),
  .UNSPECIFIED.);
#3454 = CARTESIAN_POINT('',(2.8522289667,-0.114666888232,
    1.099999977648E-02));
#3455 = CARTESIAN_POINT('',(2.8522289667,-0.114666888232,
    9.999999776483E-03));
#3456 = CARTESIAN_POINT('',(2.84860634053,-0.114619326068,
    1.099999977648E-02));
#3457 = CARTESIAN_POINT('',(2.84860634053,-0.114619326068,
    9.999999776483E-03));
#3458 = CARTESIAN_POINT('',(2.841463466982,-0.114525545891,
    1.099999977648E-02));
#3459 = CARTESIAN_POINT('',(2.841463466982,-0.114525545891,
    9.999999776483E-03));
#3460 = CARTESIAN_POINT('',(2.83092990243,-0.113563153406,
    1.099999977648E-02));
#3461 = CARTESIAN_POINT('',(2.83092990243,-0.113563153406,
    9.999999776483E-03));
#3462 = CARTESIAN_POINT('',(2.820726833795,-0.112114687612,
    1.099999977648E-02));
#3463 = CARTESIAN_POINT('',(2.820726833795,-0.112114687612,
    9.999999776483E-03));
#3464 = CARTESIAN_POINT('',(2.810898608539,-0.109982673195,
    1.099999977648E-02));
#3465 = CARTESIAN_POINT('',(2.810898608539,-0.109982673195,
    9.999999776483E-03));
#3466 = CARTESIAN_POINT('',(2.801411530346,-0.10731387234,
    1.099999977648E-02));
#3467 = CARTESIAN_POINT('',(2.801411530346,-0.10731387234,
    9.999999776483E-03));
#3468 = CARTESIAN_POINT('',(2.792319384451,-0.103961654008,
    1.099999977648E-02));
#3469 = CARTESIAN_POINT('',(2.792319384451,-0.103961654008,
    9.999999776483E-03));
#3470 = CARTESIAN_POINT('',(2.783525016914,-0.100132727492,
    1.099999977648E-02));
#3471 = CARTESIAN_POINT('',(2.783525016914,-0.100132727492,
    9.999999776483E-03));
#3472 = CARTESIAN_POINT('',(2.777985903544,-9.701283741269E-02,
    1.099999977648E-02));
#3473 = CARTESIAN_POINT('',(2.777985903544,-9.701283741269E-02,
    9.999999776483E-03));
#3474 = CARTESIAN_POINT('',(2.775228204505,-9.545957115928E-02,
    1.099999977648E-02));
#3475 = CARTESIAN_POINT('',(2.775228204505,-9.545957115928E-02,
    9.999999776483E-03));
#3476 = ADVANCED_FACE('',(#3477),#3489,.T.);
#3477 = FACE_BOUND('',#3478,.T.);
#3478 = EDGE_LOOP('',(#3479,#3480,#3481,#3482,#3483,#3484,#3485,#3486,
    #3487,#3488));
#3479 = ORIENTED_EDGE('',*,*,#2945,.F.);
#3480 = ORIENTED_EDGE('',*,*,#3439,.F.);
#3481 = ORIENTED_EDGE('',*,*,#3365,.F.);
#3482 = ORIENTED_EDGE('',*,*,#3291,.F.);
#3483 = ORIENTED_EDGE('',*,*,#3241,.F.);
#3484 = ORIENTED_EDGE('',*,*,#3217,.F.);
#3485 = ORIENTED_EDGE('',*,*,#3167,.F.);
#3486 = ORIENTED_EDGE('',*,*,#3093,.F.);
#3487 = ORIENTED_EDGE('',*,*,#3019,.F.);
#3488 = ORIENTED_EDGE('',*,*,#2969,.F.);
#3489 = PLANE('',#3490);
#3490 = AXIS2_PLACEMENT_3D('',#3491,#3492,#3493);
#3491 = CARTESIAN_POINT('',(2.815184617582,-0.143431917567,
    1.099999977648E-02));
#3492 = DIRECTION('',(0.,0.,-1.));
#3493 = DIRECTION('',(-1.,0.,0.));
#3494 = ADVANCED_FACE('',(#3495),#3520,.T.);
#3495 = FACE_BOUND('',#3496,.T.);
#3496 = EDGE_LOOP('',(#3497,#3498,#3506,#3514));
#3497 = ORIENTED_EDGE('',*,*,#757,.F.);
#3498 = ORIENTED_EDGE('',*,*,#3499,.F.);
#3499 = EDGE_CURVE('',#3500,#758,#3502,.T.);
#3500 = VERTEX_POINT('',#3501);
#3501 = CARTESIAN_POINT('',(3.02400869231,-0.111008351647,
    1.099999977648E-02));
#3502 = LINE('',#3503,#3504);
#3503 = CARTESIAN_POINT('',(3.02400869231,-0.111008351647,
    1.099999977648E-02));
#3504 = VECTOR('',#3505,1.);
#3505 = DIRECTION('',(-0.,-0.,-1.));
#3506 = ORIENTED_EDGE('',*,*,#3507,.T.);
#3507 = EDGE_CURVE('',#3500,#3508,#3510,.T.);
#3508 = VERTEX_POINT('',#3509);
#3509 = CARTESIAN_POINT('',(3.02400869231,-0.143935180915,
    1.099999977648E-02));
#3510 = LINE('',#3511,#3512);
#3511 = CARTESIAN_POINT('',(3.02400869231,-0.111008351647,
    1.099999977648E-02));
#3512 = VECTOR('',#3513,1.);
#3513 = DIRECTION('',(0.,-1.,0.));
#3514 = ORIENTED_EDGE('',*,*,#3515,.T.);
#3515 = EDGE_CURVE('',#3508,#760,#3516,.T.);
#3516 = LINE('',#3517,#3518);
#3517 = CARTESIAN_POINT('',(3.02400869231,-0.143935180915,
    1.099999977648E-02));
#3518 = VECTOR('',#3519,1.);
#3519 = DIRECTION('',(-0.,-0.,-1.));
#3520 = PLANE('',#3521);
#3521 = AXIS2_PLACEMENT_3D('',#3522,#3523,#3524);
#3522 = CARTESIAN_POINT('',(3.02400869231,-0.111008351647,
    1.099999977648E-02));
#3523 = DIRECTION('',(1.,0.,0.));
#3524 = DIRECTION('',(0.,0.,-1.));
#3525 = ADVANCED_FACE('',(#3526),#3544,.T.);
#3526 = FACE_BOUND('',#3527,.T.);
#3527 = EDGE_LOOP('',(#3528,#3529,#3530,#3538));
#3528 = ORIENTED_EDGE('',*,*,#767,.F.);
#3529 = ORIENTED_EDGE('',*,*,#3515,.F.);
#3530 = ORIENTED_EDGE('',*,*,#3531,.T.);
#3531 = EDGE_CURVE('',#3508,#3532,#3534,.T.);
#3532 = VERTEX_POINT('',#3533);
#3533 = CARTESIAN_POINT('',(3.177667228895,-0.143935180915,
    1.099999977648E-02));
#3534 = LINE('',#3535,#3536);
#3535 = CARTESIAN_POINT('',(3.02400869231,-0.143935180915,
    1.099999977648E-02));
#3536 = VECTOR('',#3537,1.);
#3537 = DIRECTION('',(1.,0.,0.));
#3538 = ORIENTED_EDGE('',*,*,#3539,.T.);
#3539 = EDGE_CURVE('',#3532,#768,#3540,.T.);
#3540 = LINE('',#3541,#3542);
#3541 = CARTESIAN_POINT('',(3.177667228895,-0.143935180915,
    1.099999977648E-02));
#3542 = VECTOR('',#3543,1.);
#3543 = DIRECTION('',(-0.,-0.,-1.));
#3544 = PLANE('',#3545);
#3545 = AXIS2_PLACEMENT_3D('',#3546,#3547,#3548);
#3546 = CARTESIAN_POINT('',(3.02400869231,-0.143935180915,
    1.099999977648E-02));
#3547 = DIRECTION('',(0.,1.,0.));
#3548 = DIRECTION('',(0.,-0.,1.));
#3549 = ADVANCED_FACE('',(#3550),#3568,.T.);
#3550 = FACE_BOUND('',#3551,.T.);
#3551 = EDGE_LOOP('',(#3552,#3553,#3554,#3562));
#3552 = ORIENTED_EDGE('',*,*,#775,.F.);
#3553 = ORIENTED_EDGE('',*,*,#3539,.F.);
#3554 = ORIENTED_EDGE('',*,*,#3555,.T.);
#3555 = EDGE_CURVE('',#3532,#3556,#3558,.T.);
#3556 = VERTEX_POINT('',#3557);
#3557 = CARTESIAN_POINT('',(3.177667228895,0.156064819085,
    1.099999977648E-02));
#3558 = LINE('',#3559,#3560);
#3559 = CARTESIAN_POINT('',(3.177667228895,-0.143935180915,
    1.099999977648E-02));
#3560 = VECTOR('',#3561,1.);
#3561 = DIRECTION('',(0.,1.,0.));
#3562 = ORIENTED_EDGE('',*,*,#3563,.T.);
#3563 = EDGE_CURVE('',#3556,#776,#3564,.T.);
#3564 = LINE('',#3565,#3566);
#3565 = CARTESIAN_POINT('',(3.177667228895,0.156064819085,
    1.099999977648E-02));
#3566 = VECTOR('',#3567,1.);
#3567 = DIRECTION('',(-0.,-0.,-1.));
#3568 = PLANE('',#3569);
#3569 = AXIS2_PLACEMENT_3D('',#3570,#3571,#3572);
#3570 = CARTESIAN_POINT('',(3.177667228895,-0.143935180915,
    1.099999977648E-02));
#3571 = DIRECTION('',(-1.,0.,0.));
#3572 = DIRECTION('',(0.,0.,1.));
#3573 = ADVANCED_FACE('',(#3574),#3592,.T.);
#3574 = FACE_BOUND('',#3575,.T.);
#3575 = EDGE_LOOP('',(#3576,#3577,#3578,#3586));
#3576 = ORIENTED_EDGE('',*,*,#783,.F.);
#3577 = ORIENTED_EDGE('',*,*,#3563,.F.);
#3578 = ORIENTED_EDGE('',*,*,#3579,.T.);
#3579 = EDGE_CURVE('',#3556,#3580,#3582,.T.);
#3580 = VERTEX_POINT('',#3581);
#3581 = CARTESIAN_POINT('',(3.137423326456,0.156064819085,
    1.099999977648E-02));
#3582 = LINE('',#3583,#3584);
#3583 = CARTESIAN_POINT('',(3.177667228895,0.156064819085,
    1.099999977648E-02));
#3584 = VECTOR('',#3585,1.);
#3585 = DIRECTION('',(-1.,0.,0.));
#3586 = ORIENTED_EDGE('',*,*,#3587,.T.);
#3587 = EDGE_CURVE('',#3580,#784,#3588,.T.);
#3588 = LINE('',#3589,#3590);
#3589 = CARTESIAN_POINT('',(3.137423326456,0.156064819085,
    1.099999977648E-02));
#3590 = VECTOR('',#3591,1.);
#3591 = DIRECTION('',(-0.,-0.,-1.));
#3592 = PLANE('',#3593);
#3593 = AXIS2_PLACEMENT_3D('',#3594,#3595,#3596);
#3594 = CARTESIAN_POINT('',(3.177667228895,0.156064819085,
    1.099999977648E-02));
#3595 = DIRECTION('',(0.,-1.,0.));
#3596 = DIRECTION('',(0.,0.,-1.));
#3597 = ADVANCED_FACE('',(#3598),#3616,.T.);
#3598 = FACE_BOUND('',#3599,.T.);
#3599 = EDGE_LOOP('',(#3600,#3601,#3602,#3610));
#3600 = ORIENTED_EDGE('',*,*,#791,.F.);
#3601 = ORIENTED_EDGE('',*,*,#3587,.F.);
#3602 = ORIENTED_EDGE('',*,*,#3603,.T.);
#3603 = EDGE_CURVE('',#3580,#3604,#3606,.T.);
#3604 = VERTEX_POINT('',#3605);
#3605 = CARTESIAN_POINT('',(3.137423326456,-0.111008351647,
    1.099999977648E-02));
#3606 = LINE('',#3607,#3608);
#3607 = CARTESIAN_POINT('',(3.137423326456,0.156064819085,
    1.099999977648E-02));
#3608 = VECTOR('',#3609,1.);
#3609 = DIRECTION('',(0.,-1.,0.));
#3610 = ORIENTED_EDGE('',*,*,#3611,.T.);
#3611 = EDGE_CURVE('',#3604,#792,#3612,.T.);
#3612 = LINE('',#3613,#3614);
#3613 = CARTESIAN_POINT('',(3.137423326456,-0.111008351647,
    1.099999977648E-02));
#3614 = VECTOR('',#3615,1.);
#3615 = DIRECTION('',(-0.,-0.,-1.));
#3616 = PLANE('',#3617);
#3617 = AXIS2_PLACEMENT_3D('',#3618,#3619,#3620);
#3618 = CARTESIAN_POINT('',(3.137423326456,0.156064819085,
    1.099999977648E-02));
#3619 = DIRECTION('',(1.,0.,0.));
#3620 = DIRECTION('',(0.,0.,-1.));
#3621 = ADVANCED_FACE('',(#3622),#3633,.T.);
#3622 = FACE_BOUND('',#3623,.T.);
#3623 = EDGE_LOOP('',(#3624,#3625,#3626,#3632));
#3624 = ORIENTED_EDGE('',*,*,#799,.F.);
#3625 = ORIENTED_EDGE('',*,*,#3611,.F.);
#3626 = ORIENTED_EDGE('',*,*,#3627,.T.);
#3627 = EDGE_CURVE('',#3604,#3500,#3628,.T.);
#3628 = LINE('',#3629,#3630);
#3629 = CARTESIAN_POINT('',(3.137423326456,-0.111008351647,
    1.099999977648E-02));
#3630 = VECTOR('',#3631,1.);
#3631 = DIRECTION('',(-1.,0.,0.));
#3632 = ORIENTED_EDGE('',*,*,#3499,.T.);
#3633 = PLANE('',#3634);
#3634 = AXIS2_PLACEMENT_3D('',#3635,#3636,#3637);
#3635 = CARTESIAN_POINT('',(3.137423326456,-0.111008351647,
    1.099999977648E-02));
#3636 = DIRECTION('',(0.,-1.,0.));
#3637 = DIRECTION('',(0.,0.,-1.));
#3638 = ADVANCED_FACE('',(#3639),#3647,.F.);
#3639 = FACE_BOUND('',#3640,.T.);
#3640 = EDGE_LOOP('',(#3641,#3642,#3643,#3644,#3645,#3646));
#3641 = ORIENTED_EDGE('',*,*,#3507,.F.);
#3642 = ORIENTED_EDGE('',*,*,#3627,.F.);
#3643 = ORIENTED_EDGE('',*,*,#3603,.F.);
#3644 = ORIENTED_EDGE('',*,*,#3579,.F.);
#3645 = ORIENTED_EDGE('',*,*,#3555,.F.);
#3646 = ORIENTED_EDGE('',*,*,#3531,.F.);
#3647 = PLANE('',#3648);
#3648 = AXIS2_PLACEMENT_3D('',#3649,#3650,#3651);
#3649 = CARTESIAN_POINT('',(0.,0.,1.099999977648E-02));
#3650 = DIRECTION('',(0.,0.,1.));
#3651 = DIRECTION('',(1.,0.,-0.));
#3652 = ADVANCED_FACE('',(#3653),#3661,.F.);
#3653 = FACE_BOUND('',#3654,.T.);
#3654 = EDGE_LOOP('',(#3655,#3656,#3657,#3658,#3659,#3660));
#3655 = ORIENTED_EDGE('',*,*,#1929,.T.);
#3656 = ORIENTED_EDGE('',*,*,#2084,.T.);
#3657 = ORIENTED_EDGE('',*,*,#2046,.T.);
#3658 = ORIENTED_EDGE('',*,*,#2022,.T.);
#3659 = ORIENTED_EDGE('',*,*,#1984,.T.);
#3660 = ORIENTED_EDGE('',*,*,#1960,.T.);
#3661 = PLANE('',#3662);
#3662 = AXIS2_PLACEMENT_3D('',#3663,#3664,#3665);
#3663 = CARTESIAN_POINT('',(0.,0.,9.999999776483E-03));
#3664 = DIRECTION('',(0.,0.,1.));
#3665 = DIRECTION('',(1.,0.,-0.));
#3666 = ADVANCED_FACE('',(#3667),#3674,.F.);
#3667 = FACE_BOUND('',#3668,.T.);
#3668 = EDGE_LOOP('',(#3669,#3670,#3671,#3672,#3673));
#3669 = ORIENTED_EDGE('',*,*,#2408,.T.);
#3670 = ORIENTED_EDGE('',*,*,#2611,.T.);
#3671 = ORIENTED_EDGE('',*,*,#2587,.T.);
#3672 = ORIENTED_EDGE('',*,*,#2513,.T.);
#3673 = ORIENTED_EDGE('',*,*,#2439,.T.);
#3674 = PLANE('',#3675);
#3675 = AXIS2_PLACEMENT_3D('',#3676,#3677,#3678);
#3676 = CARTESIAN_POINT('',(0.,0.,9.999999776483E-03));
#3677 = DIRECTION('',(0.,0.,1.));
#3678 = DIRECTION('',(1.,0.,-0.));
#3679 = ( GEOMETRIC_REPRESENTATION_CONTEXT(3) 
GLOBAL_UNCERTAINTY_ASSIGNED_CONTEXT((#3683)) 
GLOBAL_UNIT_ASSIGNED_CONTEXT((#3680,#3681,#3682)) REPRESENTATION_CONTEXT
('Context #1','3D Context with UNIT and UNCERTAINTY') );
#3680 = ( LENGTH_UNIT() NAMED_UNIT(*) SI_UNIT(.MILLI.,.METRE.) );
#3681 = ( NAMED_UNIT(*) PLANE_ANGLE_UNIT() SI_UNIT($,.RADIAN.) );
#3682 = ( NAMED_UNIT(*) SI_UNIT($,.STERADIAN.) SOLID_ANGLE_UNIT() );
#3683 = UNCERTAINTY_MEASURE_WITH_UNIT(LENGTH_MEASURE(1.E-07),#3680,
  'distance_accuracy_value','confusion accuracy');
#3684 = CONTEXT_DEPENDENT_SHAPE_REPRESENTATION(#3685,#3687);
#3685 = ( REPRESENTATION_RELATIONSHIP('','',#32,#10) 
REPRESENTATION_RELATIONSHIP_WITH_TRANSFORMATION(#3686) 
SHAPE_REPRESENTATION_RELATIONSHIP() );
#3686 = ITEM_DEFINED_TRANSFORMATION('','',#11,#15);
#3687 = PRODUCT_DEFINITION_SHAPE('Placement','Placement of an item',
  #3688);
#3688 = NEXT_ASSEMBLY_USAGE_OCCURRENCE('1',
'OSC-SMD_6P-L7.0-W5.0-P2.54-SIT9121AC-2D3~OSC-SMD_
6P-L7.0-W5.0-P2.54-SIT9121AC-2D3~mstP','',#5,#27,$);
#3689 = PRODUCT_RELATED_PRODUCT_CATEGORY('part',$,(#29));
#3690 = MECHANICAL_DESIGN_GEOMETRIC_PRESENTATION_REPRESENTATION('',(
    #3691,#3702,#3710,#3717,#3724,#3731,#3738,#3745,#3753,#3760,#3767,
    #3774,#3781,#3788,#3795,#3802,#3809,#3816,#3823,#3830,#3837,#3844,
    #3851,#3858,#3865,#3872,#3879,#3886,#3893,#3900,#3907,#3914,#3921,
    #3928,#3935,#3942,#3949,#3956,#3963,#3970,#3978,#3985,#3992,#3999,
    #4006,#4013,#4020,#4027,#4034,#4041,#4048,#4055,#4062,#4069,#4076,
    #4083,#4090,#4097,#4104,#4111,#4118,#4125,#4132,#4139,#4146,#4153,
    #4160,#4167,#4174,#4181,#4188,#4195,#4202,#4209,#4216,#4223,#4230,
    #4237,#4244,#4251,#4258,#4265,#4272,#4279,#4286,#4293,#4300,#4307,
    #4314,#4321,#4328,#4335,#4342,#4349,#4356,#4363,#4370,#4377),#3679);
#3691 = STYLED_ITEM('color',(#3692),#33);
#3692 = PRESENTATION_STYLE_ASSIGNMENT((#3693,#3699));
#3693 = SURFACE_STYLE_USAGE(.BOTH.,#3694);
#3694 = SURFACE_SIDE_STYLE('',(#3695));
#3695 = SURFACE_STYLE_FILL_AREA(#3696);
#3696 = FILL_AREA_STYLE('',(#3697));
#3697 = FILL_AREA_STYLE_COLOUR('',#3698);
#3698 = COLOUR_RGB('',0.752941202324,0.752941202324,0.752941202324);
#3699 = CURVE_STYLE('',#3700,POSITIVE_LENGTH_MEASURE(0.1),#3701);
#3700 = DRAUGHTING_PRE_DEFINED_CURVE_FONT('continuous');
#3701 = COLOUR_RGB('',9.803921802644E-02,9.803921802644E-02,
  9.803921802644E-02);
#3702 = OVER_RIDING_STYLED_ITEM('overriding color',(#3703),#77,#3691);
#3703 = PRESENTATION_STYLE_ASSIGNMENT((#3704));
#3704 = SURFACE_STYLE_USAGE(.BOTH.,#3705);
#3705 = SURFACE_SIDE_STYLE('',(#3706));
#3706 = SURFACE_STYLE_FILL_AREA(#3707);
#3707 = FILL_AREA_STYLE('',(#3708));
#3708 = FILL_AREA_STYLE_COLOUR('',#3709);
#3709 = COLOUR_RGB('',0.25098037884,0.25098037884,0.25098037884);
#3710 = OVER_RIDING_STYLED_ITEM('overriding color',(#3711),#809,#3691);
#3711 = PRESENTATION_STYLE_ASSIGNMENT((#3712));
#3712 = SURFACE_STYLE_USAGE(.BOTH.,#3713);
#3713 = SURFACE_SIDE_STYLE('',(#3714));
#3714 = SURFACE_STYLE_FILL_AREA(#3715);
#3715 = FILL_AREA_STYLE('',(#3716));
#3716 = FILL_AREA_STYLE_COLOUR('',#3709);
#3717 = OVER_RIDING_STYLED_ITEM('overriding color',(#3718),#840,#3691);
#3718 = PRESENTATION_STYLE_ASSIGNMENT((#3719));
#3719 = SURFACE_STYLE_USAGE(.BOTH.,#3720);
#3720 = SURFACE_SIDE_STYLE('',(#3721));
#3721 = SURFACE_STYLE_FILL_AREA(#3722);
#3722 = FILL_AREA_STYLE('',(#3723));
#3723 = FILL_AREA_STYLE_COLOUR('',#3709);
#3724 = OVER_RIDING_STYLED_ITEM('overriding color',(#3725),#864,#3691);
#3725 = PRESENTATION_STYLE_ASSIGNMENT((#3726));
#3726 = SURFACE_STYLE_USAGE(.BOTH.,#3727);
#3727 = SURFACE_SIDE_STYLE('',(#3728));
#3728 = SURFACE_STYLE_FILL_AREA(#3729);
#3729 = FILL_AREA_STYLE('',(#3730));
#3730 = FILL_AREA_STYLE_COLOUR('',#3709);
#3731 = OVER_RIDING_STYLED_ITEM('overriding color',(#3732),#888,#3691);
#3732 = PRESENTATION_STYLE_ASSIGNMENT((#3733));
#3733 = SURFACE_STYLE_USAGE(.BOTH.,#3734);
#3734 = SURFACE_SIDE_STYLE('',(#3735));
#3735 = SURFACE_STYLE_FILL_AREA(#3736);
#3736 = FILL_AREA_STYLE('',(#3737));
#3737 = FILL_AREA_STYLE_COLOUR('',#3709);
#3738 = OVER_RIDING_STYLED_ITEM('overriding color',(#3739),#905,#3691);
#3739 = PRESENTATION_STYLE_ASSIGNMENT((#3740));
#3740 = SURFACE_STYLE_USAGE(.BOTH.,#3741);
#3741 = SURFACE_SIDE_STYLE('',(#3742));
#3742 = SURFACE_STYLE_FILL_AREA(#3743);
#3743 = FILL_AREA_STYLE('',(#3744));
#3744 = FILL_AREA_STYLE_COLOUR('',#3709);
#3745 = OVER_RIDING_STYLED_ITEM('overriding color',(#3746),#955,#3691);
#3746 = PRESENTATION_STYLE_ASSIGNMENT((#3747));
#3747 = SURFACE_STYLE_USAGE(.BOTH.,#3748);
#3748 = SURFACE_SIDE_STYLE('',(#3749));
#3749 = SURFACE_STYLE_FILL_AREA(#3750);
#3750 = FILL_AREA_STYLE('',(#3751));
#3751 = FILL_AREA_STYLE_COLOUR('',#3752);
#3752 = DRAUGHTING_PRE_DEFINED_COLOUR('white');
#3753 = OVER_RIDING_STYLED_ITEM('overriding color',(#3754),#986,#3691);
#3754 = PRESENTATION_STYLE_ASSIGNMENT((#3755));
#3755 = SURFACE_STYLE_USAGE(.BOTH.,#3756);
#3756 = SURFACE_SIDE_STYLE('',(#3757));
#3757 = SURFACE_STYLE_FILL_AREA(#3758);
#3758 = FILL_AREA_STYLE('',(#3759));
#3759 = FILL_AREA_STYLE_COLOUR('',#3752);
#3760 = OVER_RIDING_STYLED_ITEM('overriding color',(#3761),#1011,#3691);
#3761 = PRESENTATION_STYLE_ASSIGNMENT((#3762));
#3762 = SURFACE_STYLE_USAGE(.BOTH.,#3763);
#3763 = SURFACE_SIDE_STYLE('',(#3764));
#3764 = SURFACE_STYLE_FILL_AREA(#3765);
#3765 = FILL_AREA_STYLE('',(#3766));
#3766 = FILL_AREA_STYLE_COLOUR('',#3752);
#3767 = OVER_RIDING_STYLED_ITEM('overriding color',(#3768),#1035,#3691);
#3768 = PRESENTATION_STYLE_ASSIGNMENT((#3769));
#3769 = SURFACE_STYLE_USAGE(.BOTH.,#3770);
#3770 = SURFACE_SIDE_STYLE('',(#3771));
#3771 = SURFACE_STYLE_FILL_AREA(#3772);
#3772 = FILL_AREA_STYLE('',(#3773));
#3773 = FILL_AREA_STYLE_COLOUR('',#3752);
#3774 = OVER_RIDING_STYLED_ITEM('overriding color',(#3775),#1052,#3691);
#3775 = PRESENTATION_STYLE_ASSIGNMENT((#3776));
#3776 = SURFACE_STYLE_USAGE(.BOTH.,#3777);
#3777 = SURFACE_SIDE_STYLE('',(#3778));
#3778 = SURFACE_STYLE_FILL_AREA(#3779);
#3779 = FILL_AREA_STYLE('',(#3780));
#3780 = FILL_AREA_STYLE_COLOUR('',#3752);
#3781 = OVER_RIDING_STYLED_ITEM('overriding color',(#3782),#1064,#3691);
#3782 = PRESENTATION_STYLE_ASSIGNMENT((#3783));
#3783 = SURFACE_STYLE_USAGE(.BOTH.,#3784);
#3784 = SURFACE_SIDE_STYLE('',(#3785));
#3785 = SURFACE_STYLE_FILL_AREA(#3786);
#3786 = FILL_AREA_STYLE('',(#3787));
#3787 = FILL_AREA_STYLE_COLOUR('',#3752);
#3788 = OVER_RIDING_STYLED_ITEM('overriding color',(#3789),#1096,#3691);
#3789 = PRESENTATION_STYLE_ASSIGNMENT((#3790));
#3790 = SURFACE_STYLE_USAGE(.BOTH.,#3791);
#3791 = SURFACE_SIDE_STYLE('',(#3792));
#3792 = SURFACE_STYLE_FILL_AREA(#3793);
#3793 = FILL_AREA_STYLE('',(#3794));
#3794 = FILL_AREA_STYLE_COLOUR('',#3752);
#3795 = OVER_RIDING_STYLED_ITEM('overriding color',(#3796),#1120,#3691);
#3796 = PRESENTATION_STYLE_ASSIGNMENT((#3797));
#3797 = SURFACE_STYLE_USAGE(.BOTH.,#3798);
#3798 = SURFACE_SIDE_STYLE('',(#3799));
#3799 = SURFACE_STYLE_FILL_AREA(#3800);
#3800 = FILL_AREA_STYLE('',(#3801));
#3801 = FILL_AREA_STYLE_COLOUR('',#3752);
#3802 = OVER_RIDING_STYLED_ITEM('overriding color',(#3803),#1144,#3691);
#3803 = PRESENTATION_STYLE_ASSIGNMENT((#3804));
#3804 = SURFACE_STYLE_USAGE(.BOTH.,#3805);
#3805 = SURFACE_SIDE_STYLE('',(#3806));
#3806 = SURFACE_STYLE_FILL_AREA(#3807);
#3807 = FILL_AREA_STYLE('',(#3808));
#3808 = FILL_AREA_STYLE_COLOUR('',#3752);
#3809 = OVER_RIDING_STYLED_ITEM('overriding color',(#3810),#1161,#3691);
#3810 = PRESENTATION_STYLE_ASSIGNMENT((#3811));
#3811 = SURFACE_STYLE_USAGE(.BOTH.,#3812);
#3812 = SURFACE_SIDE_STYLE('',(#3813));
#3813 = SURFACE_STYLE_FILL_AREA(#3814);
#3814 = FILL_AREA_STYLE('',(#3815));
#3815 = FILL_AREA_STYLE_COLOUR('',#3752);
#3816 = OVER_RIDING_STYLED_ITEM('overriding color',(#3817),#1173,#3691);
#3817 = PRESENTATION_STYLE_ASSIGNMENT((#3818));
#3818 = SURFACE_STYLE_USAGE(.BOTH.,#3819);
#3819 = SURFACE_SIDE_STYLE('',(#3820));
#3820 = SURFACE_STYLE_FILL_AREA(#3821);
#3821 = FILL_AREA_STYLE('',(#3822));
#3822 = FILL_AREA_STYLE_COLOUR('',#3752);
#3823 = OVER_RIDING_STYLED_ITEM('overriding color',(#3824),#1205,#3691);
#3824 = PRESENTATION_STYLE_ASSIGNMENT((#3825));
#3825 = SURFACE_STYLE_USAGE(.BOTH.,#3826);
#3826 = SURFACE_SIDE_STYLE('',(#3827));
#3827 = SURFACE_STYLE_FILL_AREA(#3828);
#3828 = FILL_AREA_STYLE('',(#3829));
#3829 = FILL_AREA_STYLE_COLOUR('',#3752);
#3830 = OVER_RIDING_STYLED_ITEM('overriding color',(#3831),#1229,#3691);
#3831 = PRESENTATION_STYLE_ASSIGNMENT((#3832));
#3832 = SURFACE_STYLE_USAGE(.BOTH.,#3833);
#3833 = SURFACE_SIDE_STYLE('',(#3834));
#3834 = SURFACE_STYLE_FILL_AREA(#3835);
#3835 = FILL_AREA_STYLE('',(#3836));
#3836 = FILL_AREA_STYLE_COLOUR('',#3752);
#3837 = OVER_RIDING_STYLED_ITEM('overriding color',(#3838),#1253,#3691);
#3838 = PRESENTATION_STYLE_ASSIGNMENT((#3839));
#3839 = SURFACE_STYLE_USAGE(.BOTH.,#3840);
#3840 = SURFACE_SIDE_STYLE('',(#3841));
#3841 = SURFACE_STYLE_FILL_AREA(#3842);
#3842 = FILL_AREA_STYLE('',(#3843));
#3843 = FILL_AREA_STYLE_COLOUR('',#3752);
#3844 = OVER_RIDING_STYLED_ITEM('overriding color',(#3845),#1277,#3691);
#3845 = PRESENTATION_STYLE_ASSIGNMENT((#3846));
#3846 = SURFACE_STYLE_USAGE(.BOTH.,#3847);
#3847 = SURFACE_SIDE_STYLE('',(#3848));
#3848 = SURFACE_STYLE_FILL_AREA(#3849);
#3849 = FILL_AREA_STYLE('',(#3850));
#3850 = FILL_AREA_STYLE_COLOUR('',#3752);
#3851 = OVER_RIDING_STYLED_ITEM('overriding color',(#3852),#1301,#3691);
#3852 = PRESENTATION_STYLE_ASSIGNMENT((#3853));
#3853 = SURFACE_STYLE_USAGE(.BOTH.,#3854);
#3854 = SURFACE_SIDE_STYLE('',(#3855));
#3855 = SURFACE_STYLE_FILL_AREA(#3856);
#3856 = FILL_AREA_STYLE('',(#3857));
#3857 = FILL_AREA_STYLE_COLOUR('',#3752);
#3858 = OVER_RIDING_STYLED_ITEM('overriding color',(#3859),#1318,#3691);
#3859 = PRESENTATION_STYLE_ASSIGNMENT((#3860));
#3860 = SURFACE_STYLE_USAGE(.BOTH.,#3861);
#3861 = SURFACE_SIDE_STYLE('',(#3862));
#3862 = SURFACE_STYLE_FILL_AREA(#3863);
#3863 = FILL_AREA_STYLE('',(#3864));
#3864 = FILL_AREA_STYLE_COLOUR('',#3752);
#3865 = OVER_RIDING_STYLED_ITEM('overriding color',(#3866),#1332,#3691);
#3866 = PRESENTATION_STYLE_ASSIGNMENT((#3867));
#3867 = SURFACE_STYLE_USAGE(.BOTH.,#3868);
#3868 = SURFACE_SIDE_STYLE('',(#3869));
#3869 = SURFACE_STYLE_FILL_AREA(#3870);
#3870 = FILL_AREA_STYLE('',(#3871));
#3871 = FILL_AREA_STYLE_COLOUR('',#3752);
#3872 = OVER_RIDING_STYLED_ITEM('overriding color',(#3873),#1363,#3691);
#3873 = PRESENTATION_STYLE_ASSIGNMENT((#3874));
#3874 = SURFACE_STYLE_USAGE(.BOTH.,#3875);
#3875 = SURFACE_SIDE_STYLE('',(#3876));
#3876 = SURFACE_STYLE_FILL_AREA(#3877);
#3877 = FILL_AREA_STYLE('',(#3878));
#3878 = FILL_AREA_STYLE_COLOUR('',#3752);
#3879 = OVER_RIDING_STYLED_ITEM('overriding color',(#3880),#1388,#3691);
#3880 = PRESENTATION_STYLE_ASSIGNMENT((#3881));
#3881 = SURFACE_STYLE_USAGE(.BOTH.,#3882);
#3882 = SURFACE_SIDE_STYLE('',(#3883));
#3883 = SURFACE_STYLE_FILL_AREA(#3884);
#3884 = FILL_AREA_STYLE('',(#3885));
#3885 = FILL_AREA_STYLE_COLOUR('',#3752);
#3886 = OVER_RIDING_STYLED_ITEM('overriding color',(#3887),#1412,#3691);
#3887 = PRESENTATION_STYLE_ASSIGNMENT((#3888));
#3888 = SURFACE_STYLE_USAGE(.BOTH.,#3889);
#3889 = SURFACE_SIDE_STYLE('',(#3890));
#3890 = SURFACE_STYLE_FILL_AREA(#3891);
#3891 = FILL_AREA_STYLE('',(#3892));
#3892 = FILL_AREA_STYLE_COLOUR('',#3752);
#3893 = OVER_RIDING_STYLED_ITEM('overriding color',(#3894),#1429,#3691);
#3894 = PRESENTATION_STYLE_ASSIGNMENT((#3895));
#3895 = SURFACE_STYLE_USAGE(.BOTH.,#3896);
#3896 = SURFACE_SIDE_STYLE('',(#3897));
#3897 = SURFACE_STYLE_FILL_AREA(#3898);
#3898 = FILL_AREA_STYLE('',(#3899));
#3899 = FILL_AREA_STYLE_COLOUR('',#3752);
#3900 = OVER_RIDING_STYLED_ITEM('overriding color',(#3901),#1441,#3691);
#3901 = PRESENTATION_STYLE_ASSIGNMENT((#3902));
#3902 = SURFACE_STYLE_USAGE(.BOTH.,#3903);
#3903 = SURFACE_SIDE_STYLE('',(#3904));
#3904 = SURFACE_STYLE_FILL_AREA(#3905);
#3905 = FILL_AREA_STYLE('',(#3906));
#3906 = FILL_AREA_STYLE_COLOUR('',#3752);
#3907 = OVER_RIDING_STYLED_ITEM('overriding color',(#3908),#1472,#3691);
#3908 = PRESENTATION_STYLE_ASSIGNMENT((#3909));
#3909 = SURFACE_STYLE_USAGE(.BOTH.,#3910);
#3910 = SURFACE_SIDE_STYLE('',(#3911));
#3911 = SURFACE_STYLE_FILL_AREA(#3912);
#3912 = FILL_AREA_STYLE('',(#3913));
#3913 = FILL_AREA_STYLE_COLOUR('',#3752);
#3914 = OVER_RIDING_STYLED_ITEM('overriding color',(#3915),#1497,#3691);
#3915 = PRESENTATION_STYLE_ASSIGNMENT((#3916));
#3916 = SURFACE_STYLE_USAGE(.BOTH.,#3917);
#3917 = SURFACE_SIDE_STYLE('',(#3918));
#3918 = SURFACE_STYLE_FILL_AREA(#3919);
#3919 = FILL_AREA_STYLE('',(#3920));
#3920 = FILL_AREA_STYLE_COLOUR('',#3752);
#3921 = OVER_RIDING_STYLED_ITEM('overriding color',(#3922),#1521,#3691);
#3922 = PRESENTATION_STYLE_ASSIGNMENT((#3923));
#3923 = SURFACE_STYLE_USAGE(.BOTH.,#3924);
#3924 = SURFACE_SIDE_STYLE('',(#3925));
#3925 = SURFACE_STYLE_FILL_AREA(#3926);
#3926 = FILL_AREA_STYLE('',(#3927));
#3927 = FILL_AREA_STYLE_COLOUR('',#3752);
#3928 = OVER_RIDING_STYLED_ITEM('overriding color',(#3929),#1538,#3691);
#3929 = PRESENTATION_STYLE_ASSIGNMENT((#3930));
#3930 = SURFACE_STYLE_USAGE(.BOTH.,#3931);
#3931 = SURFACE_SIDE_STYLE('',(#3932));
#3932 = SURFACE_STYLE_FILL_AREA(#3933);
#3933 = FILL_AREA_STYLE('',(#3934));
#3934 = FILL_AREA_STYLE_COLOUR('',#3752);
#3935 = OVER_RIDING_STYLED_ITEM('overriding color',(#3936),#1550,#3691);
#3936 = PRESENTATION_STYLE_ASSIGNMENT((#3937));
#3937 = SURFACE_STYLE_USAGE(.BOTH.,#3938);
#3938 = SURFACE_SIDE_STYLE('',(#3939));
#3939 = SURFACE_STYLE_FILL_AREA(#3940);
#3940 = FILL_AREA_STYLE('',(#3941));
#3941 = FILL_AREA_STYLE_COLOUR('',#3752);
#3942 = OVER_RIDING_STYLED_ITEM('overriding color',(#3943),#1582,#3691);
#3943 = PRESENTATION_STYLE_ASSIGNMENT((#3944));
#3944 = SURFACE_STYLE_USAGE(.BOTH.,#3945);
#3945 = SURFACE_SIDE_STYLE('',(#3946));
#3946 = SURFACE_STYLE_FILL_AREA(#3947);
#3947 = FILL_AREA_STYLE('',(#3948));
#3948 = FILL_AREA_STYLE_COLOUR('',#3752);
#3949 = OVER_RIDING_STYLED_ITEM('overriding color',(#3950),#1606,#3691);
#3950 = PRESENTATION_STYLE_ASSIGNMENT((#3951));
#3951 = SURFACE_STYLE_USAGE(.BOTH.,#3952);
#3952 = SURFACE_SIDE_STYLE('',(#3953));
#3953 = SURFACE_STYLE_FILL_AREA(#3954);
#3954 = FILL_AREA_STYLE('',(#3955));
#3955 = FILL_AREA_STYLE_COLOUR('',#3752);
#3956 = OVER_RIDING_STYLED_ITEM('overriding color',(#3957),#1630,#3691);
#3957 = PRESENTATION_STYLE_ASSIGNMENT((#3958));
#3958 = SURFACE_STYLE_USAGE(.BOTH.,#3959);
#3959 = SURFACE_SIDE_STYLE('',(#3960));
#3960 = SURFACE_STYLE_FILL_AREA(#3961);
#3961 = FILL_AREA_STYLE('',(#3962));
#3962 = FILL_AREA_STYLE_COLOUR('',#3752);
#3963 = OVER_RIDING_STYLED_ITEM('overriding color',(#3964),#1647,#3691);
#3964 = PRESENTATION_STYLE_ASSIGNMENT((#3965));
#3965 = SURFACE_STYLE_USAGE(.BOTH.,#3966);
#3966 = SURFACE_SIDE_STYLE('',(#3967));
#3967 = SURFACE_STYLE_FILL_AREA(#3968);
#3968 = FILL_AREA_STYLE('',(#3969));
#3969 = FILL_AREA_STYLE_COLOUR('',#3752);
#3970 = OVER_RIDING_STYLED_ITEM('overriding color',(#3971),#1659,#3691);
#3971 = PRESENTATION_STYLE_ASSIGNMENT((#3972));
#3972 = SURFACE_STYLE_USAGE(.BOTH.,#3973);
#3973 = SURFACE_SIDE_STYLE('',(#3974));
#3974 = SURFACE_STYLE_FILL_AREA(#3975);
#3975 = FILL_AREA_STYLE('',(#3976));
#3976 = FILL_AREA_STYLE_COLOUR('',#3977);
#3977 = DRAUGHTING_PRE_DEFINED_COLOUR('black');
#3978 = OVER_RIDING_STYLED_ITEM('overriding color',(#3979),#1690,#3691);
#3979 = PRESENTATION_STYLE_ASSIGNMENT((#3980));
#3980 = SURFACE_STYLE_USAGE(.BOTH.,#3981);
#3981 = SURFACE_SIDE_STYLE('',(#3982));
#3982 = SURFACE_STYLE_FILL_AREA(#3983);
#3983 = FILL_AREA_STYLE('',(#3984));
#3984 = FILL_AREA_STYLE_COLOUR('',#3977);
#3985 = OVER_RIDING_STYLED_ITEM('overriding color',(#3986),#1714,#3691);
#3986 = PRESENTATION_STYLE_ASSIGNMENT((#3987));
#3987 = SURFACE_STYLE_USAGE(.BOTH.,#3988);
#3988 = SURFACE_SIDE_STYLE('',(#3989));
#3989 = SURFACE_STYLE_FILL_AREA(#3990);
#3990 = FILL_AREA_STYLE('',(#3991));
#3991 = FILL_AREA_STYLE_COLOUR('',#3977);
#3992 = OVER_RIDING_STYLED_ITEM('overriding color',(#3993),#1738,#3691);
#3993 = PRESENTATION_STYLE_ASSIGNMENT((#3994));
#3994 = SURFACE_STYLE_USAGE(.BOTH.,#3995);
#3995 = SURFACE_SIDE_STYLE('',(#3996));
#3996 = SURFACE_STYLE_FILL_AREA(#3997);
#3997 = FILL_AREA_STYLE('',(#3998));
#3998 = FILL_AREA_STYLE_COLOUR('',#3977);
#3999 = OVER_RIDING_STYLED_ITEM('overriding color',(#4000),#1762,#3691);
#4000 = PRESENTATION_STYLE_ASSIGNMENT((#4001));
#4001 = SURFACE_STYLE_USAGE(.BOTH.,#4002);
#4002 = SURFACE_SIDE_STYLE('',(#4003));
#4003 = SURFACE_STYLE_FILL_AREA(#4004);
#4004 = FILL_AREA_STYLE('',(#4005));
#4005 = FILL_AREA_STYLE_COLOUR('',#3977);
#4006 = OVER_RIDING_STYLED_ITEM('overriding color',(#4007),#1786,#3691);
#4007 = PRESENTATION_STYLE_ASSIGNMENT((#4008));
#4008 = SURFACE_STYLE_USAGE(.BOTH.,#4009);
#4009 = SURFACE_SIDE_STYLE('',(#4010));
#4010 = SURFACE_STYLE_FILL_AREA(#4011);
#4011 = FILL_AREA_STYLE('',(#4012));
#4012 = FILL_AREA_STYLE_COLOUR('',#3977);
#4013 = OVER_RIDING_STYLED_ITEM('overriding color',(#4014),#1810,#3691);
#4014 = PRESENTATION_STYLE_ASSIGNMENT((#4015));
#4015 = SURFACE_STYLE_USAGE(.BOTH.,#4016);
#4016 = SURFACE_SIDE_STYLE('',(#4017));
#4017 = SURFACE_STYLE_FILL_AREA(#4018);
#4018 = FILL_AREA_STYLE('',(#4019));
#4019 = FILL_AREA_STYLE_COLOUR('',#3977);
#4020 = OVER_RIDING_STYLED_ITEM('overriding color',(#4021),#1834,#3691);
#4021 = PRESENTATION_STYLE_ASSIGNMENT((#4022));
#4022 = SURFACE_STYLE_USAGE(.BOTH.,#4023);
#4023 = SURFACE_SIDE_STYLE('',(#4024));
#4024 = SURFACE_STYLE_FILL_AREA(#4025);
#4025 = FILL_AREA_STYLE('',(#4026));
#4026 = FILL_AREA_STYLE_COLOUR('',#3977);
#4027 = OVER_RIDING_STYLED_ITEM('overriding color',(#4028),#1851,#3691);
#4028 = PRESENTATION_STYLE_ASSIGNMENT((#4029));
#4029 = SURFACE_STYLE_USAGE(.BOTH.,#4030);
#4030 = SURFACE_SIDE_STYLE('',(#4031));
#4031 = SURFACE_STYLE_FILL_AREA(#4032);
#4032 = FILL_AREA_STYLE('',(#4033));
#4033 = FILL_AREA_STYLE_COLOUR('',#3977);
#4034 = OVER_RIDING_STYLED_ITEM('overriding color',(#4035),#1925,#3691);
#4035 = PRESENTATION_STYLE_ASSIGNMENT((#4036));
#4036 = SURFACE_STYLE_USAGE(.BOTH.,#4037);
#4037 = SURFACE_SIDE_STYLE('',(#4038));
#4038 = SURFACE_STYLE_FILL_AREA(#4039);
#4039 = FILL_AREA_STYLE('',(#4040));
#4040 = FILL_AREA_STYLE_COLOUR('',#3977);
#4041 = OVER_RIDING_STYLED_ITEM('overriding color',(#4042),#1956,#3691);
#4042 = PRESENTATION_STYLE_ASSIGNMENT((#4043));
#4043 = SURFACE_STYLE_USAGE(.BOTH.,#4044);
#4044 = SURFACE_SIDE_STYLE('',(#4045));
#4045 = SURFACE_STYLE_FILL_AREA(#4046);
#4046 = FILL_AREA_STYLE('',(#4047));
#4047 = FILL_AREA_STYLE_COLOUR('',#3977);
#4048 = OVER_RIDING_STYLED_ITEM('overriding color',(#4049),#1980,#3691);
#4049 = PRESENTATION_STYLE_ASSIGNMENT((#4050));
#4050 = SURFACE_STYLE_USAGE(.BOTH.,#4051);
#4051 = SURFACE_SIDE_STYLE('',(#4052));
#4052 = SURFACE_STYLE_FILL_AREA(#4053);
#4053 = FILL_AREA_STYLE('',(#4054));
#4054 = FILL_AREA_STYLE_COLOUR('',#3977);
#4055 = OVER_RIDING_STYLED_ITEM('overriding color',(#4056),#2018,#3691);
#4056 = PRESENTATION_STYLE_ASSIGNMENT((#4057));
#4057 = SURFACE_STYLE_USAGE(.BOTH.,#4058);
#4058 = SURFACE_SIDE_STYLE('',(#4059));
#4059 = SURFACE_STYLE_FILL_AREA(#4060);
#4060 = FILL_AREA_STYLE('',(#4061));
#4061 = FILL_AREA_STYLE_COLOUR('',#3977);
#4062 = OVER_RIDING_STYLED_ITEM('overriding color',(#4063),#2042,#3691);
#4063 = PRESENTATION_STYLE_ASSIGNMENT((#4064));
#4064 = SURFACE_STYLE_USAGE(.BOTH.,#4065);
#4065 = SURFACE_SIDE_STYLE('',(#4066));
#4066 = SURFACE_STYLE_FILL_AREA(#4067);
#4067 = FILL_AREA_STYLE('',(#4068));
#4068 = FILL_AREA_STYLE_COLOUR('',#3977);
#4069 = OVER_RIDING_STYLED_ITEM('overriding color',(#4070),#2080,#3691);
#4070 = PRESENTATION_STYLE_ASSIGNMENT((#4071));
#4071 = SURFACE_STYLE_USAGE(.BOTH.,#4072);
#4072 = SURFACE_SIDE_STYLE('',(#4073));
#4073 = SURFACE_STYLE_FILL_AREA(#4074);
#4074 = FILL_AREA_STYLE('',(#4075));
#4075 = FILL_AREA_STYLE_COLOUR('',#3977);
#4076 = OVER_RIDING_STYLED_ITEM('overriding color',(#4077),#2097,#3691);
#4077 = PRESENTATION_STYLE_ASSIGNMENT((#4078));
#4078 = SURFACE_STYLE_USAGE(.BOTH.,#4079);
#4079 = SURFACE_SIDE_STYLE('',(#4080));
#4080 = SURFACE_STYLE_FILL_AREA(#4081);
#4081 = FILL_AREA_STYLE('',(#4082));
#4082 = FILL_AREA_STYLE_COLOUR('',#3977);
#4083 = OVER_RIDING_STYLED_ITEM('overriding color',(#4084),#2128,#3691);
#4084 = PRESENTATION_STYLE_ASSIGNMENT((#4085));
#4085 = SURFACE_STYLE_USAGE(.BOTH.,#4086);
#4086 = SURFACE_SIDE_STYLE('',(#4087));
#4087 = SURFACE_STYLE_FILL_AREA(#4088);
#4088 = FILL_AREA_STYLE('',(#4089));
#4089 = FILL_AREA_STYLE_COLOUR('',#3977);
#4090 = OVER_RIDING_STYLED_ITEM('overriding color',(#4091),#2152,#3691);
#4091 = PRESENTATION_STYLE_ASSIGNMENT((#4092));
#4092 = SURFACE_STYLE_USAGE(.BOTH.,#4093);
#4093 = SURFACE_SIDE_STYLE('',(#4094));
#4094 = SURFACE_STYLE_FILL_AREA(#4095);
#4095 = FILL_AREA_STYLE('',(#4096));
#4096 = FILL_AREA_STYLE_COLOUR('',#3977);
#4097 = OVER_RIDING_STYLED_ITEM('overriding color',(#4098),#2176,#3691);
#4098 = PRESENTATION_STYLE_ASSIGNMENT((#4099));
#4099 = SURFACE_STYLE_USAGE(.BOTH.,#4100);
#4100 = SURFACE_SIDE_STYLE('',(#4101));
#4101 = SURFACE_STYLE_FILL_AREA(#4102);
#4102 = FILL_AREA_STYLE('',(#4103));
#4103 = FILL_AREA_STYLE_COLOUR('',#3977);
#4104 = OVER_RIDING_STYLED_ITEM('overriding color',(#4105),#2250,#3691);
#4105 = PRESENTATION_STYLE_ASSIGNMENT((#4106));
#4106 = SURFACE_STYLE_USAGE(.BOTH.,#4107);
#4107 = SURFACE_SIDE_STYLE('',(#4108));
#4108 = SURFACE_STYLE_FILL_AREA(#4109);
#4109 = FILL_AREA_STYLE('',(#4110));
#4110 = FILL_AREA_STYLE_COLOUR('',#3977);
#4111 = OVER_RIDING_STYLED_ITEM('overriding color',(#4112),#2317,#3691);
#4112 = PRESENTATION_STYLE_ASSIGNMENT((#4113));
#4113 = SURFACE_STYLE_USAGE(.BOTH.,#4114);
#4114 = SURFACE_SIDE_STYLE('',(#4115));
#4115 = SURFACE_STYLE_FILL_AREA(#4116);
#4116 = FILL_AREA_STYLE('',(#4117));
#4117 = FILL_AREA_STYLE_COLOUR('',#3977);
#4118 = OVER_RIDING_STYLED_ITEM('overriding color',(#4119),#2404,#3691);
#4119 = PRESENTATION_STYLE_ASSIGNMENT((#4120));
#4120 = SURFACE_STYLE_USAGE(.BOTH.,#4121);
#4121 = SURFACE_SIDE_STYLE('',(#4122));
#4122 = SURFACE_STYLE_FILL_AREA(#4123);
#4123 = FILL_AREA_STYLE('',(#4124));
#4124 = FILL_AREA_STYLE_COLOUR('',#3977);
#4125 = OVER_RIDING_STYLED_ITEM('overriding color',(#4126),#2435,#3691);
#4126 = PRESENTATION_STYLE_ASSIGNMENT((#4127));
#4127 = SURFACE_STYLE_USAGE(.BOTH.,#4128);
#4128 = SURFACE_SIDE_STYLE('',(#4129));
#4129 = SURFACE_STYLE_FILL_AREA(#4130);
#4130 = FILL_AREA_STYLE('',(#4131));
#4131 = FILL_AREA_STYLE_COLOUR('',#3977);
#4132 = OVER_RIDING_STYLED_ITEM('overriding color',(#4133),#2509,#3691);
#4133 = PRESENTATION_STYLE_ASSIGNMENT((#4134));
#4134 = SURFACE_STYLE_USAGE(.BOTH.,#4135);
#4135 = SURFACE_SIDE_STYLE('',(#4136));
#4136 = SURFACE_STYLE_FILL_AREA(#4137);
#4137 = FILL_AREA_STYLE('',(#4138));
#4138 = FILL_AREA_STYLE_COLOUR('',#3977);
#4139 = OVER_RIDING_STYLED_ITEM('overriding color',(#4140),#2583,#3691);
#4140 = PRESENTATION_STYLE_ASSIGNMENT((#4141));
#4141 = SURFACE_STYLE_USAGE(.BOTH.,#4142);
#4142 = SURFACE_SIDE_STYLE('',(#4143));
#4143 = SURFACE_STYLE_FILL_AREA(#4144);
#4144 = FILL_AREA_STYLE('',(#4145));
#4145 = FILL_AREA_STYLE_COLOUR('',#3977);
#4146 = OVER_RIDING_STYLED_ITEM('overriding color',(#4147),#2607,#3691);
#4147 = PRESENTATION_STYLE_ASSIGNMENT((#4148));
#4148 = SURFACE_STYLE_USAGE(.BOTH.,#4149);
#4149 = SURFACE_SIDE_STYLE('',(#4150));
#4150 = SURFACE_STYLE_FILL_AREA(#4151);
#4151 = FILL_AREA_STYLE('',(#4152));
#4152 = FILL_AREA_STYLE_COLOUR('',#3977);
#4153 = OVER_RIDING_STYLED_ITEM('overriding color',(#4154),#2624,#3691);
#4154 = PRESENTATION_STYLE_ASSIGNMENT((#4155));
#4155 = SURFACE_STYLE_USAGE(.BOTH.,#4156);
#4156 = SURFACE_SIDE_STYLE('',(#4157));
#4157 = SURFACE_STYLE_FILL_AREA(#4158);
#4158 = FILL_AREA_STYLE('',(#4159));
#4159 = FILL_AREA_STYLE_COLOUR('',#3977);
#4160 = OVER_RIDING_STYLED_ITEM('overriding color',(#4161),#2655,#3691);
#4161 = PRESENTATION_STYLE_ASSIGNMENT((#4162));
#4162 = SURFACE_STYLE_USAGE(.BOTH.,#4163);
#4163 = SURFACE_SIDE_STYLE('',(#4164));
#4164 = SURFACE_STYLE_FILL_AREA(#4165);
#4165 = FILL_AREA_STYLE('',(#4166));
#4166 = FILL_AREA_STYLE_COLOUR('',#3977);
#4167 = OVER_RIDING_STYLED_ITEM('overriding color',(#4168),#2679,#3691);
#4168 = PRESENTATION_STYLE_ASSIGNMENT((#4169));
#4169 = SURFACE_STYLE_USAGE(.BOTH.,#4170);
#4170 = SURFACE_SIDE_STYLE('',(#4171));
#4171 = SURFACE_STYLE_FILL_AREA(#4172);
#4172 = FILL_AREA_STYLE('',(#4173));
#4173 = FILL_AREA_STYLE_COLOUR('',#3977);
#4174 = OVER_RIDING_STYLED_ITEM('overriding color',(#4175),#2703,#3691);
#4175 = PRESENTATION_STYLE_ASSIGNMENT((#4176));
#4176 = SURFACE_STYLE_USAGE(.BOTH.,#4177);
#4177 = SURFACE_SIDE_STYLE('',(#4178));
#4178 = SURFACE_STYLE_FILL_AREA(#4179);
#4179 = FILL_AREA_STYLE('',(#4180));
#4180 = FILL_AREA_STYLE_COLOUR('',#3977);
#4181 = OVER_RIDING_STYLED_ITEM('overriding color',(#4182),#2727,#3691);
#4182 = PRESENTATION_STYLE_ASSIGNMENT((#4183));
#4183 = SURFACE_STYLE_USAGE(.BOTH.,#4184);
#4184 = SURFACE_SIDE_STYLE('',(#4185));
#4185 = SURFACE_STYLE_FILL_AREA(#4186);
#4186 = FILL_AREA_STYLE('',(#4187));
#4187 = FILL_AREA_STYLE_COLOUR('',#3977);
#4188 = OVER_RIDING_STYLED_ITEM('overriding color',(#4189),#2751,#3691);
#4189 = PRESENTATION_STYLE_ASSIGNMENT((#4190));
#4190 = SURFACE_STYLE_USAGE(.BOTH.,#4191);
#4191 = SURFACE_SIDE_STYLE('',(#4192));
#4192 = SURFACE_STYLE_FILL_AREA(#4193);
#4193 = FILL_AREA_STYLE('',(#4194));
#4194 = FILL_AREA_STYLE_COLOUR('',#3977);
#4195 = OVER_RIDING_STYLED_ITEM('overriding color',(#4196),#2775,#3691);
#4196 = PRESENTATION_STYLE_ASSIGNMENT((#4197));
#4197 = SURFACE_STYLE_USAGE(.BOTH.,#4198);
#4198 = SURFACE_SIDE_STYLE('',(#4199));
#4199 = SURFACE_STYLE_FILL_AREA(#4200);
#4200 = FILL_AREA_STYLE('',(#4201));
#4201 = FILL_AREA_STYLE_COLOUR('',#3977);
#4202 = OVER_RIDING_STYLED_ITEM('overriding color',(#4203),#2799,#3691);
#4203 = PRESENTATION_STYLE_ASSIGNMENT((#4204));
#4204 = SURFACE_STYLE_USAGE(.BOTH.,#4205);
#4205 = SURFACE_SIDE_STYLE('',(#4206));
#4206 = SURFACE_STYLE_FILL_AREA(#4207);
#4207 = FILL_AREA_STYLE('',(#4208));
#4208 = FILL_AREA_STYLE_COLOUR('',#3977);
#4209 = OVER_RIDING_STYLED_ITEM('overriding color',(#4210),#2823,#3691);
#4210 = PRESENTATION_STYLE_ASSIGNMENT((#4211));
#4211 = SURFACE_STYLE_USAGE(.BOTH.,#4212);
#4212 = SURFACE_SIDE_STYLE('',(#4213));
#4213 = SURFACE_STYLE_FILL_AREA(#4214);
#4214 = FILL_AREA_STYLE('',(#4215));
#4215 = FILL_AREA_STYLE_COLOUR('',#3977);
#4216 = OVER_RIDING_STYLED_ITEM('overriding color',(#4217),#2847,#3691);
#4217 = PRESENTATION_STYLE_ASSIGNMENT((#4218));
#4218 = SURFACE_STYLE_USAGE(.BOTH.,#4219);
#4219 = SURFACE_SIDE_STYLE('',(#4220));
#4220 = SURFACE_STYLE_FILL_AREA(#4221);
#4221 = FILL_AREA_STYLE('',(#4222));
#4222 = FILL_AREA_STYLE_COLOUR('',#3977);
#4223 = OVER_RIDING_STYLED_ITEM('overriding color',(#4224),#2871,#3691);
#4224 = PRESENTATION_STYLE_ASSIGNMENT((#4225));
#4225 = SURFACE_STYLE_USAGE(.BOTH.,#4226);
#4226 = SURFACE_SIDE_STYLE('',(#4227));
#4227 = SURFACE_STYLE_FILL_AREA(#4228);
#4228 = FILL_AREA_STYLE('',(#4229));
#4229 = FILL_AREA_STYLE_COLOUR('',#3977);
#4230 = OVER_RIDING_STYLED_ITEM('overriding color',(#4231),#2895,#3691);
#4231 = PRESENTATION_STYLE_ASSIGNMENT((#4232));
#4232 = SURFACE_STYLE_USAGE(.BOTH.,#4233);
#4233 = SURFACE_SIDE_STYLE('',(#4234));
#4234 = SURFACE_STYLE_FILL_AREA(#4235);
#4235 = FILL_AREA_STYLE('',(#4236));
#4236 = FILL_AREA_STYLE_COLOUR('',#3977);
#4237 = OVER_RIDING_STYLED_ITEM('overriding color',(#4238),#2912,#3691);
#4238 = PRESENTATION_STYLE_ASSIGNMENT((#4239));
#4239 = SURFACE_STYLE_USAGE(.BOTH.,#4240);
#4240 = SURFACE_SIDE_STYLE('',(#4241));
#4241 = SURFACE_STYLE_FILL_AREA(#4242);
#4242 = FILL_AREA_STYLE('',(#4243));
#4243 = FILL_AREA_STYLE_COLOUR('',#3977);
#4244 = OVER_RIDING_STYLED_ITEM('overriding color',(#4245),#2932,#3691);
#4245 = PRESENTATION_STYLE_ASSIGNMENT((#4246));
#4246 = SURFACE_STYLE_USAGE(.BOTH.,#4247);
#4247 = SURFACE_SIDE_STYLE('',(#4248));
#4248 = SURFACE_STYLE_FILL_AREA(#4249);
#4249 = FILL_AREA_STYLE('',(#4250));
#4250 = FILL_AREA_STYLE_COLOUR('',#3977);
#4251 = OVER_RIDING_STYLED_ITEM('overriding color',(#4252),#2963,#3691);
#4252 = PRESENTATION_STYLE_ASSIGNMENT((#4253));
#4253 = SURFACE_STYLE_USAGE(.BOTH.,#4254);
#4254 = SURFACE_SIDE_STYLE('',(#4255));
#4255 = SURFACE_STYLE_FILL_AREA(#4256);
#4256 = FILL_AREA_STYLE('',(#4257));
#4257 = FILL_AREA_STYLE_COLOUR('',#3977);
#4258 = OVER_RIDING_STYLED_ITEM('overriding color',(#4259),#3013,#3691);
#4259 = PRESENTATION_STYLE_ASSIGNMENT((#4260));
#4260 = SURFACE_STYLE_USAGE(.BOTH.,#4261);
#4261 = SURFACE_SIDE_STYLE('',(#4262));
#4262 = SURFACE_STYLE_FILL_AREA(#4263);
#4263 = FILL_AREA_STYLE('',(#4264));
#4264 = FILL_AREA_STYLE_COLOUR('',#3977);
#4265 = OVER_RIDING_STYLED_ITEM('overriding color',(#4266),#3087,#3691);
#4266 = PRESENTATION_STYLE_ASSIGNMENT((#4267));
#4267 = SURFACE_STYLE_USAGE(.BOTH.,#4268);
#4268 = SURFACE_SIDE_STYLE('',(#4269));
#4269 = SURFACE_STYLE_FILL_AREA(#4270);
#4270 = FILL_AREA_STYLE('',(#4271));
#4271 = FILL_AREA_STYLE_COLOUR('',#3977);
#4272 = OVER_RIDING_STYLED_ITEM('overriding color',(#4273),#3161,#3691);
#4273 = PRESENTATION_STYLE_ASSIGNMENT((#4274));
#4274 = SURFACE_STYLE_USAGE(.BOTH.,#4275);
#4275 = SURFACE_SIDE_STYLE('',(#4276));
#4276 = SURFACE_STYLE_FILL_AREA(#4277);
#4277 = FILL_AREA_STYLE('',(#4278));
#4278 = FILL_AREA_STYLE_COLOUR('',#3977);
#4279 = OVER_RIDING_STYLED_ITEM('overriding color',(#4280),#3211,#3691);
#4280 = PRESENTATION_STYLE_ASSIGNMENT((#4281));
#4281 = SURFACE_STYLE_USAGE(.BOTH.,#4282);
#4282 = SURFACE_SIDE_STYLE('',(#4283));
#4283 = SURFACE_STYLE_FILL_AREA(#4284);
#4284 = FILL_AREA_STYLE('',(#4285));
#4285 = FILL_AREA_STYLE_COLOUR('',#3977);
#4286 = OVER_RIDING_STYLED_ITEM('overriding color',(#4287),#3235,#3691);
#4287 = PRESENTATION_STYLE_ASSIGNMENT((#4288));
#4288 = SURFACE_STYLE_USAGE(.BOTH.,#4289);
#4289 = SURFACE_SIDE_STYLE('',(#4290));
#4290 = SURFACE_STYLE_FILL_AREA(#4291);
#4291 = FILL_AREA_STYLE('',(#4292));
#4292 = FILL_AREA_STYLE_COLOUR('',#3977);
#4293 = OVER_RIDING_STYLED_ITEM('overriding color',(#4294),#3285,#3691);
#4294 = PRESENTATION_STYLE_ASSIGNMENT((#4295));
#4295 = SURFACE_STYLE_USAGE(.BOTH.,#4296);
#4296 = SURFACE_SIDE_STYLE('',(#4297));
#4297 = SURFACE_STYLE_FILL_AREA(#4298);
#4298 = FILL_AREA_STYLE('',(#4299));
#4299 = FILL_AREA_STYLE_COLOUR('',#3977);
#4300 = OVER_RIDING_STYLED_ITEM('overriding color',(#4301),#3359,#3691);
#4301 = PRESENTATION_STYLE_ASSIGNMENT((#4302));
#4302 = SURFACE_STYLE_USAGE(.BOTH.,#4303);
#4303 = SURFACE_SIDE_STYLE('',(#4304));
#4304 = SURFACE_STYLE_FILL_AREA(#4305);
#4305 = FILL_AREA_STYLE('',(#4306));
#4306 = FILL_AREA_STYLE_COLOUR('',#3977);
#4307 = OVER_RIDING_STYLED_ITEM('overriding color',(#4308),#3433,#3691);
#4308 = PRESENTATION_STYLE_ASSIGNMENT((#4309));
#4309 = SURFACE_STYLE_USAGE(.BOTH.,#4310);
#4310 = SURFACE_SIDE_STYLE('',(#4311));
#4311 = SURFACE_STYLE_FILL_AREA(#4312);
#4312 = FILL_AREA_STYLE('',(#4313));
#4313 = FILL_AREA_STYLE_COLOUR('',#3977);
#4314 = OVER_RIDING_STYLED_ITEM('overriding color',(#4315),#3476,#3691);
#4315 = PRESENTATION_STYLE_ASSIGNMENT((#4316));
#4316 = SURFACE_STYLE_USAGE(.BOTH.,#4317);
#4317 = SURFACE_SIDE_STYLE('',(#4318));
#4318 = SURFACE_STYLE_FILL_AREA(#4319);
#4319 = FILL_AREA_STYLE('',(#4320));
#4320 = FILL_AREA_STYLE_COLOUR('',#3977);
#4321 = OVER_RIDING_STYLED_ITEM('overriding color',(#4322),#3494,#3691);
#4322 = PRESENTATION_STYLE_ASSIGNMENT((#4323));
#4323 = SURFACE_STYLE_USAGE(.BOTH.,#4324);
#4324 = SURFACE_SIDE_STYLE('',(#4325));
#4325 = SURFACE_STYLE_FILL_AREA(#4326);
#4326 = FILL_AREA_STYLE('',(#4327));
#4327 = FILL_AREA_STYLE_COLOUR('',#3977);
#4328 = OVER_RIDING_STYLED_ITEM('overriding color',(#4329),#3525,#3691);
#4329 = PRESENTATION_STYLE_ASSIGNMENT((#4330));
#4330 = SURFACE_STYLE_USAGE(.BOTH.,#4331);
#4331 = SURFACE_SIDE_STYLE('',(#4332));
#4332 = SURFACE_STYLE_FILL_AREA(#4333);
#4333 = FILL_AREA_STYLE('',(#4334));
#4334 = FILL_AREA_STYLE_COLOUR('',#3977);
#4335 = OVER_RIDING_STYLED_ITEM('overriding color',(#4336),#3549,#3691);
#4336 = PRESENTATION_STYLE_ASSIGNMENT((#4337));
#4337 = SURFACE_STYLE_USAGE(.BOTH.,#4338);
#4338 = SURFACE_SIDE_STYLE('',(#4339));
#4339 = SURFACE_STYLE_FILL_AREA(#4340);
#4340 = FILL_AREA_STYLE('',(#4341));
#4341 = FILL_AREA_STYLE_COLOUR('',#3977);
#4342 = OVER_RIDING_STYLED_ITEM('overriding color',(#4343),#3573,#3691);
#4343 = PRESENTATION_STYLE_ASSIGNMENT((#4344));
#4344 = SURFACE_STYLE_USAGE(.BOTH.,#4345);
#4345 = SURFACE_SIDE_STYLE('',(#4346));
#4346 = SURFACE_STYLE_FILL_AREA(#4347);
#4347 = FILL_AREA_STYLE('',(#4348));
#4348 = FILL_AREA_STYLE_COLOUR('',#3977);
#4349 = OVER_RIDING_STYLED_ITEM('overriding color',(#4350),#3597,#3691);
#4350 = PRESENTATION_STYLE_ASSIGNMENT((#4351));
#4351 = SURFACE_STYLE_USAGE(.BOTH.,#4352);
#4352 = SURFACE_SIDE_STYLE('',(#4353));
#4353 = SURFACE_STYLE_FILL_AREA(#4354);
#4354 = FILL_AREA_STYLE('',(#4355));
#4355 = FILL_AREA_STYLE_COLOUR('',#3977);
#4356 = OVER_RIDING_STYLED_ITEM('overriding color',(#4357),#3621,#3691);
#4357 = PRESENTATION_STYLE_ASSIGNMENT((#4358));
#4358 = SURFACE_STYLE_USAGE(.BOTH.,#4359);
#4359 = SURFACE_SIDE_STYLE('',(#4360));
#4360 = SURFACE_STYLE_FILL_AREA(#4361);
#4361 = FILL_AREA_STYLE('',(#4362));
#4362 = FILL_AREA_STYLE_COLOUR('',#3977);
#4363 = OVER_RIDING_STYLED_ITEM('overriding color',(#4364),#3638,#3691);
#4364 = PRESENTATION_STYLE_ASSIGNMENT((#4365));
#4365 = SURFACE_STYLE_USAGE(.BOTH.,#4366);
#4366 = SURFACE_SIDE_STYLE('',(#4367));
#4367 = SURFACE_STYLE_FILL_AREA(#4368);
#4368 = FILL_AREA_STYLE('',(#4369));
#4369 = FILL_AREA_STYLE_COLOUR('',#3977);
#4370 = OVER_RIDING_STYLED_ITEM('overriding color',(#4371),#3652,#3691);
#4371 = PRESENTATION_STYLE_ASSIGNMENT((#4372));
#4372 = SURFACE_STYLE_USAGE(.BOTH.,#4373);
#4373 = SURFACE_SIDE_STYLE('',(#4374));
#4374 = SURFACE_STYLE_FILL_AREA(#4375);
#4375 = FILL_AREA_STYLE('',(#4376));
#4376 = FILL_AREA_STYLE_COLOUR('',#3709);
#4377 = OVER_RIDING_STYLED_ITEM('overriding color',(#4378),#3666,#3691);
#4378 = PRESENTATION_STYLE_ASSIGNMENT((#4379));
#4379 = SURFACE_STYLE_USAGE(.BOTH.,#4380);
#4380 = SURFACE_SIDE_STYLE('',(#4381));
#4381 = SURFACE_STYLE_FILL_AREA(#4382);
#4382 = FILL_AREA_STYLE('',(#4383));
#4383 = FILL_AREA_STYLE_COLOUR('',#3709);
ENDSEC;
END-ISO-10303-21;
